stage,epoch,paired,loss,val_loss,rec_loss,cross_loss,end_effector_loss,triplet_loss,latent_consistency_loss,smoothing_loss,privacy_loss,privacy_loss_adv,privacy_loss_coop,privacy_acc_adv,privacy_acc_coop,utility_loss,utility_loss_adv,utility_loss_coop,utility_acc_adv,utility_acc_coop,discriminator_loss,discriminator_acc,priv_training_loss,priv_coop_training_loss,util_training_loss,util_coop_training_loss,discriminator_train_loss,priv_training_acc,priv_coop_training_acc,util_training_acc,util_coop_training_acc,discriminator_train_acc
1,1,True,16.17582896051,nan,5.925466843871991,5.952115565507395,0.10350643082460802,3.4857011645195017,0.0015367738322067026,0.041702794003165664,0.0,0.0,0.0,0.0,0.0,0.0,0.0,0.0,0.0,0.0,0.0,0.0,0,0,0,0,0,0,0,0,0,0
1,2,True,9.150233344654636,nan,3.154938245787209,3.167743007548766,0.08861527228718245,2.375757584586724,0.0005045814211033314,0.018054627119510218,0.0,0.0,0.0,0.0,0.0,0.0,0.0,0.0,0.0,0.0,0.0,0.0,0,0,0,0,0,0,0,0,0,0
1,3,True,6.969949411676032,nan,2.241419744417149,2.246083212196517,0.048007341382809904,2.1673986328752184,0.00012583274910601754,0.015279099173673295,0.0,0.0,0.0,0.0,0.0,0.0,0.0,0.0,0.0,0.0,0.0,0.0,0,0,0,0,0,0,0,0,0,0
1,4,True,6.146125693226952,nan,1.8907275099411964,1.8927160258347733,0.03778642462905686,2.095349160491118,3.725884897516518e-05,0.01396362836357365,0.0,0.0,0.0,0.0,0.0,0.0,0.0,0.0,0.0,0.0,0.0,0.0,0,0,0,0,0,0,0,0,0,0
1,5,True,5.63738054192153,nan,1.668183191137681,1.6693074771442473,0.033770626618233233,2.0605078658998073,1.1208418919342192e-05,0.01323094888726922,0.0,0.0,0.0,0.0,0.0,0.0,0.0,0.0,0.0,0.0,0.0,0.0,0,0,0,0,0,0,0,0,0,0
2,6,False,3.0772493156012337,nan,1.511693943179485,nan,0.015931048084527222,0.0,nan,0.012643460945093483,0.0,0.0,0.0,0.0,0.0,0.0,0.0,0.0,0.0,0.0,0.0,0.0,0,0,0,0,0,0,0,0,0,0
2,7,False,2.8499805016770696,nan,1.3991433104168736,nan,0.014639007047780098,0.0,nan,0.012351625089210911,0.0,0.0,0.0,0.0,0.0,0.0,0.0,0.0,0.0,0.0,0.0,0.0,0,0,0,0,0,0,0,0,0,0
2,8,False,2.6625568077790005,nan,1.3062744514006854,nan,0.013500501531584268,0.0,nan,0.012169135058963523,0.0,0.0,0.0,0.0,0.0,0.0,0.0,0.0,0.0,0.0,0.0,0.0,0,0,0,0,0,0,0,0,0,0
2,9,False,2.4992186886711,nan,1.2253733135286902,nan,0.012585090304667694,0.0,nan,0.011962324085293588,0.0,0.0,0.0,0.0,0.0,0.0,0.0,0.0,0.0,0.0,0.0,0.0,0,0,0,0,0,0,0,0,0,0
2,10,False,2.3398781746905004,nan,1.1461817310206228,nan,0.011876577612218078,0.0,nan,0.0118793773878672,0.0,0.0,0.0,0.0,0.0,0.0,0.0,0.0,0.0,0.0,0.0,0.0,0,0,0,0,0,0,0,0,0,0
2,11,False,2.180667418470988,nan,1.0669844649212665,nan,0.01126607993480039,0.0,nan,0.01181080224550679,0.0,0.0,0.0,0.0,0.0,0.0,0.0,0.0,0.0,0.0,0.0,0.0,0,0,0,0,0,0,0,0,0,0
2,12,False,2.0508740161633763,nan,1.0024801042399967,nan,0.010698466955681218,1.844753561886444e-08,nan,0.011738440025748993,0.0,0.0,0.0,0.0,0.0,0.0,0.0,0.0,0.0,0.0,0.0,0.0,0,0,0,0,0,0,0,0,0,0
2,13,False,1.9453302113248208,nan,0.9502037700331546,nan,0.010064719740057152,0.0,nan,0.011619316316602226,0.0,0.0,0.0,0.0,0.0,0.0,0.0,0.0,0.0,0.0,0.0,0.0,0,0,0,0,0,0,0,0,0,0
2,14,False,1.8550145377973861,nan,0.9055352654467016,nan,0.009438863536779082,0.0,nan,0.011501714743724195,0.0,0.0,0.0,0.0,0.0,0.0,0.0,0.0,0.0,0.0,0.0,0.0,0,0,0,0,0,0,0,0,0,0
2,15,False,1.779615049431649,nan,0.8682145052100071,nan,0.008899178959208305,0.0,nan,0.01142895325308939,0.0,0.0,0.0,0.0,0.0,0.0,0.0,0.0,0.0,0.0,0.0,0.0,0,0,0,0,0,0,0,0,0,0
2,16,False,1.7167166894482029,nan,0.8370879373118731,nan,0.008464323368377045,3.385023818652724e-10,nan,0.011358831774610076,0.0,0.0,0.0,0.0,0.0,0.0,0.0,0.0,0.0,0.0,0.0,0.0,0,0,0,0,0,0,0,0,0,0
2,17,False,1.661253055102123,nan,0.809811526667191,nan,0.008084480536367036,3.8532578118889746e-08,nan,0.011181827735845832,0.0,0.0,0.0,0.0,0.0,0.0,0.0,0.0,0.0,0.0,0.0,0.0,0,0,0,0,0,0,0,0,0,0
2,18,False,1.6153937425623328,nan,0.787130599525543,nan,0.007750217003300088,0.0,nan,0.01112744227511097,0.0,0.0,0.0,0.0,0.0,0.0,0.0,0.0,0.0,0.0,0.0,0.0,0,0,0,0,0,0,0,0,0,0
2,19,False,1.569857248034363,nan,0.7646062043219277,nan,0.00745898184127152,0.0,nan,0.011061952679062362,0.0,0.0,0.0,0.0,0.0,0.0,0.0,0.0,0.0,0.0,0.0,0.0,0,0,0,0,0,0,0,0,0,0
2,20,False,1.531353749792236,nan,0.7454627310696303,nan,0.007211118648226037,3.3468594903012e-08,nan,0.011072378344426821,0.0,0.0,0.0,0.0,0.0,0.0,0.0,0.0,0.0,0.0,0.0,0.0,0,0,0,0,0,0,0,0,0,0
2,21,False,1.4957205893221805,nan,0.7277475554538692,nan,0.006981074687434626,1.0177406601600047e-08,nan,0.011081465205485844,0.0,0.0,0.0,0.0,0.0,0.0,0.0,0.0,0.0,0.0,0.0,0.0,0,0,0,0,0,0,0,0,0,0
2,22,False,1.4666824701797454,nan,0.7135769526990717,nan,0.0067988044909869285,1.522461953015686e-09,nan,0.010909919667713786,0.0,0.0,0.0,0.0,0.0,0.0,0.0,0.0,0.0,0.0,0.0,0.0,0,0,0,0,0,0,0,0,0,0
2,23,False,1.434231993559124,nan,0.6974889954530734,nan,0.006619487654099882,4.6551251252405695e-08,nan,0.010878156487801879,0.0,0.0,0.0,0.0,0.0,0.0,0.0,0.0,0.0,0.0,0.0,0.0,0,0,0,0,0,0,0,0,0,0
2,24,False,1.4127528098693871,nan,0.6869931853338533,nan,0.006472836152149382,2.7580974799455857e-08,nan,0.010764525526830234,0.0,0.0,0.0,0.0,0.0,0.0,0.0,0.0,0.0,0.0,0.0,0.0,0,0,0,0,0,0,0,0,0,0
2,25,False,1.3851604273118288,nan,0.673174769058436,nan,0.006339739207624148,0.0,nan,0.01082371693379735,0.0,0.0,0.0,0.0,0.0,0.0,0.0,0.0,0.0,0.0,0.0,0.0,0,0,0,0,0,0,0,0,0,0
3,26,True,0,nan,0,0,0,0,0,0,0,0,0,0,0,0,0,0,0,0,0,0,3.6309821146708003,3.6287770065383036,4.078230966514405,4.074609871585461,0.42161141112679373,0.09879845213319459,0.10075767429760665,0.04325734911550468,0.0467286680541103,0.9295980749219563
3,27,True,0,nan,0,0,0,0,0,0,0,0,0,0,0,0,0,0,0,0,0,0,3.62560400729621,3.619919573727309,4.0623550973251135,4.066196208193697,0.05702930481757476,0.10378186784599376,0.11011478928199792,0.06006926378772112,0.05516714360041623,0.9930329734651405
3,28,True,0,nan,0,0,0,0,0,0,0,0,0,0,0,0,0,0,0,0,0,0,3.621742298154007,3.611366664953956,4.054251526446546,4.0637218666870565,0.02767485909674677,0.10806614203954214,0.11806549167533818,0.06857277575442247,0.05710197710718002,0.9967237903225806
3,29,True,0,nan,0,0,0,0,0,0,0,0,0,0,0,0,0,0,0,0,0,0,3.6192793610440828,3.607052037668774,4.049517654355433,4.061841890293403,0.016863394411848656,0.11027738033298647,0.12248796826222685,0.07237740634755463,0.05931321540062435,0.9977237252861603
3,30,True,0,nan,0,0,0,0,0,0,0,0,0,0,0,0,0,0,0,0,0,0,3.6182076854090535,3.604900019970198,4.047395716348622,4.061316619678541,0.010404504073454739,0.11165127471383975,0.12481302029136317,0.07505202913631634,0.059711563475546306,0.9986667533818938
3,31,True,0,nan,0,0,0,0,0,0,0,0,0,0,0,0,0,0,0,0,0,0,3.616694089401277,3.6019564684670375,4.045573304024497,4.060602590519233,0.008332635502278384,0.11299265088449532,0.12804858220603538,0.07714945369406868,0.06105293964620187,0.998991935483871
3,32,True,0,nan,0,0,0,0,0,0,0,0,0,0,0,0,0,0,0,0,0,0,3.6146235560279236,3.6012494564056396,4.0426674635923865,4.059864293772273,0.006100935612435227,0.11573231009365245,0.12835750520291364,0.08006796305931321,0.061500065036420394,0.9991951742976066
3,33,True,0,nan,0,0,0,0,0,0,0,0,0,0,0,0,0,0,0,0,0,0,3.6151814793200696,3.600398758323582,4.039584335749901,4.060294303636025,0.0061159515931009595,0.11448848855359,0.12954441987513007,0.08283201092611862,0.06121553069719043,0.9994390608740895
3,34,True,0,nan,0,0,0,0,0,0,0,0,0,0,0,0,0,0,0,0,0,0,3.614409896759287,3.59833222249296,4.036472384564958,4.059129614239553,0.0034909138516511437,0.11549655306971904,0.13187760145681582,0.08557167013527575,0.06141876951092612,0.9995853928199792
3,35,True,0,nan,0,0,0,0,0,0,0,0,0,0,0,0,0,0,0,0,0,0,3.6118611076247804,3.5980766571275153,4.0326823089174875,4.057982691368873,0.002597511508600795,0.11808175078043705,0.13212148803329865,0.09007544224765869,0.06375195109261186,0.9996748178980229
3,36,True,0,nan,0,0,0,0,0,0,0,0,0,0,0,0,0,0,0,0,0,0,3.610294484695212,3.5970558792693805,4.033358026617647,4.057562197656463,0.002107959990643736,0.11961010665972945,0.13246292924037462,0.08907550728407908,0.06427224245577523,0.9997723725286161
3,37,True,0,nan,0,0,0,0,0,0,0,0,0,0,0,0,0,0,0,0,0,0,3.609137311562291,3.596568050791396,4.030109149732401,4.055241266969091,0.002423730998748657,0.12069946670135276,0.13308077523413112,0.09205905306971904,0.06689808792924037,0.9997398543184183
3,38,True,0,nan,0,0,0,0,0,0,0,0,0,0,0,0,0,0,0,0,0,0,3.6063811329971616,3.5962191833789836,4.030642201327384,4.053934047671188,0.0020558301677395603,0.12289444588969824,0.13369862122788762,0.09179077783558794,0.06774356139438086,0.9997317247658689
3,39,True,0,nan,0,0,0,0,0,0,0,0,0,0,0,0,0,0,0,0,0,0,3.6047826919793833,3.5968711299280964,4.028930974428413,4.053007971111619,0.001907590976367566,0.12400819458896982,0.13308890478668053,0.09344920655567118,0.0687272372528616,0.9997723725286161
3,40,True,0,nan,0,0,0,0,0,0,0,0,0,0,0,0,0,0,0,0,0,0,3.6029818760120658,3.5945646398149345,4.028517436038443,4.051850881834556,0.0018186749904684372,0.12643080124869926,0.13524323621227888,0.09403453433922997,0.06975156087408949,0.9997886316337149
3,41,True,0,nan,0,0,0,0,0,0,0,0,0,0,0,0,0,0,0,0,0,0,3.6027520199099885,3.594764836745009,4.0285963448972035,4.0506149452261075,0.0008469002930669054,0.12674785379812695,0.1350399973985432,0.09366870447450572,0.07167826482830385,0.9999105749219563
3,42,True,0,nan,0,0,0,0,0,0,0,0,0,0,0,0,0,0,0,0,0,0,3.602081615644489,3.5939150712492562,4.028072987585237,4.047166729816909,0.0019525931299230915,0.12727627471383976,0.13576352757544224,0.0945710848074922,0.0749544745057232,0.9997479838709677
3,43,True,0,nan,0,0,0,0,0,0,0,0,0,0,0,0,0,0,0,0,0,0,3.5986964695163373,3.5935082691144995,4.027842718406225,4.042917053607699,0.0009332889621722194,0.1308695369406868,0.13667403746097814,0.09440849375650365,0.07839327523413112,0.9999187044745057
3,44,True,0,nan,0,0,0,0,0,0,0,0,0,0,0,0,0,0,0,0,0,0,3.5989953566044104,3.5929455863821644,4.027710827034545,4.043632238886235,0.0008560652919464639,0.13074759365244537,0.1371943288241415,0.09477432362122788,0.07860464360041623,0.9999105749219563
3,45,True,0,nan,0,0,0,0,0,0,0,0,0,0,0,0,0,0,0,0,0,0,3.5975122791671357,3.593260342074979,4.027015460517479,4.041306744505042,0.0008175406966982263,0.13156867845993755,0.13647892819979188,0.0957173517169615,0.0800029266389178,0.9998943158168574
4,46,False,0,nan,0,nan,0,0,nan,0,0,0,0,0,0,0,0,0,0,0,0,0,3.7018259454840305,3.703033810971803,4.067963905314625,4.068759965102704,0.0003335285769388086,0.020161290322580645,0.021494536940686784,0.052809573361082204,0.05251690946930281,0.9999024453694069
4,47,False,0,nan,0,nan,0,0,nan,0,0,0,0,0,0,0,0,0,0,0,0,0,3.6906665971698422,3.691219728025264,4.057830263499042,4.064510912602452,0.0014315347002231626,0.02220993756503642,0.021396982310093654,0.06253251821019772,0.05807752341311134,0.9997073361082206
4,48,False,0,nan,0,nan,0,0,nan,0,0,0,0,0,0,0,0,0,0,0,0,0,3.689214049467311,3.689261942078494,4.0553859982108476,4.06351652180119,0.0008923067962271647,0.021852237252861603,0.023185483870967742,0.06571930280957336,0.058630332986472425,0.9997886316337149
4,49,False,0,nan,0,nan,0,0,nan,0,0,0,0,0,0,0,0,0,0,0,0,0,3.6890665561922136,3.689115574407032,4.0504270376449565,4.058786348547325,0.00012914979025508889,0.023803329864724245,0.024713839750260147,0.06926378772112383,0.06295525494276795,0.9999837408949012
4,50,False,0,nan,0,nan,0,0,nan,0,0,0,0,0,0,0,0,0,0,0,0,0,3.6890305316659093,3.6890234413801943,4.044387539765341,4.056555794131372,0.0007478105574333241,0.022957856399583768,0.025169094693028096,0.07550728407908429,0.06493886576482831,0.9997561134235172
4,51,False,0,nan,0,nan,0,0,nan,0,0,0,0,0,0,0,0,0,0,0,0,0,3.68898248126678,3.689025101875043,4.037880450208031,4.053725834567639,0.00031898285004985786,0.0227627471383975,0.024291103017689906,0.0828238813735692,0.06760535900104059,0.9999674817898023
4,52,False,0,nan,0,nan,0,0,nan,0,0,0,0,0,0,0,0,0,0,0,0,0,3.6889689519427695,3.6889769428106303,4.037962423030842,4.05392030622659,0.00019370696657775146,0.024226066597294486,0.024128511966701353,0.08383194588969824,0.0679955775234131,0.9999674817898023
4,53,False,0,nan,0,nan,0,0,nan,0,0,0,0,0,0,0,0,0,0,0,0,0,3.6889426698297667,3.6889621358012064,4.034993713033559,4.05345178543591,0.00037237836076249613,0.023673257023933404,0.02445369406867846,0.08451482830385015,0.06890608740894902,0.9999024453694069
4,54,False,0,nan,0,nan,0,0,nan,0,0,0,0,0,0,0,0,0,0,0,0,0,3.6889241198223166,3.6889525176831266,4.0327705783724905,4.0530438956559385,0.0009639713830750581,0.02448621227887617,0.025559313215400625,0.08922996878251821,0.06890608740894902,0.9996097814776275
4,55,False,0,nan,0,nan,0,0,nan,0,0,0,0,0,0,0,0,0,0,0,0,0,3.6889135465413547,3.6889355778073916,4.026353272141328,4.051278272602983,0.0003730634285604138,0.02451873048907388,0.02357570239334027,0.09440036420395422,0.07075962539021852,0.9999024453694069
4,56,False,0,nan,0,nan,0,0,nan,0,0,0,0,0,0,0,0,0,0,0,0,0,3.6889085424802306,3.688928678554253,4.022123519637458,4.050482440813523,0.00020268366513585825,0.025136576482830384,0.02451873048907388,0.09934313215400624,0.07049947970863683,0.9999349635796045
4,57,False,0,nan,0,nan,0,0,nan,0,0,0,0,0,0,0,0,0,0,0,0,0,3.688906514061601,3.688923491647663,4.0159650377378755,4.0512810624228806,7.306771324091969e-05,0.024746357960457856,0.023835848074921957,0.10636706555671176,0.07046696149843913,0.9999837408949012
4,58,False,0,nan,0,nan,0,0,nan,0,0,0,0,0,0,0,0,0,0,0,0,0,3.6889003362665562,3.688923711459173,4.01103380368974,4.052287267968756,0.00022051001910313535,0.02497398543184183,0.023770811654526536,0.1113423517169615,0.06962148803329865,0.9999512226847035
4,59,False,0,nan,0,nan,0,0,nan,0,0,0,0,0,0,0,0,0,0,0,0,0,3.688894791359956,3.6889108085731563,4.010359726884983,4.052591924984919,0.0006530603614476137,0.02497398543184183,0.023770811654526536,0.11046436004162331,0.07014177939646202,0.9997886316337149
4,60,False,0,nan,0,nan,0,0,nan,0,0,0,0,0,0,0,0,0,0,0,0,0,3.688891751461049,3.6889044648030547,4.006488197675977,4.049850089741051,5.718041900928785e-05,0.02497398543184183,0.024193548387096774,0.11521201873048907,0.07271071800208116,1.0
4,61,False,0,nan,0,nan,0,0,nan,0,0,0,0,0,0,0,0,0,0,0,0,0,3.688890017282206,3.688899239441855,4.005920257330189,4.046422360714963,0.0013038347299274228,0.02497398543184183,0.024193548387096774,0.1165127471383975,0.07508454734651404,0.999544745057232
4,62,False,0,nan,0,nan,0,0,nan,0,0,0,0,0,0,0,0,0,0,0,0,0,3.6888904105116005,3.6888923687195554,4.001250907856269,4.045142326345057,8.552943994574253e-05,0.02497398543184183,0.025591831425598337,0.12220343392299687,0.0770681581685744,1.0
4,63,False,0,nan,0,nan,0,0,nan,0,0,0,0,0,0,0,0,0,0,0,0,0,3.6888896654845524,3.688893159892135,3.9994654901069855,4.043138351946542,0.00012807761769192407,0.02497398543184183,0.025104058272632675,0.12269120707596254,0.07944198751300728,0.9999837408949012
4,64,False,0,nan,0,nan,0,0,nan,0,0,0,0,0,0,0,0,0,0,0,0,0,3.6888911314735053,3.6888915390923667,3.9982715632987444,4.046025248893714,3.0470866443519584e-05,0.02497398543184183,0.025169094693028096,0.12428459937565037,0.07671045785639959,1.0
4,65,False,0,nan,0,nan,0,0,nan,0,0,0,0,0,0,0,0,0,0,0,0,0,3.688889991976592,3.6888891422537684,3.998084855501411,4.0431407616860415,2.782690682324358e-05,0.02497398543184183,0.02448621227887617,0.12356919875130074,0.07931191467221645,1.0
4,66,False,0,nan,0,nan,0,0,nan,0,0,0,0,0,0,0,0,0,0,0,0,0,3.688886908165002,3.68888849572014,3.998720062386853,4.043878741120449,0.0005059326486033807,0.02497398543184183,0.025201612903225805,0.12496748178980228,0.07823881373569198,0.9998699271592092
4,67,False,0,nan,0,nan,0,0,nan,0,0,0,0,0,0,0,0,0,0,0,0,0,3.6888877938614923,3.6888872095995215,3.9979664974232496,4.043790690732672,0.0002810463463870893,0.02497398543184183,0.02484391259105099,0.12444719042663892,0.07849895941727367,0.9999024453694069
4,68,False,0,nan,0,nan,0,0,nan,0,0,0,0,0,0,0,0,0,0,0,0,0,3.688887733326494,3.6888862561732996,3.9968155412842656,4.0421342623965675,8.196322301821035e-05,0.02497398543184183,0.025006503642039542,0.1258779916753382,0.08061264308012488,1.0
4,69,False,0,nan,0,nan,0,0,nan,0,0,0,0,0,0,0,0,0,0,0,0,0,3.68888745322808,3.6888856265100802,3.9937632016907374,4.0422416112921615,0.0004876064104423752,0.02497398543184183,0.02497398543184183,0.12769901144641,0.07875910509885536,0.9998699271592092
4,70,False,0,nan,0,nan,0,0,nan,0,0,0,0,0,0,0,0,0,0,0,0,0,3.6888876958642616,3.688886870454675,3.993867840652783,4.041527660282544,0.00018334087711801043,0.02497398543184183,0.02497398543184183,0.12815426638917793,0.08113293444328824,0.9999349635796045
4,71,False,0,nan,0,nan,0,0,nan,0,0,0,0,0,0,0,0,0,0,0,0,0,3.688886305047868,3.688886222680575,3.9939901776666074,4.04040060256696,0.0004043010024805475,0.02497398543184183,0.025006503642039542,0.12825182101977106,0.08093782518210198,0.9999349635796045
4,72,False,0,nan,0,nan,0,0,nan,0,0,0,0,0,0,0,0,0,0,0,0,0,3.6888882416716227,3.688884395714481,3.9921568176872895,4.0430140031364035,0.00030170965224345146,0.02497398543184183,0.02494146722164412,0.1291948491155047,0.07970213319458896,0.9999187044745057
4,73,False,0,nan,0,nan,0,0,nan,0,0,0,0,0,0,0,0,0,0,0,0,0,3.6888874966445746,3.688884493711712,3.990952189333357,4.041641558370283,3.9942098280224174e-05,0.02497398543184183,0.025006503642039542,0.13098335067637878,0.08188085327783559,1.0
4,74,False,0,nan,0,nan,0,0,nan,0,0,0,0,0,0,0,0,0,0,0,0,0,3.6888874398309905,3.688886421900262,3.991862477918817,4.042149554926448,2.4360632254688373e-05,0.02497398543184183,0.025006503642039542,0.12968262226847035,0.07992976066597295,1.0
4,75,False,0,nan,0,nan,0,0,nan,0,0,0,0,0,0,0,0,0,0,0,0,0,3.6888865948219576,3.688884319797639,3.988874710809428,4.041988398108348,1.803082566009529e-05,0.02497398543184183,0.02490894901144641,0.13312955254942768,0.08064516129032258,1.0
4,76,False,0,nan,0,nan,0,0,nan,0,0,0,0,0,0,0,0,0,0,0,0,0,3.68888624103955,3.6888839402134286,3.9860405745789116,4.041884310411737,4.631999809010652e-05,0.02497398543184183,0.02497398543184183,0.136576482830385,0.08031997918834548,1.0
4,77,False,0,nan,0,nan,0,0,nan,0,0,0,0,0,0,0,0,0,0,0,0,0,3.688887027250244,3.6888844120887017,3.9843876165852463,4.0420563491400525,0.000413068660242105,0.02497398543184183,0.02497398543184183,0.13729188345473464,0.0797996878251821,0.9998699271592092
4,78,False,0,nan,0,nan,0,0,nan,0,0,0,0,0,0,0,0,0,0,0,0,0,3.6888857247554054,3.688884638598757,3.982346683337463,4.040202927514988,4.128424801369113e-05,0.02497398543184183,0.02497398543184183,0.13999089490114464,0.08194588969823101,1.0
4,79,False,0,nan,0,nan,0,0,nan,0,0,0,0,0,0,0,0,0,0,0,0,0,3.6888856619875585,3.688883375054716,3.9801387104606034,4.040317611069138,0.0008813049663791906,0.02497398543184183,0.02497398543184183,0.14308012486992716,0.08162070759625391,0.9997235952133194
4,80,False,0,nan,0,nan,0,0,nan,0,0,0,0,0,0,0,0,0,0,0,0,0,3.688886132126172,3.6888859257117517,3.9782713846411095,4.0405059277577156,5.0466892433589357e-05,0.02497398543184183,0.02497398543184183,0.14535639958376692,0.08149063475546306,1.0
4,81,False,0,nan,0,nan,0,0,nan,0,0,0,0,0,0,0,0,0,0,0,0,0,3.6888862998378884,3.6888852608191485,3.9744676365192424,4.039486826272462,6.391645666441073e-05,0.02497398543184183,0.02497398543184183,0.1474375650364204,0.08236862643080124,1.0
4,82,False,0,nan,0,nan,0,0,nan,0,0,0,0,0,0,0,0,0,0,0,0,0,3.6888858368940087,3.6888849214262076,3.9757231177450096,4.037016063773545,4.405504429152461e-05,0.02497398543184183,0.02497398543184183,0.14610431841831426,0.08500260145681582,1.0
4,83,False,0,nan,0,nan,0,0,nan,0,0,0,0,0,0,0,0,0,0,0,0,0,3.6888861757907607,3.6888836807068377,3.973164304362127,4.037190028457562,0.00042464856237817665,0.02497398543184183,0.02497398543184183,0.14854318418314255,0.0849700832466181,0.9998536680541104
4,84,False,0,nan,0,nan,0,0,nan,0,0,0,0,0,0,0,0,0,0,0,0,0,3.6888844279667343,3.688882197103193,3.974596891889463,4.037199821730186,0.00010501628844868075,0.02497398543184183,0.02497398543184183,0.14740504682622269,0.08552289281997918,0.9999674817898023
4,85,False,0,nan,0,nan,0,0,nan,0,0,0,0,0,0,0,0,0,0,0,0,0,3.6888855292571323,3.688882637966684,3.971059161344006,4.0352662026448005,2.56685031637811e-05,0.02497398543184183,0.02497398543184183,0.15000650364203955,0.08604318418314257,1.0
4,86,False,0,nan,0,nan,0,0,nan,0,0,0,0,0,0,0,0,0,0,0,0,0,3.6888856160901216,3.688884260255018,3.971703140842307,4.036443820232903,0.0007673044321743788,0.025006503642039542,0.02494146722164412,0.15046175858480748,0.08630332986472425,0.9997723725286161
4,87,False,0,nan,0,nan,0,0,nan,0,0,0,0,0,0,0,0,0,0,0,0,0,3.688885369236338,3.688883359672872,3.9692762163501625,4.033818939101808,0.00013221232906634716,0.02497398543184183,0.02497398543184183,0.15273803329864724,0.0879942767950052,0.9999512226847035
4,88,False,0,nan,0,nan,0,0,nan,0,0,0,0,0,0,0,0,0,0,0,0,0,3.6888898989412464,3.6888830607192946,3.9703393424090683,4.033521251301363,7.632424947029755e-05,0.02497398543184183,0.02497398543184183,0.15254292403746098,0.0882544224765869,0.9999837408949012
4,89,False,0,nan,0,nan,0,0,nan,0,0,0,0,0,0,0,0,0,0,0,0,0,3.6888843902564075,3.688883957083838,3.9673975863640316,4.035113594410447,1.3038704353791173e-05,0.02497398543184183,0.02497398543184183,0.15527445369406867,0.08653095733610822,1.0
4,90,False,0,nan,0,nan,0,0,nan,0,0,0,0,0,0,0,0,0,0,0,0,0,3.688885061847556,3.688883515476064,3.966647698405382,4.033350610336082,1.4213553067445004e-05,0.02497398543184183,0.02497398543184183,0.15550208116545267,0.08916493236212279,1.0
4,91,False,0,nan,0,nan,0,0,nan,0,0,0,0,0,0,0,0,0,0,0,0,0,3.688885234273063,3.6888830111004434,3.9666350408845834,4.032080266031588,0.0011266573730385682,0.02497398543184183,0.02497398543184183,0.15546956295525494,0.09020551508844953,0.9997235952133194
4,92,False,0,nan,0,nan,0,0,nan,0,0,0,0,0,0,0,0,0,0,0,0,0,3.6888853426902526,3.6888846130450483,3.9627052306136528,4.03213975556063,0.00023893172364617874,0.02497398543184183,0.02497398543184183,0.1598920395421436,0.09004292403746098,0.9999349635796045
4,93,False,0,nan,0,nan,0,0,nan,0,0,0,0,0,0,0,0,0,0,0,0,0,3.688884996846861,3.688884045653487,3.963095440948915,4.032037024691499,4.562049933076497e-05,0.02497398543184183,0.02497398543184183,0.15781087408949013,0.09121357960457857,1.0
4,94,False,0,nan,0,nan,0,0,nan,0,0,0,0,0,0,0,0,0,0,0,0,0,3.688884025309758,3.6888842813430296,3.964779402041162,4.03078722234323,1.409363549700601e-05,0.02497398543184183,0.02497398543184183,0.15813605619146723,0.09095343392299687,1.0
4,95,False,0,nan,0,nan,0,0,nan,0,0,0,0,0,0,0,0,0,0,0,0,0,3.688884574838533,3.6888836675578425,3.96280724994846,4.031751283373719,1.3467561184777379e-05,0.02497398543184183,0.02497398543184183,0.16037981269510926,0.09069328824141519,1.0
5,96,False,2.229252868241841,nan,0.8881176971868223,nan,0.012726178035647856,1.747290557541116e-08,nan,0.017916033318717883,-1.6994456470818972e-08,-3.68888232115032,3.68888215145385,0.02497398543184183,0.02497398543184183,-0.314501826894643,-4.067904277597084,4.036454092079345,0.05154136316337149,0.08565296566077003,0.701045023769714,0.6499414672216441,3.688884032752586,3.688884737836459,4.061749236764818,4.034445717977311,0.9281071714224469,0.02497398543184183,0.02494146722164412,0.05902055150884495,0.08695369406867846,0.4919517429760666
5,97,False,2.1203987935207143,nan,0.8110854217586855,nan,0.011112159946652345,0.0,nan,0.012750347475371054,-2.673215598147072e-08,-3.6888823476964054,3.6888820829798354,0.02497398543184183,0.02497398543184183,-0.354379306598707,-4.0606279549315865,4.025190016233462,0.059085587929240374,0.09664412070759626,0.8032440816078424,0.8794875130072841,3.6888846333887773,3.688884033993057,4.0540718312814255,4.027473463848404,0.5855574394488062,0.02497398543184183,0.02497398543184183,0.06672736732570239,0.0940751821019771,0.6705580124869928
5,98,False,2.2187486932875586,nan,0.830145026717052,nan,0.011561979019275937,0.0,nan,0.012522401520740105,-3.1383923263629195e-08,-3.6888823186693775,3.6888820033415795,0.02497398543184183,0.02497398543184183,-0.36981788262120147,-4.059985462758345,4.023003677175643,0.05931321540062435,0.09898543184183142,0.8791473723723167,0.9137942247658689,3.688884042676356,3.688883617442803,4.052007467764101,4.027088611356674,0.5567582705514612,0.02497398543184183,0.02497398543184183,0.06835327783558794,0.09576612903225806,0.6994016649323621
5,99,False,2.278256548958192,nan,0.8462389161757946,nan,0.011808834233467586,0.0,nan,0.012451672316969805,-2.387907204841352e-08,-3.688882298573743,3.6888820556894673,0.02497398543184183,0.02497398543184183,-0.3981840469090425,-4.0622456195327175,4.022427213799817,0.05749219562955255,0.09957075962539022,0.9347989335268518,0.9282973465140478,3.688884295484402,3.688884237182252,4.049489411553533,4.025261948929865,0.5303021684273472,0.02497398543184183,0.02497398543184183,0.06903616024973985,0.09514828303850156,0.720652315296566
5,100,False,2.246819039258203,1.8676228018219179,0.8560361500275122,nan,0.010941202290022782,0.0,nan,0.012658569824171488,-3.5229384216880206e-08,-3.6888822511877404,3.6888818964129557,0.02497398543184183,0.02497398543184183,-0.46894254892847415,-4.067616023828783,4.020721767745083,0.05209417273673257,0.10087148803329865,0.9547724125908763,0.915127471383975,3.688883500590409,3.688883568072046,4.052087591788523,4.0237923214264395,0.5335725142419896,0.02497398543184183,0.02497398543184183,0.0679630593132154,0.09638397502601456,0.7161485431841832
5,101,False,2.2401278113227234,nan,0.8434222947174255,nan,0.010321449565446308,0.0,nan,0.012428358254390192,-4.074948139170826e-08,-3.68888226458483,3.6888818599431,0.02497398543184183,0.02497398543184183,-0.4895682002453601,-4.066650382934078,4.017693565241628,0.0531022372528616,0.10444849115504683,0.9952449411556946,0.9271266909469302,3.6888845500291074,3.688885058126142,4.052515934458881,4.022523029785871,0.5145923947134325,0.02497398543184183,0.02497398543184183,0.06880853277835589,0.0992455775234131,0.739659209157128
5,102,False,2.2501021259067953,nan,0.8588922381649157,nan,0.010881961997827122,0.0,nan,0.01239696746007864,-2.7042273800281284e-08,-3.6888821921413077,3.6888819207261925,0.02497398543184183,0.02497398543184183,-0.48701670365824784,-4.068455311311768,4.0197536387130945,0.052354318418314255,0.10184703433922997,0.9712615193611129,0.91590790842872,3.6888837749826546,3.6888836745044817,4.057156336047027,4.023382466739968,0.5321112794881061,0.02497398543184183,0.02497398543184183,0.062304890738813734,0.10025364203954214,0.7186849635796045
5,103,False,2.2979222804726596,nan,0.8731166314756212,nan,0.011068380007502874,0.0,nan,0.012570966865661923,-3.358575977718421e-08,-3.6888821209382563,3.688881790724803,0.02497398543184183,0.02497398543184183,-0.5034781464925046,-4.067504697486092,4.0171568850200705,0.05261446409989594,0.1040582726326743,1.0063859157954245,0.9147047346514048,3.6888840811309658,3.6888830197837423,4.057276433265916,4.021906734877397,0.5119986243848373,0.02497398543184183,0.02497398543184183,0.06266259105098855,0.09992845993756504,0.7311069198751301
5,104,False,2.2595696485873686,nan,0.8553251986324973,nan,0.010839566694520235,0.0,nan,0.012432219369509466,-2.8003639038594035e-08,-3.6888820678460856,3.688881795438594,0.02497398543184183,0.02497398543184183,-0.5159019763958441,-4.068608825338247,4.017018628542183,0.051476326742976065,0.10457856399583768,1.0166850300286736,0.9339229968782519,3.688883675744953,3.688883633320835,4.054626070373884,4.021963490159653,0.5158763005631771,0.02497398543184183,0.02497398543184183,0.06623959417273673,0.10022112382934444,0.729318418314256
5,105,False,2.3066354315809354,2.031351820961042,0.8474318435983529,nan,0.01092116871623867,0.0,nan,0.012235567261514318,-1.0109840893224424e-08,-3.688882002101108,3.6888819050962547,0.02497398543184183,0.02497398543184183,-0.48933761152094785,-4.06507368886632,4.016139920122542,0.05547606659729448,0.10571670135275754,1.053481488148454,0.9255658168574402,3.6888830656811797,3.688883236121933,4.054143072787234,4.020095009213308,0.48858643120831186,0.02497398543184183,0.02497398543184183,0.0670525494276795,0.10321279916753381,0.7564223465140478
5,106,False,2.2846383518160445,nan,0.8659300551082043,nan,0.010894379960847913,0.0,nan,0.012263508810119996,1.8296951309823345e-09,-3.688881934619471,3.6888819509936916,0.02497398543184183,0.02497398543184183,-0.5289994040339348,-4.067189458505668,4.01428952351073,0.05332986472424558,0.10786290322580645,1.0340927416898706,0.9220213319458896,3.688883242324289,3.6888838166624898,4.054215079911914,4.017996672909168,0.519069213431782,0.02497398543184183,0.02497398543184183,0.06607700312174818,0.10259495317377731,0.7265381113423517
5,107,False,2.264289013615012,nan,0.8558219613567475,nan,0.010390950838815223,0.0,nan,0.012161062557432456,-2.012664644080568e-08,-3.6888819271766433,3.6888817277088624,0.02497398543184183,0.02497398543184183,-0.5331976867739293,-4.068701605642995,4.015381843068721,0.05115114464099896,0.10633454734651404,1.038968656487321,0.9297606659729448,3.688882932950753,3.6888835740263084,4.05444739239521,4.019599291338013,0.508164431128368,0.02497398543184183,0.02497398543184183,0.0661420395421436,0.1022372528616025,0.7361309833506764
5,108,False,2.2674215056862717,nan,0.8655215404408283,nan,0.010540332290480585,0.0,nan,0.012186832763797348,-2.217342404495541e-08,-3.6888818864891855,3.6888816609715076,0.02497398543184183,0.02497398543184183,-0.5645857542039948,-4.070934556897547,4.014475980236677,0.049557752341311136,0.10779786680541104,1.05386337057981,0.9259885535900104,3.6888833475162532,3.6888831919611555,4.054134929341407,4.018657529515357,0.5058957131174427,0.02497398543184183,0.02497398543184183,0.06731269510926119,0.1028225806451613,0.7345863683662851
5,109,False,2.273340536795099,nan,0.86112178333344,nan,0.010328303727454096,2.2220025001370914e-08,nan,0.012142415291219795,-1.8203915964180176e-08,-3.6888818554774034,3.688881677841917,0.02497398543184183,0.02497398543184183,-0.5916243879653661,-4.073011437514322,4.013848989488679,0.04676118626430801,0.10818808532778355,1.0959658086858108,0.9350611342351717,3.6888845185211374,3.6888830607192946,4.054574634976739,4.018244741610508,0.47204154692629,0.02497398543184183,0.02497398543184183,0.0688735691987513,0.102855098855359,0.7688768210197711
5,110,False,2.254999575146031,1.9194994244577968,0.8614350214336963,nan,0.010355944058137804,0.0,nan,0.012359093318419079,-1.2683818789352116e-08,-3.688881832404638,3.688881701410871,0.02497398543184183,0.02497398543184183,-0.6090735833429025,-4.072195075677163,4.011287720965049,0.047671696149843915,0.11075702393340271,1.0937699053463652,0.9361667533818938,3.688883792597347,3.6888828151059823,4.055429735987541,4.016568535944674,0.4988048265801508,0.02497398543184183,0.02497398543184183,0.06409339229968783,0.10500130072840791,0.7488943808532779
5,111,False,2.2268467042963414,nan,0.8530397824516653,nan,0.010363427673066257,3.820165454407109e-09,nan,0.012258824503725698,-2.0436764259616244e-08,-3.68888182669847,3.6888816175550128,0.02497398543184183,0.02497398543184183,-0.6076268802448317,-4.073254100738033,4.012491413755546,0.04689125910509886,0.10978147762747138,1.081254133944953,0.9263462539021852,3.6888832899583863,3.688883494139958,4.0556229865265685,4.017054274972843,0.4827450876367452,0.02497398543184183,0.02497398543184183,0.06532908428720083,0.10451352757544224,0.7580807752341311
5,112,False,2.2497918584677667,nan,0.8602369851922146,nan,0.010613075930443005,0.0,nan,0.012262187589010326,-1.104019434965612e-08,-3.6888817951904995,3.6888816865252156,0.02497398543184183,0.02497398543184183,-0.6242354052620053,-4.073918271387281,4.011494726841954,0.0461108220603538,0.11062695109261186,1.1061536662908549,0.9417598855359001,3.6888828039417407,3.6888832311600477,4.057869550712895,4.016593209662621,0.46599724913611,0.02497398543184183,0.02497398543184183,0.0637031737773153,0.10509885535900104,0.7730228928199792
5,113,False,2.2463334101047776,nan,0.8707166113168714,nan,0.010795114330780712,0.0,nan,0.012210044248124564,-1.1071206131537177e-08,-3.6888817572320787,3.688881647822512,0.02497398543184183,0.02497398543184183,-0.6340555951200837,-4.074094698654873,4.0106891437078,0.046078303850156085,0.11150494276795005,1.0915305560510935,0.9362968262226847,3.688883090986794,3.688883104631978,4.056573089774267,4.015970215216884,0.47250571794241947,0.02497398543184183,0.02497398543184183,0.06396331945889698,0.10597684703433922,0.76619406867846
5,114,False,2.29029556250628,nan,0.8896253149913823,nan,0.011505424069738816,0.0,nan,0.012412823509893978,-1.5102737776074524e-08,-3.6888817234912596,3.6888815711613874,0.02497398543184183,0.02497398543184183,-0.6389243317444292,-4.0748329232064044,4.010940488493778,0.04481009365244537,0.11078954214360041,1.101225383013766,0.9283623829344433,3.688883599083828,3.688883309061644,4.057664758581028,4.016910165951478,0.49069599331231567,0.02497398543184183,0.02497398543184183,0.061394380853277836,0.10516389177939646,0.7505365504682622
5,115,False,2.340819853432593,1.6871370966883674,0.8775632298327634,nan,0.011270401599593112,0.0,nan,0.012181274354473361,-1.994057574951934e-08,-3.6888817103422644,3.688881511370672,0.02497398543184183,0.02497398543184183,-0.6184366287723664,-4.073083967125503,4.011240309160533,0.04770421436004162,0.110724505723205,1.1563158192197938,0.9399063475546305,3.68888309545249,3.6888831607012795,4.0599489487420755,4.015827726251005,0.4706745336101653,0.02497398543184183,0.02497398543184183,0.06152445369406868,0.10539151925078044,0.7640316077003122
5,116,False,2.2158804527182485,nan,0.8632929557071888,nan,0.010330747674887033,0.0,nan,0.012228735615998413,-1.826593952794229e-08,-3.6888816852847444,3.688881502687373,0.02497398543184183,0.02497398543184183,-0.6662924187984725,-4.076952211814666,4.010322971721098,0.042891519250780434,0.11160249739854318,1.1085700240765353,0.9248829344432883,3.6888830656811797,3.688883175835029,4.059647657372577,4.014353462858329,0.494486551068948,0.02497398543184183,0.02497398543184183,0.061004162330905304,0.10737513007284079,0.7487805671175859
5,117,False,2.1393809629280534,nan,0.8437461784181188,nan,0.009514127243562183,0.0,nan,0.012162316262501057,-1.3211019081330076e-08,-3.6888816364101764,3.688881505664504,0.02497398543184183,0.02497398543184183,-0.6753301947967815,-4.07781104565163,4.010278029446796,0.04220863683662851,0.1116350156087409,1.0812177383936903,0.9163306451612904,3.6888837320623487,3.68888319047259,4.061468096603092,4.014480781604795,0.49239631770924897,0.02497398543184183,0.02497398543184183,0.057719823100936526,0.10665972944849116,0.7482277575442248
5,118,False,2.2559192348097166,nan,0.8811132092257569,nan,0.010180468408877376,0.0,nan,0.012436072796614187,-1.6157138360030446e-08,-3.688881607879337,3.6888814515799564,0.02497398543184183,0.02497398543184183,-0.6419711832449414,-4.075072676532598,4.010875555776781,0.04448491155046826,0.11160249739854318,1.0881753331292556,0.9255658168574402,3.6888826287871965,3.6888828691905298,4.059549541552779,4.015699212682607,0.5223925533577505,0.02497398543184183,0.02497398543184183,0.060353798126951096,0.10454604578563996,0.7205710197710719
5,119,False,2.1477521483851336,nan,0.8280339500906564,nan,0.0093540704487382,0.0,nan,0.01187986816918239,-1.5691961631814597e-08,-3.6888815862951367,3.6888814267705308,0.02497398543184183,0.02497398543184183,-0.6596382450734911,-4.076293882296559,4.01033005952587,0.04347684703433923,0.11143990634755463,1.1063288390698467,0.944914151925078,3.688882776155184,3.6888827409258,4.062884954954657,4.0157176937198535,0.4729299709805589,0.02497398543184183,0.02497398543184183,0.057167013527575444,0.1062044745057232,0.7669094693028096
5,120,False,2.2035561657426386,1.6213233484799818,0.840151992288266,nan,0.00929711987220844,0.0,nan,0.012143390062754503,-1.2435724534303663e-08,-3.6888815870394196,3.6888814528204277,0.02497398543184183,0.02497398543184183,-0.6493130901229494,-4.076165302238901,4.011233996154118,0.04406217481789802,0.11062695109261186,1.1268379913408475,0.9348660249739854,3.6888825364961337,3.6888824466860135,4.066135105307715,4.015362830117391,0.4721898061303765,0.02497398543184183,0.02497398543184183,0.053394901144641,0.10558662851196671,0.7651209677419355
5,121,False,2.2211159430638063,nan,0.8710386189288081,nan,0.010305600033435315,0.0,nan,0.012076187834267687,-1.5909044104981993e-08,-3.688881568928539,3.688881413621535,0.02497398543184183,0.02497398543184183,-0.6970982705393145,-4.0790521902546795,4.009342365780928,0.04090790842872008,0.11251300728407908,1.1296028221310983,0.9152900624349636,3.6888825317823426,3.6888827630061884,4.06801354078795,4.01271377096067,0.49061231211246487,0.02497398543184183,0.02497398543184183,0.05183402705515088,0.10851326742976067,0.7458376690946931
5,122,False,2.1893084228395425,nan,0.858530454903562,nan,0.00972872165842883,0.0,nan,0.012079155969973285,-1.674636221577052e-08,-3.688881529977741,3.6888813632584014,0.02497398543184183,0.02497398543184183,-0.7055153305895246,-4.0786895980199835,4.008138065407601,0.04133064516129032,0.11413891779396462,1.1317966718703478,0.9246227887617066,3.6888834058184035,3.6888829319583762,4.065947081618453,4.01157811628296,0.47689078386938905,0.02497398543184183,0.02497398543184183,0.05443548387096774,0.11004162330905307,0.7558695369406868
5,123,False,2.1042516844174615,nan,0.824711631847842,nan,0.009277938392195506,0.0,nan,0.011708888261599328,-1.7149515380224255e-08,-3.6888815354358147,3.6888813674760037,0.02497398543184183,0.02497398543184183,-0.7363971031419196,-4.076976189132039,4.003336482688118,0.042891519250780434,0.1189190946930281,1.1468209337121367,0.9435483870967742,3.6888825744545546,3.6888829185612866,4.064768270696983,4.008436518330728,0.4675765089791474,0.02497398543184183,0.02497398543184183,0.05580124869927159,0.11345603537981269,0.768665452653486
5,124,False,2.1148421496742102,nan,0.8504344587147422,nan,0.009305096760054936,0.0,nan,0.0118584982138883,-1.4265419665285998e-08,-3.6888814892902833,3.688881346139898,0.02497398543184183,0.02497398543184183,-0.7662588272332898,-4.077895437889615,4.001269551891442,0.041688345473465144,0.12047996878251821,1.135351484759665,0.9168834547346514,3.6888831783159715,3.6888828691905298,4.063659509684615,4.008006084721989,0.47654557679309806,0.02497398543184183,0.02497398543184183,0.05625650364203954,0.11582986472424557,0.7599668314255983
5,125,False,2.116823597668702,1.7219312336936008,0.8556329125420236,nan,0.009739108037195797,0.0,nan,0.01189915730998804,1.5536902722409315e-08,-3.6888812697268674,3.688881422801023,0.02497398543184183,0.02497398543184183,-0.7778669311650461,-4.077786291799238,3.999999594365893,0.042013527575442244,0.12194328824141519,1.1379881094323236,0.9287200832466181,3.6888835038156342,3.6888826094358445,4.064127109797514,4.0042971088536445,0.481293498911545,0.02497398543184183,0.02497398543184183,0.05505332986472425,0.1156022372528616,0.757755593132154
5,126,False,2.1471345935106028,nan,0.8665937468735162,nan,0.010070117142508881,0.0,nan,0.011940865716378472,-4.620755500277421e-09,-3.688881455053276,3.6888814148620064,0.02497398543184183,0.02497398543184183,-0.7819250108796277,-4.0801204816359755,4.00192797767012,0.03885926118626431,0.12038241415192508,1.1499793965536151,0.918834547346514,3.688882625313877,3.688883237362404,4.064992208510606,4.008111952246786,0.47997973898074875,0.02497398543184183,0.02497398543184183,0.05589880332986472,0.11482180020811654,0.7569914151925078
5,127,False,2.0934753610241796,nan,0.8516546065427758,nan,0.009722455902825595,0.0,nan,0.011787645480499586,-1.879313981992025e-08,-3.688881498965959,3.688881311406702,0.02497398543184183,0.02497398543184183,-0.7955994382733237,-4.078565544938198,3.999005594561177,0.040550208116545264,0.1225936524453694,1.1406802137486025,0.9161680541103018,3.688882460331197,3.6888827483686275,4.0653367035098675,4.004744437433058,0.4845434723423869,0.02497398543184183,0.02497398543184183,0.05505332986472425,0.11609001040582727,0.750894250780437
5,128,False,2.181455010274943,nan,0.8565706158527847,nan,0.009527995945492316,0.0,nan,0.011940180303666519,-1.1970547806087816e-08,-3.6888814041939537,3.6888812813872973,0.02497398543184183,0.02497398543184183,-0.7968518141033002,-4.0789934249127695,3.999308233578669,0.04113553590010406,0.12249609781477627,1.219817062694498,0.9384430280957337,3.6888824159223255,3.6888827912889335,4.0677186512426085,4.003708538726267,0.4519849311982928,0.02497398543184183,0.02497398543184183,0.05069588969823101,0.11609001040582727,0.7797704214360042
5,129,False,2.0265338840341034,nan,0.8263005481550274,nan,0.008691922998933836,0.0,nan,0.01188304728143204,-7.47383943333462e-09,-3.688881362762213,3.6888812813872973,0.02497398543184183,0.02497398543184183,-0.8272180507632125,-4.079517182648864,3.996795383129854,0.039932362122788764,0.12535770031217483,1.1568097813320457,0.9270291363163371,3.688883134403288,3.6888826268024424,4.065050272986246,4.003577857310268,0.45195104462423136,0.02497398543184183,0.02497398543184183,0.05485822060353798,0.11937434963579605,0.7811199271592092
5,130,False,2.048047123757907,2.173545526483291,0.8468952695611365,nan,0.009370328030383271,0.0,nan,0.012006388996552354,-1.1350312168466685e-08,-3.688881363506496,3.6888812503755153,0.02497398543184183,0.02497398543184183,-0.8478633074805094,-4.0804819294118735,3.995695605114273,0.039184443288241416,0.12542273673257023,1.1567304099015465,0.9198751300728408,3.688882234069237,3.6888825687483866,4.068068871016805,4.002449115530881,0.4757033583866074,0.02497398543184183,0.02497398543184183,0.05108610822060354,0.12061004162330906,0.7653648543184183
5,131,False,2.104602175637785,nan,0.8705505855249689,nan,0.009587800106504674,0.0,nan,0.012144366175548777,-8.18711041659892e-09,-3.6888813243076033,3.6888812354898604,0.02497398543184183,0.02497398543184183,-0.8374442498468088,-4.079464000916258,3.9957195856568717,0.039932362122788764,0.1258779916753382,1.1549243649136387,0.9186069198751301,3.6888829741343994,3.688882511686708,4.0675066157508715,4.000638268616644,0.4997799742916496,0.02497398543184183,0.02497398543184183,0.052646982310093654,0.12126040582726327,0.7463742195629552
5,132,False,2.081545083226324,nan,0.8622828919855291,nan,0.009457472552866147,0.0,nan,0.011846842292238815,-9.489605255603293e-09,-3.6888813176090585,3.688881223581336,0.02497398543184183,0.02497398543184183,-0.8474545434163835,-4.0790252747570435,3.9942798200184546,0.04087539021852237,0.1271136836628512,1.1594358510827174,0.9128186784599376,3.6888828885418814,3.688882867701964,4.068627715234826,3.9999712533186673,0.4907261564102679,0.02497398543184183,0.02497398543184183,0.052321800208116546,0.12191077003121749,0.7458376690946931
5,133,False,2.0812100064742083,nan,0.8359513994186155,nan,0.009235995301238331,0.0,nan,0.011887610896270525,-1.1474359295990911e-08,-3.6888813168647756,3.6888811943062136,0.02497398543184183,0.02497398543184183,-0.8211098511186773,-4.077928852464356,3.995817865218878,0.041818418314255985,0.1258779916753382,1.18551824653558,0.9332401144640999,3.6888822496991747,3.688882627298631,4.069762370092688,4.001999692787861,0.4483339206144043,0.02497398543184183,0.02497398543184183,0.05040322580645161,0.12051248699271593,0.7850546305931322
5,134,False,2.0421438979277626,nan,0.8574113261563224,nan,0.009416733444915478,0.0,nan,0.01193809758243805,-9.737699510651746e-09,-3.688881270223056,3.6888811724739194,0.02497398543184183,0.02497398543184183,-0.8707227042016576,-4.080023189985293,3.992950913561246,0.04019250780437045,0.1286095213319459,1.1528129309074688,0.9058922996878251,3.6888833728218673,3.688882605218242,4.071612662256818,3.9985528739012244,0.4596933494094259,0.02497398543184183,0.02497398543184183,0.047379032258064516,0.1225936524453694,0.773608220603538
5,135,False,2.1485750302556093,1.8146761179155444,0.8665713621351895,nan,0.00952099361500541,0.0,nan,0.01210801886214364,-1.1257276822823516e-08,-3.688881274936847,3.688881161309678,0.02497398543184183,0.02497398543184183,-0.8689271210383674,-4.080060861857451,3.9931681466276268,0.03941207075962539,0.12821930280957336,1.2385143855359875,0.924687825182102,3.688882916328438,3.6888823859029207,4.072700793983785,3.9988096167220037,0.44622174831074307,0.02497398543184183,0.02497398543184183,0.04666363163371488,0.12369927159209157,0.7843392299687825
5,136,False,2.069592268050151,nan,0.8636524016725657,nan,0.009329179877998708,0.0,nan,0.011962076569602095,-1.1071206131537177e-08,-3.688881239459368,3.6888811357559694,0.02497398543184183,0.02497398543184183,-0.886156064290534,-4.080263135584534,3.991647522605793,0.03928199791883455,0.13039802289282,1.183228131387534,0.8902510405827263,3.6888829505654455,3.688882850335366,4.071963903683157,3.997781272981467,0.4682149608133983,0.02497398543184183,0.02497398543184183,0.0479318418314256,0.12304890738813735,0.7668444328824141
5,137,False,2.161274489583244,nan,0.8756008994815004,nan,0.009574315002872284,0.0,nan,0.011933319998418566,-9.985793765700198e-09,-3.6888812263103725,3.6888811238474455,0.02497398543184183,0.02497398543184183,-0.8560988498652019,-4.079182309489096,3.99357243556758,0.04074531737773153,0.12792663891779396,1.2207972706914816,0.9175338189386056,3.6888829994400134,3.6888821549271693,4.073347374502255,3.998963541344475,0.4445378015149272,0.02497398543184183,0.02497398543184183,0.04484261186264308,0.12165062434963579,0.7845343392299687
5,138,False,2.1732910700940935,nan,0.9042562021797331,nan,0.009686615938780119,0.0,nan,0.012339031693024579,-6.481462413140812e-09,-3.6888811833900665,3.688881115660335,0.02497398543184183,0.02497398543184183,-0.8976597423732094,-4.082237607110428,3.9924716408617416,0.036420395421436005,0.1291948491155047,1.215734707949437,0.8982180020811654,3.688882851079649,3.688882374490585,4.076759711016478,3.999926888607791,0.49726452103948743,0.02497398543184183,0.02497398543184183,0.04282648283038502,0.12272372528616025,0.7457888917793964
5,139,False,2.101581333811772,nan,0.8559805864349984,nan,0.008826957372066629,0.0,nan,0.012235377266863506,-7.070686268880886e-09,-3.6888811848786323,3.6888811015189624,0.02497398543184183,0.02497398543184183,-0.8867511888200361,-4.080107725373664,3.9914326072359434,0.038599115504682625,0.1304305411030177,1.23083826716559,0.9091441207075962,3.688882595790661,3.6888824533845583,4.07539424861507,3.9968997975665994,0.440262529467941,0.02497398543184183,0.02497398543184183,0.04211108220603538,0.1225936524453694,0.7900299167533819
5,140,False,2.1016639312351284,1.4973282376940575,0.8614684006550062,nan,0.008779540187490253,0.0,nan,0.01175836056594918,-9.365558128079068e-09,-3.688881158332547,3.6888810608315046,0.02497398543184183,0.02497398543184183,-0.8943135383598018,-4.079541044850504,3.990109692254994,0.038599115504682625,0.13212148803329865,1.2289860579151268,0.9280697190426639,3.688882948332597,3.688882200328418,4.077898157498839,3.996376605485406,0.4467040311843622,0.02497398543184183,0.02497398543184183,0.04133064516129032,0.12464229968782518,0.7911680541103018
5,141,False,2.0900236131210543,nan,0.8612382595546536,nan,0.009032260795665612,0.0,nan,0.012043556982009797,-1.1877512460444646e-08,-3.688881149897342,3.6888810392473044,0.02497398543184183,0.02497398543184183,-0.9071409600582381,-4.082257018501131,3.991542920113602,0.035412330905306974,0.1301053590010406,1.2295251328044579,0.9108675858480749,3.6888825412099244,3.6888821911489305,4.0775082265177085,3.99658511853491,0.4440031116760484,0.02497398543184183,0.02497398543184183,0.038794224765868884,0.12473985431841832,0.7867780957336108
5,142,False,2.0501577735575194,nan,0.8357824257087509,nan,0.008507587699826253,0.0,nan,0.011876389809228038,-1.2187630279255211e-08,-3.6888811392292893,3.688881022128801,0.02497398543184183,0.02497398543184183,-0.9019830527092242,-4.079819603343412,3.989621293904506,0.03814386056191467,0.13238163371488032,1.236439226135131,0.9145421436004162,3.6888825198738187,3.68888189492439,4.079934250427707,3.996669771023769,0.4453659092970619,0.02497398543184183,0.02497398543184183,0.03976977107180021,0.12428459937565037,0.788111342351717
5,143,False,2.0909338961767263,nan,0.85802340240806,nan,0.008742905605165724,0.0,nan,0.011835180090218937,-1.0823111876488724e-08,-3.6888811218626913,3.6888810141897848,0.02497398543184183,0.02497398543184183,-0.9370723212298692,-4.081437512317383,3.987730294683101,0.036420395421436005,0.1343977627471384,1.2677109807760734,0.9225741415192508,3.6888828064226833,3.6888820916631344,4.079656821507941,3.9963042664106134,0.4407704758315379,0.02497398543184183,0.02497398543184183,0.03895681581685744,0.12747138397502603,0.7897697710718002
5,144,False,2.1810376108619196,nan,0.9008401752634674,nan,0.008914721321458003,0.0,nan,0.011930066347897486,-1.0047817329462312e-08,-3.688881103999905,3.688881002529355,0.02497398543184183,0.02497398543184183,-0.9043920677732851,-4.081068775036084,3.9906295670679035,0.03655046826222685,0.13062565036420395,1.239044421483277,0.9044940166493236,3.6888826191115207,3.688882603729677,4.0800486918418635,3.9963789211971825,0.4569198858694529,0.02497398543184183,0.02497398543184183,0.037460978147762745,0.12574791883454733,0.7777868106139438
5,145,False,2.029311975504928,1.6739441761997669,0.8377433458922681,nan,0.008585879762349776,0.0,nan,0.011832599598879497,-1.4296431447167054e-08,-3.6888811074732244,3.6888809695328186,0.02497398543184183,0.02497398543184183,-0.9412267488445873,-4.0824461164385175,3.988323440660919,0.036160249739854315,0.13371488033298648,1.2509683655278367,0.9058922996878251,3.6888820618918237,3.6888824012847645,4.080897557003565,3.9936942925190206,0.43739172106106744,0.02497398543184183,0.02497398543184183,0.0360952133194589,0.12568288241415193,0.7937695109261186
5,146,False,2.0536279089489136,nan,0.8697009205073893,nan,0.008446437693864852,0.0,nan,0.012042049798265519,-1.1536382859753024e-08,-3.688881082663799,3.6888809529105036,0.02497398543184183,0.02497398543184183,-0.9754308607278084,-4.082285513862983,3.984742431065046,0.03619276795005203,0.13722684703433924,1.2450843567530645,0.9135991155046826,3.688882000116354,3.688882368536323,4.080175351153799,3.991771995711153,0.44797602464889763,0.02497398543184183,0.02497398543184183,0.03794875130072841,0.13182882414151925,0.7839652705515089
5,147,False,2.0478310164424682,nan,0.8530792761419616,nan,0.008606370975060871,0.0,nan,0.011849234746546174,-1.0233888020748651e-08,-3.6888810585986564,3.6888809469562416,0.02497398543184183,0.02497398543184183,-0.9907220092201828,-4.08272334465003,3.983651135392045,0.03563995837669095,0.13829994797086367,1.2882404092943507,0.9202653485952134,3.68888238118913,3.6888821698128247,4.081083058814724,3.9892592933746083,0.4455263503477303,0.02497398543184183,0.02497398543184183,0.037460978147762745,0.13140608740894902,0.7858350676378772
5,148,False,2.04827235011882,nan,0.8563421251374402,nan,0.008083620761849692,0.0,nan,0.011829041885105461,-1.0264899802629707e-08,-3.6888810461939436,3.688880940753885,0.02497398543184183,0.02497398543184183,-0.9539731092185061,-4.080338983456376,3.984941678538407,0.037005723204994796,0.13693418314255984,1.2459904712147072,0.9046891259105099,3.688882624073406,3.6888821345834404,4.079561756007009,3.9922575561114577,0.4553858878306122,0.02497398543184183,0.02497398543184183,0.0385340790842872,0.12932492195629552,0.7767950052029137
5,149,False,2.137215365604357,nan,0.8605884058046291,nan,0.008088656297025274,0.0,nan,0.011802662931514456,-1.2900901262519511e-08,-3.6888810283311573,3.6888809057725953,0.02497398543184183,0.02497398543184183,-0.9689509761941296,-4.081698282948394,3.9848031779357718,0.03567247658688866,0.1365114464099896,1.341492898630426,0.9184443288241415,3.6888819155162134,3.688882119449691,4.079573367562428,3.9919312025084084,0.4308287869289936,0.02497398543184183,0.02497398543184183,0.038631633714880334,0.13153616024973985,0.7962896722164412
5,150,False,2.013961162759257,1.5635279911275235,0.8495393677010868,nan,0.00797214688109108,0.0,nan,0.011687030673655027,-1.2156618497374155e-08,-3.6888810079874284,3.6888808866693377,0.02497398543184183,0.02497398543184183,-0.9554583006669282,-4.080232526955818,3.9846866934654246,0.03755853277835588,0.13725936524453694,1.2273074997575424,0.9093392299687825,3.6888827384448573,3.6888821921413077,4.079333194708849,3.991949245411201,0.442899628078156,0.02497398543184183,0.02497398543184183,0.039802289281997916,0.1295525494276795,0.7889242976066597
5,151,False,2.024745476188896,nan,0.8501660212889919,nan,0.00831729160528727,0.0,nan,0.01163348013633992,-1.1257276822823516e-08,-3.6888809883879823,3.6888808730241536,0.02497398543184183,0.02497398543184183,-0.9758577654438634,-4.080847557575968,3.983261783959094,0.03811134235171696,0.13888527575442247,1.2570534777070679,0.9064125910509886,3.688882290882821,3.6888822563977195,4.079720100676728,3.9907414841230158,0.4700877550799442,0.02497398543184183,0.02497398543184183,0.03976977107180021,0.13173126951092612,0.7679663111342352
5,152,False,2.021749483183042,nan,0.8566552671631963,nan,0.008158903616954429,0.0,nan,0.011625573585637526,-8.714310708576881e-09,-3.688880973750421,3.6888808752570017,0.02497398543184183,0.02497398543184183,-1.0123987187952206,-4.08187305046542,3.980633179925607,0.03544484911550468,0.1414216961498439,1.2778020538350918,0.9113553590010406,3.6888824409798455,3.6888819403256385,4.080205980622433,3.9879746399858615,0.435414068377601,0.02497398543184183,0.02497398543184183,0.03668054110301769,0.13338969823100935,0.7941759885535901
5,153,False,1.9176953283742333,nan,0.8239362112069105,nan,0.008203353606838961,0.0,nan,0.0116858599992405,-9.861746638175973e-09,-3.6888809477005244,3.6888808526804246,0.02497398543184183,0.02497398543184183,-0.9992812808668948,-4.081753663044194,3.981825538530062,0.036582986472424556,0.140511186264308,1.2258432593107471,0.9083962018730489,3.6888824839001515,3.68888221967977,4.079828908118447,3.9884592655670135,0.44621352068343345,0.02497398543184183,0.02497398543184183,0.037330905306971904,0.13160119667013528,0.7880300468262227
5,154,False,2.0855137670527015,nan,0.8623920977425749,nan,0.008195024506556224,0.0,nan,0.012082552086682088,-1.2528759879946833e-08,-3.688880948196713,3.688880824893868,0.02497398543184183,0.02497398543184183,-0.9714167115591568,-4.080726905122136,3.983585226672249,0.03752601456815817,0.13859261186264307,1.2877036143292002,0.919842611862643,3.6888824729840044,3.6888820770255735,4.079396201718238,3.991501179743756,0.43498134324627535,0.02497398543184183,0.02497398543184183,0.03941207075962539,0.12906477627471383,0.795525494276795
5,155,False,2.1341665621253814,1.4162175769437544,0.8552609432748404,nan,0.00784374974594373,0.0,nan,0.011983834874780382,-1.2001559587968872e-08,-3.6888809281010784,3.6888808095120242,0.02497398543184183,0.02497398543184183,-0.9763073836851567,-4.080999932849816,3.9833691931415918,0.036843132154006246,0.1377146201873049,1.3561568172739646,0.9249804890738814,3.6888822114926594,3.688882048742828,4.080624282918289,3.9910755881905926,0.41580933955780053,0.02497398543184183,0.02497398543184183,0.037883714880332986,0.13124349635796045,0.8092969562955254
5,156,False,2.1154755134674312,nan,0.8905310774072772,nan,0.008734155634784456,0.0,nan,0.011986265991573123,-9.954781983819142e-09,-3.688880901803087,3.6888807968592174,0.02497398543184183,0.02497398543184183,-0.9865886636628817,-4.080921594111654,3.982262723031575,0.036030176899063474,0.1396006763787721,1.2763090688157652,0.9125910509885536,3.688882205786492,3.6888820437809433,4.0813315681314615,3.9899086242659902,0.4401693503206652,0.02497398543184183,0.02497398543184183,0.03742845993756504,0.13124349635796045,0.7915094953173777
5,157,False,2.0190358775339314,nan,0.8416436773557197,nan,0.007861565137582441,0.0,nan,0.01168655152805731,-1.0575017621440273e-08,-3.688880898825956,3.688880787927824,0.02497398543184183,0.02497398543184183,-0.9939226831283331,-4.082469130902087,3.9830768646732455,0.035119667013527575,0.13829994797086367,1.286749997694708,0.9132088969823101,3.688882309241796,3.6888822243935606,4.082143463031558,3.9900936713203805,0.4575859155974949,0.02497398543184183,0.02497398543184183,0.03567247658688866,0.13306451612903225,0.7774128511966701
5,158,False,2.055990112311634,nan,0.858795312887424,nan,0.007973610246641238,0.0,nan,0.01188738775632415,-1.3397089772616415e-08,-3.6888808906388455,3.6888807551793823,0.02497398543184183,0.02497398543184183,-0.9844782270576405,-4.081302171691275,3.9828543494320807,0.03674557752341311,0.13917793964620187,1.2792419590265272,0.9084287200832466,3.6888821998322294,3.688882176759464,4.081712433252324,3.989693610154627,0.4391630777428227,0.02497398543184183,0.02497398543184183,0.03590010405827263,0.13264177939646202,0.7897209937565036
5,159,False,1.9856559265013416,nan,0.8346005379223302,nan,0.00790011657801196,0.0,nan,0.011653059537248234,-1.2745842353114228e-08,-3.6888808717836823,3.6888807425265755,0.02497398543184183,0.02497398543184183,-1.0113707273485262,-4.081887560754115,3.9807504900536355,0.03625780437044745,0.14116155046826223,1.2849662893148417,0.9084287200832466,3.688882296588989,3.6888819713374206,4.082119360178492,3.9877624102363227,0.43312967873326697,0.02497398543184183,0.02497398543184183,0.03625780437044745,0.13335718002081165,0.7965498178980229
5,160,False,2.015646491226867,1.5108552922380944,0.8358169663833158,nan,0.007754482375409427,0.0,nan,0.011686025714573453,-1.2218642061136267e-08,-3.688880847222351,3.6888807390532556,0.02497398543184183,0.02497398543184183,-1.028075100107818,-4.082112871521345,3.9793053601212356,0.03590010405827263,0.14249479708636836,1.3292751149754123,0.9233870967741935,3.6888820100401243,3.688882047502357,4.082366921030892,3.9864075134249557,0.42850184062269053,0.02497398543184183,0.02497398543184183,0.03625780437044745,0.13436524453694068,0.7996065296566077
5,161,False,2.1287022802075537,nan,0.8834543378246439,nan,0.00888914664389331,0.0,nan,0.01170740769856244,-1.1629418205396194e-08,-3.6888808397795234,3.688880723671412,0.02497398543184183,0.02497398543184183,-0.9956901939304761,-4.081517036697991,3.981948019438554,0.0360952133194589,0.13969823100936524,1.3134724362583736,0.9167533818938606,3.6888825672598213,3.688882117464937,4.082190227806258,3.989241899486387,0.44722765625205424,0.02497398543184183,0.02497398543184183,0.036160249739854315,0.13257674297606659,0.7858188085327783
5,162,False,2.0564718861346067,nan,0.8399249474042164,nan,0.008371651537026377,0.0,nan,0.011772518974130937,-1.2435724534303663e-08,-3.6888808261343393,3.688880700350552,0.02497398543184183,0.02497398543184183,-1.0191068421045277,-4.081476362141064,3.9795656720259682,0.03668054110301769,0.1419419875130073,1.3520396402673591,0.9200377211238293,3.6888822119888482,3.688881806354741,4.081939173042464,3.9868918782590455,0.39690756807094063,0.02497398543184183,0.02497398543184183,0.035835067637877215,0.1341376170655567,0.8228570499479708
5,163,False,2.0749047299949734,nan,0.8421841415108553,nan,0.007948927339515285,0.0,nan,0.012010329198014693,-1.336607799073536e-08,-3.688880801573008,3.6888806698349588,0.02497398543184183,0.02497398543184183,-1.0052911438877452,-4.081248553808969,3.9807194405614275,0.037005723204994796,0.1410965140478668,1.3518476903004404,0.9256308532778356,3.6888819604212735,3.6888818135494743,4.081023519914927,3.9885285697047843,0.42210432811098464,0.02497398543184183,0.02497398543184183,0.03710327783558793,0.13361732570239335,0.8055573621227887
5,164,False,1.981114242361562,nan,0.8433269153152371,nan,0.0077132234857664765,0.0,nan,0.011790391144950358,-1.3304054426973245e-08,-3.688880794378275,3.688880665369262,0.02497398543184183,0.02497398543184183,-1.0250354413559484,-4.082738888747486,3.980235350119584,0.033818938605619145,0.1419419875130073,1.2764114718283377,0.919842611862643,3.6888819361080363,3.6888817435868946,4.08192657754523,3.988288579696671,0.4421011129322459,0.02497398543184183,0.02497398543184183,0.03550988553590011,0.13325962539021852,0.7905502081165453
5,165,False,2.116153005568716,1.5274613040381768,0.8884717965349322,nan,0.008186950944325306,0.0,nan,0.01182243612214039,-1.1257276822823516e-08,-3.6888807598931734,3.68888064949123,0.02497398543184183,0.02497398543184183,-0.9695917381580365,-4.078172175370692,3.981213001257175,0.03915192507804371,0.13947060353798127,1.265146907670937,0.914574661810614,3.688881922462852,3.688881706372756,4.078342657803745,3.985698004542975,0.4408530720841996,0.02497398543184183,0.02497398543184183,0.03889177939646202,0.13638137356919874,0.793834547346514
5,166,False,2.0587049142247245,nan,0.8328571176305646,nan,0.00772485928706879,0.0,nan,0.011862714637291853,-1.2745842353114228e-08,-3.6888807613817387,3.6888806375827055,0.02497398543184183,0.02497398543184183,-0.9929114033106586,-4.078588780949937,3.9792976342180393,0.03954214360041623,0.1428524973985432,1.3425890980724489,0.9206880853277836,3.688882673940351,3.6888818621759483,4.076185247032253,3.9874045538728615,0.42294021495050993,0.02497398543184183,0.02497398543184183,0.04266389177939646,0.13521071800208118,0.8033298647242456
5,167,False,2.073807212722785,nan,0.8202178122845947,nan,0.00764005159441688,0.0,nan,0.011653418981728923,-1.1629418205396194e-08,-3.6888807375646904,3.6888806164946937,0.02497398543184183,0.02497398543184183,-0.9695866968827739,-4.07632971306125,3.9793710398500344,0.04165582726326743,0.1423322060353798,1.360357983675509,0.9287200832466181,3.688882246970138,3.688881435950018,4.07470459521251,3.986326096829465,0.39614171662700287,0.02497398543184183,0.02497398543184183,0.043736992715920915,0.1347554630593132,0.8231497138397502
5,168,False,2.1661596694625875,nan,0.8769975063331914,nan,0.008394596859343684,0.0,nan,0.011918675684555203,-1.237370097054155e-08,-3.6888807303699567,3.688880605330452,0.02497398543184183,0.02497398543184183,-1.0042474728841315,-4.077051476807053,3.9766267271369355,0.040940426638917796,0.14538891779396462,1.3722615157032112,0.9178915192507804,3.6888818981496154,3.6888823010546856,4.076210687609542,3.985054792152111,0.42041270983764956,0.02497398543184183,0.023315556711758584,0.0400299167533819,0.13696670135275754,0.8052159209157128
5,169,False,2.112105073616622,nan,0.8309946767249291,nan,0.007499974162359485,0.0,nan,0.0117336102062594,-1.4389466792810224e-08,-3.688880723671412,3.688880578536273,0.02497398543184183,0.02497398543184183,-1.0359289425344795,-4.078449262912762,3.974856357048503,0.03976977107180021,0.1471123829344433,1.4433438658838342,0.9279071279916753,3.6888819765474,3.6888816053983944,4.077314513034801,3.9839688300094047,0.3819010973317814,0.02497398543184183,0.024616285119667014,0.03960718002081166,0.1381048387096774,0.831490634755463
5,170,False,2.130407139030939,2.07717202384773,0.8528929480528856,nan,0.007490110401893723,0.0,nan,0.011893759110921163,-1.594005588686305e-08,-3.688880720694281,3.6888805643949003,0.02497398543184183,0.02497398543184183,-1.0339466337110697,-4.077684612601654,3.974289956375662,0.03960718002081166,0.14792533818938605,1.415396511988883,0.930085848074922,3.688881963894593,3.688881385834979,4.0764262388449675,3.9819838077791276,0.4136702538808104,0.02497398543184183,0.016129032258064516,0.042273673257023935,0.14093392299687826,0.8095896201873048
5,171,False,2.1279729682521875,nan,0.8755208028094702,nan,0.008379193718674032,0.0,nan,0.011918347482021963,-1.7676715672202215e-08,-3.6888807154843017,3.688880537104532,0.02497398543184183,0.022892819979188347,-1.0405595007349624,-4.07883375145022,3.974777807678318,0.03898933402705515,0.14727497398543185,1.373356641579369,0.9139893340270552,3.6888817827857867,3.6888818639126084,4.077950055343676,3.9812261683635732,0.43132345828069735,0.02497398543184183,0.025526795005202912,0.040225026014568156,0.13966571279916754,0.7971188865764828
5,172,False,1.843878759096428,nan,0.776965868925825,nan,0.007136919632123766,0.0,nan,0.011435423583726512,-1.4575537484096563e-08,-3.6888806901786877,3.688880543554983,0.02497398543184183,0.02497398543184183,-1.024608719237265,-4.077364973917712,3.974904097826002,0.040517689906347555,0.14782778355879292,1.2731125636353826,0.9273218002081165,3.688881650799643,3.688881472916062,4.0761575324230215,3.983822042314369,0.4100022507941934,0.02497398543184183,0.024778876170655568,0.042013527575442244,0.13852757544224767,0.8131666233090531
5,173,False,2.059634944782607,nan,0.8020146245390766,nan,0.007095482564772577,1.028497871999996e-08,nan,0.011602214799222849,-1.7211538943986367e-08,-3.6888806698349588,3.6888805100622584,0.02497398543184183,0.026014568158168574,-1.0167327904676424,-4.077294681124335,3.9756214030699475,0.04061524453694069,0.1462343912591051,1.4304363692836384,0.9352562434963579,3.688882107789261,3.6888818175189826,4.076138132940842,3.9807786080641256,0.3675158485444602,0.02497398543184183,0.019348335067637876,0.04029006243496358,0.14038111342351717,0.8404656607700313
5,174,False,2.2108129325567996,nan,0.8474378926945031,nan,0.007679503146969906,0.0,nan,0.01177819889488472,-1.2745842353114228e-08,-3.6888806383269883,3.6888805113027296,0.02497398543184183,0.026014568158168574,-1.0219930873080918,-4.077129112942286,3.9749298085779357,0.040517689906347555,0.14691727367325702,1.494916150646825,0.9332075962539021,3.688881688261876,3.6888817582244555,4.07651663868534,3.981230308312407,0.3695485962324162,0.02497398543184183,0.025526795005202912,0.04146071800208116,0.14008844953173777,0.8368723985431842
5,175,False,2.219869848654744,2.020326107740402,0.8586351826213277,nan,0.007372959856618425,0.0,nan,0.012144414780702167,-1.3335066208854303e-08,-3.6888806239375214,3.6888804837642675,0.02497398543184183,0.026014568158168574,-1.0258915014991403,-4.077581084605683,3.9749919388222272,0.03986732570239334,0.1474375650364204,1.4846847934975957,0.9273218002081165,3.688882144259116,3.6888817026513423,4.0765899341634855,3.9818438630198343,0.38148985637214256,0.02497398543184183,0.02614464099895942,0.0400299167533819,0.14005593132154007,0.8328889177939646
5,176,False,2.0986036011536338,nan,0.8486233271433585,nan,0.007302152056878861,0.0,nan,0.012303226618687395,-1.584702054121988e-08,-3.6888806222008617,3.6888804721038375,0.02497398543184183,0.026014568158168574,-1.026603512163589,-4.077553623300686,3.9748932687598635,0.04084287200832466,0.14704734651404786,1.383748643914321,0.9248504162330905,3.688881912290988,3.6888818371184287,4.077477853578534,3.9812780138605217,0.43965873702135594,0.02497398543184183,0.0257869406867846,0.0406477627471384,0.13943808532778357,0.7925175598335068
5,177,False,2.1466180323841173,nan,0.866616659494394,nan,0.00800458475478327,0.0,nan,0.01187230506863418,-1.4296431447167054e-08,-3.6888805954066823,3.688880455233428,0.02497398543184183,0.026014568158168574,-1.0551740187884122,-4.078772662705611,3.9732552718421545,0.0382414151925078,0.14860822060353798,1.4249372473616506,0.9245902705515089,3.6888817125751125,3.6888819896963954,4.077830363510799,3.9804799117605345,0.4052972560060384,0.02497398543184183,0.02585197710718002,0.0400299167533819,0.14272242455775233,0.8118658949011447
5,178,False,2.12217305923941,nan,0.8611840360122466,nan,0.00788110723810098,0.0,nan,0.012116483724254506,-1.3924290064594376e-08,-3.688880575559142,3.6888804383630185,0.02497398543184183,0.026014568158168574,-1.0185467881789192,-4.077679459683977,3.975824770892696,0.0397372528616025,0.14636446409989595,1.3741212291226303,0.9137291883454735,3.688881603909829,3.688881767155849,4.0778870478380975,3.982818105590455,0.4178426088639278,0.02497398543184183,0.026014568158168574,0.03928199791883455,0.13882023933402707,0.804516779396462
5,179,False,2.1400537286322026,nan,0.8353297410224653,nan,0.007315110584331383,0.0,nan,0.011735610713315865,-1.4296431447167054e-08,-3.688880567123937,3.688880421988798,0.02497398543184183,0.026014568158168574,-1.0671448841551465,-4.077933483391721,3.971218995819727,0.04087539021852237,0.1502341311134235,1.4940172025738099,0.9257284079084287,3.6888822082674344,3.688881524519667,4.078393079735858,3.979583160190007,0.3885406418068724,0.02497398543184183,0.026014568158168574,0.039184443288241416,0.1425598335067638,0.8258324661810614
5,180,False,2.1730776381573245,1.9451909525701718,0.862126120791599,nan,0.00845980027527718,0.0,nan,0.011995682080976983,-1.5816008759338822e-08,-3.6888805584406383,3.688880398916032,0.02497398543184183,0.026014568158168574,-1.0794409792579547,-4.08116136976633,3.973217280176502,0.035704994797086366,0.14844562955254942,1.4838195406559478,0.9344107700312175,3.6888817073651334,3.6888817309340873,4.0791391386077755,3.979367409734895,0.3839264917851239,0.02497398543184183,0.026014568158168574,0.03749349635796046,0.14057622268470343,0.8304988293444329
5,181,False,2.1628577263713753,nan,0.8934225221082149,nan,0.008585476737593483,0.0,nan,0.0124587809025435,-1.380024293707015e-08,-3.6888805309021757,3.688880396683184,0.02497398543184183,0.026014568158168574,-1.0718928445266263,-4.079551992505696,3.972362707358369,0.0388267429760666,0.14964880332986472,1.401943727226833,0.9314841311134235,3.688881948512749,3.688881365739344,4.078324696523962,3.978325049909419,0.4242961234127198,0.02497398543184183,0.026014568158168574,0.03941207075962539,0.14392559833506763,0.8041265608740895
5,182,False,2.1157674815866256,nan,0.8422653903326061,nan,0.008109116832300261,0.0,nan,0.011685933129383206,-1.5505890940528257e-08,-3.688880510558447,3.6888803612057055,0.02497398543184183,0.026014568158168574,-1.0564086032831705,-4.080123152618726,3.974482286236909,0.0358025494276795,0.14737252861602498,1.4444783995476522,0.920753121748179,3.6888818177670766,3.688881659482942,4.079110547729635,3.9811797509208304,0.39692565812714764,0.02497398543184183,0.026014568158168574,0.03960718002081166,0.14145421436004163,0.8199466701352758
5,183,False,2.0297110641256952,nan,0.8115383348467446,nan,0.007545923499698662,0.0,nan,0.011700691228866205,-1.5443867376766144e-08,-3.6888805172569916,3.6888803574842917,0.02497398543184183,0.026014568158168574,-1.0504879033528307,-4.078476167742346,3.9734273753230704,0.03976977107180021,0.14821800208116545,1.4144743193448768,0.9158103537981269,3.6888817309340873,3.6888819361080363,4.078776870384177,3.978322906871244,0.3922197145180201,0.02497398543184183,0.026014568158168574,0.040355098855359,0.14340530697190426,0.8219302809573361
5,184,False,2.3481021404390403,nan,0.929044491790708,nan,0.00889532926320859,0.0,nan,0.012204457426193664,-1.5629938068052485e-08,-3.6888804859971156,3.688880332674866,0.02497398543184183,0.026014568158168574,-1.0374098905787632,-4.077898379295103,3.9741573919242676,0.0397372528616025,0.14717741935483872,1.4819143603669245,0.9275169094693028,3.6888820931516997,3.6888814734122506,4.078902672530461,3.9809642736174933,0.3878616827397639,0.02497398543184183,0.026014568158168574,0.039477107180020815,0.140738813735692,0.8287103277835588
5,185,False,2.12587631383715,2.0481745764674852,0.8635013079295918,nan,0.00824694503941859,0.0,nan,0.012030795228189782,-1.3924290064594376e-08,-3.688880455977711,3.688880323743473,0.02497398543184183,0.026014568158168574,-1.0524969984167696,-4.077904311228742,3.972654616795519,0.040387617065556713,0.14932362122788762,1.4070313837103987,0.9167859001040582,3.6888817086056047,3.68888161854739,4.078700263840103,3.980792192713155,0.40934755790370064,0.02497398543184183,0.026014568158168574,0.03937955254942768,0.1425598335067638,0.8147437565036421
5,186,False,2.0840569059640695,nan,0.8081898817968914,nan,0.007158710598038523,0.0,nan,0.0117934725817165,-1.4544525702215506e-08,-3.688880450023449,3.6888803048883094,0.02497398543184183,0.026014568158168574,-1.069647055634847,-4.0790188270354495,3.972054128964411,0.039054370447450575,0.14971383975026015,1.4947850848087783,0.9422801768990635,3.6888814974773934,3.6888815421343595,4.0787759266336305,3.978884288101117,0.37471295652850983,0.02497398543184183,0.026014568158168574,0.03840400624349636,0.14249479708636836,0.8351977107180021
5,187,False,2.0560162329462885,nan,0.8110455816977974,nan,0.007181560187469722,0.0,nan,0.01189571127787806,-1.494767886666924e-08,-3.688880441588244,3.688880290746937,0.02497398543184183,0.026014568158168574,-1.0602098240688613,-4.077985021003699,3.971964033287596,0.0406477627471384,0.14951873048907388,1.451266215569519,0.9375325182101977,3.688881941318016,3.6888813478765576,4.078036270578248,3.97960282984683,0.38663817700250586,0.02497398543184183,0.026014568158168574,0.03996488033298647,0.14356789802289283,0.82869406867846
5,188,False,2.0969035862930485,nan,0.8598579390364061,nan,0.007586903670467398,0.0,nan,0.012134841454780344,-1.5971067668744105e-08,-3.68888042794306,3.688880271147491,0.02497398543184183,0.026014568158168574,-1.1022687072436346,-4.078873262196996,3.9686463975757515,0.038306451612903226,0.15403876170655567,1.435465005322376,0.9253056711758585,3.688881571657576,3.688881567936162,4.078264686493174,3.975769377895994,0.4160717128311806,0.02497398543184183,0.026014568158168574,0.03794875130072841,0.1444133714880333,0.8094920655567117
5,189,False,2.0924213885346137,nan,0.8243732574578999,nan,0.007993042944861686,0.0,nan,0.011971868150145528,-1.674636221577052e-08,-3.6888804229811747,3.688880263704663,0.02497398543184183,0.026014568158168574,-1.097613442824857,-4.0804612507557145,3.9706998953089876,0.03690816857440166,0.15059183142559834,1.4973796877727052,0.9361667533818938,3.688881183638161,3.6888820713194055,4.079402770757923,3.9772245799589605,0.37905345537722046,0.02497398543184183,0.026014568158168574,0.03814386056191467,0.14571409989594172,0.8317345213319459
5,190,False,2.0832100590995273,1.6353303761824995,0.8649873313620982,nan,0.007472806441055904,0.0,nan,0.011857644736216356,-1.5878032323100938e-08,-3.6888804063588596,3.6888802423685574,0.02497398543184183,0.026014568158168574,-1.1041088005010344,-4.080206732348026,3.9697958524963983,0.037721123829344436,0.15212018730489074,1.4142984733001003,0.9239724245577523,3.6888820236853084,3.6888814783741357,4.0784356981112735,3.976807401281986,0.4106861259109892,0.02497398543184183,0.026014568158168574,0.041818418314255985,0.14574661810613943,0.809004292403746
5,191,False,2.0297857942708943,nan,0.8126061331717206,nan,0.007659115231112344,0.0,nan,0.011849865751509613,-1.6591303306365236e-08,-3.6888803847746594,3.688880215822472,0.02497398543184183,0.026014568158168574,-1.0980827458567228,-4.080107818905198,3.9702995322125263,0.03765608740894901,0.15101456815816858,1.4594475783865113,0.924687825182102,3.6888819127871764,3.6888813982396913,4.078562109328954,3.97772764464943,0.39128287918051624,0.02497398543184183,0.026014568158168574,0.040062434963579606,0.1435028616024974,0.8235236732570239
5,192,False,2.0511835233679547,nan,0.8340218091358379,nan,0.007873782783874643,0.0,nan,0.012001157900111113,-1.4482502138453393e-08,-3.688880362446177,3.6888802098682096,0.02497398543184183,0.026014568158168574,-1.0967006782587312,-4.078520921713108,3.9688508470894517,0.040062434963579606,0.15306321540062434,1.4359633342036346,0.9309963579604579,3.688881784026258,3.688881390300675,4.078101707918959,3.9773485667995807,0.3916571389468974,0.02497398543184183,0.026014568158168574,0.03941207075962539,0.14581165452653486,0.8229383454734651
5,193,False,2.055831650494909,nan,0.8251991116913747,nan,0.007730286264100134,0.0,nan,0.011859710494000135,-1.4823631739145015e-08,-3.688880361701894,3.6888802026734764,0.02497398543184183,0.026014568158168574,-1.095002292470307,-4.079399323736344,3.9698990969206367,0.0376235691987513,0.15283558792924037,1.4571263219513828,0.9275494276795005,3.6888816366582704,3.6888816465820407,4.0776596426591665,3.9767029079512675,0.4045952683649996,0.02497398543184183,0.026014568158168574,0.03999739854318418,0.1455515088449532,0.8141259105098856
5,194,False,1.940023376320515,nan,0.7981144755489497,nan,0.007027418809118182,0.0,nan,0.011656310735900307,-1.6777373997651577e-08,-3.688880358972857,3.6888801813373706,0.02497398543184183,0.026014568158168574,-1.1074857920191166,-4.078977803658,3.968229226589699,0.03814386056191467,0.1538111342351717,1.4092838795202456,0.9264112903225806,3.688881486313152,3.6888818358779574,4.077687401181081,3.976615365412431,0.3952987995560782,0.02497398543184183,0.026014568158168574,0.039509625390218524,0.1456490634755463,0.8210197710718002
5,195,False,2.0928139246721114,1.7278232706197794,0.8309669500831263,nan,0.007509998653498822,0.0,nan,0.012293993545798866,-1.7924809927250665e-08,-3.6888803574842917,3.688880167444092,0.02497398543184183,0.026014568158168574,-1.0995494433669966,-4.0796288369721605,3.969673893826313,0.038208896982310094,0.15257544224765868,1.486037505280835,0.9316142039542143,3.6888813389451647,3.6888813458918035,4.077227134982455,3.9784425771199206,0.3818283968301767,0.02497398543184183,0.026014568158168574,0.03960718002081166,0.14551899063475546,0.8299947970863684
6,196,True,7.071510991742534,nan,0.821585936489264,1.5089849786877507,0.015289756631271276,3.64542521001397,0.02969349218817364,0.011954596212848974,-9.783938077436401e-06,-3.687986671366379,3.68788883887022,0.060809053069719045,0.04880983350676379,-0.238206996381841,-4.085282271660081,4.061461573708939,0.032323100936524456,0.059800988553590013,1.5221437322485583,0.8523835848074922,3.687986860414201,3.6878897898155,4.086875741861365,4.062873841324408,0.6254921478299768,0.060809053069719045,0.04915127471383975,0.02970538501560874,0.058248244016649325,0.8693824791883454
6,197,True,6.49882750704683,nan,0.9000651483481186,1.3856230872478743,0.015790240270251353,3.0408016558616393,0.010662619722764803,0.012523751052699277,-5.7243190620493816e-05,-3.68710643195709,3.686534002345757,0.08454734651404787,0.06061394380853278,-0.2510881294941183,-4.080671735162169,4.05556291993029,0.0382414151925078,0.06607700312174818,1.610490913445694,0.8831620707596254,3.687104271304223,3.686524114549222,4.082624266720711,4.057782013384038,0.6931453229051227,0.083352302289282,0.06530469562955254,0.03500585327783559,0.063792598855359,0.8527575442247659
6,198,True,6.152489979731056,nan,0.9464811201398255,1.342844520411556,0.01701467217340616,2.809415109944021,0.0061843519820565206,0.012432595915534184,-0.00019498785006019997,-3.6848488332825817,3.682898950378307,0.09230293964620187,0.09230293964620187,-0.2718923967661148,-4.079777694269472,4.052588452161537,0.04012747138397502,0.06892234651404787,1.4717595920850532,0.8728294094693028,3.6847882873682027,3.6828257022861637,4.081935391341735,4.054917203276016,0.7484550093078712,0.09230293964620187,0.09083149063475546,0.035957010926118624,0.06673549687825182,0.8325881243496358
6,199,True,5.8681672753206024,nan,0.854736708887658,1.1865868328389217,0.015449698745010423,2.6686534998196096,0.0040654870213865145,0.012087435794957408,-0.0004026718926107226,-3.681088035734337,3.6770613228245157,0.09231919875130074,0.09231919875130074,-0.27286639496389464,-4.0785266822136155,4.051240045495882,0.040355098855359,0.07049947970863683,1.552283839678293,0.8844546696149844,3.6809406538535603,3.676997970716018,4.080951575309999,4.052961700044487,0.7018918696166822,0.09231919875130074,0.09231919875130074,0.03755853277835588,0.06867845993756504,0.8480586628511967
6,200,True,5.705175084204381,5.147271706203989,0.8691665667897085,1.1233417758956536,0.014149646014052672,2.5725847297851057,0.002896402693817801,0.012043630961100033,-0.0005178313225538748,-3.675135115306906,3.6699568024535085,0.09230293964620187,0.09230293964620187,-0.27185225313089395,-4.079309787512074,4.052124565771542,0.039509625390218524,0.06936134235171697,1.4750485371848672,0.9119406867845994,3.675071132542812,3.6703479652226156,4.081787691404123,4.053936034161889,0.7915552706301646,0.09230293964620187,0.09230293964620187,0.03667241155046826,0.0677598204994797,0.8231903616024974
6,201,True,5.554930862105228,nan,0.820112771471879,1.0116797319063906,0.013062717479292175,2.4747639379689894,0.0018850964256373315,0.011873213029645856,-0.0005031043235270711,-3.6676389645091203,3.662607921397897,0.09230293964620187,0.09230293964620187,-0.26391601165549194,-4.075980799751401,4.049589184146766,0.044582466181061396,0.07222294484911551,1.5356591741450742,0.9371422996878251,3.667995353395063,3.6641886871885685,4.078297244894641,4.052250581030791,0.6842005068318032,0.09230293964620187,0.09230293964620187,0.04143632934443288,0.06933695369406868,0.8545866935483871
6,202,True,5.549198773847534,nan,0.8538757488829288,1.0332203034803844,0.014417395744817749,2.4440253535120844,0.0016470756991688864,0.011720724713006886,-0.00044458208297467504,-3.6601574520166658,3.655711637451299,0.09231919875130074,0.09231919875130074,-0.2533316597357997,-4.074570825023036,4.049237657908222,0.046338449531737776,0.07258064516129033,1.4818258101932713,0.9144202003121749,3.661488632505816,3.6582889976164057,4.076669065562793,4.051393059364343,0.7543147782505365,0.09231919875130074,0.09231919875130074,0.04333864464099896,0.07004422476586888,0.8322873309053069
6,203,True,5.539239620442941,nan,0.8701271025248795,1.0453807381635898,0.014511498850339036,2.425790046678001,0.0015073607827882738,0.011918668538277714,-0.00033914115624919023,-3.653407980326435,3.650016570810721,0.09230293964620187,0.09230293964620187,-0.26859129827302897,-4.075228451938212,4.0483693285117415,0.045460457856399586,0.07349115504682623,1.4722466222577486,0.911477302289282,3.656020382316502,3.654453844235169,4.077422866712127,4.0510368317396654,0.8057230840612525,0.09230293964620187,0.09230293964620187,0.04350936524453694,0.07071897762747138,0.8158575052029137
6,204,True,5.512931826211411,nan,0.8609304829393043,1.0013057111949504,0.013786223480569026,2.3820907757011835,0.0011778332561479337,0.011739863269806342,-0.00023918066262950758,-3.648186948123261,3.6457951378995994,0.09231919875130074,0.09231919875130074,-0.2852403122726266,-4.075138697142903,4.046614667007256,0.04572060353798127,0.07503577003121749,1.5335448443207358,0.9365569719042663,3.651724188682564,3.651090807770839,4.0769348571253365,4.048866605163241,0.7401057841502416,0.09231919875130074,0.09231919875130074,0.04359879032258065,0.07306841831425598,0.8361976456815817
6,205,True,5.408182570887158,4.891438720142372,0.8699773417303143,0.9964955440421011,0.014126980268279174,2.344119984203025,0.0009352971398577861,0.01187016405300872,-0.00015401005993028336,-3.6445061703998514,3.6429660692423367,0.09230293964620187,0.09230293964620187,-0.3263865658445487,-4.0751120076591345,4.042473355391519,0.04583441727367326,0.07927939646201873,1.4919084884869818,0.9253788371488033,3.6486882543216512,3.649201181006853,4.077298821817451,4.045791348607185,0.8309388245057613,0.09230293964620187,0.09230293964620187,0.04314353537981269,0.07584872528616025,0.8095245837669095
6,206,True,5.233779124241093,nan,0.8144609451169899,0.9342861828025,0.01313761614929811,2.3255790049029934,0.0008358328755723039,0.011379113629204487,-9.165566247906323e-05,-3.642064315347344,3.6411477641186036,0.09228668054110302,0.09228668054110302,-0.32831475836429336,-4.074730932402437,4.041899457062196,0.04602952653485952,0.07949076482830385,1.4586227415255528,0.9291509495317378,3.6465667306322462,3.647453343582947,4.076771960918415,4.044476849975744,0.7154850628882119,0.09228668054110302,0.09228668054110302,0.04311914672216441,0.0773608220603538,0.8449613033298647
6,207,True,5.313514074351363,nan,0.8479318944398124,0.9536566135786575,0.013458360145479038,2.2965606429946535,0.0006949004924199064,0.011971012648470258,-5.041355893217438e-05,-3.6405290636882324,3.640024932192466,0.09230293964620187,0.09230293964620187,-0.3032719019672501,-4.072045393714547,4.041718201136118,0.048826092611862645,0.08022242455775234,1.4727258833588472,0.9335409079084287,3.645024222960457,3.646485271612638,4.075135632434571,4.044505570855275,0.7851733542691904,0.09230293964620187,0.09230293964620187,0.045379162330905304,0.07740146982310094,0.8221904266389178
6,208,True,5.204478766245847,nan,0.7999318706629551,0.9090290220297338,0.012845339329136026,2.296538236610103,0.0006965687417286631,0.011365381454221292,-2.5909320372820645e-05,-3.639643267463819,3.639384179408047,0.09228668054110302,0.09228668054110302,-0.3174545772365923,-4.074046309110898,4.042300854959795,0.046793704474505725,0.07949076482830385,1.4807472042933214,0.9321507544224766,3.6440978201569427,3.6452626457571613,4.076322463995212,4.045213844227865,0.7191831354792235,0.09228668054110302,0.09228668054110302,0.04446052289281998,0.0765966441207076,0.842115959937565
6,209,True,5.3534995641222105,nan,0.8593864930904123,0.9616550027269727,0.01372487935102879,2.2900519559584347,0.0006672140299541242,0.012028518663942193,-1.0009517778839207e-05,-3.639058625164687,3.638958530297016,0.09230293964620187,0.09230293964620187,-0.34140907787755675,-4.075586748917071,4.041445842270549,0.04407843392299688,0.08017364724245578,1.5334456445771376,0.9305736212278877,3.642813437935217,3.6446545558218904,4.077753732653488,4.044084317974444,0.7828158154137796,0.09230293964620187,0.09230293964620187,0.04244439386056192,0.0778323361082206,0.8235968392299687
6,210,True,5.299401778708387,5.0208754154465955,0.8686044815923868,0.9633461453415972,0.013447862834660927,2.2747518770652557,0.0005897739383054783,0.011677169112118425,-1.152862991428276e-06,-3.6387298484250485,3.638718326927844,0.09230293964620187,0.09230293964620187,-0.3257549893223408,-4.074601753197153,4.042026249352652,0.04656607700312175,0.07983220603537981,1.4624853409539897,0.9291915972944849,3.642556976949511,3.6442956686267993,4.077142563620417,4.043957704063757,0.7887727355547676,0.09230293964620187,0.09230293964620187,0.04393210197710718,0.07707628772112383,0.822214815296566
6,211,True,5.2349567716005065,nan,0.8153303258749002,0.9086079200522337,0.012981339004065194,2.2653541006729334,0.0005480616354542464,0.011554526944298774,2.79673552537932e-06,-3.638564225414169,3.6385921920871636,0.09228668054110302,0.09228668054110302,-0.33058407056095945,-4.075550586698455,4.042492180287404,0.04497268470343392,0.07895421436004163,1.5255369726998749,0.9401746227887617,3.642180805027671,3.644195821853384,4.077766859320523,4.044865322162656,0.7162531613993471,0.09228668054110302,0.09228668054110302,0.04267202133194589,0.0769787330905307,0.8458149063475546
6,212,True,5.145126888580799,nan,0.817869529081557,0.9056410569306095,0.013038452844543462,2.257311158076037,0.0005242248845546391,0.01159602310314666,3.99993063880055e-06,-3.638439263066938,3.6384792575975116,0.09230293964620187,0.09230293964620187,-0.34477356544518445,-4.075912185811847,4.041434827381813,0.04448491155046826,0.0800598335067638,1.4532133585208413,0.9212246357960457,3.6412980883972454,3.643605224051659,4.077955800958528,4.043713211641103,0.8491481330466693,0.09230293964620187,0.09230293964620187,0.042436264308012485,0.07754780176899063,0.799460197710718
6,213,True,5.16176520078661,nan,0.8370401127405395,0.9185863485197371,0.01290828152874661,2.243038241498552,0.0004545520182721255,0.011747626534447027,5.155894808416932e-06,-3.6383672812478722,3.638418836970731,0.09230293964620187,0.09230293964620187,-0.37345459905300876,-4.077688840375854,4.040343379130845,0.04290777835587929,0.08116545265348596,1.4735408474329732,0.9299639047866806,3.6409129922769568,3.644048420869349,4.079140477324375,4.043290898405426,0.7788620822511528,0.09230293964620187,0.09230293964620187,0.04118431321540062,0.07824694328824142,0.8247187174817898
6,214,True,5.078702525219238,nan,0.8105982007394844,0.8916073012922606,0.013811635522173793,2.233938463272587,0.00042508020494923064,0.011644239966737245,4.110456629424636e-06,-3.638330192397214,3.6383712961572017,0.09231919875130074,0.09231919875130074,-0.3661802095379467,-4.077292716714023,4.040674694370901,0.043297996878251824,0.0812955254942768,1.447587883063087,0.9213384495317378,3.640790765665076,3.6431655846574924,4.078986415257687,4.043010795773874,0.8035914392426656,0.09231919875130074,0.09231919875130074,0.04157453173777315,0.07830385015608742,0.8156217481789803
6,215,True,5.157100931538752,4.765614323487687,0.8586075124209679,0.9366118913510587,0.013378084676958519,2.2274832182198483,0.00040124756232331414,0.011864324112914108,0.0017509862361911929,-3.620860520560337,3.6383703856512857,0.10844823100936525,0.09230293964620187,-0.37333886010589756,-4.077714368530416,4.040380474680048,0.042550078043704476,0.08088904786680541,1.437345832493253,0.9116886706555671,3.6223672116088075,3.6428565299225646,4.079348617984403,4.043009664464071,0.8271512254591911,0.1072044094693028,0.09230293964620187,0.041542013527575444,0.07827946149843913,0.8093376040582726
6,216,True,5.0956508274753185,nan,0.8202415491366114,0.8914589447732026,0.012948818951573815,2.216974630564234,0.0003649375745958797,0.01177646417236663,0.002626921985449578,-3.6120776949018145,3.6383469149423813,0.11672411550468262,0.09230293964620187,-0.3780510591790778,-4.07846990485097,4.040664803597235,0.042127341311134235,0.0810028616024974,1.4725437509157655,0.9273461888657648,3.614014684595749,3.6426441284918014,4.079706708796935,4.043341510873928,0.8634713517887659,0.11442345213319459,0.09230293964620187,0.04065589229968782,0.07835262747138398,0.7990130723204995
6,217,True,4.982281064887945,nan,0.8007689650547491,0.8691729021246054,0.012702734341397183,2.2064731036711187,0.00033097100858072657,0.011555260535267557,0.0031930702223862124,-3.6064278436873134,3.6383585453529634,0.12301638917793965,0.09228668054110302,-0.39139939148393804,-4.078021735232032,4.038881795835545,0.04250130072840791,0.08292143600416232,1.4248808402796813,0.9187857700312175,3.609031077602279,3.6427632536774,4.079378804108603,4.041553025687274,0.8397583241393242,0.12017917533818939,0.09228668054110302,0.040972944849115504,0.08045005202913631,0.8056711758584808
6,218,True,4.950851217144858,nan,0.7920079568050158,0.8540361410745348,0.012333168793551074,2.1934879900389483,0.0002854846606245962,0.011514765471142488,0.003710877541820911,-3.601244813073562,3.6383535904145017,0.12877211238293446,0.09228668054110302,-0.3874767355070402,-4.078031377167161,4.03928369612401,0.042094823100936526,0.08235236732570239,1.4219772486979458,0.9232732830385015,3.6049180849533795,3.6422808733492564,4.0793138341774675,4.041506286218189,0.8233092950422484,0.1243821540062435,0.09228668054110302,0.040281932882414155,0.0800598335067638,0.8106383324661811
6,219,True,4.927822258668437,nan,0.780775039860907,0.8389656737865444,0.01251678237677954,2.1817078081799846,0.0002528795817619554,0.011374156319310463,0.004092905573492616,-3.5974051448730724,3.6383341966384903,0.13267429760665972,0.09230293964620187,-0.3936277780522913,-4.0785929863956545,4.039230203529303,0.0414119406867846,0.08257999479708637,1.4410346370581906,0.9253056711758585,3.601161189927767,3.6421737469942093,4.080045730092647,4.041989070195685,0.8097636357926677,0.1284306711758585,0.09230293964620187,0.04046078303850156,0.07914932362122788,0.8149795135275755
6,220,True,4.936369125354302,4.647924471098937,0.7930832672069522,0.8485995505032257,0.013101657608312696,2.1756596743874446,0.00023463208623386486,0.011406682892513542,0.004560788761936787,-3.592735966088,3.6383438484973887,0.13761706555671177,0.09228668054110302,-0.3996086596946438,-4.077969499482821,4.038008639269143,0.041704604578563995,0.0837343912591051,1.435062801800707,0.9195580775234131,3.5975041615231103,3.6420015415465548,4.0791783918327145,4.041024284233784,0.816538975433554,0.13243854058272633,0.09228668054110302,0.040972944849115504,0.08048257023933403,0.8111911420395421
6,221,True,4.933462882017122,nan,0.7749103116071187,0.8279527743946873,0.012862020177993455,2.1628966271939314,0.00019766073216055205,0.011652199722027927,0.004797251303907984,-3.590339577532956,3.6383120906960826,0.13994211758584807,0.09231919875130074,-0.3872761046601136,-4.077593919513873,4.038866302101223,0.04264763267429761,0.08290517689906347,1.470633970587112,0.9211839880332986,3.593734726077188,3.6420680367611697,4.079089551512831,4.041957139968872,0.778176627812847,0.13634885535900104,0.09231919875130074,0.041428199791883454,0.08001105619146723,0.8254097294484911
6,222,True,4.985219209424911,nan,0.8401901568756143,0.8893466070837086,0.013737846660145736,2.157647584156985,0.00018612404245375408,0.011874613232918387,0.005071736647360779,-3.587620334248141,3.63833770196222,0.1420070239334027,0.09228668054110302,-0.3925167405270389,-4.077718797509058,4.038467123406734,0.0420297866805411,0.08340920915712799,1.394478734152374,0.9073312304890739,3.591702660958551,3.6420527638307347,4.079260228699874,4.041066044451171,0.8983153945821629,0.13813735691987514,0.09228668054110302,0.040664021852237255,0.080710197710718,0.7868919094693028
6,223,True,4.957581478648826,nan,0.8071268898639421,0.854441373268846,0.013298713964575845,2.1532891523577544,0.00017182960336971942,0.011791510639264481,0.005114365845887644,-3.5871793472059808,3.6383230083318705,0.1427712018730489,0.09230293964620187,-0.4002490247077426,-4.077591589164536,4.037566687388425,0.04237122788761707,0.08414086888657649,1.4493375381495528,0.9268909339229969,3.5913266150685925,3.6419647933293082,4.07892372556085,4.040441936558417,0.8133568644647667,0.1380641909469303,0.09230293964620187,0.04102172216441207,0.08041753381893861,0.8139958376690947
6,224,True,4.9620388387765395,nan,0.8125410983639378,0.859252512827128,0.012948677437060147,2.1497006361740065,0.0001645432529548468,0.011634590285447399,0.005273720600354435,-3.5855915164352083,3.638328719461622,0.14413696670135276,0.09228668054110302,-0.3856351497146019,-4.076688921042213,4.038125402845528,0.043574401664932365,0.08352302289281997,1.4321942892580697,0.9249235822060354,3.5894357274896023,3.6417821058993782,4.078732641132763,4.041411573259193,0.7797419745455672,0.1403323361082206,0.09228668054110302,0.04160704994797086,0.08071832726326743,0.8260275754422477
6,225,True,4.881920394738681,4.6930151755765355,0.7898869665182592,0.8350448102286158,0.013102313303015544,2.1436479205767642,0.00015070145433605334,0.011705095301170006,0.005350978329824235,-3.5847968705362883,3.638306654206672,0.14483610822060353,0.09230293964620187,-0.4002238540570024,-4.077684741858762,4.037662361216471,0.042566337148803327,0.08402705515088449,1.4201423182819934,0.9241919224765869,3.588771193382271,3.64132534725733,4.079256989333185,4.040851052668291,0.8372203127774687,0.14107212539021852,0.09230293964620187,0.040753446930280955,0.08086465920915713,0.8061426899063475
6,226,True,4.899168064393312,nan,0.7822959338092903,0.8243960279207696,0.012870146890057485,2.1372957346218557,0.0001352647512108882,0.011562715493855876,0.0054219041046813425,-3.5841143034499345,3.6383333439385357,0.14582791363163372,0.09227042143600417,-0.40774632194908056,-4.078161264433449,4.037386634967578,0.041525754422476586,0.08417338709677419,1.4682543388142422,0.9292810223725286,3.5875589745846055,3.641444409923176,4.079495648563714,4.039846944015058,0.7788941067847948,0.14245414932362122,0.09227042143600417,0.04076157648283039,0.08187272372528616,0.8254747658688866
6,227,True,4.934415526246181,nan,0.8055275847338736,0.8455033655221207,0.013112135404967059,2.1331356653437776,0.000129120438093776,0.011806373988374154,0.005552288675903654,-3.5827580498110865,3.638280937252382,0.14704734651404786,0.09231919875130074,-0.4192961535022112,-4.078767157494092,4.036837537628555,0.04087539021852237,0.08472619667013527,1.4695957631151833,0.9224847164412071,3.5864357983036417,3.641071104234265,4.079759555354203,4.0403166655819325,0.7898401887806348,0.14293379292403746,0.09231919875130074,0.040151860041623307,0.08166135535900104,0.8225887747138397
6,228,True,4.900015842902176,nan,0.8003366164684792,0.8400835367568946,0.013208174674881237,2.1319625491778385,0.00012852219154332154,0.011602845919995912,0.005539967322820928,-3.5829043688560747,3.6383040464879572,0.14657583246618106,0.09228668054110302,-0.42385214846290487,-4.078504644249034,4.036119438234899,0.04150949531737773,0.08576677939646202,1.4523819474102182,0.9152738033298647,3.5864800486430664,3.641234161206264,4.079800516708088,4.039143224908708,0.8133414906840171,0.14275494276795006,0.09228668054110302,0.040517689906347555,0.08326287721123829,0.8130609391259105
6,229,True,5.150234721081562,nan,0.8864986968462226,0.923186447568292,0.014007840333671214,2.12805422238083,0.00011733417338748587,0.011670309513357626,0.005670611493669365,-3.5815853142217344,3.638291429902711,0.14849440686784598,0.09230293964620187,-0.4187030573913384,-4.078266731534118,4.036396436711132,0.04162330905306972,0.08527900624349635,1.5197047939161605,0.9304435483870968,3.585666031544712,3.641074434155356,4.079749506296402,4.0389168460957094,0.6916293147079158,0.14381178459937566,0.09230293964620187,0.040517689906347555,0.08301899063475546,0.8523591961498439
6,230,True,4.9731429575881405,4.537401766016863,0.844921420999918,0.8792143285460576,0.01358947255643827,2.120481105550395,9.944027385569753e-05,0.012222533295479576,0.005707617294775956,-3.581193259305686,3.638269422949911,0.14870577523413112,0.09231919875130074,-0.40606960173576107,-4.078176106424163,4.037569147739152,0.0417371227887617,0.0839132414151925,1.4240080656543854,0.9066402185223725,3.5850074112601384,3.641281713928318,4.079545282300379,4.040608602805639,1.014623151206325,0.14442963059313216,0.09231919875130074,0.04068841050988554,0.0804419224765869,0.751235691987513
6,231,True,4.72559605701657,nan,0.7712005807879564,0.8058131072945451,0.012558045341564452,2.1191351024218825,9.996424082870878e-05,0.011463373814177438,0.005822539732681973,-3.5800529900748326,3.638278382625838,0.14981139438085328,0.09230293964620187,-0.42023269542174085,-4.078665041154431,4.036641756280032,0.04134690426638918,0.08518145161290322,1.3499408412054104,0.9118431321540063,3.5839368443583353,3.6410932736888015,4.0796008462340225,4.039749829503673,0.8469230593429272,0.14562467481789804,0.09230293964620187,0.040403876170655564,0.08188085327783559,0.80284209157128
6,232,True,4.813520425812387,nan,0.8011094878789166,0.8328187063755031,0.012407580763683049,2.114548424404196,9.235107362117477e-05,0.011431229812491386,0.0057309388059979295,-3.5809442922550483,3.638253678392297,0.1488195889698231,0.09231919875130074,-0.4224718711130577,-4.079055789109944,4.036808597681798,0.04121683142559834,0.08498634235171697,1.3825873069534937,0.9182167013527576,3.5847551162731635,3.640832826820794,4.080107771023007,4.039885611489462,0.8294507576449233,0.14510438345473464,0.09231919875130074,0.04084287200832466,0.08188085327783559,0.8086628511966701
6,233,True,4.745630155616943,nan,0.7694914960588303,0.7971316512119757,0.011873734103172676,2.104878352162245,7.425300144775418e-05,0.011383657980396273,0.0058319183777820055,-3.579944305935958,3.6382634773710887,0.15041298126951091,0.09230293964620187,-0.42189343042601907,-4.0791626060914545,4.036973263048853,0.04121683142559834,0.08527900624349635,1.3913499198768686,0.9177939646201873,3.583482636621418,3.640637377918573,4.080252777649386,4.040106499232313,0.8184395165770905,0.14602302289282,0.09230293964620187,0.04059898543184183,0.08205970343392299,0.812556906867846
6,234,True,4.827074042964304,nan,0.7737453953284503,0.80278923279537,0.01234991460821507,2.1078962865406714,8.053572495135069e-05,0.011404519573117642,0.005784358523018527,-3.5804093727584188,3.6382529561899206,0.14888462539021852,0.09230293964620187,-0.42888507981950363,-4.078809777109978,4.035921268234888,0.041249349635796045,0.0857342611862643,1.4671399301842523,0.9234196149843913,3.5839979598971237,3.6407533021920924,4.080047863951335,4.038360954943606,0.7619365663979973,0.1459986342351717,0.09230293964620187,0.040241285119667014,0.08346611602497399,0.8305313475546305
6,235,True,5.016251236045274,4.7088586805276496,0.850871756409259,0.8792804877790278,0.013205274371633793,2.1052847590828536,7.692285293762153e-05,0.011645166047351604,0.005951963558901609,-3.578708509004575,3.6382281405620596,0.15116090010405828,0.09231919875130074,-0.43700637579212326,-4.079549411084972,4.03584877434928,0.04072905827263267,0.0861407388137357,1.5034393245794275,0.9133308402705516,3.582303087619539,3.6405135337321495,4.080279559176124,4.038545089011138,0.7939477056171842,0.14787656087408949,0.09231919875130074,0.04036322840790843,0.0829133064516129,0.8211173257023934
6,236,True,4.867883715247513,nan,0.8094683973027565,0.8372721535606266,0.013275129236009564,2.1000819995177524,6.950575614999907e-05,0.011701534135881559,0.005903015988922516,-3.5792237228707147,3.63825388381434,0.15112838189386057,0.09228668054110302,-0.4375206692285766,-4.078875165824216,4.03512308972187,0.04113553590010406,0.08700247138397503,1.4476805724412916,0.9219562955254943,3.582814275412108,3.64046526525817,4.079973098266633,4.038502860391797,0.8309829089941765,0.14657583246618106,0.09228668054110302,0.04071279916753382,0.08403518470343392,0.8085978147762747
6,237,True,4.906656842822215,nan,0.8030894460712834,0.8291386867661134,0.012914730390993168,2.097925329307612,6.541110650442068e-05,0.011946820997042846,0.005950553050026313,-3.578719318967456,3.638224850087955,0.15109586368366285,0.09230293964620187,-0.42637187707684665,-4.079103660136926,4.036466463547468,0.041086758584807495,0.08537656087408949,1.490650767218186,0.929175338189386,3.5822011198883374,3.6403355323065085,4.080157367545533,4.039203688455794,0.7782913011331092,0.14751073100936524,0.09230293964620187,0.0402656737773153,0.08278323361082206,0.8260763527575442
6,238,True,4.780008784441993,nan,0.7694806812581113,0.794434800418433,0.011854540012024815,2.096526983749358,6.243843891070119e-05,0.011546597963356017,0.006030230132647781,-3.5779018399618665,3.6382041491033137,0.152201482830385,0.09231919875130074,-0.4289365325832466,-4.079005641818171,4.0361119887087025,0.04134690426638918,0.08565296566077003,1.440864532596735,0.9248666753381893,3.581450414211023,3.6403627931513474,4.079986640243451,4.03867305305076,0.804950874070099,0.14875455254942768,0.09231919875130074,0.04058272632674298,0.08326287721123829,0.8173126951092612
6,239,True,4.8909644802700845,nan,0.8075467805832656,0.8321919306011776,0.012354865019925861,2.0946389926707956,5.891243321481902e-05,0.01154597222894182,0.006034448634325279,-3.5778819318864645,3.638226412337479,0.1521689646201873,0.09228668054110302,-0.4362289158784388,-4.079064871840621,4.035441982882576,0.0414119406867846,0.08609196149843913,1.4806253005761139,0.9182817377731529,3.5811361470157967,3.6400866612683473,4.080087911822173,4.038165958317212,0.8522043269084966,0.14874642299687826,0.09228668054110302,0.040737187825182104,0.08314093392299687,0.8003138007284079
6,240,True,4.75523214211201,4.6037625945626335,0.8008396498370494,0.8248469398495558,0.012352907377935783,2.091471335394201,5.547031071309013e-05,0.011541492189401828,0.005963822557328271,-3.578563940264556,3.6382021596354823,0.15138852757544224,0.09230293964620187,-0.4425269691554614,-4.079348987148654,4.035096286362838,0.04102172216441207,0.0866122528616025,1.368627867887221,0.9109326222684704,3.581779029689396,3.6400835613306306,4.08019894814268,4.037656471458856,0.9128003647312537,0.14806354058272633,0.09230293964620187,0.04058272632674298,0.08352302289281997,0.7809004292403746
6,241,True,4.694518080114946,nan,0.7657298494700214,0.7889092689870424,0.011831150662529977,2.0889457150378905,5.239144608881867e-05,0.01131726433808889,0.006073456401011202,-3.5774407632393097,3.638175331467024,0.1523803329864724,0.09231919875130074,-0.4367746875139727,-4.079732520275136,4.036055050084792,0.040972944849115504,0.08557167013527575,1.3796161096872575,0.9172005072840791,3.5808654543512444,3.6398591171566332,4.0806636008958295,4.038410176099525,0.8349112596645811,0.1486976456815817,0.09231919875130074,0.040680280957336105,0.08250682882414152,0.8068418314255983
6,242,True,4.7420779626649825,nan,0.7730945734526191,0.7955629633939229,0.011949982037661165,2.086082671609059,4.986789503084393e-05,0.011224994682546988,0.006172958695553592,-3.576452267157548,3.638181852376424,0.1536973204994797,0.09230293964620187,-0.4509470063367322,-4.080091736195115,4.034997030053749,0.04076157648283039,0.08685613943808533,1.4289002537603308,0.9139568158168574,3.580178280898857,3.6398922176440474,4.080710454240178,4.037858470049411,0.8089460914762657,0.14964880332986472,0.09230293964620187,0.04017624869927159,0.0836205775234131,0.8144917403746098
6,243,True,4.869446894380726,nan,0.8086523826735077,0.8309996368733703,0.013028003664010832,2.083908701290325,4.5920072177042955e-05,0.01175854586231504,0.006121251418116686,-3.5769758867051427,3.638188407026642,0.1527542924037461,0.09228668054110302,-0.45193608866521895,-4.080175655069262,4.034982042679801,0.04061524453694069,0.0869049167533819,1.4821854563086885,0.9261023673257024,3.5811822146456396,3.6398921585976147,4.080805968047429,4.037967320411436,0.7897267052273844,0.14851879552549427,0.09228668054110302,0.04063963319458897,0.08318158168574402,0.8234017299687825
6,244,True,4.713630372354069,nan,0.7758036636661169,0.7961981877079863,0.011880152783202516,2.0791690813515116,4.013970871741857e-05,0.0115026693159286,0.006285948107071399,-3.57532112605862,3.638180604214227,0.15488423517169614,0.09228668054110302,-0.4603453406930342,-4.079376106579768,4.033341576976161,0.04107049947970864,0.08864464099895941,1.4105039775433574,0.9220132023933403,3.580355563099253,3.639849046514632,4.080328335995232,4.036709640822475,0.8348739216962788,0.15006341050988553,0.09228668054110302,0.04067215140478668,0.08497821279916754,0.807557232049948
6,245,True,4.63937324787898,4.513698872572147,0.7568259873077599,0.7764523744459083,0.011577202812511702,2.076285799633824,3.640521030657007e-05,0.011514343552942641,0.006209971288240415,-3.576056718826294,3.638156430406203,0.15364854318418314,0.09230293964620187,-0.46099724109661566,-4.080029370757469,4.033929645456955,0.04092416753381894,0.08763657648283038,1.3800932335183722,0.9227611212278877,3.5801644129261887,3.639640068040306,4.080750717456829,4.036895961344676,0.8669602569506643,0.14994146722164411,0.09230293964620187,0.04050956035379813,0.08471806711758585,0.7965498178980229
6,246,True,4.627025461097662,nan,0.7705261046754954,0.7910543128801558,0.011928245237215376,2.0773764921896913,3.8475569959401744e-05,0.011432518865661183,0.0061780182677674865,-3.5763816709448966,3.638161854738996,0.15327458376690947,0.09228668054110302,-0.4834135930818524,-4.0803519724310995,4.032010606374751,0.04053394901144641,0.08970148283038501,1.360116356245313,0.9152900624349636,3.5800447530974706,3.6395994101056943,4.080877283237231,4.035795358415697,0.8386319460779521,0.14979513527575442,0.09228668054110302,0.04039574661810614,0.08605944328824142,0.8049964229968782
6,247,True,4.59128889977994,nan,0.7491989765901595,0.7692611714307525,0.011435479167015384,2.0765808799636476,3.797548510964694e-05,0.011309001280787583,0.006237132833353811,-3.5757692046269667,3.6381405320301514,0.1539899843912591,0.09230293964620187,-0.5014329765391276,-4.079729800417818,4.029586499240967,0.040664021852237255,0.09230293964620187,1.388837553956134,0.9207856399583767,3.579607910469841,3.6395845698516402,4.08061490098594,4.033568077603438,0.7873819562200453,0.15020974245577523,0.09230293964620187,0.04036322840790843,0.08774226066597295,0.8226212929240374
6,248,True,4.745652922234352,nan,0.7703810034631815,0.7886032279770778,0.011966542523009285,2.074318529043684,3.4978017705892074e-05,0.011399650431173185,0.006242971762658158,-3.5756864967008783,3.6381162168084025,0.15441272112382934,0.09231919875130074,-0.49976577520618576,-4.079721335441835,4.02974476079911,0.04056646722164412,0.09188020291363164,1.4987196009315387,0.9302159209157128,3.5790645116077626,3.639450454811152,4.080430561496366,4.033168492530561,0.7627348336047114,0.1501121878251821,0.09231919875130074,0.04029006243496358,0.08854708636836628,0.83110854578564
6,249,True,4.6112685610426825,nan,0.7722550234859121,0.7898411162189837,0.012021000874999225,2.069567459058811,3.084759668539568e-05,0.011596354086079967,0.006212274533280721,-3.5760141299740953,3.6381368741284548,0.15400624349635797,0.09228668054110302,-0.5601273218129106,-4.080044784357347,4.024032048206547,0.04090790842872008,0.09797736732570239,1.4250034542907413,0.9127942898022893,3.5791605871004073,3.6393657700700395,4.080762253095407,4.028604043013844,0.8430853671511552,0.15020974245577523,0.09228668054110302,0.040664021852237255,0.09332726326742977,0.8027038891779397
6,250,True,4.5492098902068205,4.470764504209562,0.7465522798489581,0.7639250069949679,0.01179830898684871,2.068546231157698,2.97400505706822e-05,0.011287163412944645,0.00631803503641849,-3.574934117875908,3.6381144719615066,0.1553394901144641,0.09230293964620187,-0.5565817055915571,-4.079815452478431,4.024157277503197,0.04058272632674298,0.09750585327783559,1.4154730618434195,0.9185500130072841,3.579453433341464,3.6392202826369937,4.080648747244685,4.028242450598996,0.8033983528179879,0.15019348335067637,0.09230293964620187,0.040298191987513006,0.09381503642039542,0.8156217481789803
6,251,True,4.592553223333051,nan,0.7393927229926937,0.7554071396744338,0.012001619521144712,2.065962057828159,2.6832477460469e-05,0.011234970335944573,0.0062153714628547085,-3.575970009139872,3.6381237206672408,0.1538761706555671,0.09228668054110302,-0.5616870526840734,-4.0799151603190635,4.023746454256754,0.04077783558792924,0.09820499479708637,1.4817618291658368,0.9241187565036421,3.5804423196754893,3.639250417901872,4.0806994899626705,4.02809009765363,0.7637443578454136,0.14882771852237253,0.09228668054110302,0.04050956035379813,0.09387194328824142,0.8283119797086368
6,252,True,4.679238184433698,nan,0.7850405948467235,0.8004371228004717,0.012648408219768714,2.0629345028507102,2.519156201273173e-05,0.011378665133907569,0.0062790927666159,-3.5753111700361653,3.6381020950353107,0.15441272112382934,0.09230293964620187,-0.5873728423659437,-4.08033541883812,4.021598125719751,0.0406477627471384,0.10020486472424557,1.5002362233170858,0.9245089750260146,3.578933255357375,3.639178483468809,4.080829463813854,4.025523122465946,0.7779414797052508,0.15060809053069718,0.09230293964620187,0.04050956035379813,0.0965384365244537,0.8248487903225806
6,253,True,4.6148937795462395,nan,0.7852094485409922,0.8012941760029431,0.01253112781653326,2.062683596695375,2.4613703844447243e-05,0.011713955061012079,0.006333979775084417,-3.574753227640761,3.6380930294231373,0.1550468262226847,0.09230293964620187,-0.5798277204912485,-4.080080628271033,4.02209786867624,0.040664021852237255,0.09973335067637877,1.4272364746395432,0.9136316337148803,3.5784704313069797,3.6393367661149645,4.080983615442568,4.026943518641588,0.8334873040496497,0.1513153616024974,0.09230293964620187,0.04052581945889698,0.09512389438085328,0.8082726326742976
6,254,True,4.525974259292174,nan,0.7581528425836911,0.7733970523872932,0.012034155441008113,2.06120552480779,2.3013517996036443e-05,0.011324406204150135,0.006302448762939326,-3.5750621226029886,3.6380866040300255,0.154786680541103,0.09230293964620187,-0.582575703758851,-4.08009280002328,4.021835228655018,0.040680280957336105,0.09984716441207075,1.401159090380515,0.9169728798126952,3.5782599486371853,3.639164174632649,4.080808730576959,4.025555907129373,0.8273489953451921,0.1517218392299688,0.09230293964620187,0.04045265348595213,0.09560353798126951,0.8095814906347555
6,255,True,4.588822473224319,4.406154115254341,0.7556589449233493,0.7701411986574298,0.01233194596894884,2.0596349819889923,2.177563342688411e-05,0.011504586598991914,0.006396356749112847,-3.574112530181361,3.638076095005476,0.1555183402705515,0.09230293964620187,-0.588013723415093,-4.080251822734598,4.021450454561073,0.0406477627471384,0.10010731009365245,1.4754093935040604,0.9209157127991675,3.5779371839656293,3.6391241034409507,4.0807762257638505,4.025628539947764,0.7708408305969993,0.1521364464099896,0.09230293964620187,0.04037948751300728,0.09566044484911551,0.8292875260145681
6,256,True,4.603970528393209,nan,0.7623519289630013,0.7758046717971222,0.012369858927668132,2.0551537708238805,1.91159749327929e-05,0.011720101348086648,0.006457700658663254,-3.573478559797686,3.638055566446342,0.15634755463059313,0.09231919875130074,-0.5851960594026405,-4.080352489459527,4.021832880442894,0.04061524453694069,0.09992845993756504,1.4775494787372982,0.9207937695109261,3.577797741349108,3.6392383897961986,4.080829770458353,4.025878975716392,0.8156647527131032,0.15186004162330904,0.09231919875130074,0.04027380332986472,0.0952458376690947,0.8136056191467221
6,257,True,4.601067559404006,nan,0.7824610177113536,0.7955368223845276,0.012745518889568909,2.0546250343322754,1.8903472233919146e-05,0.011525336252748345,0.00654569655873897,-3.572604860897243,3.638061831818659,0.1573393600416233,0.09230293964620187,-0.5875857707489045,-4.079979093960495,4.021220526015473,0.04092416753381894,0.10038371488033299,1.4354963148793867,0.9152331555671176,3.5769960413862343,3.639075042802015,4.080430856728529,4.0251422930706555,0.8264587473174659,0.15242911030176898,0.09230293964620187,0.04025754422476587,0.09682297086368366,0.8088498309053069
6,258,True,4.519544549092542,nan,0.7693311358713831,0.7820317721019551,0.012338527712804285,2.0529487621771807,1.7143718116195267e-05,0.011613870407847162,0.00662771934153014,-3.571794300496144,3.6380714940975163,0.15784339229968783,0.09228668054110302,-0.5934892072886011,-4.079541150042467,4.020192236607579,0.041119276795005204,0.1016519250780437,1.3892402450450376,0.9039412070759626,3.576387081632505,3.6390780921285035,4.080468677953428,4.0241549650166455,0.8673483818056184,0.15361602497398544,0.09228668054110302,0.04046891259105099,0.09689613683662851,0.7961758584807492
6,259,True,4.53927595310231,nan,0.7732616788266725,0.7860386916799674,0.012373662042033226,2.0525757537051863,1.6472315733830344e-05,0.011482849093997206,0.006650312727125329,-3.5715617709303746,3.6380648952865204,0.15820109261186263,0.09228668054110302,-0.6053419678814081,-4.080438908379482,4.0199047132287635,0.04056646722164412,0.10192832986472425,1.4132776973646959,0.9174443938605619,3.5759706603872914,3.639004165746667,4.081061903817597,4.024590451064888,0.8055047042722137,0.15355911810613943,0.09228668054110302,0.04029006243496358,0.09758714880332986,0.8160851326742976
6,260,True,4.69957310327258,4.3275719651524325,0.8206135909093406,0.8319687360159193,0.012698810235534201,2.049136488296239,1.446359671531359e-05,0.011641634682447307,0.006698293659863189,-3.5710617525892623,3.6380446954522743,0.15906282518210196,0.09230293964620187,-0.6007187334233343,-4.080148558710914,4.020076695143494,0.04069654006243496,0.1017982570239334,1.4722646349550659,0.9215254292403746,3.5759206445854734,3.638986601417692,4.080862496323442,4.02502320361063,0.7758075299669875,0.15405502081165454,0.09230293964620187,0.04046891259105099,0.09626203173777315,0.8259137617065556
6,261,True,4.538938782837835,nan,0.7687755951524153,0.779828338791751,0.012312156081385717,2.0487045690991006,1.3190930534294275e-05,0.011390165851279922,0.006760312509834456,-3.5704396624470847,3.6380427881036415,0.1596806711758585,0.09230293964620187,-0.6057154350796797,-4.079947704827252,4.019376164296415,0.04069654006243496,0.10239984391259105,1.4270407473755677,0.9198913891779397,3.5751527109949945,3.6390726613452604,4.08069697230217,4.023844185530457,0.8092583253530012,0.1544533688865765,0.09230293964620187,0.04037948751300728,0.09721318938605619,0.8156786550468262
6,262,True,4.611154437437266,nan,0.7802407611917382,0.79155720291227,0.01203383967419941,2.0479253643385205,1.3082686031477284e-05,0.01162997931028783,0.006699401772853363,-3.571040676238013,3.6380346967576074,0.1591603798126951,0.09230293964620187,-0.6213391568980777,-4.08015606653926,4.018022153925822,0.04059898543184183,0.10370057232049948,1.4911769750090966,0.9239968132154006,3.5752516013650566,3.6388913634912528,4.080926623230298,4.0227003241428845,0.7923106345562235,0.15374609781477627,0.09230293964620187,0.04046891259105099,0.09904233870967742,0.8213937304890739
6,263,True,4.454296341051545,nan,0.7370704507976615,0.7483179202685123,0.011793114796366144,2.0458012999158495,1.1916835139608595e-05,0.011117023495331205,0.006930959305331561,-3.568708206438745,3.638017793351728,0.16137161810613943,0.09231919875130074,-0.6290647008540603,-4.080350442433828,4.017443970016337,0.040664021852237255,0.10413956815816858,1.4363927354921784,0.9218343522372529,3.5732540201074,3.6386356964071633,4.081038954602816,4.021908106342439,0.796616920633445,0.15646136836628513,0.09231919875130074,0.04036322840790843,0.10062760145681582,0.8182963709677419
6,264,True,4.656039273949741,nan,0.8123497490332104,0.8234881982594946,0.01260851558325008,2.044808217811783,1.1449209184749073e-05,0.011862240546614583,0.006865367991122941,-3.569362465226315,3.6380161398035185,0.16042859001040582,0.09231919875130074,-0.627020547094752,-4.080393361747575,4.017691309320567,0.04058272632674298,0.10428590010405828,1.4760281787826666,0.9085262747138397,3.5741227146986247,3.6388150911301405,4.080988088581987,4.022375924530188,0.8613098691082894,0.15600611342351717,0.09231919875130074,0.040444523933402705,0.09960327783558794,0.7990618496357961
6,265,True,4.483989066809695,4.512131231418555,0.7584162081565619,0.7693203456319954,0.01216016151107902,2.044353910340975,1.0954082730701935e-05,0.011277744412794322,0.006924216165502908,-3.568785155104797,3.638027322155876,0.16122528616024975,0.09230293964620187,-0.6120917352999906,-4.080144873270755,4.018935701477416,0.04074531737773153,0.10298517169614985,1.4049352944579507,0.9172411550468262,3.573521557509217,3.6387103653351054,4.080817932889067,4.023212330150306,0.8080779765572682,0.15615244536940687,0.09230293964620187,0.04063150364203954,0.09814808792924037,0.8161420395421436
6,266,True,4.669565632985856,nan,0.8186311585349918,0.8291146962997444,0.012494560271989977,2.043917250062623,1.120164100093206e-05,0.011550367751685005,0.006846309452473683,-3.569560379193055,3.6380234784315824,0.15998959417273673,0.09230293964620187,-0.6172635081407307,-4.080123748541126,4.018397401696562,0.04063150364203954,0.1034404266389178,1.4686341090951576,0.9159404266389178,3.5740222320596335,3.638616567347722,4.080740377136373,4.022853210738993,0.8000894881063892,0.15546956295525494,0.09230293964620187,0.04076157648283039,0.09945694588969824,0.8171419745057232
6,267,True,4.5826318623744235,nan,0.7847868059601918,0.7947999119262418,0.012107484872209666,2.043424659663507,1.0382275915227438e-05,0.011436268526374612,0.0070231294532720305,-3.5678054755485764,3.6380367718179567,0.16221709157127992,0.09228668054110302,-0.6171313910032783,-4.080121315728861,4.0184081796552835,0.0406477627471384,0.10335913111342351,1.453741744331217,0.9207449921956296,3.572141998392238,3.638541645115546,4.080787102712181,4.0225182822542065,0.85050234490081,0.1576889308012487,0.09228668054110302,0.04032258064516129,0.0990992455775234,0.8058418964620188
6,268,True,4.5278949189260524,nan,0.7502361555253306,0.7602262462215047,0.011800751761648645,2.0429238392336684,1.0089118743060977e-05,0.011286547472438815,0.007085582530213196,-3.5671648810482917,3.6380207129249214,0.16267234651404786,0.09230293964620187,-0.6197239323039456,-4.080377354954334,4.018404968819435,0.040550208116545264,0.10381438605619146,1.4753531969300666,0.9215010405827263,3.571318869784273,3.638635934329554,4.080989375198793,4.022645940889801,0.7842235689542792,0.15824174037460978,0.09230293964620187,0.04042013527575442,0.0985383064516129,0.8229789932362123
6,269,True,4.478742681606503,nan,0.7629012376783294,0.7728780444157111,0.011991148091596817,2.041777412799593,9.801706479354665e-06,0.01134445217731685,0.007040082415978693,-3.5676030261707603,3.6380038504545946,0.16224960978147762,0.09231919875130074,-0.6326996310072313,-4.080588701736419,4.017318739479216,0.04061524453694069,0.1044972684703434,1.4134120147260494,0.9084368496357961,3.5720432209050617,3.6387593778437557,4.081093455204482,4.021776576940277,0.8318060585661063,0.1571279916753382,0.09231919875130074,0.040517689906347555,0.09963579604578564,0.8063459287200833
6,270,True,4.456212623062292,4.287651711615963,0.7333925238943249,0.7430359128858743,0.011774345001634151,2.040812503534847,9.315086873271236e-06,0.011276067546631803,0.007079912211966936,-3.567217809972852,3.638016927502778,0.16239594172736732,0.09230293964620187,-0.6444787611946479,-4.080704676124977,4.016256797078,0.04058272632674298,0.10542403746097814,1.4660146326974082,0.9180866285119667,3.5708332662155677,3.638333840871329,4.081218614538552,4.0208491363584935,0.7903525486945113,0.15855066337148804,0.09230293964620187,0.04049330124869927,0.10049752861602497,0.8206132934443289
6,271,True,4.4644495056521505,nan,0.7495024032448879,0.7591684289454917,0.012083279751977738,2.03931358949699,8.804485107085403e-06,0.011379199821606635,0.007117844179939405,-3.5668831449641645,3.6380615904229487,0.16272112382934442,0.0922541623309053,-0.6501535977334808,-4.080812562640823,4.015797203710995,0.04046891259105099,0.10594432882414152,1.4469411043173068,0.914119406867846,3.5719208766965043,3.638517719153683,4.081260410729605,4.020456964838145,0.8136322908607407,0.157485691987513,0.0922541623309053,0.040444523933402705,0.10187955254942768,0.8124593522372529
6,272,True,4.438209874572912,nan,0.7394796877200099,0.7493679683488812,0.011937467192380102,2.0390704000653637,8.593634231353324e-06,0.01118907604645647,0.007017269932144514,-3.567831245843131,3.6380039412570917,0.16164802289282,0.09231919875130074,-0.6573543925687252,-4.080714340884778,4.014978891356803,0.040550208116545264,0.10700117065556712,1.4499897985378984,0.9166395681581686,3.571654421233734,3.6383485734524763,4.080955879001042,4.019891012967811,0.8054093610607747,0.1575669875130073,0.09231919875130074,0.04056646722164412,0.1024730098855359,0.816036355359001
6,273,True,4.679335248333855,nan,0.8235221902736144,0.8333836143272352,0.01290977260816947,2.0389185455413563,8.722301265926213e-06,0.012138850326988066,0.007106756444528125,-3.5669336405802716,3.638001201304139,0.16281867845993755,0.09231919875130074,-0.6480683317789798,-4.0807681850290445,4.015961357507695,0.04046891259105099,0.10633454734651404,1.5015820127123973,0.9133958766909469,3.570991992702345,3.638604641456882,4.081171212161617,4.021114644845492,0.8587317338036945,0.15894901144641,0.09231919875130074,0.040371357960457856,0.10077393340270552,0.8022648933402705
6,274,True,4.440152895438187,nan,0.7510909167710502,0.7601665418428387,0.012078407666336796,2.0369562656152507,7.600442817804357e-06,0.01130586622416601,0.007035730315544851,-3.567641847463602,3.6379991552708177,0.1624772372528616,0.09231919875130074,-0.6543757372170408,-4.080917666779596,4.015480093355605,0.04059898543184183,0.10630202913631634,1.4262661395534393,0.9146396982310093,3.5725083614115163,3.6384077082067323,4.0813401943687095,4.020205078958597,0.8158786796754406,0.15718489854318418,0.09231919875130074,0.04050956035379813,0.10152185223725287,0.8127845343392299
6,275,True,4.476500908864525,4.2513240622684325,0.7570419509998841,0.7663216925808592,0.01187059685440577,2.0372120622045418,7.262595303828911e-06,0.011733928875577065,0.0073373936093436565,-3.5646393068375124,3.638013243551185,0.16533883975026015,0.09230293964620187,-0.6539890833129248,-4.080941647322195,4.015542746582587,0.04059898543184183,0.1063508064516129,1.4480794695488,0.9175663371488033,3.569135940533895,3.6384620559823375,4.081285935162754,4.02058290517293,0.8194149477672875,0.15993268730489074,0.09230293964620187,0.04059898543184183,0.10113163371488033,0.812061004162331
6,276,True,4.3959489858609455,nan,0.7402236619799492,0.7491423137850369,0.011483854201353862,2.0357738471552187,6.890365617459769e-06,0.011275606443107314,0.007124563130578191,-3.5667537211379448,3.637999347295771,0.16340400624349635,0.09231919875130074,-0.6555872787173903,-4.080958685939444,4.015399963128827,0.04053394901144641,0.10661095213319459,1.4078967288431095,0.9147453824141519,3.5714366217681692,3.6382402956919915,4.081253574244314,4.020356735255294,0.8176257512323815,0.1583392950052029,0.09231919875130074,0.04053394901144641,0.10174135015608742,0.8090368106139438
6,277,True,4.495419301301954,nan,0.7507161785238864,0.7591424020594538,0.011981667362494659,2.034443048235033,6.385889834701714e-06,0.011211734013602866,0.007347117818729191,-3.564554078273793,3.6380252532978834,0.1655014308012487,0.09228668054110302,-0.6576411855580532,-4.080992992164937,4.015228874601509,0.04061524453694069,0.10657843392299687,1.4882429928734946,0.9251755983350677,3.5691345323509034,3.638329400728446,4.081373299569915,4.019986787522124,0.7704511821021894,0.16005463059313216,0.09228668054110302,0.040485171696149846,0.10117228147762747,0.826490959937565
6,278,True,4.592848992124432,nan,0.7863847720635421,0.7942932922931913,0.0124908912079903,2.0329355841248637,5.873125319926805e-06,0.011483640449739891,0.007099221356825575,-3.5670328088158993,3.6380250208335663,0.16280241935483872,0.09228668054110302,-0.6639961179163651,-4.080948401440195,4.014548780766784,0.04058272632674298,0.10685483870967742,1.5176108802642585,0.9249804890738814,3.5714369710848803,3.638415943695529,4.0812543721154375,4.019442656781994,0.7723084754861976,0.15781900364203955,0.09228668054110302,0.040550208116545264,0.10273315556711758,0.8272388787721123
6,279,True,4.455013248352305,nan,0.7464617518679036,0.7547175899752717,0.012160819144987354,2.0338988882197797,6.013427873701548e-06,0.011868672470613524,0.007421267268312833,-3.5637831159486484,3.6379957863989283,0.16631438605619148,0.09231919875130074,-0.660775544864206,-4.080994476512865,4.014916926839473,0.04061524453694069,0.10704994797086369,1.4582464057374571,0.9147697710718002,3.5684266566734038,3.638423552498237,4.081455159261745,4.019464701941309,0.837762183689054,0.1613960067637877,0.09231919875130074,0.04063150364203954,0.1020909209157128,0.806662981269511
6,280,True,4.494943346863111,4.268677884253902,0.7565237611191081,0.7642422474137702,0.012021849385455918,2.032165465816375,5.364571021747185e-06,0.011496904119073911,0.007303597930814919,-3.564958279140286,3.6379942611154483,0.1652087669094693,0.09231919875130074,-0.659841051210846,-4.080779069172108,4.014794957749429,0.04059898543184183,0.10669224765868887,1.4792773763297375,0.9173630983350677,3.5704066835258557,3.6383439551779184,4.081166908718669,4.01949345383262,0.8066411750249635,0.15887584547346514,0.09231919875130074,0.040517689906347555,0.1023266779396462,0.8164021852237253
6,281,True,4.443939961454251,nan,0.7459188186167182,0.7542260121108342,0.012001152322835964,2.0325742179719763,5.4683606212431554e-06,0.01130448054991329,0.007409704184308881,-3.5638974231438136,3.637994461327512,0.16558272632674298,0.09231919875130074,-0.6595229268942365,-4.080852488201193,4.014900188664368,0.04063150364203954,0.10662721123829344,1.4502494551016563,0.9109651404786681,3.5685855086958744,3.6383009847567553,4.081177066937942,4.019365035780511,0.8111521890706748,0.1617699661810614,0.09231919875130074,0.04059898543184183,0.10243236212278876,0.8132397892819979
6,282,True,4.591758405752906,nan,0.8046419694942193,0.8129184074257961,0.01295779323017343,2.032534772225895,5.279906551297394e-06,0.011975592214509488,0.007369377672610248,-3.5643170321521103,3.638010805777035,0.16533883975026015,0.09230293964620187,-0.6668461175416436,-4.081018989217641,4.014334373493969,0.04058272632674298,0.10748894380853277,1.47918723066193,0.9165582726326743,3.56883280458361,3.6383142654903224,4.081370977159594,4.019007137737215,0.848707438197518,0.1609488813735692,0.09230293964620187,0.040477042143600414,0.10258682362122788,0.8043135405827263
6,283,True,4.366813164968024,nan,0.7327898264427463,0.7406658074362097,0.011697982294479159,2.0318273006939367,4.974056132023586e-06,0.01127495075131182,0.007327549725491845,-3.564719339563249,3.6379948334688947,0.16509495317377731,0.09231919875130074,-0.6698041036647515,-4.080995939028499,4.014015531192585,0.040664021852237255,0.10791168054110302,1.4122436179330768,0.9112090270551508,3.5684366506542795,3.63838431341467,4.08132131141877,4.018858861972837,0.8111640962614105,0.16046923777315297,0.09231919875130074,0.040477042143600414,0.1032371878251821,0.8147437565036421
6,284,True,4.460782719700443,nan,0.7660764527742622,0.7741809061240952,0.012001887115026736,2.0308278902016124,4.792067615195117e-06,0.011208094936542594,0.007399643497089938,-3.5639969863454954,3.6379934307439767,0.16631438605619148,0.09231919875130074,-0.6653489461178338,-4.080957838449468,4.01442295008966,0.04056646722164412,0.10721253902185224,1.4326590419932037,0.9204604578563996,3.568806122542668,3.6382722291440297,4.081236362209181,4.01878672906437,0.8408707958354414,0.16068060613943808,0.09231919875130074,0.04056646722164412,0.10346481529656608,0.8064190946930281
6,285,True,4.507820303556699,4.256465856086146,0.7964578330454791,0.80437912293453,0.012267069364863988,2.0303233935111025,4.909012344802471e-06,0.011518471388768456,0.00733114944908547,-3.5646955696526725,3.638007060298066,0.16498113943808532,0.09230293964620187,-0.689460988595508,-4.081140703266791,4.012194599494974,0.04063150364203954,0.10944003642039542,1.4394015988003575,0.9200377211238293,3.569720853007671,3.638255850209406,4.081378747719755,4.0168489896295965,0.8441571318520219,0.1601603147762747,0.09230293964620187,0.040607114984391256,0.10507446670135276,0.807614138917794
6,286,True,4.455167780805701,nan,0.7496949008798748,0.7569217617380259,0.012297998317182994,2.029068806913219,4.380544337403607e-06,0.0113826547613664,0.0074829668830014165,-3.5631910667955315,3.6380207352534044,0.16693223204994798,0.09228668054110302,-0.676944407166353,-4.081223009280186,4.013528568811645,0.0406477627471384,0.10828563995837669,1.4739886658744932,0.9214685223725286,3.5681867383645303,3.6383513563257353,4.081494501800616,4.017632524131116,0.8146790582357163,0.16160737513007284,0.09228668054110302,0.04063963319458897,0.10474928459937564,0.8142559833506764
6,287,True,4.4427597505369,nan,0.7658541831464103,0.772725816819968,0.011988616272279921,2.028173819540939,3.909888536517571e-06,0.011646372292279949,0.00760140019574597,-3.5620077574290296,3.6380217603788663,0.1679728147762747,0.09228668054110302,-0.6880570370994671,-4.081185286300611,4.012379574353935,0.04061524453694069,0.10940751821019772,1.4390937934680983,0.9069491415192508,3.566680434839286,3.6382840304915542,4.081437288288272,4.0168499681133385,0.8566986609261936,0.16398933402705515,0.09228668054110302,0.04067215140478668,0.10468424817898023,0.8009966831425598
6,288,True,4.3552155132472326,nan,0.7247826717522589,0.7317323865180954,0.011597377303348123,2.0276790637751647,3.5786056464630076e-06,0.01126450649099221,0.00742038222306973,-3.56381710312493,3.6380209270302637,0.1661192767950052,0.09228668054110302,-0.687907541455637,-4.081257085522306,4.012466325224004,0.04061524453694069,0.1095213319458897,1.4398583332532153,0.9168509365244537,3.568175500190965,3.6382487566984656,4.08152314825187,4.0167697850424835,0.8195716194754212,0.16185126170655567,0.09228668054110302,0.04063963319458897,0.10485496878251821,0.8109066077003122
6,289,True,4.424799232899709,nan,0.7587160171008631,0.7661274407334184,0.011691298847485035,2.027279780136807,3.6759010139468384e-06,0.011357158912843893,0.007601546199215066,-3.561976427838408,3.6379918841243906,0.16763137356919874,0.09231919875130074,-0.6932439258269787,-4.081259301252097,4.011934902119711,0.04061524453694069,0.10955385015608742,1.4433175188941836,0.9157371878251821,3.566766966890222,3.6382296112648036,4.081561986415121,4.016816756479698,0.8349255041202819,0.16314386056191468,0.09231919875130074,0.040590855879292405,0.10532648283038501,0.8080775234131113
6,290,True,4.355746365734739,4.211571124276266,0.7338918091479251,0.7413598846074322,0.011721793712387163,2.0279761129809963,3.836953300606893e-06,0.011247191586871859,0.007521042807665378,-3.5627943271156655,3.638004751532929,0.1671761186264308,0.09230293964620187,-0.6909005029144446,-4.081309191270128,4.012219141474872,0.04059898543184183,0.10955385015608742,1.4237283649355266,0.9182898673257024,3.5675716057776414,3.638177729049905,4.081559283180118,4.017100004946404,0.8347932139991101,0.16246910770031217,0.09230293964620187,0.040590855879292405,0.10488748699271593,0.8059719693028096
6,291,True,4.383243831958036,nan,0.7373036206947033,0.7447476418035708,0.011784160504859953,2.0267911021840934,3.3991613085661215e-06,0.01131548237784317,0.007564172133198638,-3.5623640669248107,3.638005786582161,0.1673549687825182,0.09230293964620187,-0.6978759011418465,-4.081286714426809,4.011499121335493,0.04058272632674298,0.1104318418314256,1.4519178589474522,0.9235984651404787,3.5667946135216275,3.638255063254429,4.081425690626131,4.015954531442362,0.7934031150963751,0.16250975546305932,0.09230293964620187,0.04057459677419355,0.10577360822060354,0.8213286940686785
6,292,True,4.442025932139338,nan,0.7679098467424931,0.7751225102208283,0.011551848724174326,2.0257387719466955,3.1358613571084162e-06,0.011252066418509175,0.007688847218294173,-3.5611175716729617,3.6380060441039976,0.16938735691987514,0.09230293964620187,-0.7004403224472697,-4.0810985748775295,4.0110545384152,0.04063150364203954,0.110724505723205,1.4503672815138293,0.9149323621227887,3.5660791369804357,3.6381236837011968,4.081420306236513,4.0166032038915915,0.818538593017844,0.1638023543184183,0.09230293964620187,0.04063150364203954,0.10530209417273673,0.8113130853277836
6,293,True,4.421390071991952,nan,0.749709618575367,0.7568055911689345,0.011410030045010669,2.0248307623550623,2.82937984622784e-06,0.0113736404344424,0.007621662828850325,-3.5617739089942004,3.63799053722068,0.16833051508844954,0.09231919875130074,-0.7017185953479652,-4.081159156765575,4.010987296436878,0.04059898543184183,0.1109033558792924,1.4699971881791034,0.9256227237252862,3.5659753040766247,3.6380753894254148,4.081439390638988,4.015148703191084,0.7692587426500191,0.16367228147762747,0.09231919875130074,0.04056646722164412,0.10626951092611862,0.8304419224765869
6,294,True,4.333516080471281,nan,0.7163557604994164,0.7229030351857116,0.011516214354190507,2.0247796112739334,2.6958847427051107e-06,0.011233253294987746,0.007457785378137563,-3.563426667023896,3.6380045205571774,0.16636316337148804,0.09230293964620187,-0.7005904770294412,-4.081186629979097,4.011127580837206,0.0406477627471384,0.11098465140478668,1.45162440921712,0.9166720863683663,3.567797405538648,3.6382446130282178,4.081461940918207,4.01639664483244,0.8124302902901458,0.16193255723204994,0.09230293964620187,0.04063150364203954,0.10624512226847034,0.8139389308012487
6,295,True,4.36566789539746,4.362398371192979,0.7404982597721231,0.7471294478124684,0.011888652153189112,2.023820984748102,2.646357370678902e-06,0.011210884958017194,0.007600626451788038,-3.561999134417007,3.6380053940970494,0.16818418314255984,0.09230293964620187,-0.7182663551354384,-4.081091328540528,4.009264696152972,0.04061524453694069,0.11274063475546306,1.4512554097001933,0.9195499479708636,3.5678799040731852,3.6381701137967464,4.0812378190186465,4.014097606478323,0.7999330465677005,0.16265608740894902,0.09230293964620187,0.04063150364203954,0.10772470083246619,0.8187191077003122
