idx,batch_idx,pair_idx,true_action,pred_action,dummy_action,orig_actor,ret_actor,pred_actor,is_correct_action,is_dummy_action,is_off_by_one,mse,prediction_category,abs_error
0,0,0,45,15,45,7,13,22,False,False,False,0.023217953741550446,other,30
1,0,0,31,13,31,13,7,6,False,False,False,0.041425757110118866,other,18
2,0,1,31,31,31,7,13,34,True,True,False,0.04302762821316719,correct,0
3,0,1,45,13,45,13,7,6,False,False,False,0.014250485226511955,other,32
4,1,0,4,13,4,0,6,17,False,False,False,0.027200384065508842,other,9
5,1,0,8,8,8,6,0,6,True,True,False,0.05124968662858009,correct,0
6,1,1,8,8,8,0,6,6,True,True,False,0.04053102806210518,correct,0
7,1,1,4,13,4,6,0,6,False,False,False,0.0209954846650362,other,9
8,2,0,2,13,2,30,6,6,False,False,False,0.0834316611289978,other,11
9,2,0,47,15,47,6,30,6,False,False,False,0.02552417665719986,other,32
10,2,1,47,15,47,30,6,7,False,False,False,0.025005703791975975,other,32
11,2,1,2,45,2,6,30,6,False,False,False,0.09184765815734863,other,43
12,3,0,19,13,19,6,38,7,False,False,False,0.06644103676080704,other,6
13,3,0,29,8,29,38,6,18,False,False,False,0.07476504892110825,other,21
14,3,1,29,13,29,6,38,6,False,False,False,0.0649460032582283,other,16
15,3,1,19,8,19,38,6,7,False,False,False,0.10890008509159088,other,11
16,4,0,48,10,48,7,20,32,False,False,False,0.017291145399212837,other,38
17,4,0,23,35,23,20,7,6,False,False,False,0.018222106620669365,other,12
18,4,1,23,15,23,7,20,34,False,False,False,0.030120760202407837,other,8
19,4,1,48,6,48,20,7,17,False,False,False,0.018658287823200226,other,42
20,5,0,24,35,24,15,17,15,False,False,False,0.015246699564158916,other,11
21,5,0,2,0,2,17,15,17,False,False,False,0.029462076723575592,other,2
22,5,1,2,3,2,15,17,6,False,False,True,0.03770454227924347,off_by_one,1
23,5,1,24,13,24,17,15,17,False,False,False,0.013615460135042667,other,11
24,6,0,1,0,1,24,7,6,False,False,True,0.016403507441282272,off_by_one,1
25,6,0,21,13,21,7,24,6,False,False,False,0.05489981919527054,other,8
26,6,1,21,12,21,24,7,7,False,False,False,0.04968230426311493,other,9
27,6,1,1,35,1,7,24,6,False,False,False,0.015073144808411598,other,34
28,7,0,45,45,45,6,2,6,True,True,False,0.014757498167455196,correct,0
29,7,0,26,45,26,2,6,6,False,False,False,0.026022350415587425,other,19
30,7,1,26,35,26,6,2,6,False,False,False,0.031131846830248833,other,9
31,7,1,45,15,45,2,6,18,False,False,False,0.014555403031408787,other,30
32,8,0,27,36,27,16,18,7,False,False,False,0.021687045693397522,other,9
33,8,0,30,6,30,18,16,6,False,False,False,0.07395117729902267,other,24
34,8,1,30,10,30,16,18,18,False,False,False,0.06984582543373108,other,20
35,8,1,27,13,27,18,16,17,False,False,False,0.029714005067944527,other,14
36,9,0,5,7,5,26,38,6,False,False,False,0.030310548841953278,other,2
37,9,0,7,7,7,38,26,27,True,True,False,0.02802901528775692,correct,0
38,9,1,7,7,7,26,38,6,True,True,False,0.034851234406232834,correct,0
39,9,1,5,7,5,38,26,27,False,False,False,0.025857171043753624,other,2
40,10,0,19,12,19,7,16,6,False,False,False,0.06451999396085739,other,7
41,10,0,35,35,35,16,7,6,True,True,False,0.012433300726115704,correct,0
42,10,1,35,35,35,7,16,17,True,True,False,0.006713135167956352,correct,0
43,10,1,19,3,19,16,7,0,False,False,False,0.04586532711982727,other,16
44,11,0,30,32,30,24,15,18,False,False,False,0.06424950063228607,other,2
45,11,0,13,40,13,15,24,17,False,False,False,0.0315806120634079,other,27
46,11,1,13,13,13,24,15,6,True,True,False,0.03842168301343918,correct,0
47,11,1,30,13,30,15,24,15,False,False,False,0.06060776486992836,other,17
48,12,0,6,35,6,14,17,27,False,False,False,0.031446367502212524,other,29
49,12,0,18,3,18,17,14,17,False,False,False,0.016083700582385063,other,15
50,12,1,18,28,18,14,17,27,False,False,False,0.004939989652484655,other,10
51,12,1,6,27,6,17,14,6,False,False,False,0.031123993918299675,other,21
52,13,0,15,45,15,6,4,22,False,False,False,0.08600252121686935,other,30
53,13,0,37,13,37,4,6,6,False,False,False,0.027240104973316193,other,24
54,13,1,37,3,37,6,4,6,False,False,False,0.01778540574014187,other,34
55,13,1,15,7,15,4,6,6,False,False,False,0.05687519162893295,other,8
56,14,0,37,3,37,14,15,17,False,False,False,0.006995992735028267,other,34
57,14,0,46,36,46,15,14,0,False,False,False,0.021944861859083176,other,10
58,14,1,46,35,46,14,15,23,False,False,False,0.034644581377506256,other,11
59,14,1,37,21,37,15,14,17,False,False,False,0.010209954343736172,other,16
60,15,0,9,13,9,6,28,6,False,False,False,0.021639754995703697,other,4
61,15,0,33,10,33,28,6,15,False,False,False,0.024198424071073532,other,23
62,15,1,33,45,33,6,28,6,False,False,False,0.047226063907146454,other,12
63,15,1,9,35,9,28,6,17,False,False,False,0.017985349521040916,other,26
64,16,0,43,12,43,14,16,12,False,False,False,0.058462537825107574,other,31
65,16,0,41,13,41,16,14,7,False,False,False,0.2509123682975769,other,28
66,16,1,41,15,41,14,16,6,False,False,False,0.2103499174118042,other,26
67,16,1,43,13,43,16,14,17,False,False,False,0.04027584567666054,other,30
68,17,0,7,7,7,6,10,15,True,True,False,0.04992583021521568,correct,0
69,17,0,9,11,9,10,6,17,False,False,False,0.06455646455287933,other,2
70,17,1,9,12,9,6,10,6,False,False,False,0.0774713084101677,other,3
71,17,1,7,7,7,10,6,7,True,True,False,0.06109137833118439,correct,0
72,18,0,45,10,45,7,15,6,False,False,False,0.04379594698548317,other,35
73,18,0,12,13,12,15,7,17,False,False,True,0.0688401386141777,off_by_one,1
74,18,1,12,8,12,7,15,6,False,False,False,0.07016444206237793,other,4
75,18,1,45,13,45,15,7,17,False,False,False,0.05487464740872383,other,32
76,19,0,24,35,24,15,1,17,False,False,False,0.015309734269976616,other,11
77,19,0,42,42,42,1,15,6,True,True,False,0.1587904542684555,correct,0
78,19,1,42,42,42,15,1,19,True,True,False,0.16195490956306458,correct,0
79,19,1,24,35,24,1,15,17,False,False,False,0.013571840710937977,other,11
80,20,0,5,7,5,24,14,6,False,False,False,0.05243852362036705,other,2
81,20,0,22,10,22,14,24,34,False,False,False,0.058810386806726456,other,12
82,20,1,22,21,22,24,14,6,False,False,True,0.07023274898529053,off_by_one,1
83,20,1,5,7,5,14,24,27,False,False,False,0.044925082474946976,other,2
84,21,0,11,15,11,12,3,6,False,False,False,0.01875659078359604,other,4
85,21,0,8,8,8,3,12,6,True,True,False,0.021207449957728386,correct,0
86,21,1,8,8,8,12,3,6,True,True,False,0.023965325206518173,correct,0
87,21,1,11,45,11,3,12,6,False,False,False,0.01824052259325981,other,34
88,22,0,36,16,36,16,18,22,False,False,False,0.06854341179132462,other,20
89,22,0,45,13,45,18,16,17,False,False,False,0.04475583881139755,other,32
90,22,1,45,15,45,16,18,22,False,False,False,0.04994852840900421,other,30
91,22,1,36,13,36,18,16,17,False,False,False,0.045883774757385254,other,23
92,23,0,19,8,19,2,7,6,False,False,False,0.043724894523620605,other,11
93,23,0,0,13,0,7,2,17,False,False,False,0.06073078140616417,other,13
94,23,1,0,36,0,2,7,7,False,False,False,0.04729399457573891,other,36
95,23,1,19,2,19,7,2,7,False,False,False,0.021305492147803307,other,17
96,24,0,39,3,39,6,14,7,False,False,False,0.12639786303043365,other,36
97,24,0,27,11,27,14,6,6,False,False,False,0.1349540799856186,other,16
98,24,1,27,13,27,6,14,6,False,False,False,0.17840206623077393,other,14
99,24,1,39,15,39,14,6,6,False,False,False,0.09330689907073975,other,24
100,25,0,43,35,43,27,17,27,False,False,False,0.016856787726283073,other,8
101,25,0,1,10,1,17,27,17,False,False,False,0.021640881896018982,other,9
102,25,1,1,36,1,27,17,38,False,False,False,0.015502151101827621,other,35
103,25,1,43,3,43,17,27,27,False,False,False,0.016621258109807968,other,40
104,26,0,0,45,0,6,2,6,False,False,False,0.07671743631362915,other,45
105,26,0,37,13,37,2,6,24,False,False,False,0.026981083676218987,other,24
106,26,1,37,13,37,6,2,6,False,False,False,0.03777829930186272,other,24
107,26,1,0,25,0,2,6,6,False,False,False,0.09866680204868317,other,25
108,27,0,3,3,3,6,20,18,True,True,False,0.04636703431606293,correct,0
109,27,0,0,3,0,20,6,17,False,False,False,0.040479257702827454,other,3
110,27,1,0,13,0,6,20,17,False,False,False,0.042690813541412354,other,13
111,27,1,3,8,3,20,6,6,False,False,False,0.07296618074178696,other,5
112,28,0,6,1,6,15,17,7,False,False,False,0.025629429146647453,other,5
113,28,0,13,33,13,17,15,20,False,False,False,0.03376390412449837,other,20
114,28,1,13,10,13,15,17,8,False,False,False,0.041376303881406784,other,3
115,28,1,6,35,6,17,15,17,False,False,False,0.033513087779283524,other,29
116,29,0,0,13,0,24,35,6,False,False,False,0.018267914652824402,other,13
117,29,0,9,10,9,35,24,34,False,False,True,0.028755681589245796,off_by_one,1
118,29,1,9,13,9,24,35,4,False,False,False,0.015839647501707077,other,4
119,29,1,0,36,0,35,24,17,False,False,False,0.010166608728468418,other,36
120,30,0,47,10,47,31,6,25,False,False,False,0.04787082225084305,other,37
121,30,0,23,45,23,6,31,6,False,False,False,0.03563311696052551,other,22
122,30,1,23,8,23,31,6,6,False,False,False,0.022283777594566345,other,15
123,30,1,47,15,47,6,31,6,False,False,False,0.03683127835392952,other,32
124,31,0,44,35,44,6,15,4,False,False,False,0.006924756336957216,other,9
125,31,0,26,35,26,15,6,15,False,False,False,0.04499300569295883,other,9
126,31,1,26,13,26,6,15,6,False,False,False,0.025368403643369675,other,13
127,31,1,44,35,44,15,6,21,False,False,False,0.00842762365937233,other,9
128,32,0,40,13,40,19,7,21,False,False,False,0.01458253525197506,other,27
129,32,0,35,35,35,7,19,21,True,True,False,0.00335820228792727,correct,0
130,32,1,35,35,35,19,7,6,True,True,False,0.00856307614594698,correct,0
131,32,1,40,12,40,7,19,6,False,False,False,0.013561300933361053,other,28
132,33,0,19,13,19,23,6,6,False,False,False,0.03743533790111542,other,6
133,33,0,12,12,12,6,23,6,True,True,False,0.06239716336131096,correct,0
134,33,1,12,10,12,23,6,15,False,False,False,0.05764392763376236,other,2
135,33,1,19,13,19,6,23,4,False,False,False,0.03611180558800697,other,6
136,34,0,26,35,26,7,2,6,False,False,False,0.028495267033576965,other,9
137,34,0,38,13,38,2,7,17,False,False,False,0.013398982584476471,other,25
138,34,1,38,3,38,7,2,15,False,False,False,0.005390099249780178,other,35
139,34,1,26,35,26,2,7,30,False,False,False,0.021182091906666756,other,9
140,35,0,18,12,18,2,7,6,False,False,False,0.0599079392850399,other,6
141,35,0,43,13,43,7,2,6,False,False,False,0.025441566482186317,other,30
142,35,1,43,13,43,2,7,6,False,False,False,0.037427693605422974,other,30
143,35,1,18,15,18,7,2,22,False,False,False,0.07520865648984909,other,3
144,36,0,48,45,48,6,18,6,False,False,False,0.07492385804653168,other,3
145,36,0,3,13,3,18,6,6,False,False,False,0.03719398006796837,other,10
146,36,1,3,12,3,6,18,6,False,False,False,0.05385112017393112,other,9
147,36,1,48,13,48,18,6,6,False,False,False,0.06406089663505554,other,35
148,37,0,21,21,21,14,15,6,True,True,False,0.012679561041295528,correct,0
149,37,0,23,35,23,15,14,15,False,False,False,0.004882236011326313,other,12
150,37,1,23,35,23,14,15,15,False,False,False,0.012066982686519623,other,12
151,37,1,21,13,21,15,14,6,False,False,False,0.017855919897556305,other,8
152,38,0,19,8,19,7,2,6,False,False,False,0.04130125045776367,other,11
153,38,0,44,13,44,2,7,6,False,False,False,0.030119622126221657,other,31
154,38,1,44,24,44,7,2,7,False,False,False,0.02464100532233715,other,20
155,38,1,19,45,19,2,7,6,False,False,False,0.023424891754984856,other,26
156,39,0,45,13,45,0,7,6,False,False,False,0.020694853737950325,other,32
157,39,0,12,8,12,7,0,6,False,False,False,0.03233860060572624,other,4
158,39,1,12,45,12,0,7,6,False,False,False,0.014853063970804214,other,33
159,39,1,45,13,45,7,0,17,False,False,False,0.02464842051267624,other,32
160,40,0,20,12,20,6,24,6,False,False,False,0.08164525777101517,other,8
161,40,0,30,13,30,24,6,6,False,False,False,0.10145986080169678,other,17
162,40,1,30,9,30,6,24,6,False,False,False,0.07968312501907349,other,21
163,40,1,20,13,20,24,6,6,False,False,False,0.09077316522598267,other,7
164,41,0,19,12,19,19,2,6,False,False,False,0.037015773355960846,other,7
165,41,0,39,3,39,2,19,20,False,False,False,0.02381240762770176,other,36
166,41,1,39,3,39,19,2,15,False,False,False,0.03323029726743698,other,36
167,41,1,19,3,19,2,19,18,False,False,False,0.03428305312991142,other,16
168,42,0,33,48,33,22,7,6,False,False,False,0.0306096114218235,other,15
169,42,0,12,12,12,7,22,6,True,True,False,0.04547368362545967,correct,0
170,42,1,12,13,12,22,7,6,False,False,True,0.0441279299557209,off_by_one,1
171,42,1,33,8,33,7,22,6,False,False,False,0.05075928568840027,other,25
172,43,0,26,13,26,15,7,6,False,False,False,0.015585854649543762,other,13
173,43,0,16,15,16,7,15,22,False,False,True,0.04767199605703354,off_by_one,1
174,43,1,16,16,16,15,7,18,True,True,False,0.061683401465415955,correct,0
175,43,1,26,13,26,7,15,6,False,False,False,0.0171537883579731,other,13
176,44,0,28,29,28,3,4,18,False,False,True,0.02234673500061035,off_by_one,1
177,44,0,7,7,7,4,3,6,True,True,False,0.0578160285949707,correct,0
178,44,1,7,7,7,3,4,6,True,True,False,0.05316399410367012,correct,0
179,44,1,28,13,28,4,3,4,False,False,False,0.02451525628566742,other,15
180,45,0,42,42,42,27,15,6,True,True,False,0.09576250612735748,correct,0
181,45,0,18,36,18,15,27,17,False,False,False,0.02416633814573288,other,18
182,45,1,18,3,18,27,15,17,False,False,False,0.01499962992966175,other,15
183,45,1,42,15,42,15,27,16,False,False,False,0.09594778716564178,other,27
184,46,0,33,3,33,17,12,15,False,False,False,0.005700892768800259,other,30
185,46,0,2,36,2,12,17,30,False,False,False,0.024401437491178513,other,34
186,46,1,2,45,2,17,12,22,False,False,False,0.0392957367002964,other,43
187,46,1,33,13,33,12,17,6,False,False,False,0.013425259850919247,other,20
188,47,0,17,13,17,18,0,6,False,False,False,0.012185863219201565,other,4
189,47,0,36,13,36,0,18,15,False,False,False,0.02589043788611889,other,23
190,47,1,36,36,36,18,0,17,True,True,False,0.020847052335739136,correct,0
191,47,1,17,3,17,0,18,0,False,False,False,0.009841046296060085,other,14
192,48,0,13,13,13,36,7,15,True,True,False,0.02380908466875553,correct,0
193,48,0,46,13,46,7,36,15,False,False,False,0.026971979066729546,other,33
194,48,1,46,13,46,36,7,17,False,False,False,0.030138280242681503,other,33
195,48,1,13,32,13,7,36,6,False,False,False,0.03566453978419304,other,19
196,49,0,47,13,47,7,16,7,False,False,False,0.035848282277584076,other,34
197,49,0,14,15,14,16,7,22,False,False,True,0.05012650042772293,off_by_one,1
198,49,1,14,3,14,7,16,6,False,False,False,0.05402285233139992,other,11
199,49,1,47,29,47,16,7,16,False,False,False,0.03526948764920235,other,18
200,50,0,32,13,32,17,7,20,False,False,False,0.06394997984170914,other,19
201,50,0,47,29,47,7,17,15,False,False,False,0.008007501251995564,other,18
202,50,1,47,13,47,17,7,7,False,False,False,0.017617512494325638,other,34
203,50,1,32,8,32,7,17,6,False,False,False,0.09925705939531326,other,24
204,51,0,21,3,21,24,7,7,False,False,False,0.04265608265995979,other,18
205,51,0,2,43,2,7,24,6,False,False,False,0.0044089751318097115,other,41
206,51,1,2,45,2,24,7,6,False,False,False,0.01458236388862133,other,43
207,51,1,21,13,21,7,24,6,False,False,False,0.059292953461408615,other,8
208,52,0,19,10,19,7,18,6,False,False,False,0.042986370623111725,other,9
209,52,0,47,41,47,18,7,6,False,False,False,0.06455184519290924,other,6
210,52,1,47,41,47,7,18,6,False,False,False,0.061337660998106,other,6
211,52,1,19,13,19,18,7,6,False,False,False,0.04753915220499039,other,6
212,53,0,5,15,5,16,14,34,False,False,False,0.0507134310901165,other,10
213,53,0,47,13,47,14,16,0,False,False,False,0.03347010165452957,other,34
214,53,1,47,47,47,16,14,16,True,True,False,0.02615339681506157,correct,0
215,53,1,5,15,5,14,16,25,False,False,False,0.058742962777614594,other,10
216,54,0,1,29,1,16,38,7,False,False,False,0.039304789155721664,other,28
217,54,0,15,47,15,38,16,7,False,False,False,0.04072992503643036,other,32
218,54,1,15,16,15,16,38,6,False,False,True,0.05415206775069237,off_by_one,1
219,54,1,1,13,1,38,16,17,False,False,False,0.03692665323615074,other,12
220,55,0,47,16,47,0,17,25,False,False,False,0.021502012386918068,other,31
221,55,0,37,3,37,17,0,17,False,False,False,0.015349696390330791,other,34
222,55,1,37,3,37,0,17,15,False,False,False,0.015609725378453732,other,34
223,55,1,47,35,47,17,0,15,False,False,False,0.02371111698448658,other,12
224,56,0,6,48,6,7,15,6,False,False,False,0.014443597756326199,other,42
225,56,0,25,41,25,15,7,15,False,False,False,0.030016787350177765,other,16
226,56,1,25,35,25,7,15,17,False,False,False,0.02831324189901352,other,10
227,56,1,6,35,6,15,7,6,False,False,False,0.019239775836467743,other,29
228,57,0,29,10,29,18,7,6,False,False,False,0.07827123999595642,other,19
229,57,0,13,10,13,7,18,27,False,False,False,0.032381732016801834,other,3
230,57,1,13,13,13,18,7,6,True,True,False,0.029930511489510536,correct,0
231,57,1,29,15,29,7,18,6,False,False,False,0.0948614776134491,other,14
232,58,0,39,13,39,19,2,6,False,False,False,0.026271414011716843,other,26
233,58,0,35,35,35,2,19,6,True,True,False,0.01644330658018589,correct,0
234,58,1,35,35,35,19,2,4,True,True,False,0.013620990328490734,correct,0
235,58,1,39,3,39,2,19,6,False,False,False,0.016208166256546974,other,36
236,59,0,29,13,29,16,6,17,False,False,False,0.06765014678239822,other,16
237,59,0,48,8,48,6,16,6,False,False,False,0.11413005739450455,other,40
238,59,1,48,13,48,16,6,7,False,False,False,0.06554055213928223,other,35
239,59,1,29,35,29,6,16,6,False,False,False,0.07921773195266724,other,6
240,60,0,33,1,33,6,29,7,False,False,False,0.028520355001091957,other,32
241,60,0,18,0,18,29,6,6,False,False,False,0.016662023961544037,other,18
242,60,1,18,10,18,6,29,6,False,False,False,0.03224959224462509,other,8
243,60,1,33,13,33,29,6,6,False,False,False,0.04099690914154053,other,20
244,61,0,34,41,34,26,16,6,False,False,False,0.02604580484330654,other,7
245,61,0,2,45,2,16,26,32,False,False,False,0.05860995501279831,other,43
246,61,1,2,13,2,26,16,6,False,False,False,0.045739445835351944,other,11
247,61,1,34,15,34,16,26,32,False,False,False,0.023550938814878464,other,19
248,62,0,17,29,17,27,16,6,False,False,False,0.04275030270218849,other,12
249,62,0,32,13,32,16,27,6,False,False,False,0.042783740907907486,other,19
250,62,1,32,0,32,27,16,37,False,False,False,0.04149557650089264,other,32
251,62,1,17,12,17,16,27,16,False,False,False,0.032004717737436295,other,5
252,63,0,43,3,43,20,24,7,False,False,False,0.051792025566101074,other,40
253,63,0,38,3,38,24,20,15,False,False,False,0.02275559864938259,other,35
254,63,1,38,13,38,20,24,6,False,False,False,0.036713968962430954,other,25
255,63,1,43,12,43,24,20,6,False,False,False,0.07658383995294571,other,31
256,64,0,1,13,1,17,27,17,False,False,False,0.025746546685695648,other,12
257,64,0,14,11,14,27,17,34,False,False,False,0.031257688999176025,other,3
258,64,1,14,35,14,17,27,15,False,False,False,0.03488951176404953,other,21
259,64,1,1,3,1,27,17,38,False,False,False,0.02217015065252781,other,2
260,65,0,18,29,18,0,1,15,False,False,False,0.012070105411112309,other,11
261,65,0,7,7,7,1,0,7,True,True,False,0.03722546249628067,correct,0
262,65,1,7,7,7,0,1,27,True,True,False,0.03984169661998749,correct,0
263,65,1,18,3,18,1,0,17,False,False,False,0.012956514023244381,other,15
264,66,0,12,11,12,0,3,36,False,False,True,0.01647549867630005,off_by_one,1
265,66,0,38,13,38,3,0,17,False,False,False,0.0107870539650321,other,25
266,66,1,38,29,38,0,3,17,False,False,False,0.009547528810799122,other,9
267,66,1,12,10,12,3,0,4,False,False,False,0.006446113809943199,other,2
268,67,0,21,3,21,7,6,6,False,False,False,0.014454512856900692,other,18
269,67,0,46,6,46,6,7,6,False,False,False,0.039524491876363754,other,40
270,67,1,46,13,46,7,6,18,False,False,False,0.042649950832128525,other,33
271,67,1,21,13,21,6,7,6,False,False,False,0.016748569905757904,other,8
272,68,0,26,35,26,24,16,6,False,False,False,0.011230343021452427,other,9
273,68,0,4,15,4,16,24,15,False,False,False,0.10475745797157288,other,11
274,68,1,4,8,4,24,16,12,False,False,False,0.08609644323587418,other,4
275,68,1,26,13,26,16,24,7,False,False,False,0.030477415770292282,other,13
276,69,0,7,7,7,14,26,27,True,True,False,0.04876098781824112,correct,0
277,69,0,13,13,13,26,14,6,True,True,False,0.0386182963848114,correct,0
278,69,1,13,45,13,14,26,34,False,False,False,0.03922593593597412,other,32
279,69,1,7,7,7,26,14,6,True,True,False,0.05472572147846222,correct,0
280,70,0,23,8,23,6,27,22,False,False,False,0.08347227424383163,other,15
281,70,0,4,35,4,27,6,17,False,False,False,0.014115597121417522,other,31
282,70,1,4,6,4,6,27,6,False,False,False,0.011727393604815006,other,2
283,70,1,23,15,23,27,6,27,False,False,False,0.10758306086063385,other,8
284,71,0,42,42,42,24,6,24,True,True,False,0.101963110268116,correct,0
285,71,0,29,13,29,6,24,6,False,False,False,0.05288810655474663,other,16
286,71,1,29,8,29,24,6,6,False,False,False,0.0576774924993515,other,21
287,71,1,42,13,42,6,24,26,False,False,False,0.1726030558347702,other,29
288,72,0,26,35,26,18,24,26,False,False,False,0.02598690241575241,other,9
289,72,0,38,3,38,24,18,6,False,False,False,0.014140275306999683,other,35
290,72,1,38,29,38,18,24,8,False,False,False,0.015796706080436707,other,9
291,72,1,26,35,26,24,18,6,False,False,False,0.024351270869374275,other,9
292,73,0,29,3,29,8,9,4,False,False,False,0.011080603115260601,other,26
293,73,0,41,15,41,9,8,12,False,False,False,0.01699473150074482,other,26
294,73,1,41,41,41,8,9,6,True,True,False,0.017742227762937546,correct,0
295,73,1,29,1,29,9,8,18,False,False,False,0.011408472433686256,other,28
296,74,0,45,15,45,7,6,6,False,False,False,0.06633175909519196,other,30
297,74,0,21,13,21,6,7,6,False,False,False,0.07012347131967545,other,8
298,74,1,21,12,21,7,6,6,False,False,False,0.09874879568815231,other,9
299,74,1,45,13,45,6,7,6,False,False,False,0.05408567562699318,other,32
300,75,0,8,15,8,14,7,16,False,False,False,0.031971387565135956,other,7
301,75,0,41,47,41,7,14,6,False,False,False,0.05418175831437111,other,6
302,75,1,41,41,41,14,7,6,True,True,False,0.05446687713265419,correct,0
303,75,1,8,8,8,7,14,10,True,True,False,0.018511978909373283,correct,0
304,76,0,22,6,22,24,20,6,False,False,False,0.03238894045352936,other,16
305,76,0,30,2,30,20,24,6,False,False,False,0.08949722349643707,other,28
306,76,1,30,13,30,24,20,6,False,False,False,0.07721110433340073,other,17
307,76,1,22,3,22,20,24,15,False,False,False,0.02186346985399723,other,19
308,77,0,5,16,5,17,0,25,False,False,False,0.03292429819703102,other,11
309,77,0,24,45,24,0,17,17,False,False,False,0.014462853781878948,other,21
310,77,1,24,24,24,17,0,17,True,True,False,0.010525385849177837,correct,0
311,77,1,5,24,5,0,17,23,False,False,False,0.026786107569932938,other,19
312,78,0,26,35,26,14,20,17,False,False,False,0.07895853370428085,other,9
313,78,0,17,0,17,20,14,16,False,False,False,0.04130030795931816,other,17
314,78,1,17,45,17,14,20,7,False,False,False,0.05270415171980858,other,28
315,78,1,26,13,26,20,14,7,False,False,False,0.04148642346262932,other,13
316,79,0,16,15,16,12,18,6,False,False,True,0.11907210946083069,off_by_one,1
317,79,0,38,13,38,18,12,6,False,False,False,0.029741153120994568,other,25
318,79,1,38,13,38,12,18,6,False,False,False,0.01314125768840313,other,25
319,79,1,16,15,16,18,12,20,False,False,True,0.07528487592935562,off_by_one,1
320,80,0,38,13,38,24,7,6,False,False,False,0.025790315121412277,other,25
321,80,0,16,15,16,7,24,22,False,False,True,0.12273390591144562,off_by_one,1
322,80,1,16,41,16,24,7,6,False,False,False,0.10957314819097519,other,25
323,80,1,38,3,38,7,24,17,False,False,False,0.010576673783361912,other,35
324,81,0,37,48,37,35,0,17,False,False,False,0.01574729196727276,other,11
325,81,0,6,35,6,0,35,15,False,False,False,0.03535997122526169,other,29
326,81,1,6,30,6,35,0,15,False,False,False,0.02347840555012226,other,24
327,81,1,37,22,37,0,35,17,False,False,False,0.016591206192970276,other,15
328,82,0,31,8,31,7,17,22,False,False,False,0.0878913551568985,other,23
329,82,0,30,13,30,17,7,17,False,False,False,0.06622624397277832,other,17
330,82,1,30,8,30,7,17,6,False,False,False,0.07418608665466309,other,22
331,82,1,31,13,31,17,7,7,False,False,False,0.06179464980959892,other,18
332,83,0,10,13,10,6,24,6,False,False,False,0.07425352185964584,other,3
333,83,0,25,15,25,24,6,39,False,False,False,0.023585958406329155,other,10
334,83,1,25,45,25,6,24,6,False,False,False,0.024450689554214478,other,20
335,83,1,10,29,10,24,6,6,False,False,False,0.08388474583625793,other,19
336,84,0,4,35,4,15,12,18,False,False,False,0.014358295127749443,other,31
337,84,0,46,13,46,12,15,6,False,False,False,0.04254210740327835,other,33
338,84,1,46,36,46,15,12,17,False,False,False,0.040261756628751755,other,10
339,84,1,4,35,4,12,15,6,False,False,False,0.0067761121317744255,other,31
340,85,0,3,3,3,14,20,16,True,True,False,0.0459008514881134,correct,0
341,85,0,36,36,36,20,14,30,True,True,False,0.019667435437440872,correct,0
342,85,1,36,13,36,14,20,17,False,False,False,0.01870911195874214,other,23
343,85,1,3,45,3,20,14,6,False,False,False,0.06089608371257782,other,42
344,86,0,2,13,2,6,7,6,False,False,False,0.04503042623400688,other,11
345,86,0,40,45,40,7,6,34,False,False,False,0.025868160650134087,other,5
346,86,1,40,13,40,6,7,6,False,False,False,0.02174972929060459,other,27
347,86,1,2,45,2,7,6,6,False,False,False,0.0657983273267746,other,43
348,87,0,20,6,20,28,24,17,False,False,False,0.06091710925102234,other,14
349,87,0,30,3,30,24,28,6,False,False,False,0.07313696295022964,other,27
350,87,1,30,13,30,28,24,6,False,False,False,0.06299683451652527,other,17
351,87,1,20,12,20,24,28,6,False,False,False,0.07332818955183029,other,8
352,88,0,30,13,30,8,7,6,False,False,False,0.06009524688124657,other,17
353,88,0,25,13,25,7,8,6,False,False,False,0.03439664840698242,other,12
354,88,1,25,35,25,8,7,6,False,False,False,0.03505894914269447,other,10
355,88,1,30,10,30,7,8,18,False,False,False,0.05722358077764511,other,20
356,89,0,46,3,46,36,24,15,False,False,False,0.03080187551677227,other,43
357,89,0,42,42,42,24,36,6,True,True,False,0.09346222132444382,correct,0
358,89,1,42,42,42,36,24,6,True,True,False,0.11588513851165771,correct,0
359,89,1,46,3,46,24,36,6,False,False,False,0.0402720645070076,other,43
360,90,0,13,45,13,20,17,18,False,False,False,0.017748095095157623,other,32
361,90,0,15,5,15,17,20,7,False,False,False,0.07286910712718964,other,10
362,90,1,15,15,15,20,17,6,True,True,False,0.1098555475473404,correct,0
363,90,1,13,13,13,17,20,6,True,True,False,0.03086618147790432,correct,0
364,91,0,30,22,30,19,6,6,False,False,False,0.08410356193780899,other,8
365,91,0,23,41,23,6,19,6,False,False,False,0.04517729580402374,other,18
366,91,1,23,13,23,19,6,6,False,False,False,0.08843125402927399,other,10
367,91,1,30,8,30,6,19,6,False,False,False,0.11402902007102966,other,22
368,92,0,35,35,35,19,7,6,True,True,False,0.004232184961438179,correct,0
369,92,0,41,41,41,7,19,24,True,True,False,0.04832897335290909,correct,0
370,92,1,41,41,41,19,7,4,True,True,False,0.060625109821558,correct,0
371,92,1,35,35,35,7,19,17,True,True,False,0.003258233889937401,correct,0
372,93,0,31,13,31,26,37,6,False,False,False,0.05928454175591469,other,18
373,93,0,16,16,16,37,26,12,True,True,False,0.14216002821922302,correct,0
374,93,1,16,5,16,26,37,15,False,False,False,0.11800669133663177,other,11
375,93,1,31,12,31,37,26,6,False,False,False,0.048983898013830185,other,19
376,94,0,45,35,45,27,15,27,False,False,False,0.008083539083600044,other,10
377,94,0,1,3,1,15,27,17,False,False,False,0.020924843847751617,other,2
378,94,1,1,11,1,27,15,7,False,False,False,0.01877869851887226,other,10
379,94,1,45,35,45,15,27,17,False,False,False,0.012023741379380226,other,10
380,95,0,31,13,31,13,2,6,False,False,False,0.047102127224206924,other,18
381,95,0,9,12,9,2,13,6,False,False,False,0.03744206577539444,other,3
382,95,1,9,12,9,13,2,6,False,False,False,0.03224184736609459,other,3
383,95,1,31,13,31,2,13,6,False,False,False,0.057990435510873795,other,18
384,96,0,21,10,21,38,20,8,False,False,False,0.06888748705387115,other,11
385,96,0,26,13,26,20,38,6,False,False,False,0.057983577251434326,other,13
386,96,1,26,35,26,38,20,39,False,False,False,0.07489088922739029,other,9
387,96,1,21,13,21,20,38,20,False,False,False,0.059089336544275284,other,8
388,97,0,15,5,15,26,27,6,False,False,False,0.05925268307328224,other,10
389,97,0,25,35,25,27,26,7,False,False,False,0.02246043272316456,other,10
390,97,1,25,13,25,26,27,6,False,False,False,0.025601157918572426,other,12
391,97,1,15,7,15,27,26,25,False,False,False,0.04556100070476532,other,8
392,98,0,48,10,48,38,18,19,False,False,False,0.031053192913532257,other,38
393,98,0,34,41,34,18,38,17,False,False,False,0.0327388197183609,other,7
394,98,1,34,7,34,38,18,16,False,False,False,0.02332543022930622,other,27
395,98,1,48,48,48,18,38,17,True,True,False,0.030545609071850777,correct,0
396,99,0,34,15,34,16,24,12,False,False,False,0.06856762617826462,other,19
397,99,0,15,7,15,24,16,6,False,False,False,0.10016176104545593,other,8
398,99,1,15,15,15,16,24,12,True,True,False,0.11233777552843094,correct,0
399,99,1,34,13,34,24,16,7,False,False,False,0.06039365008473396,other,21
400,100,0,16,15,16,17,24,16,False,False,True,0.02496222034096718,off_by_one,1
401,100,0,14,0,14,24,17,27,False,False,False,0.05019634962081909,other,14
402,100,1,14,13,14,17,24,17,False,False,True,0.058498088270425797,off_by_one,1
403,100,1,16,15,16,24,17,20,False,False,True,0.015709806233644485,off_by_one,1
404,101,0,36,48,36,18,6,4,False,False,False,0.01915082335472107,other,12
405,101,0,42,42,42,6,18,6,True,True,False,0.09516222029924393,correct,0
406,101,1,42,42,42,18,6,6,True,True,False,0.10831324011087418,correct,0
407,101,1,36,45,36,6,18,6,False,False,False,0.013990730047225952,other,9
408,102,0,26,35,26,27,25,15,False,False,False,0.011181562207639217,other,9
409,102,0,5,42,5,25,27,16,False,False,False,0.04606422409415245,other,37
410,102,1,5,16,5,27,25,25,False,False,False,0.044154319912195206,other,11
411,102,1,26,35,26,25,27,15,False,False,False,0.016775112599134445,other,9
412,103,0,10,29,10,19,7,7,False,False,False,0.03811114653944969,other,19
413,103,0,5,41,5,7,19,17,False,False,False,0.023341964930295944,other,36
414,103,1,5,7,5,19,7,17,False,False,False,0.020989304408431053,other,2
415,103,1,10,10,10,7,19,7,True,True,False,0.03438230976462364,correct,0
416,104,0,39,13,39,36,14,6,False,False,False,0.027468983083963394,other,26
417,104,0,17,8,17,14,36,8,False,False,False,0.06965413689613342,other,9
418,104,1,17,3,17,36,14,20,False,False,False,0.030369924381375313,other,14
419,104,1,39,3,39,14,36,15,False,False,False,0.014789053238928318,other,36
420,105,0,10,33,10,26,36,6,False,False,False,0.01309116929769516,other,23
421,105,0,18,3,18,36,26,6,False,False,False,0.020300013944506645,other,15
422,105,1,18,13,18,26,36,4,False,False,False,0.030839551240205765,other,5
423,105,1,10,29,10,36,26,30,False,False,False,0.014454670250415802,other,19
424,106,0,15,32,15,7,17,6,False,False,False,0.146905317902565,other,17
425,106,0,44,35,44,17,7,7,False,False,False,0.009899821132421494,other,9
426,106,1,44,35,44,7,17,15,False,False,False,0.0044515253975987434,other,9
427,106,1,15,15,15,17,7,31,True,True,False,0.10084880888462067,correct,0
428,107,0,31,3,31,16,15,15,False,False,False,0.019836146384477615,other,28
429,107,0,32,10,32,15,16,15,False,False,False,0.008366060443222523,other,22
430,107,1,32,13,32,16,15,15,False,False,False,0.008374071680009365,other,19
431,107,1,31,13,31,15,16,7,False,False,False,0.017018290236592293,other,18
432,108,0,29,29,29,36,24,6,True,True,False,0.03994543477892876,correct,0
433,108,0,23,13,23,24,36,6,False,False,False,0.030171817168593407,other,10
434,108,1,23,13,23,36,24,7,False,False,False,0.05053068697452545,other,10
435,108,1,29,8,29,24,36,6,False,False,False,0.06499738991260529,other,21
436,109,0,21,31,21,6,7,6,False,False,False,0.07923577725887299,other,10
437,109,0,17,3,17,7,6,6,False,False,False,0.013689180836081505,other,14
438,109,1,17,8,17,6,7,6,False,False,False,0.032768167555332184,other,9
439,109,1,21,13,21,7,6,6,False,False,False,0.09533514827489853,other,8
440,110,0,1,13,1,12,17,30,False,False,False,0.024513237178325653,other,12
441,110,0,29,28,29,17,12,17,False,False,True,0.01278348546475172,off_by_one,1
442,110,1,29,45,29,12,17,6,False,False,False,0.015475098043680191,other,16
443,110,1,1,11,1,17,12,15,False,False,False,0.022644300013780594,other,10
444,111,0,13,13,13,20,39,7,True,True,False,0.039250876754522324,correct,0
445,111,0,17,10,17,39,20,6,False,False,False,0.0437815859913826,other,7
446,111,1,17,10,17,20,39,7,False,False,False,0.04457797855138779,other,7
447,111,1,13,13,13,39,20,17,True,True,False,0.03483526036143303,correct,0
448,112,0,28,28,28,20,18,17,True,True,False,0.004632957745343447,correct,0
449,112,0,10,10,10,18,20,18,True,True,False,0.030786272138357162,correct,0
450,112,1,10,8,10,20,18,18,False,False,False,0.0413471944630146,other,2
451,112,1,28,13,28,18,20,17,False,False,False,0.01417624019086361,other,15
452,113,0,7,7,7,18,15,15,True,True,False,0.04928857833147049,correct,0
453,113,0,4,35,4,15,18,17,False,False,False,0.025516599416732788,other,31
454,113,1,4,35,4,18,15,30,False,False,False,0.028882134705781937,other,31
455,113,1,7,7,7,15,18,14,True,True,False,0.048124320805072784,correct,0
456,114,0,46,13,46,7,13,17,False,False,False,0.03496946766972542,other,33
457,114,0,2,8,2,13,7,6,False,False,False,0.04560516029596329,other,6
458,114,1,2,45,2,7,13,34,False,False,False,0.029094677418470383,other,43
459,114,1,46,13,46,13,7,6,False,False,False,0.03694014251232147,other,33
460,115,0,16,10,16,27,18,7,False,False,False,0.09097552299499512,other,6
461,115,0,42,6,42,18,27,6,False,False,False,0.18523740768432617,other,36
462,115,1,42,42,42,27,18,6,True,True,False,0.09850022196769714,correct,0
463,115,1,16,15,16,18,27,20,False,False,True,0.08936059474945068,off_by_one,1
464,116,0,33,10,33,14,26,27,False,False,False,0.00927493441849947,other,23
465,116,0,25,35,25,26,14,6,False,False,False,0.019848255440592766,other,10
466,116,1,25,15,25,14,26,34,False,False,False,0.02429182454943657,other,10
467,116,1,33,13,33,26,14,6,False,False,False,0.01635502465069294,other,20
468,117,0,1,29,1,20,38,7,False,False,False,0.037743616849184036,other,28
469,117,0,29,15,29,38,20,7,False,False,False,0.012736821547150612,other,14
470,117,1,29,15,29,20,38,6,False,False,False,0.04169383645057678,other,14
471,117,1,1,13,1,38,20,17,False,False,False,0.04159139096736908,other,12
472,118,0,14,35,14,14,16,0,False,False,False,0.004452949855476618,other,21
473,118,0,25,35,25,16,14,15,False,False,False,0.013040183112025261,other,10
474,118,1,25,35,25,14,16,15,False,False,False,0.01156314741820097,other,10
475,118,1,14,35,14,16,14,17,False,False,False,0.011120195500552654,other,21
476,119,0,40,24,40,16,26,27,False,False,False,0.014561484567821026,other,16
477,119,0,27,13,27,26,16,6,False,False,False,0.018707338720560074,other,14
478,119,1,27,11,27,16,26,32,False,False,False,0.0231238454580307,other,16
479,119,1,40,13,40,26,16,6,False,False,False,0.018214795738458633,other,27
480,120,0,38,3,38,7,2,17,False,False,False,0.007643873803317547,other,35
481,120,0,41,35,41,2,7,6,False,False,False,0.10212007164955139,other,6
482,120,1,41,8,41,7,2,6,False,False,False,0.06968235969543457,other,33
483,120,1,38,13,38,2,7,17,False,False,False,0.013835158199071884,other,25
484,121,0,41,41,41,18,1,6,True,True,False,0.10369794815778732,correct,0
485,121,0,3,35,3,1,18,17,False,False,False,0.006735741160809994,other,32
486,121,1,3,22,3,18,1,17,False,False,False,0.01368691772222519,other,19
487,121,1,41,15,41,1,18,6,False,False,False,0.06577710807323456,other,26
488,122,0,39,13,39,19,7,6,False,False,False,0.02766731195151806,other,26
489,122,0,45,35,45,7,19,6,False,False,False,0.007229142356663942,other,10
490,122,1,45,35,45,19,7,30,False,False,False,0.006866718176752329,other,10
491,122,1,39,3,39,7,19,6,False,False,False,0.01286474522203207,other,36
492,123,0,23,15,23,24,38,8,False,False,False,0.029122959822416306,other,8
493,123,0,42,42,42,38,24,7,True,True,False,0.11724932491779327,correct,0
494,123,1,42,42,42,24,38,17,True,True,False,0.10155712068080902,correct,0
495,123,1,23,35,23,38,24,7,False,False,False,0.0409434549510479,other,12
496,124,0,44,15,44,18,21,6,False,False,False,0.024604706093668938,other,29
497,124,0,21,13,21,21,18,6,False,False,False,0.07375863939523697,other,8
498,124,1,21,8,21,18,21,6,False,False,False,0.061593811959028244,other,13
499,124,1,44,45,44,21,18,17,False,False,True,0.02090415731072426,off_by_one,1
500,125,0,31,13,31,7,2,6,False,False,False,0.05488581955432892,other,18
501,125,0,21,13,21,2,7,6,False,False,False,0.03815934807062149,other,8
502,125,1,21,12,21,7,2,6,False,False,False,0.07066617161035538,other,9
503,125,1,31,13,31,2,7,6,False,False,False,0.04536014050245285,other,18
504,126,0,24,35,24,17,6,7,False,False,False,0.01255772914737463,other,11
505,126,0,23,41,23,6,17,6,False,False,False,0.06056338548660278,other,18
506,126,1,23,32,23,17,6,34,False,False,False,0.08317162096500397,other,9
507,126,1,24,13,24,6,17,6,False,False,False,0.02589874342083931,other,11
508,127,0,41,41,41,15,27,6,True,True,False,0.11232244223356247,correct,0
509,127,0,11,35,11,27,15,17,False,False,False,0.019430892542004585,other,24
510,127,1,11,48,11,15,27,17,False,False,False,0.02589162439107895,other,37
511,127,1,41,15,41,27,15,32,False,False,False,0.11908916383981705,other,26
512,128,0,11,11,11,17,1,6,True,True,False,0.014568456448614597,correct,0
513,128,0,44,35,44,1,17,17,False,False,False,0.007236206438392401,other,9
514,128,1,44,35,44,17,1,7,False,False,False,0.008757778443396091,other,9
515,128,1,11,11,11,1,17,15,True,True,False,0.01063002459704876,correct,0
516,129,0,37,13,37,14,6,17,False,False,False,0.02411210723221302,other,24
517,129,0,29,15,29,6,14,6,False,False,False,0.06628026813268661,other,14
518,129,1,29,16,29,14,6,6,False,False,False,0.08186201751232147,other,13
519,129,1,37,13,37,6,14,6,False,False,False,0.0257300715893507,other,24
520,130,0,2,45,2,6,2,6,False,False,False,0.027574166655540466,other,43
521,130,0,25,13,25,2,6,17,False,False,False,0.030990812927484512,other,12
522,130,1,25,13,25,6,2,6,False,False,False,0.02452114410698414,other,12
523,130,1,2,8,2,2,6,6,False,False,False,0.03157815337181091,other,6
524,131,0,26,23,26,38,14,17,False,False,False,0.016155855730175972,other,3
525,131,0,30,12,30,14,38,15,False,False,False,0.03844958171248436,other,18
526,131,1,30,48,30,38,14,17,False,False,False,0.030872434377670288,other,18
527,131,1,26,35,26,14,38,15,False,False,False,0.01537198107689619,other,9
528,132,0,40,35,40,16,15,16,False,False,False,0.02541283704340458,other,5
529,132,0,17,11,17,15,16,15,False,False,False,0.03121006302535534,other,6
530,132,1,17,16,17,16,15,12,False,False,True,0.04522637277841568,off_by_one,1
531,132,1,40,13,40,15,16,17,False,False,False,0.032339103519916534,other,27
532,133,0,12,10,12,7,24,7,False,False,False,0.05065887048840523,other,2
533,133,0,48,48,48,24,7,7,True,True,False,0.04097515344619751,correct,0
534,133,1,48,35,48,7,24,17,False,False,False,0.046012748032808304,other,13
535,133,1,12,13,12,24,7,4,False,False,True,0.056316863745450974,off_by_one,1
536,134,0,35,35,35,16,18,17,True,True,False,0.018039243295788765,correct,0
537,134,0,23,41,23,18,16,22,False,False,False,0.07326199859380722,other,18
538,134,1,23,35,23,16,18,15,False,False,False,0.09107374399900436,other,12
539,134,1,35,13,35,18,16,17,False,False,False,0.024533819407224655,other,22
540,135,0,32,13,32,8,15,6,False,False,False,0.012869767844676971,other,19
541,135,0,8,8,8,15,8,6,True,True,False,0.042216528207063675,correct,0
542,135,1,8,8,8,8,15,20,True,True,False,0.03397860750555992,correct,0
543,135,1,32,13,32,15,8,6,False,False,False,0.012354391627013683,other,19
544,136,0,3,8,3,7,14,6,False,False,False,0.05610246583819389,other,5
545,136,0,25,13,25,14,7,17,False,False,False,0.01735525205731392,other,12
546,136,1,25,15,25,7,14,39,False,False,False,0.009162607602775097,other,10
547,136,1,3,3,3,14,7,38,True,True,False,0.03597021847963333,correct,0
548,137,0,45,24,45,36,26,17,False,False,False,0.004421382676810026,other,21
549,137,0,25,35,25,26,36,6,False,False,False,0.005863999482244253,other,10
550,137,1,25,35,25,36,26,6,False,False,False,0.005498542916029692,other,10
551,137,1,45,35,45,26,36,6,False,False,False,0.006124903913587332,other,10
552,138,0,18,12,18,3,5,6,False,False,False,0.049076106399297714,other,6
553,138,0,20,48,20,5,3,6,False,False,False,0.022163618355989456,other,28
554,138,1,20,13,20,3,5,6,False,False,False,0.02021177113056183,other,7
555,138,1,18,12,18,5,3,6,False,False,False,0.032346852123737335,other,6
556,139,0,25,13,25,18,0,6,False,False,False,0.033928606659173965,other,12
557,139,0,18,45,18,0,18,6,False,False,False,0.02517228201031685,other,27
558,139,1,18,8,18,18,0,6,False,False,False,0.030715007334947586,other,10
559,139,1,25,23,25,0,18,7,False,False,False,0.04078186675906181,other,2
560,140,0,12,29,12,17,3,18,False,False,False,0.035584770143032074,other,17
561,140,0,14,35,14,3,17,6,False,False,False,0.02854269929230213,other,21
562,140,1,14,13,14,17,3,6,False,False,True,0.029299253597855568,off_by_one,1
563,140,1,12,8,12,3,17,6,False,False,False,0.05693415179848671,other,4
564,141,0,30,8,30,24,18,6,False,False,False,0.13147130608558655,other,22
565,141,0,31,13,31,18,24,6,False,False,False,0.07312779128551483,other,18
566,141,1,31,8,31,24,18,6,False,False,False,0.09234349429607391,other,23
567,141,1,30,13,30,18,24,6,False,False,False,0.10466456413269043,other,17
568,142,0,48,13,48,16,24,17,False,False,False,0.05829766020178795,other,35
569,142,0,21,12,21,24,16,6,False,False,False,0.08702845871448517,other,9
570,142,1,21,13,21,16,24,7,False,False,False,0.04469102621078491,other,8
571,142,1,48,8,48,24,16,8,False,False,False,0.06278099119663239,other,40
572,143,0,26,35,26,12,7,26,False,False,False,0.013506680727005005,other,9
573,143,0,7,7,7,7,12,14,True,True,False,0.014880803413689137,correct,0
574,143,1,7,7,7,12,7,6,True,True,False,0.02159234881401062,correct,0
575,143,1,26,35,26,7,12,26,False,False,False,0.01376291923224926,other,9
576,144,0,33,8,33,38,24,7,False,False,False,0.05168110504746437,other,25
577,144,0,9,13,9,24,38,6,False,False,False,0.026285095140337944,other,4
578,144,1,9,3,9,38,24,16,False,False,False,0.018603211268782616,other,6
579,144,1,33,10,33,24,38,6,False,False,False,0.05009422078728676,other,23
580,145,0,24,35,24,8,7,6,False,False,False,0.005015182308852673,other,11
581,145,0,34,7,34,7,8,6,False,False,False,0.00918507482856512,other,27
582,145,1,34,23,34,8,7,6,False,False,False,0.014204693026840687,other,11
583,145,1,24,13,24,7,8,18,False,False,False,0.013170251622796059,other,11
584,146,0,4,13,4,15,19,18,False,False,False,0.03107541985809803,other,9
585,146,0,30,13,30,19,15,6,False,False,False,0.022255538031458855,other,17
586,146,1,30,12,30,15,19,6,False,False,False,0.01622835174202919,other,18
587,146,1,4,35,4,19,15,17,False,False,False,0.019129833206534386,other,31
588,147,0,11,29,11,0,6,38,False,False,False,0.016949249431490898,other,18
589,147,0,41,41,41,6,0,6,True,True,False,0.053853023797273636,correct,0
590,147,1,41,8,41,0,6,6,False,False,False,0.07740075141191483,other,33
591,147,1,11,13,11,6,0,6,False,False,False,0.023159975185990334,other,2
592,148,0,38,13,38,24,15,6,False,False,False,0.036836255341768265,other,25
593,148,0,8,8,8,15,24,6,True,True,False,0.05238986760377884,correct,0
594,148,1,8,8,8,24,15,24,True,True,False,0.04910021647810936,correct,0
595,148,1,38,13,38,15,24,15,False,False,False,0.03250899165868759,other,25
596,149,0,36,13,36,29,14,17,False,False,False,0.022933801636099815,other,23
597,149,0,26,0,26,14,29,34,False,False,False,0.024344738572835922,other,26
598,149,1,26,45,26,29,14,6,False,False,False,0.025542767718434334,other,19
599,149,1,36,0,36,14,29,15,False,False,False,0.028541704639792442,other,36
600,150,0,43,10,43,24,17,8,False,False,False,0.04708314687013626,other,33
601,150,0,33,13,33,17,24,6,False,False,False,0.04594505578279495,other,20
602,150,1,33,32,33,24,17,6,False,False,True,0.04866991192102432,off_by_one,1
603,150,1,43,13,43,17,24,6,False,False,False,0.05449580401182175,other,30
604,151,0,33,35,33,21,18,17,False,False,False,0.04474467784166336,other,2
605,151,0,14,35,14,18,21,4,False,False,False,0.007818629965186119,other,21
606,151,1,14,13,14,21,18,17,False,False,True,0.016250282526016235,off_by_one,1
607,151,1,33,8,33,18,21,6,False,False,False,0.07062841951847076,other,25
608,152,0,37,0,37,20,6,6,False,False,False,0.01885676570236683,other,37
609,152,0,23,41,23,6,20,6,False,False,False,0.06972446292638779,other,18
610,152,1,23,35,23,20,6,7,False,False,False,0.0662219449877739,other,12
611,152,1,37,3,37,6,20,6,False,False,False,0.020374689251184464,other,34
612,153,0,48,6,48,2,19,6,False,False,False,0.02494889125227928,other,42
613,153,0,5,42,5,19,2,12,False,False,False,0.08497937768697739,other,37
614,153,1,5,41,5,2,19,15,False,False,False,0.0833796039223671,other,36
615,153,1,48,3,48,19,2,36,False,False,False,0.022230830043554306,other,45
616,154,0,3,22,3,5,1,6,False,False,False,0.05720319226384163,other,19
617,154,0,35,35,35,1,5,6,True,True,False,0.0506795197725296,correct,0
618,154,1,35,35,35,5,1,6,True,True,False,0.05653482303023338,correct,0
619,154,1,3,45,3,1,5,15,False,False,False,0.05340641736984253,other,42
620,155,0,7,7,7,14,24,15,True,True,False,0.02269645966589451,correct,0
621,155,0,15,13,15,24,14,34,False,False,False,0.0810745358467102,other,2
622,155,1,15,15,15,14,24,18,True,True,False,0.08153145760297775,correct,0
623,155,1,7,7,7,24,14,6,True,True,False,0.026168007403612137,correct,0
624,156,0,40,10,40,7,32,6,False,False,False,0.06556364893913269,other,30
625,156,0,30,48,30,32,7,15,False,False,False,0.06047600880265236,other,18
626,156,1,30,15,30,7,32,34,False,False,False,0.06730012595653534,other,15
627,156,1,40,13,40,32,7,6,False,False,False,0.061463650315999985,other,27
628,157,0,6,13,6,26,0,6,False,False,False,0.052333228290081024,other,7
629,157,0,25,32,25,0,26,34,False,False,False,0.025409016758203506,other,7
630,157,1,25,35,25,26,0,6,False,False,False,0.026462124660611153,other,10
631,157,1,6,28,6,0,26,34,False,False,False,0.04650045931339264,other,22
632,158,0,3,13,3,24,7,7,False,False,False,0.07382979243993759,other,10
633,158,0,31,8,31,7,24,18,False,False,False,0.11930625885725021,other,23
634,158,1,31,13,31,24,7,6,False,False,False,0.07632698118686676,other,18
635,158,1,3,45,3,7,24,6,False,False,False,0.08779241144657135,other,42
636,159,0,13,12,13,6,24,22,False,False,True,0.05940406024456024,off_by_one,1
637,159,0,23,13,23,24,6,6,False,False,False,0.22037328779697418,other,10
638,159,1,23,15,23,6,24,36,False,False,False,0.1584508717060089,other,8
639,159,1,13,22,13,24,6,6,False,False,False,0.04248795285820961,other,9
640,160,0,32,13,32,18,7,6,False,False,False,0.09867033362388611,other,19
641,160,0,12,8,12,7,18,6,False,False,False,0.07431904971599579,other,4
642,160,1,12,13,12,18,7,6,False,False,True,0.07788363099098206,off_by_one,1
643,160,1,32,8,32,7,18,6,False,False,False,0.08378195017576218,other,24
644,161,0,34,35,34,21,6,15,False,False,True,0.028067562729120255,off_by_one,1
645,161,0,46,3,46,6,21,6,False,False,False,0.011888328939676285,other,43
646,161,1,46,45,46,21,6,34,False,False,True,0.022094910964369774,off_by_one,1
647,161,1,34,23,34,6,21,6,False,False,False,0.02295493520796299,other,11
648,162,0,32,16,32,24,20,22,False,False,False,0.0811762884259224,other,16
649,162,0,24,13,24,20,24,17,False,False,False,0.026375209912657738,other,11
650,162,1,24,45,24,24,20,17,False,False,False,0.018393641337752342,other,21
651,162,1,32,29,32,20,24,7,False,False,False,0.04399919509887695,other,3
652,163,0,43,13,43,6,14,6,False,False,False,0.04964008182287216,other,30
653,163,0,34,10,34,14,6,6,False,False,False,0.03761397674679756,other,24
654,163,1,34,34,34,6,14,6,True,True,False,0.031072381883859634,correct,0
655,163,1,43,3,43,14,6,0,False,False,False,0.050823114812374115,other,40
656,164,0,10,11,10,15,18,32,False,False,True,0.008092893287539482,off_by_one,1
657,164,0,33,13,33,18,15,17,False,False,False,0.015272988937795162,other,20
658,164,1,33,3,33,15,18,15,False,False,False,0.007704671006649733,other,30
659,164,1,10,10,10,18,15,4,True,True,False,0.006921609863638878,correct,0
660,165,0,31,13,31,4,6,6,False,False,False,0.07022029906511307,other,18
661,165,0,15,8,15,6,4,22,False,False,False,0.09432021528482437,other,7
662,165,1,15,42,15,4,6,6,False,False,False,0.05688708648085594,other,27
663,165,1,31,6,31,6,4,6,False,False,False,0.06724907457828522,other,25
664,166,0,10,45,10,25,6,7,False,False,False,0.031281206756830215,other,35
665,166,0,33,13,33,6,25,6,False,False,False,0.05782674252986908,other,20
666,166,1,33,13,33,25,6,17,False,False,False,0.06977938860654831,other,20
667,166,1,10,15,10,6,25,6,False,False,False,0.04617132991552353,other,5
668,167,0,9,36,9,6,24,6,False,False,False,0.03652450069785118,other,27
669,167,0,30,31,30,24,6,16,False,False,True,0.09553121775388718,off_by_one,1
670,167,1,30,13,30,6,24,6,False,False,False,0.0865272656083107,other,17
671,167,1,9,32,9,24,6,7,False,False,False,0.035321466624736786,other,23
672,168,0,42,41,42,7,6,6,False,False,True,0.06795667111873627,off_by_one,1
673,168,0,47,47,47,6,7,6,True,True,False,0.038024332374334335,correct,0
674,168,1,47,47,47,7,6,6,True,True,False,0.03911956772208214,correct,0
675,168,1,42,42,42,6,7,6,True,True,False,0.06779729574918747,correct,0
676,169,0,48,13,48,26,16,6,False,False,False,0.042240388691425323,other,35
677,169,0,34,10,34,16,26,22,False,False,False,0.07437185943126678,other,24
678,169,1,34,13,34,26,16,6,False,False,False,0.047937605530023575,other,21
679,169,1,48,8,48,16,26,22,False,False,False,0.07106250524520874,other,40
680,170,0,23,15,23,6,0,6,False,False,False,0.020102262496948242,other,8
681,170,0,1,3,1,0,6,17,False,False,False,0.03409736603498459,other,2
682,170,1,1,45,1,6,0,6,False,False,False,0.0356176532804966,other,44
683,170,1,23,23,23,0,6,6,True,True,False,0.038835104554891586,correct,0
684,171,0,32,13,32,6,15,6,False,False,False,0.027150211855769157,other,19
685,171,0,18,25,18,15,6,22,False,False,False,0.06324464082717896,other,7
686,171,1,18,13,18,6,15,6,False,False,False,0.06388042122125626,other,5
687,171,1,32,10,32,15,6,18,False,False,False,0.030915070325136185,other,22
688,172,0,0,0,0,1,3,16,True,True,False,0.019657552242279053,correct,0
689,172,0,7,7,7,3,1,7,True,True,False,0.12888796627521515,correct,0
690,172,1,7,8,7,1,3,12,False,False,True,0.15156272053718567,off_by_one,1
691,172,1,0,13,0,3,1,17,False,False,False,0.03303762525320053,other,13
692,173,0,9,3,9,14,34,0,False,False,False,0.0174828190356493,other,6
693,173,0,0,13,0,34,14,30,False,False,False,0.035673730075359344,other,13
694,173,1,0,11,0,14,34,0,False,False,False,0.03665655106306076,other,11
695,173,1,9,13,9,34,14,4,False,False,False,0.02147623710334301,other,4
696,174,0,8,8,8,24,14,6,True,True,False,0.04368600621819496,correct,0
697,174,0,16,15,16,14,24,6,False,False,True,0.10241107642650604,off_by_one,1
698,174,1,16,15,16,24,14,7,False,False,True,0.08411132544279099,off_by_one,1
699,174,1,8,44,8,14,24,10,False,False,False,0.04997198283672333,other,36
700,175,0,38,28,38,15,6,10,False,False,False,0.012018103152513504,other,10
701,175,0,25,41,25,6,15,6,False,False,False,0.04833463579416275,other,16
702,175,1,25,10,25,15,6,15,False,False,False,0.046203870326280594,other,15
703,175,1,38,13,38,6,15,6,False,False,False,0.015253725461661816,other,25
704,176,0,42,15,42,25,18,12,False,False,False,0.06465676426887512,other,27
705,176,0,17,13,17,18,25,17,False,False,False,0.040817420929670334,other,4
706,176,1,17,45,17,25,18,19,False,False,False,0.0498652346432209,other,28
707,176,1,42,7,42,18,25,6,False,False,False,0.07062094658613205,other,35
708,177,0,6,41,6,6,24,6,False,False,False,0.11604208499193192,other,35
709,177,0,38,33,38,24,6,8,False,False,False,0.01936458796262741,other,5
710,177,1,38,13,38,6,24,6,False,False,False,0.008373230695724487,other,25
711,177,1,6,13,6,24,6,6,False,False,False,0.11417864263057709,other,7
712,178,0,36,11,36,35,29,0,False,False,False,0.02530263178050518,other,25
713,178,0,27,3,27,29,35,6,False,False,False,0.022987576201558113,other,24
714,178,1,27,1,27,35,29,16,False,False,False,0.019227931275963783,other,26
715,178,1,36,3,36,29,35,6,False,False,False,0.020082756876945496,other,33
716,179,0,46,13,46,6,0,6,False,False,False,0.010028272867202759,other,33
717,179,0,38,29,38,0,6,1,False,False,False,0.024810409173369408,other,9
718,179,1,38,13,38,6,0,6,False,False,False,0.02817794494330883,other,25
719,179,1,46,11,46,0,6,28,False,False,False,0.013289187103509903,other,35
720,180,0,14,35,14,3,16,30,False,False,False,0.023465601727366447,other,21
721,180,0,29,12,29,16,3,19,False,False,False,0.051755838096141815,other,17
722,180,1,29,8,29,3,16,6,False,False,False,0.07982528209686279,other,21
723,180,1,14,13,14,16,3,17,False,False,True,0.021538792178034782,off_by_one,1
724,181,0,45,45,45,23,14,17,True,True,False,0.0059150345623493195,correct,0
725,181,0,25,35,25,14,23,7,False,False,False,0.018310237675905228,other,10
726,181,1,25,35,25,23,14,16,False,False,False,0.018235260620713234,other,10
727,181,1,45,35,45,14,23,17,False,False,False,0.00459642056375742,other,10
728,182,0,5,41,5,2,14,6,False,False,False,0.04686398804187775,other,36
729,182,0,48,0,48,14,2,7,False,False,False,0.016792669892311096,other,48
730,182,1,48,45,48,2,14,18,False,False,False,0.016055921092629433,other,3
731,182,1,5,34,5,14,2,17,False,False,False,0.05013781785964966,other,29
732,183,0,21,13,21,5,7,6,False,False,False,0.08085586875677109,other,8
733,183,0,17,8,17,7,5,6,False,False,False,0.07915430516004562,other,9
734,183,1,17,13,17,5,7,6,False,False,False,0.05548489838838577,other,4
735,183,1,21,12,21,7,5,8,False,False,False,0.06984228640794754,other,9
736,184,0,23,35,23,6,1,6,False,False,False,0.0165980514138937,other,12
737,184,0,45,35,45,1,6,17,False,False,False,0.008225612342357635,other,10
738,184,1,45,45,45,6,1,4,True,True,False,0.01138423290103674,correct,0
739,184,1,23,35,23,1,6,34,False,False,False,0.016747446730732918,other,12
740,185,0,1,8,1,9,8,6,False,False,False,0.08928502351045609,other,7
741,185,0,30,13,30,8,9,6,False,False,False,0.035046305507421494,other,17
742,185,1,30,13,30,9,8,6,False,False,False,0.01633721962571144,other,17
743,185,1,1,0,1,8,9,6,False,False,True,0.06239879131317139,off_by_one,1
744,186,0,6,13,6,20,16,6,False,False,False,0.041941795498132706,other,7
745,186,0,17,10,17,16,20,27,False,False,False,0.0414988249540329,other,7
746,186,1,17,29,17,20,16,6,False,False,False,0.04910123348236084,other,12
747,186,1,6,13,6,16,20,0,False,False,False,0.045390114188194275,other,7
748,187,0,38,13,38,17,6,17,False,False,False,0.013079732656478882,other,25
749,187,0,29,45,29,6,17,6,False,False,False,0.03453739732503891,other,16
750,187,1,29,1,29,17,6,7,False,False,False,0.015702614560723305,other,28
751,187,1,38,13,38,6,17,4,False,False,False,0.010266972705721855,other,25
752,188,0,32,16,32,16,12,22,False,False,False,0.06988146156072617,other,16
753,188,0,9,13,9,12,16,6,False,False,False,0.07567382603883743,other,4
754,188,1,9,16,9,16,12,12,False,False,False,0.10065626353025436,other,7
755,188,1,32,13,32,12,16,17,False,False,False,0.057549744844436646,other,19
756,189,0,45,45,45,8,2,6,True,True,False,0.019861072301864624,correct,0
757,189,0,43,3,43,2,8,7,False,False,False,0.021436108276247978,other,40
758,189,1,43,13,43,8,2,17,False,False,False,0.026569997891783714,other,30
759,189,1,45,8,45,2,8,18,False,False,False,0.02893954887986183,other,37
760,190,0,27,13,27,32,18,7,False,False,False,0.017400601878762245,other,14
761,190,0,44,15,44,18,32,6,False,False,False,0.04666938632726669,other,29
762,190,1,44,35,44,32,18,15,False,False,False,0.038852378726005554,other,9
763,190,1,27,13,27,18,32,17,False,False,False,0.014057912863790989,other,14
764,191,0,29,11,29,15,12,24,False,False,False,0.022771302610635757,other,18
765,191,0,38,13,38,12,15,6,False,False,False,0.024058908224105835,other,25
766,191,1,38,10,38,15,12,18,False,False,False,0.011808617040514946,other,28
767,191,1,29,24,29,12,15,6,False,False,False,0.01708417758345604,other,5
768,192,0,27,13,27,35,28,17,False,False,False,0.030912967398762703,other,14
769,192,0,29,8,29,28,35,22,False,False,False,0.060557398945093155,other,21
770,192,1,29,11,29,35,28,6,False,False,False,0.052840813994407654,other,18
771,192,1,27,13,27,28,35,6,False,False,False,0.023002872243523598,other,14
772,193,0,19,36,19,21,22,6,False,False,False,0.059638988226652145,other,17
773,193,0,0,3,0,22,21,6,False,False,False,0.011656834743916988,other,3
774,193,1,0,13,0,21,22,17,False,False,False,0.026854848489165306,other,13
775,193,1,19,12,19,22,21,6,False,False,False,0.07625557482242584,other,7
776,194,0,24,13,24,7,6,6,False,False,False,0.014380213804543018,other,11
777,194,0,46,8,46,6,7,6,False,False,False,0.05539412796497345,other,38
778,194,1,46,3,46,7,6,20,False,False,False,0.030615154653787613,other,43
779,194,1,24,24,24,6,7,4,True,True,False,0.004774504341185093,correct,0
780,195,0,7,7,7,17,18,0,True,True,False,0.020468492060899734,correct,0
781,195,0,26,45,26,18,17,6,False,False,False,0.023686904460191727,other,19
782,195,1,26,35,26,17,18,15,False,False,False,0.022603623569011688,other,9
783,195,1,7,7,7,18,17,17,True,True,False,0.021021537482738495,correct,0
784,196,0,0,10,0,16,14,7,False,False,False,0.04658693075180054,other,10
785,196,0,22,13,22,14,16,16,False,False,False,0.06959132850170135,other,9
786,196,1,22,0,22,16,14,22,False,False,False,0.06767429411411285,other,22
787,196,1,0,13,0,14,16,17,False,False,False,0.026005903258919716,other,13
788,197,0,32,0,32,24,15,16,False,False,False,0.05221239849925041,other,32
789,197,0,9,13,9,15,24,17,False,False,False,0.05969592556357384,other,4
790,197,1,9,12,9,24,15,6,False,False,False,0.05856790393590927,other,3
791,197,1,32,13,32,15,24,6,False,False,False,0.05007960647344589,other,19
792,198,0,25,13,25,2,11,6,False,False,False,0.04213269427418709,other,12
793,198,0,27,29,27,11,2,27,False,False,False,0.020124224945902824,other,2
794,198,1,27,13,27,2,11,6,False,False,False,0.017701001837849617,other,14
795,198,1,25,35,25,11,2,16,False,False,False,0.03249933570623398,other,10
796,199,0,44,24,44,6,20,6,False,False,False,0.014404261484742165,other,20
797,199,0,31,11,31,20,6,6,False,False,False,0.07024914771318436,other,20
798,199,1,31,12,31,6,20,6,False,False,False,0.05814092606306076,other,19
799,199,1,44,13,44,20,6,6,False,False,False,0.023092713207006454,other,31
800,200,0,3,3,3,6,24,8,True,True,False,0.054470378905534744,correct,0
801,200,0,24,35,24,24,6,6,False,False,False,0.011515473946928978,other,11
802,200,1,24,13,24,6,24,6,False,False,False,0.019855735823512077,other,11
803,200,1,3,22,3,24,6,6,False,False,False,0.10079818218946457,other,19
804,201,0,38,13,38,14,16,14,False,False,False,0.007823025807738304,other,25
805,201,0,24,35,24,16,14,14,False,False,False,0.005575765855610371,other,11
806,201,1,24,35,24,14,16,17,False,False,False,0.0063410475850105286,other,11
807,201,1,38,29,38,16,14,14,False,False,False,0.0065202838741242886,other,9
808,202,0,32,13,32,18,16,6,False,False,False,0.017088787630200386,other,19
809,202,0,2,45,2,16,18,6,False,False,False,0.023638742044568062,other,43
810,202,1,2,45,2,18,16,6,False,False,False,0.025636615231633186,other,43
811,202,1,32,13,32,16,18,6,False,False,False,0.018652087077498436,other,19
812,203,0,39,12,39,6,36,6,False,False,False,0.08057873696088791,other,27
813,203,0,22,13,22,36,6,6,False,False,False,0.09244682639837265,other,9
814,203,1,22,12,22,6,36,6,False,False,False,0.0966663658618927,other,10
815,203,1,39,13,39,36,6,17,False,False,False,0.05534948408603668,other,26
816,204,0,12,13,12,30,31,6,False,False,True,0.01592736318707466,off_by_one,1
817,204,0,25,0,25,31,30,32,False,False,False,0.021935101598501205,other,25
818,204,1,25,35,25,30,31,6,False,False,False,0.01953853666782379,other,10
819,204,1,12,10,12,31,30,6,False,False,False,0.011321275494992733,other,2
820,205,0,17,13,17,6,14,6,False,False,False,0.04872935637831688,other,4
821,205,0,24,0,24,14,6,6,False,False,False,0.025932133197784424,other,24
822,205,1,24,13,24,6,14,6,False,False,False,0.023393822833895683,other,11
823,205,1,17,8,17,14,6,12,False,False,False,0.06501513719558716,other,9
824,206,0,40,35,40,16,15,6,False,False,False,0.05320676043629646,other,5
825,206,0,15,11,15,15,16,6,False,False,False,0.023462029173970222,other,4
826,206,1,15,15,15,16,15,18,True,True,False,0.026232199743390083,correct,0
827,206,1,40,22,40,15,16,16,False,False,False,0.04676089435815811,other,18
828,207,0,27,13,27,20,12,6,False,False,False,0.026567617431282997,other,14
829,207,0,20,16,20,12,20,22,False,False,False,0.08269400149583817,other,4
830,207,1,20,45,20,20,12,6,False,False,False,0.06544724851846695,other,25
831,207,1,27,13,27,12,20,6,False,False,False,0.02000335603952408,other,14
832,208,0,21,12,21,7,15,6,False,False,False,0.043578632175922394,other,9
833,208,0,0,13,0,15,7,7,False,False,False,0.0718560740351677,other,13
834,208,1,0,45,0,7,15,6,False,False,False,0.059984270483255386,other,45
835,208,1,21,21,21,15,7,6,True,True,False,0.019111715257167816,correct,0
836,209,0,32,13,32,39,7,6,False,False,False,0.04658595100045204,other,19
837,209,0,8,8,8,7,39,12,True,True,False,0.06059100478887558,correct,0
838,209,1,8,8,8,39,7,12,True,True,False,0.06089077144861221,correct,0
839,209,1,32,45,32,7,39,17,False,False,False,0.046490706503391266,other,13
840,210,0,33,13,33,6,2,6,False,False,False,0.009895682334899902,other,20
841,210,0,41,41,41,2,6,18,True,True,False,0.020630234852433205,correct,0
842,210,1,41,41,41,6,2,6,True,True,False,0.03229062259197235,correct,0
843,210,1,33,28,33,2,6,18,False,False,False,0.012003356590867043,other,5
844,211,0,44,13,44,26,6,6,False,False,False,0.022221827879548073,other,31
845,211,0,17,12,17,6,26,6,False,False,False,0.05911211669445038,other,5
846,211,1,17,3,17,26,6,6,False,False,False,0.04894430935382843,other,14
847,211,1,44,29,44,6,26,6,False,False,False,0.021919935941696167,other,15
848,212,0,26,35,26,6,19,6,False,False,False,0.019054638221859932,other,9
849,212,0,44,10,44,19,6,6,False,False,False,0.02324295975267887,other,34
850,212,1,44,35,44,6,19,6,False,False,False,0.01961180567741394,other,9
851,212,1,26,35,26,19,6,6,False,False,False,0.008516760542988777,other,9
852,213,0,36,3,36,6,22,6,False,False,False,0.033084042370319366,other,33
853,213,0,12,28,12,22,6,6,False,False,False,0.06857114285230637,other,16
854,213,1,12,12,12,6,22,6,True,True,False,0.06726852059364319,correct,0
855,213,1,36,13,36,22,6,6,False,False,False,0.026921739801764488,other,23
856,214,0,46,35,46,14,15,15,False,False,False,0.021367430686950684,other,11
857,214,0,12,3,12,15,14,17,False,False,False,0.010975956916809082,other,9
858,214,1,12,29,12,14,15,33,False,False,False,0.01337980106472969,other,17
859,214,1,46,3,46,15,14,6,False,False,False,0.012262756004929543,other,43
860,215,0,30,48,30,34,14,30,False,False,False,0.047661710530519485,other,18
861,215,0,24,35,24,14,34,15,False,False,False,0.008381462655961514,other,11
862,215,1,24,13,24,34,14,6,False,False,False,0.01595238782465458,other,11
863,215,1,30,2,30,14,34,6,False,False,False,0.05282623693346977,other,28
864,216,0,6,41,6,6,14,6,False,False,False,0.11354564875364304,other,35
865,216,0,3,13,3,14,6,7,False,False,False,0.027354929596185684,other,10
866,216,1,3,13,3,6,14,6,False,False,False,0.024959104135632515,other,10
867,216,1,6,12,6,14,6,18,False,False,False,0.14179092645645142,other,6
868,217,0,21,12,21,6,18,6,False,False,False,0.09395948797464371,other,9
869,217,0,36,13,36,18,6,6,False,False,False,0.02452901192009449,other,23
870,217,1,36,45,36,6,18,6,False,False,False,0.022091029211878777,other,9
871,217,1,21,21,21,18,6,6,True,True,False,0.0578339658677578,correct,0
872,218,0,27,45,27,18,30,6,False,False,False,0.02074548788368702,other,18
873,218,0,36,13,36,30,18,4,False,False,False,0.04773736000061035,other,23
874,218,1,36,45,36,18,30,22,False,False,False,0.06319446861743927,other,9
875,218,1,27,13,27,30,18,6,False,False,False,0.032750971615314484,other,14
876,219,0,41,25,41,20,14,24,False,False,False,0.15433311462402344,other,16
877,219,0,46,36,46,14,20,38,False,False,False,0.023104066029191017,other,10
878,219,1,46,6,46,20,14,17,False,False,False,0.03495115414261818,other,40
879,219,1,41,41,41,14,20,32,True,True,False,0.1540575921535492,correct,0
880,220,0,19,8,19,24,36,8,False,False,False,0.06349428743124008,other,11
881,220,0,41,13,41,36,24,6,False,False,False,0.03583649545907974,other,28
882,220,1,41,41,41,24,36,15,True,True,False,0.03468610718846321,correct,0
883,220,1,19,13,19,36,24,6,False,False,False,0.03835781663656235,other,6
884,221,0,36,13,36,6,15,6,False,False,False,0.020677009597420692,other,23
885,221,0,48,33,48,15,6,34,False,False,False,0.050105683505535126,other,15
886,221,1,48,13,48,6,15,6,False,False,False,0.04074636846780777,other,35
887,221,1,36,11,36,15,6,6,False,False,False,0.010771096684038639,other,25
888,222,0,23,15,23,27,16,34,False,False,False,0.017245104536414146,other,8
889,222,0,24,35,24,16,27,17,False,False,False,0.00533649604767561,other,11
890,222,1,24,35,24,27,16,14,False,False,False,0.0027757426723837852,other,11
891,222,1,23,35,23,16,27,17,False,False,False,0.024927889928221703,other,12
892,223,0,38,13,38,6,2,6,False,False,False,0.02222606912255287,other,25
893,223,0,4,35,4,2,6,6,False,False,False,0.01734243519604206,other,31
894,223,1,4,35,4,6,2,6,False,False,False,0.010440698824822903,other,31
895,223,1,38,29,38,2,6,6,False,False,False,0.019374025985598564,other,9
896,224,0,43,12,43,14,6,7,False,False,False,0.04456774890422821,other,31
897,224,0,38,13,38,6,14,6,False,False,False,0.016771072521805763,other,25
898,224,1,38,11,38,14,6,19,False,False,False,0.02323734387755394,other,27
899,224,1,43,13,43,6,14,6,False,False,False,0.03660774230957031,other,30
900,225,0,9,35,9,14,0,21,False,False,False,0.033889420330524445,other,26
901,225,0,47,45,47,0,14,6,False,False,False,0.012745717540383339,other,2
902,225,1,47,13,47,14,0,7,False,False,False,0.02182822674512863,other,34
903,225,1,9,8,9,0,14,18,False,False,True,0.052316538989543915,off_by_one,1
904,226,0,30,31,30,38,36,15,False,False,True,0.012063390575349331,off_by_one,1
905,226,0,38,3,38,36,38,15,False,False,False,0.019176946952939034,other,35
906,226,1,38,29,38,38,36,38,False,False,False,0.019831698387861252,other,9
907,226,1,30,48,30,36,38,17,False,False,False,0.009966992773115635,other,18
908,227,0,42,15,42,16,36,24,False,False,False,0.09817779064178467,other,27
909,227,0,25,13,25,36,16,17,False,False,False,0.038735441863536835,other,12
910,227,1,25,16,25,16,36,22,False,False,False,0.058823470026254654,other,9
911,227,1,42,42,42,36,16,6,True,True,False,0.14735078811645508,correct,0
912,228,0,12,10,12,6,39,18,False,False,False,0.05539306625723839,other,2
913,228,0,14,13,14,39,6,6,False,False,True,0.021616069599986076,off_by_one,1
914,228,1,14,45,14,6,39,8,False,False,False,0.013763884082436562,other,31
915,228,1,12,1,12,39,6,29,False,False,False,0.04462987929582596,other,11
916,229,0,24,10,24,6,26,6,False,False,False,0.0727970153093338,other,14
917,229,0,5,7,5,26,6,6,False,False,False,0.03869444876909256,other,2
918,229,1,5,41,5,6,26,6,False,False,False,0.036133162677288055,other,36
919,229,1,24,35,24,26,6,24,False,False,False,0.061198532581329346,other,11
920,230,0,40,3,40,7,15,17,False,False,False,0.009301760233938694,other,37
921,230,0,27,10,27,15,7,18,False,False,False,0.043424032628536224,other,17
922,230,1,27,11,27,7,15,6,False,False,False,0.05278909206390381,other,16
923,230,1,40,13,40,15,7,6,False,False,False,0.013450026512145996,other,27
924,231,0,35,35,35,6,2,6,True,True,False,0.007252770476043224,correct,0
925,231,0,40,45,40,2,6,34,False,False,False,0.016972757875919342,other,5
926,231,1,40,3,40,6,2,6,False,False,False,0.009082629345357418,other,37
927,231,1,35,35,35,2,6,18,True,True,False,0.003463385859504342,correct,0
928,232,0,42,42,42,1,17,6,True,True,False,0.09206657111644745,correct,0
929,232,0,19,13,19,17,1,17,False,False,False,0.02576274238526821,other,6
930,232,1,19,10,19,1,17,6,False,False,False,0.025949666276574135,other,9
931,232,1,42,5,42,17,1,6,False,False,False,0.11631998419761658,other,37
932,233,0,37,2,37,36,26,21,False,False,False,0.061669960618019104,other,35
933,233,0,42,42,42,26,36,26,True,True,False,0.13612084090709686,correct,0
934,233,1,42,42,42,36,26,6,True,True,False,0.17137037217617035,correct,0
935,233,1,37,13,37,26,36,26,False,False,False,0.0729985386133194,other,24
936,234,0,23,35,23,15,18,15,False,False,False,0.012165281921625137,other,12
937,234,0,30,35,30,18,15,6,False,False,False,0.027380168437957764,other,5
938,234,1,30,48,30,15,18,17,False,False,False,0.02231052704155445,other,18
939,234,1,23,35,23,18,15,18,False,False,False,0.01064685545861721,other,12
940,235,0,41,4,41,6,24,22,False,False,False,0.034058064222335815,other,37
941,235,0,39,13,39,24,6,6,False,False,False,0.02098623663187027,other,26
942,235,1,39,13,39,6,24,6,False,False,False,0.013876674696803093,other,26
943,235,1,41,35,41,24,6,6,False,False,False,0.02797834947705269,other,6
944,236,0,33,13,33,1,6,6,False,False,False,0.06158129870891571,other,20
945,236,0,29,45,29,6,1,6,False,False,False,0.06454131752252579,other,16
946,236,1,29,15,29,1,6,6,False,False,False,0.044473644345998764,other,14
947,236,1,33,48,33,6,1,6,False,False,False,0.05498301237821579,other,15
948,237,0,7,7,7,0,24,25,True,True,False,0.03188456594944,correct,0
949,237,0,43,10,43,24,0,27,False,False,False,0.0547618605196476,other,33
950,237,1,43,13,43,0,24,6,False,False,False,0.05416036769747734,other,30
951,237,1,7,7,7,24,0,6,True,True,False,0.020292196422815323,correct,0
952,238,0,9,13,9,12,17,4,False,False,False,0.016411222517490387,other,4
953,238,0,28,45,28,17,12,6,False,False,False,0.022076115012168884,other,17
954,238,1,28,45,28,12,17,6,False,False,False,0.02561865746974945,other,17
955,238,1,9,35,9,17,12,18,False,False,False,0.03327435255050659,other,26
956,239,0,23,35,23,22,16,6,False,False,False,0.022607121616601944,other,12
957,239,0,25,35,25,16,22,34,False,False,False,0.03199753910303116,other,10
958,239,1,25,13,25,22,16,6,False,False,False,0.03292197734117508,other,12
959,239,1,23,35,23,16,22,6,False,False,False,0.01859075203537941,other,12
960,240,0,45,45,45,26,27,6,True,True,False,0.017792796716094017,correct,0
961,240,0,10,45,10,27,26,32,False,False,False,0.0162386242300272,other,35
962,240,1,10,13,10,26,27,4,False,False,False,0.02006390504539013,other,3
963,240,1,45,15,45,27,26,32,False,False,False,0.016416946426033974,other,30
964,241,0,21,13,21,7,14,17,False,False,False,0.03613699972629547,other,8
965,241,0,43,0,43,14,7,0,False,False,False,0.04592403024435043,other,43
966,241,1,43,10,43,7,14,7,False,False,False,0.06117516756057739,other,33
967,241,1,21,13,21,14,7,6,False,False,False,0.040938444435596466,other,8
968,242,0,37,3,37,2,8,6,False,False,False,0.0062949154525995255,other,34
969,242,0,4,41,4,8,2,6,False,False,False,0.014025443233549595,other,37
970,242,1,4,15,4,2,8,18,False,False,False,0.018986256793141365,other,11
971,242,1,37,48,37,8,2,6,False,False,False,0.016919922083616257,other,11
972,243,0,35,35,35,14,3,17,True,True,False,0.015059669502079487,correct,0
973,243,0,20,2,20,3,14,6,False,False,False,0.051766857504844666,other,18
974,243,1,20,11,20,14,3,27,False,False,False,0.04151614010334015,other,9
975,243,1,35,35,35,3,14,4,True,True,False,0.015062201768159866,correct,0
976,244,0,4,13,4,18,15,17,False,False,False,0.024525059387087822,other,9
977,244,0,19,8,19,15,18,8,False,False,False,0.08864469081163406,other,11
978,244,1,19,13,19,18,15,6,False,False,False,0.06639023125171661,other,6
979,244,1,4,35,4,15,18,32,False,False,False,0.015243222005665302,other,31
980,245,0,11,35,11,7,27,6,False,False,False,0.021580928936600685,other,24
981,245,0,40,13,40,27,7,14,False,False,False,0.022575700655579567,other,27
982,245,1,40,13,40,7,27,32,False,False,False,0.025103824213147163,other,27
983,245,1,11,1,11,27,7,17,False,False,False,0.01715952157974243,other,10
984,246,0,24,13,24,6,39,6,False,False,False,0.05181726813316345,other,11
985,246,0,28,11,28,39,6,22,False,False,False,0.04647333174943924,other,17
986,246,1,28,13,28,6,39,6,False,False,False,0.03728301450610161,other,15
987,246,1,24,15,24,39,6,6,False,False,False,0.054412320256233215,other,9
988,247,0,48,13,48,20,15,6,False,False,False,0.03206164762377739,other,35
989,247,0,8,8,8,15,20,16,True,True,False,0.02022961527109146,correct,0
990,247,1,8,8,8,20,15,6,True,True,False,0.03816802427172661,correct,0
991,247,1,48,13,48,15,20,6,False,False,False,0.02671712264418602,other,35
992,248,0,15,15,15,27,16,16,True,True,False,0.014841102063655853,correct,0
993,248,0,32,13,32,16,27,6,False,False,False,0.01454821415245533,other,19
994,248,1,32,13,32,27,16,6,False,False,False,0.016950270161032677,other,19
995,248,1,15,15,15,16,27,18,True,True,False,0.045631248503923416,correct,0
996,249,0,11,8,11,38,39,6,False,False,False,0.05341963469982147,other,3
997,249,0,18,13,18,39,38,17,False,False,False,0.035315196961164474,other,5
998,249,1,18,3,18,38,39,38,False,False,False,0.014911307021975517,other,15
999,249,1,11,11,11,39,38,17,True,True,False,0.043276287615299225,correct,0
1000,250,0,45,24,45,38,18,19,False,False,False,0.01883770525455475,other,21
1001,250,0,23,41,23,18,38,6,False,False,False,0.041942011564970016,other,18
1002,250,1,23,45,23,38,18,33,False,False,False,0.06185336410999298,other,22
1003,250,1,45,45,45,18,38,6,True,True,False,0.01927093416452408,correct,0
1004,251,0,7,7,7,8,14,6,True,True,False,0.024076059460639954,correct,0
1005,251,0,37,45,37,14,8,15,False,False,False,0.06011378765106201,other,8
1006,251,1,37,6,37,8,14,6,False,False,False,0.05094769969582558,other,31
1007,251,1,7,15,7,14,8,32,False,False,False,0.041535910218954086,other,8
1008,252,0,4,35,4,7,6,6,False,False,False,0.012372397817671299,other,31
1009,252,0,48,2,48,6,7,6,False,False,False,0.023621361702680588,other,46
1010,252,1,48,10,48,7,6,6,False,False,False,0.029111899435520172,other,38
1011,252,1,4,35,4,6,7,6,False,False,False,0.013886812143027782,other,31
1012,253,0,30,31,30,14,24,27,False,False,True,0.021036354824900627,off_by_one,1
1013,253,0,27,13,27,24,14,4,False,False,False,0.0229724682867527,other,14
1014,253,1,27,10,27,14,24,34,False,False,False,0.030759191140532494,other,17
1015,253,1,30,13,30,24,14,6,False,False,False,0.02279043197631836,other,17
1016,254,0,47,13,47,2,6,6,False,False,False,0.05055854469537735,other,34
1017,254,0,6,13,6,6,2,6,False,False,False,0.10487814247608185,other,7
1018,254,1,6,22,6,2,6,6,False,False,False,0.11183708161115646,other,16
1019,254,1,47,47,47,6,2,6,True,True,False,0.052730780094861984,correct,0
1020,255,0,4,35,4,7,38,17,False,False,False,0.011795955710113049,other,31
1021,255,0,19,3,19,38,7,38,False,False,False,0.03934651240706444,other,16
1022,255,1,19,11,19,7,38,7,False,False,False,0.037945374846458435,other,8
1023,255,1,4,13,4,38,7,17,False,False,False,0.02072256989777088,other,9
1024,256,0,6,35,6,14,16,15,False,False,False,0.027755385264754295,other,29
1025,256,0,43,6,43,16,14,17,False,False,False,0.028915584087371826,other,37
1026,256,1,43,1,43,14,16,0,False,False,False,0.028764545917510986,other,42
1027,256,1,6,36,6,16,14,17,False,False,False,0.018681975081562996,other,30
1028,257,0,20,13,20,14,24,16,False,False,False,0.025897854939103127,other,7
1029,257,0,6,15,6,24,14,7,False,False,False,0.05767584592103958,other,9
1030,257,1,6,3,6,14,24,16,False,False,False,0.053799595683813095,other,3
1031,257,1,20,3,20,24,14,7,False,False,False,0.02533368580043316,other,17
1032,258,0,33,13,33,5,6,4,False,False,False,0.056950125843286514,other,20
1033,258,0,8,8,8,6,5,6,True,True,False,0.12253408133983612,correct,0
1034,258,1,8,8,8,5,6,6,True,True,False,0.13673093914985657,correct,0
1035,258,1,33,10,33,6,5,6,False,False,False,0.06571666896343231,other,23
1036,259,0,3,13,3,7,6,7,False,False,False,0.0854448676109314,other,10
1037,259,0,13,8,13,6,7,6,False,False,False,0.0705973207950592,other,5
1038,259,1,13,3,13,7,6,6,False,False,False,0.06456013023853302,other,10
1039,259,1,3,3,3,6,7,6,True,True,False,0.0661318302154541,correct,0
1040,260,0,4,22,4,28,29,17,False,False,False,0.015176613815128803,other,18
1041,260,0,40,35,40,29,28,6,False,False,False,0.012267804704606533,other,5
1042,260,1,40,35,40,28,29,15,False,False,False,0.020722806453704834,other,5
1043,260,1,4,45,4,29,28,7,False,False,False,0.016917457804083824,other,41
1044,261,0,35,13,35,11,13,17,False,False,False,0.016492320224642754,other,22
1045,261,0,10,8,10,13,11,6,False,False,False,0.0701054111123085,other,2
1046,261,1,10,12,10,11,13,36,False,False,False,0.0434628427028656,other,2
1047,261,1,35,6,35,13,11,6,False,False,False,0.013363612815737724,other,29
1048,262,0,20,2,20,13,12,6,False,False,False,0.0652703121304512,other,18
1049,262,0,31,13,31,12,13,6,False,False,False,0.07338841259479523,other,18
1050,262,1,31,12,31,13,12,6,False,False,False,0.08344180881977081,other,19
1051,262,1,20,13,20,12,13,6,False,False,False,0.062001317739486694,other,7
1052,263,0,11,8,11,7,26,6,False,False,False,0.09891674667596817,other,3
1053,263,0,37,13,37,26,7,6,False,False,False,0.06295516341924667,other,24
1054,263,1,37,3,37,7,26,17,False,False,False,0.04172629863023758,other,34
1055,263,1,11,28,11,26,7,4,False,False,False,0.0971173569560051,other,17
1056,264,0,20,10,20,16,15,18,False,False,False,0.06676784157752991,other,10
1057,264,0,44,13,44,15,16,7,False,False,False,0.032068490982055664,other,31
1058,264,1,44,15,44,16,15,14,False,False,False,0.023415477946400642,other,29
1059,264,1,20,13,20,15,16,20,False,False,False,0.04023256525397301,other,7
1060,265,0,8,15,8,16,14,24,False,False,False,0.09067334234714508,other,7
1061,265,0,9,13,9,14,16,17,False,False,False,0.042865779250860214,other,4
1062,265,1,9,11,9,16,14,7,False,False,False,0.05810246616601944,other,2
1063,265,1,8,13,8,14,16,6,False,False,False,0.05882350355386734,other,5
1064,266,0,40,36,40,18,14,21,False,False,False,0.024703621864318848,other,4
1065,266,0,2,36,2,14,18,38,False,False,False,0.010304166935384274,other,34
1066,266,1,2,6,2,18,14,17,False,False,False,0.022993799299001694,other,4
1067,266,1,40,45,40,14,18,32,False,False,False,0.018278557807207108,other,5
1068,267,0,40,24,40,24,18,6,False,False,False,0.027059711515903473,other,16
1069,267,0,31,13,31,18,24,4,False,False,False,0.06969444453716278,other,18
1070,267,1,31,10,31,24,18,6,False,False,False,0.06306083500385284,other,21
1071,267,1,40,47,40,18,24,6,False,False,False,0.0314425565302372,other,7
1072,268,0,42,42,42,18,14,6,True,True,False,0.013981609605252743,correct,0
1073,268,0,48,28,48,14,18,16,False,False,False,0.030317166820168495,other,20
1074,268,1,48,13,48,18,14,6,False,False,False,0.03199111297726631,other,35
1075,268,1,42,15,42,14,18,20,False,False,False,0.03069433756172657,other,27
1076,269,0,18,45,18,21,0,7,False,False,False,0.02302827499806881,other,27
1077,269,0,2,13,2,0,21,7,False,False,False,0.01541408896446228,other,11
1078,269,1,2,13,2,21,0,17,False,False,False,0.029939524829387665,other,11
1079,269,1,18,45,18,0,21,6,False,False,False,0.0386088602244854,other,27
1080,270,0,0,36,0,15,12,17,False,False,False,0.01910676807165146,other,36
1081,270,0,13,10,13,12,15,17,False,False,False,0.028671471402049065,other,3
1082,270,1,13,10,13,15,12,34,False,False,False,0.028862683102488518,other,3
1083,270,1,0,13,0,12,15,6,False,False,False,0.02679338864982128,other,13
1084,271,0,44,47,44,6,24,6,False,False,False,0.0471627414226532,other,3
1085,271,0,46,29,46,24,6,6,False,False,False,0.045590560883283615,other,17
1086,271,1,46,13,46,6,24,6,False,False,False,0.03788211569190025,other,33
1087,271,1,44,10,44,24,6,6,False,False,False,0.05625862255692482,other,34
1088,272,0,18,2,18,9,20,6,False,False,False,0.03584642335772514,other,16
1089,272,0,29,13,29,20,9,6,False,False,False,0.04117952659726143,other,16
1090,272,1,29,15,29,9,20,6,False,False,False,0.04136071726679802,other,14
1091,272,1,18,13,18,20,9,6,False,False,False,0.026637382805347443,other,5
1092,273,0,15,15,15,14,17,22,True,True,False,0.13097603619098663,correct,0
1093,273,0,42,5,42,17,14,6,False,False,False,0.08090534061193466,other,37
1094,273,1,42,15,42,14,17,31,False,False,False,0.062432315200567245,other,27
1095,273,1,15,7,15,17,14,0,False,False,False,0.0880512222647667,other,8
1096,274,0,11,13,11,1,2,6,False,False,False,0.04285323619842529,other,2
1097,274,0,18,12,18,2,1,6,False,False,False,0.06181047484278679,other,6
1098,274,1,18,3,18,1,2,20,False,False,False,0.05537988618016243,other,15
1099,274,1,11,11,11,2,1,18,True,True,False,0.04429655894637108,correct,0
1100,275,0,47,13,47,36,18,6,False,False,False,0.023166274651885033,other,34
1101,275,0,10,15,10,18,36,18,False,False,False,0.08210011571645737,other,5
1102,275,1,10,10,10,36,18,4,True,True,False,0.07404183596372604,correct,0
1103,275,1,47,41,47,18,36,6,False,False,False,0.015835177153348923,other,6
1104,276,0,47,34,47,17,16,7,False,False,False,0.038294121623039246,other,13
1105,276,0,44,11,44,16,17,6,False,False,False,0.03248482570052147,other,33
1106,276,1,44,13,44,17,16,17,False,False,False,0.0244137030094862,other,31
1107,276,1,47,11,47,16,17,12,False,False,False,0.037788696587085724,other,36
1108,277,0,36,13,36,0,23,17,False,False,False,0.013275927864015102,other,23
1109,277,0,35,10,35,23,0,34,False,False,False,0.06568066775798798,other,25
1110,277,1,35,35,35,0,23,17,True,True,False,0.05846279859542847,correct,0
1111,277,1,36,3,36,23,0,17,False,False,False,0.012838862836360931,other,33
1112,278,0,7,7,7,27,24,16,True,True,False,0.03654427453875542,correct,0
1113,278,0,37,6,37,24,27,17,False,False,False,0.02420179732143879,other,31
1114,278,1,37,2,37,27,24,27,False,False,False,0.019325099885463715,other,35
1115,278,1,7,7,7,24,27,17,True,True,False,0.029558729380369186,correct,0
1116,279,0,48,13,48,36,27,17,False,False,False,0.022621314972639084,other,35
1117,279,0,24,15,24,27,36,15,False,False,False,0.013139070011675358,other,9
1118,279,1,24,35,24,36,27,17,False,False,False,0.006010893266648054,other,11
1119,279,1,48,3,48,27,36,38,False,False,False,0.019798196852207184,other,45
1120,280,0,16,16,16,22,6,6,True,True,False,0.06869149208068848,correct,0
1121,280,0,10,48,10,6,22,6,False,False,False,0.01207854226231575,other,38
1122,280,1,10,13,10,22,6,6,False,False,False,0.022171292454004288,other,3
1123,280,1,16,15,16,6,22,6,False,False,True,0.08943019062280655,off_by_one,1
1124,281,0,34,13,34,19,7,6,False,False,False,0.025878258049488068,other,21
1125,281,0,9,32,9,7,19,6,False,False,False,0.039638444781303406,other,23
1126,281,1,9,8,9,19,7,6,False,False,True,0.0322873555123806,off_by_one,1
1127,281,1,34,13,34,7,19,6,False,False,False,0.026729431003332138,other,21
1128,282,0,42,42,42,5,6,6,True,True,False,0.1344863325357437,correct,0
1129,282,0,38,13,38,6,5,6,False,False,False,0.029904769733548164,other,25
1130,282,1,38,13,38,5,6,4,False,False,False,0.019791116937994957,other,25
1131,282,1,42,42,42,6,5,6,True,True,False,0.13329483568668365,correct,0
1132,283,0,39,13,39,6,7,6,False,False,False,0.033343132585287094,other,26
1133,283,0,28,8,28,7,6,6,False,False,False,0.0693497434258461,other,20
1134,283,1,28,24,28,6,7,6,False,False,False,0.057280443608760834,other,4
1135,283,1,39,12,39,7,6,6,False,False,False,0.017651204019784927,other,27
1136,284,0,17,29,17,31,18,0,False,False,False,0.03436176851391792,other,12
1137,284,0,16,15,16,18,31,34,False,False,True,0.022133538499474525,off_by_one,1
1138,284,1,16,47,16,31,18,25,False,False,False,0.03477741405367851,other,31
1139,284,1,17,32,17,18,31,6,False,False,False,0.0506150983273983,other,15
1140,285,0,37,48,37,18,6,4,False,False,False,0.019523316994309425,other,11
1141,285,0,20,2,20,6,18,6,False,False,False,0.07477620244026184,other,18
1142,285,1,20,38,20,18,6,6,False,False,False,0.05626864731311798,other,18
1143,285,1,37,3,37,6,18,6,False,False,False,0.010988254100084305,other,34
1144,286,0,9,13,9,6,2,6,False,False,False,0.011630689725279808,other,4
1145,286,0,11,10,11,2,6,6,False,False,True,0.03967214748263359,off_by_one,1
1146,286,1,11,13,11,6,2,6,False,False,False,0.053031425923109055,other,2
1147,286,1,9,10,9,2,6,18,False,False,True,0.011729616671800613,off_by_one,1
1148,287,0,22,13,22,18,14,17,False,False,False,0.0577300526201725,other,9
1149,287,0,6,13,6,14,18,12,False,False,False,0.0939197912812233,other,7
1150,287,1,6,13,6,18,14,6,False,False,False,0.05927329510450363,other,7
1151,287,1,22,12,22,14,18,6,False,False,False,0.08495759218931198,other,10
1152,288,0,33,33,33,36,18,4,True,True,False,0.04135802760720253,correct,0
1153,288,0,38,29,38,18,36,6,False,False,False,0.006985472980886698,other,9
1154,288,1,38,13,38,36,18,6,False,False,False,0.014712689444422722,other,25
1155,288,1,33,12,33,18,36,6,False,False,False,0.056664180010557175,other,21
1156,289,0,37,3,37,19,2,6,False,False,False,0.008501886390149593,other,34
1157,289,0,47,24,47,2,19,6,False,False,False,0.022005179896950722,other,23
1158,289,1,47,24,47,19,2,6,False,False,False,0.019471438601613045,other,23
1159,289,1,37,48,37,2,19,6,False,False,False,0.011191150173544884,other,11
1160,290,0,6,13,6,15,14,6,False,False,False,0.02272503450512886,other,7
1161,290,0,17,45,17,14,15,6,False,False,False,0.04155530780553818,other,28
1162,290,1,17,36,17,15,14,15,False,False,False,0.02176108956336975,other,19
1163,290,1,6,35,6,14,15,16,False,False,False,0.02574601210653782,other,29
1164,291,0,17,0,17,36,18,6,False,False,False,0.012278277426958084,other,17
1165,291,0,21,13,21,18,36,6,False,False,False,0.08267509192228317,other,8
1166,291,1,21,21,21,36,18,6,True,True,False,0.08298555016517639,correct,0
1167,291,1,17,12,17,18,36,18,False,False,False,0.03303106129169464,other,5
1168,292,0,3,13,3,26,7,6,False,False,False,0.09009342640638351,other,10
1169,292,0,40,45,40,7,26,6,False,False,False,0.0235500056296587,other,5
1170,292,1,40,13,40,26,7,6,False,False,False,0.03595977649092674,other,27
1171,292,1,3,8,3,7,26,5,False,False,False,0.11547698825597763,other,5
1172,293,0,1,29,1,16,18,0,False,False,False,0.016634954139590263,other,28
1173,293,0,23,41,23,18,16,6,False,False,False,0.031120993196964264,other,18
1174,293,1,23,35,23,16,18,15,False,False,False,0.044706378132104874,other,12
1175,293,1,1,13,1,18,16,17,False,False,False,0.018258456140756607,other,12
1176,294,0,47,11,47,16,27,27,False,False,False,0.042645372450351715,other,36
1177,294,0,26,13,26,27,16,17,False,False,False,0.026106445118784904,other,13
1178,294,1,26,15,26,16,27,6,False,False,False,0.03800022602081299,other,11
1179,294,1,47,7,47,27,16,7,False,False,False,0.031064001843333244,other,40
1180,295,0,42,42,42,20,6,6,True,True,False,0.040026865899562836,correct,0
1181,295,0,46,13,46,6,20,15,False,False,False,0.026760682463645935,other,33
1182,295,1,46,13,46,20,6,17,False,False,False,0.028455788269639015,other,33
1183,295,1,42,42,42,6,20,26,True,True,False,0.03643462061882019,correct,0
1184,296,0,15,34,15,18,25,6,False,False,False,0.037959564477205276,other,19
1185,296,0,43,3,43,25,18,23,False,False,False,0.023870224133133888,other,40
1186,296,1,43,13,43,18,25,6,False,False,False,0.024494143202900887,other,30
1187,296,1,15,7,15,25,18,25,False,False,False,0.03170839324593544,other,8
1188,297,0,27,8,27,16,18,22,False,False,False,0.07918521761894226,other,19
1189,297,0,14,13,14,18,16,6,False,False,True,0.015590887516736984,off_by_one,1
1190,297,1,14,35,14,16,18,35,False,False,False,0.010169127024710178,other,21
1191,297,1,27,3,27,18,16,4,False,False,False,0.06296530365943909,other,24
1192,298,0,34,41,34,6,4,6,False,False,False,0.01641690544784069,other,7
1193,298,0,27,35,27,4,6,4,False,False,False,0.02494128607213497,other,8
1194,298,1,27,45,27,6,4,6,False,False,False,0.030574532225728035,other,18
1195,298,1,34,7,34,4,6,6,False,False,False,0.012369055300951004,other,27
1196,299,0,46,13,46,14,16,17,False,False,False,0.028919219970703125,other,33
1197,299,0,8,8,8,16,14,12,True,True,False,0.03604511544108391,correct,0
1198,299,1,8,13,8,14,16,16,False,False,False,0.030123049393296242,other,5
1199,299,1,46,10,46,16,14,7,False,False,False,0.03776520863175392,other,36
1200,300,0,19,12,19,3,2,6,False,False,False,0.051341697573661804,other,7
1201,300,0,43,13,43,2,3,6,False,False,False,0.022651221603155136,other,30
1202,300,1,43,13,43,3,2,36,False,False,False,0.012138617224991322,other,30
1203,300,1,19,3,19,2,3,8,False,False,False,0.04350489377975464,other,16
1204,301,0,20,45,20,18,17,6,False,False,False,0.024184420704841614,other,25
1205,301,0,27,28,27,17,18,6,False,False,True,0.014104609377682209,off_by_one,1
1206,301,1,27,36,27,18,17,30,False,False,False,0.01279898639768362,other,9
1207,301,1,20,35,20,17,18,17,False,False,False,0.02803090028464794,other,15
1208,302,0,18,13,18,2,6,6,False,False,False,0.037125423550605774,other,5
1209,302,0,15,15,15,6,2,34,True,True,False,0.01689118891954422,correct,0
1210,302,1,15,8,15,2,6,18,False,False,False,0.02665012702345848,other,7
1211,302,1,18,13,18,6,2,6,False,False,False,0.04247177019715309,other,5
1212,303,0,14,10,14,9,6,6,False,False,False,0.03262549266219139,other,4
1213,303,0,4,35,4,6,9,6,False,False,False,0.015180261805653572,other,31
1214,303,1,4,35,4,9,6,29,False,False,False,0.015163666568696499,other,31
1215,303,1,14,35,14,6,9,6,False,False,False,0.029501425102353096,other,21
1216,304,0,46,13,46,12,14,6,False,False,False,0.03279511630535126,other,33
1217,304,0,20,10,20,14,12,27,False,False,False,0.035899996757507324,other,10
1218,304,1,20,16,20,12,14,6,False,False,False,0.055786557495594025,other,4
1219,304,1,46,13,46,14,12,17,False,False,False,0.0343761183321476,other,33
1220,305,0,30,48,30,2,6,6,False,False,False,0.08180519193410873,other,18
1221,305,0,47,47,47,6,2,6,True,True,False,0.02317393757402897,correct,0
1222,305,1,47,13,47,2,6,6,False,False,False,0.03085722215473652,other,34
1223,305,1,30,8,30,6,2,6,False,False,False,0.10527786612510681,other,22
1224,306,0,2,2,2,14,36,27,True,True,False,0.008001909591257572,correct,0
1225,306,0,43,33,43,36,14,17,False,False,False,0.00686509907245636,other,10
1226,306,1,43,11,43,14,36,6,False,False,False,0.011635854840278625,other,32
1227,306,1,2,6,2,36,14,17,False,False,False,0.019946467131376266,other,4
1228,307,0,6,35,6,9,11,17,False,False,False,0.048124607652425766,other,29
1229,307,0,7,7,7,11,9,31,True,True,False,0.023624751716852188,correct,0
1230,307,1,7,7,7,9,11,17,True,True,False,0.019737912341952324,correct,0
1231,307,1,6,10,6,11,9,27,False,False,False,0.04453914985060692,other,4
1232,308,0,20,13,20,18,24,6,False,False,False,0.0744757428765297,other,7
1233,308,0,11,11,11,24,18,6,True,True,False,0.06526970863342285,correct,0
1234,308,1,11,15,11,18,24,18,False,False,False,0.07869185507297516,other,4
1235,308,1,20,22,20,24,18,6,False,False,False,0.0770476758480072,other,2
1236,309,0,3,3,3,2,6,6,True,True,False,0.050203707069158554,correct,0
1237,309,0,25,35,25,6,2,6,False,False,False,0.010935011319816113,other,10
1238,309,1,25,13,25,2,6,6,False,False,False,0.017460398375988007,other,12
1239,309,1,3,8,3,6,2,6,False,False,False,0.08190649747848511,other,5
1240,310,0,8,8,8,17,18,6,True,True,False,0.05023818463087082,correct,0
1241,310,0,48,13,48,18,17,6,False,False,False,0.037779465317726135,other,35
1242,310,1,48,13,48,17,18,6,False,False,False,0.028003718703985214,other,35
1243,310,1,8,8,8,18,17,6,True,True,False,0.06798858940601349,correct,0
1244,311,0,11,11,11,17,1,26,True,True,False,0.018040983006358147,correct,0
1245,311,0,34,13,34,1,17,0,False,False,False,0.02615143544971943,other,21
1246,311,1,34,35,34,17,1,15,False,False,True,0.0308877881616354,off_by_one,1
1247,311,1,11,11,11,1,17,27,True,True,False,0.023914670571684837,correct,0
1248,312,0,34,41,34,18,36,15,False,False,False,0.02690158784389496,other,7
1249,312,0,33,10,33,36,18,36,False,False,False,0.022941874340176582,other,23
1250,312,1,33,10,33,18,36,18,False,False,False,0.025819052010774612,other,23
1251,312,1,34,41,34,36,18,6,False,False,False,0.028778178617358208,other,7
1252,313,0,4,13,4,15,16,17,False,False,False,0.036122314631938934,other,9
1253,313,0,42,7,42,16,15,24,False,False,False,0.025047024711966515,other,35
1254,313,1,42,42,42,15,16,7,True,True,False,0.029521776363253593,correct,0
1255,313,1,4,15,4,16,15,6,False,False,False,0.0414569154381752,other,11
1256,314,0,33,13,33,18,24,6,False,False,False,0.02309861220419407,other,20
1257,314,0,3,22,3,24,18,5,False,False,False,0.071598120033741,other,19
1258,314,1,3,8,3,18,24,26,False,False,False,0.071840800344944,other,5
1259,314,1,33,13,33,24,18,6,False,False,False,0.028841089457273483,other,20
1260,315,0,45,35,45,21,0,21,False,False,False,0.010272652842104435,other,10
1261,315,0,12,11,12,0,21,0,False,False,True,0.015417588874697685,off_by_one,1
1262,315,1,12,13,12,21,0,17,False,False,True,0.0271129347383976,off_by_one,1
1263,315,1,45,24,45,0,21,34,False,False,False,0.015663955360651016,other,21
1264,316,0,15,15,15,16,36,12,True,True,False,0.06656546890735626,correct,0
1265,316,0,4,13,4,36,16,17,False,False,False,0.03808148577809334,other,9
1266,316,1,4,15,4,16,36,6,False,False,False,0.03271664306521416,other,11
1267,316,1,15,13,15,36,16,17,False,False,False,0.04570171609520912,other,2
1268,317,0,40,13,40,8,7,6,False,False,False,0.021249447017908096,other,27
1269,317,0,19,0,19,7,8,6,False,False,False,0.03686976060271263,other,19
1270,317,1,19,10,19,8,7,6,False,False,False,0.06417879462242126,other,9
1271,317,1,40,13,40,7,8,6,False,False,False,0.025287538766860962,other,27
1272,318,0,12,12,12,6,27,6,True,True,False,0.044456347823143005,correct,0
1273,318,0,31,33,31,27,6,20,False,False,False,0.0750068947672844,other,2
1274,318,1,31,10,31,6,27,6,False,False,False,0.06585693359375,other,21
1275,318,1,12,10,12,27,6,16,False,False,False,0.03730302304029465,other,2
1276,319,0,3,13,3,2,9,6,False,False,False,0.040267474949359894,other,10
1277,319,0,22,12,22,9,2,6,False,False,False,0.07402222603559494,other,10
1278,319,1,22,13,22,2,9,6,False,False,False,0.05293320491909981,other,9
1279,319,1,3,45,3,9,2,6,False,False,False,0.05959147587418556,other,42
1280,320,0,31,13,31,9,6,6,False,False,False,0.07087860256433487,other,18
1281,320,0,12,8,12,6,9,6,False,False,False,0.03530646115541458,other,4
1282,320,1,12,8,12,9,6,5,False,False,False,0.029802965000271797,other,4
1283,320,1,31,13,31,6,9,6,False,False,False,0.08797630667686462,other,18
1284,321,0,8,8,8,15,0,18,True,True,False,0.07338497787714005,correct,0
1285,321,0,10,13,10,0,15,17,False,False,False,0.01341975573450327,other,3
1286,321,1,10,13,10,15,0,17,False,False,False,0.012482823804020882,other,3
1287,321,1,8,8,8,0,15,18,True,True,False,0.09122772514820099,correct,0
1288,322,0,43,45,43,7,36,34,False,False,False,0.03199612349271774,other,2
1289,322,0,38,13,38,36,7,17,False,False,False,0.01873183064162731,other,25
1290,322,1,38,3,38,7,36,10,False,False,False,0.005392496008425951,other,35
1291,322,1,43,3,43,36,7,19,False,False,False,0.0250252578407526,other,40
1292,323,0,36,11,36,17,18,18,False,False,False,0.03867042437195778,other,25
1293,323,0,22,21,22,18,17,6,False,False,True,0.01459499355405569,off_by_one,1
1294,323,1,22,36,22,17,18,17,False,False,False,0.01764679327607155,other,14
1295,323,1,36,36,36,18,17,17,True,True,False,0.02073846012353897,correct,0
1296,324,0,26,35,26,17,3,18,False,False,False,0.02169620618224144,other,9
1297,324,0,24,35,24,3,17,6,False,False,False,0.010133681818842888,other,11
1298,324,1,24,35,24,17,3,17,False,False,False,0.006921634543687105,other,11
1299,324,1,26,35,26,3,17,6,False,False,False,0.014942394569516182,other,9
1300,325,0,38,13,38,6,16,6,False,False,False,0.050400979816913605,other,25
1301,325,0,15,15,15,16,6,6,True,True,False,0.11302698403596878,correct,0
1302,325,1,15,13,15,6,16,17,False,False,False,0.06732159107923508,other,2
1303,325,1,38,11,38,16,6,22,False,False,False,0.04864032566547394,other,27
1304,326,0,31,48,31,18,27,6,False,False,False,0.04036276787519455,other,17
1305,326,0,23,13,23,27,18,15,False,False,False,0.0694650337100029,other,10
1306,326,1,23,41,23,18,27,6,False,False,False,0.049925822764635086,other,18
1307,326,1,31,3,31,27,18,27,False,False,False,0.04269059747457504,other,28
1308,327,0,6,48,6,8,13,6,False,False,False,0.04133995994925499,other,42
1309,327,0,43,3,43,13,8,6,False,False,False,0.06253954768180847,other,40
1310,327,1,43,13,43,8,13,6,False,False,False,0.05918923020362854,other,30
1311,327,1,6,36,6,13,8,6,False,False,False,0.03179702162742615,other,30
1312,328,0,1,35,1,26,7,4,False,False,False,0.06439711898565292,other,34
1313,328,0,40,3,40,7,26,7,False,False,False,0.01073432806879282,other,37
1314,328,1,40,13,40,26,7,6,False,False,False,0.020867222920060158,other,27
1315,328,1,1,10,1,7,26,6,False,False,False,0.10152275115251541,other,9
1316,329,0,15,11,15,24,18,6,False,False,False,0.05919049680233002,other,4
1317,329,0,42,42,42,18,24,6,True,True,False,0.18740084767341614,correct,0
1318,329,1,42,42,42,24,18,7,True,True,False,0.17579880356788635,correct,0
1319,329,1,15,35,15,18,24,6,False,False,False,0.052548158913850784,other,20
1320,330,0,20,21,20,36,18,6,False,False,True,0.03530781343579292,off_by_one,1
1321,330,0,21,21,21,18,36,6,True,True,False,0.04601949453353882,correct,0
1322,330,1,21,21,21,36,18,6,True,True,False,0.04756460711359978,correct,0
1323,330,1,20,3,20,18,36,8,False,False,False,0.040177565068006516,other,17
1324,331,0,39,3,39,2,6,18,False,False,False,0.03393735736608505,other,36
1325,331,0,48,13,48,6,2,6,False,False,False,0.053585078567266464,other,35
1326,331,1,48,45,48,2,6,18,False,False,False,0.04339505359530449,other,3
1327,331,1,39,13,39,6,2,10,False,False,False,0.03501825034618378,other,26
1328,332,0,32,13,32,36,24,6,False,False,False,0.060480665415525436,other,19
1329,332,0,18,8,18,24,36,22,False,False,False,0.0637032762169838,other,10
1330,332,1,18,13,18,36,24,6,False,False,False,0.05442195385694504,other,5
1331,332,1,32,8,32,24,36,22,False,False,False,0.10550124943256378,other,24
1332,333,0,35,15,35,17,24,18,False,False,False,0.0077503337524831295,other,20
1333,333,0,37,6,37,24,17,6,False,False,False,0.0256507471203804,other,31
1334,333,1,37,45,37,17,24,34,False,False,False,0.02338552288711071,other,8
1335,333,1,35,35,35,24,17,6,True,True,False,0.007684734649956226,correct,0
1336,334,0,14,13,14,18,15,6,False,False,True,0.03230580687522888,off_by_one,1
1337,334,0,48,45,48,15,18,34,False,False,False,0.019237095490098,other,3
1338,334,1,48,48,48,18,15,4,True,True,False,0.012296102941036224,correct,0
1339,334,1,14,35,14,15,18,18,False,False,False,0.027450259774923325,other,21
1340,335,0,30,0,30,3,12,6,False,False,False,0.08329331874847412,other,30
1341,335,0,45,6,45,12,3,6,False,False,False,0.02352762781083584,other,39
1342,335,1,45,35,45,3,12,6,False,False,False,0.021902896463871002,other,10
1343,335,1,30,13,30,12,3,6,False,False,False,0.0843704491853714,other,17
1344,336,0,8,8,8,29,28,24,True,True,False,0.09502905607223511,correct,0
1345,336,0,21,21,21,28,29,6,True,True,False,0.0404299758374691,correct,0
1346,336,1,21,13,21,29,28,6,False,False,False,0.0678158774971962,other,8
1347,336,1,8,8,8,28,29,6,True,True,False,0.13142147660255432,correct,0
1348,337,0,13,13,13,18,14,6,True,True,False,0.15108242630958557,correct,0
1349,337,0,22,15,22,14,18,6,False,False,False,0.13305531442165375,other,7
1350,337,1,22,13,22,18,14,17,False,False,False,0.17814670503139496,other,9
1351,337,1,13,15,13,14,18,6,False,False,False,0.13713383674621582,other,2
1352,338,0,12,35,12,12,6,26,False,False,False,0.09059097617864609,other,23
1353,338,0,35,35,35,6,12,6,True,True,False,0.020590180531144142,correct,0
1354,338,1,35,13,35,12,6,17,False,False,False,0.02998841553926468,other,22
1355,338,1,12,8,12,6,12,6,False,False,False,0.11088477075099945,other,4
1356,339,0,38,29,38,15,17,0,False,False,False,0.007098273374140263,other,9
1357,339,0,42,42,42,17,15,6,True,True,False,0.055670227855443954,correct,0
1358,339,1,42,42,42,15,17,19,True,True,False,0.05964411422610283,correct,0
1359,339,1,38,29,38,17,15,15,False,False,False,0.008508579805493355,other,9
1360,340,0,37,3,37,12,13,6,False,False,False,0.006050910335034132,other,34
1361,340,0,5,7,5,13,12,6,False,False,False,0.02381686121225357,other,2
1362,340,1,5,7,5,12,13,18,False,False,False,0.017766349017620087,other,2
1363,340,1,37,22,37,13,12,6,False,False,False,0.008060307241976261,other,15
1364,341,0,18,3,18,17,16,17,False,False,False,0.007948801852762699,other,15
1365,341,0,26,35,26,16,17,6,False,False,False,0.005371629726141691,other,9
1366,341,1,26,35,26,17,16,6,False,False,False,0.009228748269379139,other,9
1367,341,1,18,10,18,16,17,34,False,False,False,0.01336138416081667,other,8
1368,342,0,35,35,35,7,24,4,True,True,False,0.004571217577904463,correct,0
1369,342,0,7,7,7,24,7,15,True,True,False,0.034457977861166,correct,0
1370,342,1,7,7,7,7,24,7,True,True,False,0.03147129341959953,correct,0
1371,342,1,35,35,35,24,7,6,True,True,False,0.007642644923180342,correct,0
1372,343,0,28,29,28,6,16,7,False,False,True,0.01997566968202591,off_by_one,1
1373,343,0,22,2,22,16,6,16,False,False,False,0.012225637212395668,other,20
1374,343,1,22,48,22,6,16,6,False,False,False,0.014206417836248875,other,26
1375,343,1,28,36,28,16,6,17,False,False,False,0.019772985950112343,other,8
1376,344,0,23,1,23,7,24,6,False,False,False,0.04521486535668373,other,22
1377,344,0,19,13,19,24,7,6,False,False,False,0.08967943489551544,other,6
1378,344,1,19,8,19,7,24,6,False,False,False,0.10912446677684784,other,11
1379,344,1,23,13,23,24,7,6,False,False,False,0.05730780214071274,other,10
1380,345,0,36,45,36,15,14,6,False,False,False,0.041970327496528625,other,9
1381,345,0,3,13,3,14,15,17,False,False,False,0.013824502937495708,other,10
1382,345,1,3,3,3,15,14,17,True,True,False,0.013265571556985378,correct,0
1383,345,1,36,3,36,14,15,27,False,False,False,0.027851253747940063,other,33
1384,346,0,23,41,23,24,18,17,False,False,False,0.09193456172943115,other,18
1385,346,0,42,42,42,18,24,6,True,True,False,0.12379595637321472,correct,0
1386,346,1,42,42,42,24,18,6,True,True,False,0.1314370483160019,correct,0
1387,346,1,23,41,23,18,24,6,False,False,False,0.09429261833429337,other,18
1388,347,0,8,8,8,24,7,6,True,True,False,0.029176486656069756,correct,0
1389,347,0,16,11,16,7,24,37,False,False,False,0.08856479078531265,other,5
1390,347,1,16,7,16,24,7,7,False,False,False,0.09978221356868744,other,9
1391,347,1,8,8,8,7,24,6,True,True,False,0.04531896486878395,correct,0
1392,348,0,22,3,22,16,36,15,False,False,False,0.014023407362401485,other,19
1393,348,0,14,13,14,36,16,6,False,False,True,0.018559226766228676,off_by_one,1
1394,348,1,14,15,14,16,36,15,False,False,True,0.020161284133791924,off_by_one,1
1395,348,1,22,21,22,36,16,17,False,False,True,0.014511863701045513,off_by_one,1
1396,349,0,14,45,14,19,7,6,False,False,False,0.031353291124105453,other,31
1397,349,0,28,29,28,7,19,4,False,False,True,0.012469029985368252,off_by_one,1
1398,349,1,28,13,28,19,7,6,False,False,False,0.018915945664048195,other,15
1399,349,1,14,8,14,7,19,6,False,False,False,0.0529375784099102,other,6
1400,350,0,37,6,37,36,16,6,False,False,False,0.02516022138297558,other,31
1401,350,0,32,35,32,16,36,18,False,False,False,0.02079860121011734,other,3
1402,350,1,32,13,32,36,16,17,False,False,False,0.025608308613300323,other,19
1403,350,1,37,0,37,16,36,7,False,False,False,0.01894780993461609,other,37
1404,351,0,19,13,19,17,16,17,False,False,False,0.029556049033999443,other,6
1405,351,0,22,3,22,16,17,22,False,False,False,0.047059737145900726,other,19
1406,351,1,22,48,22,17,16,17,False,False,False,0.040451183915138245,other,26
1407,351,1,19,12,19,16,17,7,False,False,False,0.02456994168460369,other,7
1408,352,0,39,3,39,2,3,8,False,False,False,0.024483567103743553,other,36
1409,352,0,37,3,37,3,2,6,False,False,False,0.012316952459514141,other,34
1410,352,1,37,3,37,2,3,39,False,False,False,0.008221469819545746,other,34
1411,352,1,39,3,39,3,2,6,False,False,False,0.015180644579231739,other,36
1412,353,0,25,13,25,7,16,6,False,False,False,0.013185500167310238,other,12
1413,353,0,41,15,41,16,7,22,False,False,False,0.07244324684143066,other,26
1414,353,1,41,41,41,7,16,6,True,True,False,0.0586959570646286,correct,0
1415,353,1,25,35,25,16,7,16,False,False,False,0.013220816850662231,other,10
1416,354,0,6,15,6,24,25,33,False,False,False,0.06418650597333908,other,9
1417,354,0,40,13,40,25,24,6,False,False,False,0.026735547930002213,other,27
1418,354,1,40,15,40,24,25,6,False,False,False,0.033280469477176666,other,25
1419,354,1,6,13,6,25,24,6,False,False,False,0.05803987383842468,other,7
1420,355,0,35,13,35,18,24,6,False,False,False,0.08283042162656784,other,22
1421,355,0,47,15,47,24,18,12,False,False,False,0.08889663964509964,other,32
1422,355,1,47,13,47,18,24,6,False,False,False,0.07829950749874115,other,34
1423,355,1,35,0,35,24,18,6,False,False,False,0.07964104413986206,other,35
1424,356,0,29,29,29,39,38,7,True,True,False,0.049887627363204956,correct,0
1425,356,0,11,29,11,38,39,38,False,False,False,0.03965507447719574,other,18
1426,356,1,11,11,11,39,38,7,True,True,False,0.04501353204250336,correct,0
1427,356,1,29,35,29,38,39,7,False,False,False,0.05172894522547722,other,6
1428,357,0,15,7,15,17,14,6,False,False,False,0.09058356285095215,other,8
1429,357,0,18,8,18,14,17,12,False,False,False,0.05730045959353447,other,10
1430,357,1,18,13,18,17,14,6,False,False,False,0.04324326664209366,other,5
1431,357,1,15,15,15,14,17,22,True,True,False,0.1323694884777069,correct,0
1432,358,0,6,41,6,6,15,6,False,False,False,0.1078406497836113,other,35
1433,358,0,18,29,18,15,6,6,False,False,False,0.05360834673047066,other,11
1434,358,1,18,13,18,6,15,6,False,False,False,0.050246257334947586,other,5
1435,358,1,6,13,6,15,6,18,False,False,False,0.09959521144628525,other,7
1436,359,0,2,45,2,6,7,6,False,False,False,0.09345167875289917,other,43
1437,359,0,37,13,37,7,6,6,False,False,False,0.05423334240913391,other,24
1438,359,1,37,13,37,6,7,6,False,False,False,0.055015429854393005,other,24
1439,359,1,2,45,2,7,6,22,False,False,False,0.0798124149441719,other,43
1440,360,0,12,3,12,18,14,17,False,False,False,0.015630342066287994,other,9
1441,360,0,7,7,7,14,18,16,True,True,False,0.041393011808395386,correct,0
1442,360,1,7,7,7,18,14,7,True,True,False,0.03502072021365166,correct,0
1443,360,1,12,28,12,14,18,15,False,False,False,0.006989401765167713,other,16
1444,361,0,6,13,6,21,0,6,False,False,False,0.02335835061967373,other,7
1445,361,0,15,15,15,0,21,6,True,True,False,0.07794403284788132,correct,0
1446,361,1,15,11,15,21,0,22,False,False,False,0.03986166790127754,other,4
1447,361,1,6,34,6,0,21,17,False,False,False,0.02764897421002388,other,28
1448,362,0,6,13,6,14,16,17,False,False,False,0.05538599565625191,other,7
1449,362,0,29,29,29,16,14,7,True,True,False,0.06643649935722351,correct,0
1450,362,1,29,46,29,14,16,0,False,False,False,0.04027792438864708,other,17
1451,362,1,6,13,6,16,14,6,False,False,False,0.050106972455978394,other,7
1452,363,0,7,7,7,0,16,0,True,True,False,0.032844822853803635,correct,0
1453,363,0,18,36,18,16,0,17,False,False,False,0.013745722360908985,other,18
1454,363,1,18,13,18,0,16,17,False,False,False,0.011165707372128963,other,5
1455,363,1,7,7,7,16,0,15,True,True,False,0.03708576783537865,correct,0
1456,364,0,8,8,8,6,16,6,True,True,False,0.02692353166639805,correct,0
1457,364,0,11,13,11,16,6,15,False,False,False,0.031003262847661972,other,2
1458,364,1,11,29,11,6,16,6,False,False,False,0.01932409219443798,other,18
1459,364,1,8,8,8,16,6,6,True,True,False,0.02500814199447632,correct,0
1460,365,0,0,8,0,18,6,6,False,False,False,0.08306939154863358,other,8
1461,365,0,11,13,11,6,18,6,False,False,False,0.059201791882514954,other,2
1462,365,1,11,13,11,18,6,17,False,False,False,0.07901778072118759,other,2
1463,365,1,0,45,0,6,18,6,False,False,False,0.06888725608587265,other,45
1464,366,0,3,10,3,6,31,6,False,False,False,0.06219705566763878,other,7
1465,366,0,11,13,11,31,6,17,False,False,False,0.017728472128510475,other,2
1466,366,1,11,13,11,6,31,6,False,False,False,0.015634695068001747,other,2
1467,366,1,3,12,3,31,6,34,False,False,False,0.051119379699230194,other,9
1468,367,0,48,45,48,14,15,27,False,False,False,0.012225327081978321,other,3
1469,367,0,10,19,10,15,14,17,False,False,False,0.04597317427396774,other,9
1470,367,1,10,12,10,14,15,6,False,False,False,0.05357303470373154,other,2
1471,367,1,48,13,48,15,14,6,False,False,False,0.012818886898458004,other,35
1472,368,0,39,35,39,24,15,7,False,False,False,0.048006363213062286,other,4
1473,368,0,47,15,47,15,24,16,False,False,False,0.07786811143159866,other,32
1474,368,1,47,15,47,24,15,20,False,False,False,0.0897192656993866,other,32
1475,368,1,39,13,39,15,24,6,False,False,False,0.048359908163547516,other,26
1476,369,0,26,13,26,2,10,17,False,False,False,0.05476704239845276,other,13
1477,369,0,19,8,19,10,2,22,False,False,False,0.053885944187641144,other,11
1478,369,1,19,12,19,2,10,6,False,False,False,0.05144387111067772,other,7
1479,369,1,26,13,26,10,2,6,False,False,False,0.023684244602918625,other,13
1480,370,0,40,13,40,14,6,6,False,False,False,0.026608409360051155,other,27
1481,370,0,44,11,44,6,14,6,False,False,False,0.04070764034986496,other,33
1482,370,1,44,35,44,14,6,34,False,False,False,0.03713482990860939,other,9
1483,370,1,40,13,40,6,14,6,False,False,False,0.021081894636154175,other,27
1484,371,0,42,13,42,9,11,6,False,False,False,0.1715041697025299,other,29
1485,371,0,19,32,19,11,9,22,False,False,False,0.05583053454756737,other,13
1486,371,1,19,13,19,9,11,6,False,False,False,0.036416519433259964,other,6
1487,371,1,42,42,42,11,9,7,True,True,False,0.1305430829524994,correct,0
1488,372,0,14,24,14,15,17,17,False,False,False,0.019789669662714005,other,10
1489,372,0,47,35,47,17,15,0,False,False,False,0.009338606148958206,other,12
1490,372,1,47,10,47,15,17,27,False,False,False,0.005705223884433508,other,37
1491,372,1,14,35,14,17,15,6,False,False,False,0.02361799217760563,other,21
1492,373,0,16,7,16,24,16,15,False,False,False,0.06879042088985443,other,9
1493,373,0,5,16,5,16,24,25,False,False,False,0.047563012689352036,other,11
1494,373,1,5,5,5,24,16,36,True,True,False,0.10342906415462494,correct,0
1495,373,1,16,16,16,16,24,22,True,True,False,0.10696104913949966,correct,0
1496,374,0,17,13,17,19,2,20,False,False,False,0.020247647538781166,other,4
1497,374,0,5,41,5,2,19,6,False,False,False,0.027315359562635422,other,36
1498,374,1,5,7,5,19,2,17,False,False,False,0.031020402908325195,other,2
1499,374,1,17,3,17,2,19,2,False,False,False,0.019922681152820587,other,14
1500,375,0,3,3,3,6,2,7,True,True,False,0.06182623654603958,correct,0
1501,375,0,19,45,19,2,6,6,False,False,False,0.08791427314281464,other,26
1502,375,1,19,12,19,6,2,6,False,False,False,0.07229506224393845,other,7
1503,375,1,3,13,3,2,6,6,False,False,False,0.05216098204255104,other,10
1504,376,0,19,3,19,6,26,8,False,False,False,0.013829730451107025,other,16
1505,376,0,0,13,0,26,6,6,False,False,False,0.03709997609257698,other,13
1506,376,1,0,3,0,6,26,7,False,False,False,0.03451698273420334,other,3
1507,376,1,19,3,19,26,6,6,False,False,False,0.018900590017437935,other,16
1508,377,0,17,8,17,6,18,5,False,False,False,0.06539912521839142,other,9
1509,377,0,27,13,27,18,6,17,False,False,False,0.02104846201837063,other,14
1510,377,1,27,3,27,6,18,6,False,False,False,0.015909632667899132,other,24
1511,377,1,17,10,17,18,6,6,False,False,False,0.04468627646565437,other,7
1512,378,0,8,15,8,36,18,6,False,False,False,0.0434185266494751,other,7
1513,378,0,31,13,31,18,36,6,False,False,False,0.04911435395479202,other,18
1514,378,1,31,13,31,36,18,6,False,False,False,0.07404860109090805,other,18
1515,378,1,8,8,8,18,36,6,True,True,False,0.04933404549956322,correct,0
1516,379,0,34,34,34,7,18,17,True,True,False,0.012993712909519672,correct,0
1517,379,0,7,7,7,18,7,0,True,True,False,0.023391226306557655,correct,0
1518,379,1,7,7,7,7,18,7,True,True,False,0.029439562931656837,correct,0
1519,379,1,34,23,34,18,7,6,False,False,False,0.018065795302391052,other,11
1520,380,0,12,10,12,6,39,18,False,False,False,0.0363374799489975,other,2
1521,380,0,34,7,34,39,6,6,False,False,False,0.034229159355163574,other,27
1522,380,1,34,7,34,6,39,17,False,False,False,0.035582929849624634,other,27
1523,380,1,12,8,12,39,6,8,False,False,False,0.035058096051216125,other,4
1524,381,0,42,5,42,16,26,6,False,False,False,0.0918796956539154,other,37
1525,381,0,21,13,21,26,16,6,False,False,False,0.07866398990154266,other,8
1526,381,1,21,11,21,16,26,7,False,False,False,0.09312284737825394,other,10
1527,381,1,42,13,42,26,16,6,False,False,False,0.09284061193466187,other,29
1528,382,0,46,0,46,16,36,7,False,False,False,0.011984508484601974,other,46
1529,382,0,34,7,34,36,16,17,False,False,False,0.02758176438510418,other,27
1530,382,1,34,24,34,16,36,27,False,False,False,0.019085703417658806,other,10
1531,382,1,46,3,46,36,16,20,False,False,False,0.0055625648237764835,other,43
1532,383,0,39,12,39,17,12,15,False,False,False,0.01336328499019146,other,27
1533,383,0,12,29,12,12,17,4,False,False,False,0.01727541908621788,other,17
1534,383,1,12,29,12,17,12,15,False,False,False,0.013888845220208168,other,17
1535,383,1,39,3,39,12,17,4,False,False,False,0.01674969494342804,other,36
1536,384,0,45,15,45,27,24,6,False,False,False,0.023394789546728134,other,30
1537,384,0,12,48,12,24,27,6,False,False,False,0.02927231229841709,other,36
1538,384,1,12,11,12,27,24,27,False,False,True,0.03587723150849342,off_by_one,1
1539,384,1,45,13,45,24,27,17,False,False,False,0.017847033217549324,other,32
1540,385,0,20,6,20,21,18,17,False,False,False,0.03160666674375534,other,14
1541,385,0,31,8,31,18,21,6,False,False,False,0.06874597072601318,other,23
1542,385,1,31,13,31,21,18,6,False,False,False,0.04882112890481949,other,18
1543,385,1,20,24,20,18,21,18,False,False,False,0.02697673812508583,other,4
1544,386,0,43,13,43,18,6,6,False,False,False,0.07649488747119904,other,30
1545,386,0,9,12,9,6,18,6,False,False,False,0.08653685450553894,other,3
1546,386,1,9,13,9,18,6,6,False,False,False,0.0955008938908577,other,4
1547,386,1,43,8,43,6,18,5,False,False,False,0.09469667822122574,other,35
1548,387,0,43,13,43,17,14,17,False,False,False,0.01099218800663948,other,30
1549,387,0,19,0,19,14,17,6,False,False,False,0.02731906808912754,other,19
1550,387,1,19,13,19,17,14,17,False,False,False,0.023046884685754776,other,6
1551,387,1,43,12,43,14,17,19,False,False,False,0.011797179467976093,other,31
1552,388,0,45,45,45,5,4,6,True,True,False,0.011416621506214142,correct,0
1553,388,0,38,3,38,4,5,8,False,False,False,0.011756966821849346,other,35
1554,388,1,38,13,38,5,4,4,False,False,False,0.006040176376700401,other,25
1555,388,1,45,35,45,4,5,4,False,False,False,0.005838813725858927,other,10
1556,389,0,39,13,39,6,12,6,False,False,False,0.02514755167067051,other,26
1557,389,0,8,8,8,12,6,6,True,True,False,0.15620410442352295,correct,0
1558,389,1,8,8,8,6,12,26,True,True,False,0.09557989984750748,correct,0
1559,389,1,39,13,39,12,6,6,False,False,False,0.036428552120923996,other,26
1560,390,0,48,11,48,16,15,38,False,False,False,0.025278544053435326,other,37
1561,390,0,8,8,8,15,16,6,True,True,False,0.04061361402273178,correct,0
1562,390,1,8,16,8,16,15,12,False,False,False,0.046813204884529114,other,8
1563,390,1,48,13,48,15,16,7,False,False,False,0.036109767854213715,other,35
1564,391,0,6,10,6,7,36,36,False,False,False,0.043700844049453735,other,4
1565,391,0,47,45,47,36,7,6,False,False,False,0.053778763860464096,other,2
1566,391,1,47,10,47,7,36,22,False,False,False,0.07148289680480957,other,37
1567,391,1,6,13,6,36,7,6,False,False,False,0.03778610751032829,other,7
1568,392,0,24,35,24,32,6,32,False,False,False,0.0724981278181076,other,11
1569,392,0,5,13,5,6,32,6,False,False,False,0.04960399121046066,other,8
1570,392,1,5,7,5,32,6,6,False,False,False,0.06215469539165497,other,2
1571,392,1,24,11,24,6,32,7,False,False,False,0.04929981380701065,other,13
1572,393,0,0,3,0,24,16,7,False,False,False,0.03053322434425354,other,3
1573,393,0,2,3,2,16,24,16,False,False,True,0.02345726080238819,off_by_one,1
1574,393,1,2,3,2,24,16,7,False,False,True,0.028162730857729912,off_by_one,1
1575,393,1,0,3,0,16,24,37,False,False,False,0.029180800542235374,other,3
1576,394,0,46,13,46,6,34,17,False,False,False,0.012948499992489815,other,33
1577,394,0,38,35,38,34,6,6,False,False,False,0.012726934626698494,other,3
1578,394,1,38,13,38,6,34,4,False,False,False,0.0086053516715765,other,25
1579,394,1,46,3,46,34,6,17,False,False,False,0.009933918714523315,other,43
1580,395,0,13,8,13,7,28,6,False,False,False,0.05600300431251526,other,5
1581,395,0,11,13,11,28,7,17,False,False,False,0.09666568785905838,other,2
1582,395,1,11,29,11,7,28,6,False,False,False,0.05603032559156418,other,18
1583,395,1,13,13,13,28,7,6,True,True,False,0.0429195798933506,correct,0
1584,396,0,35,15,35,16,19,6,False,False,False,0.045484963804483414,other,20
1585,396,0,45,13,45,19,16,17,False,False,False,0.03589048236608505,other,32
1586,396,1,45,15,45,16,19,6,False,False,False,0.03951506316661835,other,30
1587,396,1,35,13,35,19,16,17,False,False,False,0.03577813506126404,other,22
1588,397,0,11,13,11,4,1,6,False,False,False,0.022563906386494637,other,2
1589,397,0,43,10,43,1,4,22,False,False,False,0.0737847164273262,other,33
1590,397,1,43,3,43,4,1,6,False,False,False,0.05517613887786865,other,40
1591,397,1,11,10,11,1,4,39,False,False,True,0.008169768378138542,off_by_one,1
1592,398,0,16,16,16,15,24,15,True,True,False,0.034439995884895325,correct,0
1593,398,0,35,24,35,24,15,15,False,False,False,0.025649715214967728,other,11
1594,398,1,35,35,35,15,24,17,True,True,False,0.02872399613261223,correct,0
1595,398,1,16,15,16,24,15,20,False,False,True,0.02270628698170185,off_by_one,1
1596,399,0,30,22,30,35,31,24,False,False,False,0.059616971760988235,other,8
1597,399,0,23,10,23,31,35,22,False,False,False,0.04506045579910278,other,13
1598,399,1,23,35,23,35,31,6,False,False,False,0.049143433570861816,other,12
1599,399,1,30,3,30,31,35,17,False,False,False,0.051458198577165604,other,27
1600,400,0,6,13,6,19,16,6,False,False,False,0.05055639147758484,other,7
1601,400,0,20,10,20,16,19,18,False,False,False,0.05313906818628311,other,10
1602,400,1,20,13,20,19,16,6,False,False,False,0.05766598880290985,other,7
1603,400,1,6,8,6,16,19,22,False,False,False,0.08836986869573593,other,2
1604,401,0,48,13,48,32,14,17,False,False,False,0.017611872404813766,other,35
1605,401,0,45,11,45,14,32,0,False,False,False,0.02853398397564888,other,34
1606,401,1,45,35,45,32,14,17,False,False,False,0.025161629542708397,other,10
1607,401,1,48,35,48,14,32,23,False,False,False,0.022375216707587242,other,13
1608,402,0,35,13,35,6,15,17,False,False,False,0.012151002883911133,other,22
1609,402,0,19,12,19,15,6,8,False,False,False,0.026576779782772064,other,7
1610,402,1,19,13,19,6,15,6,False,False,False,0.03328106552362442,other,6
1611,402,1,35,15,35,15,6,18,False,False,False,0.01791747659444809,other,20
1612,403,0,3,11,3,24,0,12,False,False,False,0.06564095616340637,other,8
1613,403,0,1,13,1,0,24,6,False,False,False,0.04342708736658096,other,12
1614,403,1,1,11,1,24,0,12,False,False,False,0.04592275619506836,other,10
1615,403,1,3,13,3,0,24,7,False,False,False,0.04695219174027443,other,10
1616,404,0,3,3,3,38,6,27,True,True,False,0.04381965473294258,correct,0
1617,404,0,17,13,17,6,38,6,False,False,False,0.06336265057325363,other,4
1618,404,1,17,8,17,38,6,18,False,False,False,0.06908014416694641,other,9
1619,404,1,3,13,3,6,38,6,False,False,False,0.05546952411532402,other,10
1620,405,0,1,45,1,7,6,6,False,False,False,0.033207617700099945,other,44
1621,405,0,9,13,9,6,7,6,False,False,False,0.07317480444908142,other,4
1622,405,1,9,12,9,7,6,6,False,False,False,0.10457354784011841,other,3
1623,405,1,1,13,1,6,7,6,False,False,False,0.026682555675506592,other,12
1624,406,0,45,35,45,14,17,14,False,False,False,0.0034281157422810793,other,10
1625,406,0,33,35,33,17,14,15,False,False,False,0.018235623836517334,other,2
1626,406,1,33,10,33,14,17,27,False,False,False,0.023244136944413185,other,23
1627,406,1,45,35,45,17,14,17,False,False,False,0.007195490878075361,other,10
1628,407,0,47,46,47,16,14,27,False,False,True,0.04221278801560402,off_by_one,1
1629,407,0,21,13,21,14,16,6,False,False,False,0.04161130264401436,other,8
1630,407,1,21,10,21,16,14,8,False,False,False,0.053461622446775436,other,11
1631,407,1,47,13,47,14,16,7,False,False,False,0.051334500312805176,other,34
1632,408,0,22,10,22,7,6,6,False,False,False,0.0467008613049984,other,12
1633,408,0,14,15,14,6,7,7,False,False,True,0.05044218525290489,off_by_one,1
1634,408,1,14,3,14,7,6,6,False,False,False,0.07229288667440414,other,11
1635,408,1,22,13,22,6,7,6,False,False,False,0.0354284830391407,other,9
1636,409,0,21,13,21,3,9,6,False,False,False,0.05147702246904373,other,8
1637,409,0,43,8,43,9,3,6,False,False,False,0.0851626768708229,other,35
1638,409,1,43,13,43,3,9,6,False,False,False,0.07133205980062485,other,30
1639,409,1,21,12,21,9,3,6,False,False,False,0.06174186244606972,other,9
1640,410,0,38,16,38,16,14,12,False,False,False,0.06566552072763443,other,22
1641,410,0,34,13,34,14,16,7,False,False,False,0.0273878313601017,other,21
1642,410,1,34,15,34,16,14,6,False,False,False,0.02314840629696846,other,19
1643,410,1,38,13,38,14,16,17,False,False,False,0.04076254367828369,other,25
1644,411,0,41,41,41,6,36,6,True,True,False,0.14914387464523315,correct,0
1645,411,0,9,10,9,36,6,7,False,False,True,0.012319332920014858,off_by_one,1
1646,411,1,9,10,9,6,36,6,False,False,True,0.011454498395323753,off_by_one,1
1647,411,1,41,41,41,36,6,6,True,True,False,0.17044156789779663,correct,0
1648,412,0,25,35,25,0,34,6,False,False,False,0.006575169041752815,other,10
1649,412,0,23,35,23,34,0,6,False,False,False,0.0375235415995121,other,12
1650,412,1,23,15,23,0,34,34,False,False,False,0.035157181322574615,other,8
1651,412,1,25,13,25,34,0,6,False,False,False,0.010987913236021996,other,12
1652,413,0,43,13,43,14,6,6,False,False,False,0.01772777922451496,other,30
1653,413,0,13,45,13,6,14,6,False,False,False,0.048858411610126495,other,32
1654,413,1,13,1,13,14,6,15,False,False,False,0.06377178430557251,other,12
1655,413,1,43,13,43,6,14,6,False,False,False,0.013807471841573715,other,30
1656,414,0,45,35,45,16,7,16,False,False,False,0.027733059599995613,other,10
1657,414,0,29,45,29,7,16,6,False,False,False,0.04022977128624916,other,16
1658,414,1,29,16,29,16,7,12,False,False,False,0.05053430050611496,other,13
1659,414,1,45,13,45,7,16,17,False,False,False,0.03382238373160362,other,32
1660,415,0,29,2,29,24,15,34,False,False,False,0.03879300504922867,other,27
1661,415,0,7,7,7,15,24,16,True,True,False,0.09223651885986328,correct,0
1662,415,1,7,7,7,24,15,6,True,True,False,0.0887790247797966,correct,0
1663,415,1,29,11,29,15,24,6,False,False,False,0.04654942825436592,other,18
1664,416,0,38,29,38,15,6,18,False,False,False,0.018407871946692467,other,9
1665,416,0,30,48,30,6,15,6,False,False,False,0.0492108054459095,other,18
1666,416,1,30,13,30,15,6,18,False,False,False,0.05083835497498512,other,17
1667,416,1,38,13,38,6,15,4,False,False,False,0.019238317385315895,other,25
1668,417,0,12,13,12,16,6,17,False,False,True,0.08375507593154907,off_by_one,1
1669,417,0,40,32,40,6,16,6,False,False,False,0.06447794288396835,other,8
1670,417,1,40,13,40,16,6,7,False,False,False,0.0658959299325943,other,27
1671,417,1,12,3,12,6,16,6,False,False,False,0.0715368315577507,other,9
1672,418,0,6,13,6,6,24,6,False,False,False,0.11751047521829605,other,7
1673,418,0,11,10,11,24,6,6,False,False,True,0.05020852014422417,off_by_one,1
1674,418,1,11,29,11,6,24,6,False,False,False,0.03563842922449112,other,18
1675,418,1,6,13,6,24,6,6,False,False,False,0.11540141701698303,other,7
1676,419,0,23,13,23,16,14,6,False,False,False,0.02817499078810215,other,10
1677,419,0,16,15,16,14,16,24,False,False,True,0.03980139270424843,off_by_one,1
1678,419,1,16,11,16,16,14,15,False,False,False,0.03858368843793869,other,5
1679,419,1,23,35,23,14,16,6,False,False,False,0.033019740134477615,other,12
1680,420,0,38,13,38,19,6,18,False,False,False,0.021585984155535698,other,25
1681,420,0,46,3,46,6,19,6,False,False,False,0.008422465063631535,other,43
1682,420,1,46,3,46,19,6,21,False,False,False,0.007143419701606035,other,43
1683,420,1,38,48,38,6,19,4,False,False,False,0.025637350976467133,other,10
1684,421,0,23,35,23,16,14,16,False,False,False,0.013224656693637371,other,12
1685,421,0,3,35,3,14,16,14,False,False,False,0.0342748686671257,other,32
1686,421,1,3,45,3,16,14,6,False,False,False,0.04833449423313141,other,42
1687,421,1,23,13,23,14,16,17,False,False,False,0.020363368093967438,other,10
1688,422,0,18,15,18,6,18,6,False,False,False,0.008964947424829006,other,3
1689,422,0,39,13,39,18,6,6,False,False,False,0.028133010491728783,other,26
1690,422,1,39,13,39,6,18,4,False,False,False,0.03157109394669533,other,26
1691,422,1,18,2,18,18,6,6,False,False,False,0.0055533526465296745,other,16
1692,423,0,30,29,30,14,35,6,False,False,True,0.03707246109843254,off_by_one,1
1693,423,0,16,7,16,35,14,6,False,False,False,0.0695686861872673,other,9
1694,423,1,16,15,16,14,35,18,False,False,True,0.06685887277126312,off_by_one,1
1695,423,1,30,21,30,35,14,24,False,False,False,0.029787950217723846,other,9
1696,424,0,30,4,30,0,14,15,False,False,False,0.04826941713690758,other,26
1697,424,0,34,7,34,14,0,15,False,False,False,0.01201640721410513,other,27
1698,424,1,34,13,34,0,14,16,False,False,False,0.017903920263051987,other,21
1699,424,1,30,45,30,14,0,7,False,False,False,0.06006249040365219,other,15
1700,425,0,28,1,28,7,6,7,False,False,False,0.034774355590343475,other,27
1701,425,0,19,11,19,6,7,6,False,False,False,0.06562109291553497,other,8
1702,425,1,19,45,19,7,6,6,False,False,False,0.05687375366687775,other,26
1703,425,1,28,13,28,6,7,6,False,False,False,0.04319160804152489,other,15
1704,426,0,18,8,18,3,9,6,False,False,False,0.08630187809467316,other,10
1705,426,0,4,13,4,9,3,17,False,False,False,0.036473751068115234,other,9
1706,426,1,4,13,4,3,9,6,False,False,False,0.027101431041955948,other,9
1707,426,1,18,2,18,9,3,6,False,False,False,0.07235826551914215,other,16
1708,427,0,33,3,33,39,7,7,False,False,False,0.017794225364923477,other,30
1709,427,0,5,10,5,7,39,15,False,False,False,0.09673753380775452,other,5
1710,427,1,5,42,5,39,7,19,False,False,False,0.0731654241681099,other,37
1711,427,1,33,10,33,7,39,17,False,False,False,0.023399347439408302,other,23
1712,428,0,25,13,25,6,16,6,False,False,False,0.03172312676906586,other,12
1713,428,0,20,11,20,16,6,22,False,False,False,0.04874368757009506,other,9
1714,428,1,20,45,20,6,16,6,False,False,False,0.07614706456661224,other,25
1715,428,1,25,13,25,16,6,16,False,False,False,0.029919080436229706,other,12
1716,429,0,47,35,47,0,14,17,False,False,False,0.027149083092808723,other,12
1717,429,0,25,35,25,14,0,6,False,False,False,0.02039540372788906,other,10
1718,429,1,25,35,25,0,14,6,False,False,False,0.015481303445994854,other,10
1719,429,1,47,46,47,14,0,27,False,False,True,0.017670832574367523,off_by_one,1
1720,430,0,29,13,29,19,14,7,False,False,False,0.10901942849159241,other,16
1721,430,0,16,8,16,14,19,12,False,False,False,0.2083037793636322,other,8
1722,430,1,16,5,16,19,14,26,False,False,False,0.17460088431835175,other,11
1723,430,1,29,15,29,14,19,12,False,False,False,0.08710683882236481,other,14
1724,431,0,9,10,9,6,18,18,False,False,True,0.012630593962967396,off_by_one,1
1725,431,0,33,13,33,18,6,6,False,False,False,0.03361804783344269,other,20
1726,431,1,33,10,33,6,18,6,False,False,False,0.03439323604106903,other,23
1727,431,1,9,3,9,18,6,6,False,False,False,0.017666352912783623,other,6
1728,432,0,8,8,8,2,0,6,True,True,False,0.08579255640506744,correct,0
1729,432,0,33,13,33,0,2,17,False,False,False,0.013535643927752972,other,20
1730,432,1,33,13,33,2,0,7,False,False,False,0.020010389387607574,other,20
1731,432,1,8,8,8,0,2,12,True,True,False,0.04443671926856041,correct,0
1732,433,0,9,10,9,8,11,6,False,False,True,0.035477280616760254,off_by_one,1
1733,433,0,47,44,47,11,8,16,False,False,False,0.06930819898843765,other,3
1734,433,1,47,7,47,8,11,26,False,False,False,0.06021192669868469,other,40
1735,433,1,9,8,9,11,8,22,False,False,True,0.05407512187957764,off_by_one,1
1736,434,0,4,35,4,18,21,4,False,False,False,0.01442612987011671,other,31
1737,434,0,26,35,26,21,18,15,False,False,False,0.019292080774903297,other,9
1738,434,1,26,45,26,18,21,4,False,False,False,0.027145804837346077,other,19
1739,434,1,4,35,4,21,18,21,False,False,False,0.007696944754570723,other,31
1740,435,0,26,13,26,24,18,6,False,False,False,0.021512199193239212,other,13
1741,435,0,43,0,43,18,24,6,False,False,False,0.05511957034468651,other,43
1742,435,1,43,10,43,24,18,8,False,False,False,0.06618550419807434,other,33
1743,435,1,26,13,26,18,24,6,False,False,False,0.01901407167315483,other,13
1744,436,0,35,13,35,0,5,18,False,False,False,0.00707176374271512,other,22
1745,436,0,25,13,25,5,0,6,False,False,False,0.013124888762831688,other,12
1746,436,1,25,0,25,0,5,18,False,False,False,0.012036238797008991,other,25
1747,436,1,35,35,35,5,0,6,True,True,False,0.010205612517893314,correct,0
1748,437,0,36,13,36,7,8,17,False,False,False,0.03970475494861603,other,23
1749,437,0,42,42,42,8,7,6,True,True,False,0.025832725688815117,correct,0
1750,437,1,42,42,42,7,8,6,True,True,False,0.04528474062681198,correct,0
1751,437,1,36,6,36,8,7,6,False,False,False,0.03699560835957527,other,30
1752,438,0,32,45,32,7,0,17,False,False,False,0.030227994546294212,other,13
1753,438,0,34,46,34,0,7,6,False,False,False,0.02031046524643898,other,12
1754,438,1,34,7,34,7,0,6,False,False,False,0.025712130591273308,other,27
1755,438,1,32,8,32,0,7,6,False,False,False,0.04252944141626358,other,24
1756,439,0,18,10,18,6,7,6,False,False,False,0.017057469114661217,other,8
1757,439,0,42,7,42,7,6,6,False,False,False,0.23779994249343872,other,35
1758,439,1,42,6,42,6,7,6,False,False,False,0.3026931881904602,other,36
1759,439,1,18,8,18,7,6,6,False,False,False,0.03499198704957962,other,10
1760,440,0,40,13,40,2,7,6,False,False,False,0.03985860198736191,other,27
1761,440,0,6,48,6,7,2,17,False,False,False,0.06017651408910751,other,42
1762,440,1,6,13,6,2,7,6,False,False,False,0.05356181412935257,other,7
1763,440,1,40,32,40,7,2,6,False,False,False,0.07707622647285461,other,8
1764,441,0,38,13,38,16,7,6,False,False,False,0.019135024398565292,other,25
1765,441,0,16,15,16,7,16,22,False,False,True,0.03650066256523132,off_by_one,1
1766,441,1,16,15,16,16,7,22,False,False,True,0.04545095935463905,off_by_one,1
1767,441,1,38,13,38,7,16,6,False,False,False,0.01738612726330757,other,25
1768,442,0,31,45,31,16,18,6,False,False,False,0.05960460752248764,other,14
1769,442,0,35,13,35,18,16,6,False,False,False,0.01665712147951126,other,22
1770,442,1,35,35,35,16,18,18,True,True,False,0.012779478915035725,correct,0
1771,442,1,31,48,31,18,16,6,False,False,False,0.05296076089143753,other,17
1772,443,0,9,0,9,17,15,22,False,False,False,0.07113111764192581,other,9
1773,443,0,42,42,42,15,17,7,True,True,False,0.052741639316082,correct,0
1774,443,1,42,42,42,17,15,7,True,True,False,0.04102787747979164,correct,0
1775,443,1,9,33,9,15,17,17,False,False,False,0.044544849544763565,other,24
1776,444,0,43,35,43,27,7,27,False,False,False,0.007653533015400171,other,8
1777,444,0,26,35,26,7,27,17,False,False,False,0.030714543536305428,other,9
1778,444,1,26,35,26,27,7,16,False,False,False,0.025917286053299904,other,9
1779,444,1,43,40,43,7,27,17,False,False,False,0.009035015478730202,other,3
1780,445,0,47,34,47,6,7,6,False,False,False,0.10883308202028275,other,13
1781,445,0,10,12,10,7,6,6,False,False,False,0.04367184638977051,other,2
1782,445,1,10,29,10,6,7,6,False,False,False,0.034095678478479385,other,19
1783,445,1,47,11,47,7,6,7,False,False,False,0.09712494164705276,other,36
1784,446,0,25,35,25,4,3,6,False,False,False,0.017139079049229622,other,10
1785,446,0,1,36,1,3,4,18,False,False,False,0.02605796605348587,other,35
1786,446,1,1,13,1,4,3,6,False,False,False,0.027123132720589638,other,12
1787,446,1,25,4,25,3,4,26,False,False,False,0.017004961147904396,other,21
1788,447,0,23,13,23,26,27,6,False,False,False,0.020344024524092674,other,10
1789,447,0,29,11,29,27,26,22,False,False,False,0.05973391234874725,other,18
1790,447,1,29,45,29,26,27,17,False,False,False,0.03796717897057533,other,16
1791,447,1,23,15,23,27,26,32,False,False,False,0.010871327482163906,other,8
1792,448,0,26,13,26,27,14,17,False,False,False,0.022089574486017227,other,13
1793,448,0,29,15,29,14,27,18,False,False,False,0.019474491477012634,other,14
1794,448,1,29,15,29,27,14,6,False,False,False,0.01423942856490612,other,14
1795,448,1,26,13,26,14,27,6,False,False,False,0.016236310824751854,other,13
1796,449,0,37,3,37,27,7,38,False,False,False,0.014621160924434662,other,34
1797,449,0,5,5,5,7,27,17,True,True,False,0.0380089245736599,correct,0
1798,449,1,5,15,5,27,7,27,False,False,False,0.03421761095523834,other,10
1799,449,1,37,3,37,7,27,17,False,False,False,0.010041939094662666,other,34
1800,450,0,15,15,15,32,31,35,True,True,False,0.016939114779233932,correct,0
1801,450,0,37,35,37,31,32,17,False,False,False,0.03802183270454407,other,2
1802,450,1,37,13,37,32,31,6,False,False,False,0.0357481874525547,other,24
1803,450,1,15,7,15,31,32,31,False,False,False,0.024698598310351372,other,8
1804,451,0,16,15,16,2,7,6,False,False,True,0.029279286041855812,off_by_one,1
1805,451,0,23,13,23,7,2,17,False,False,False,0.04490121826529503,other,10
1806,451,1,23,13,23,2,7,6,False,False,False,0.03393491357564926,other,10
1807,451,1,16,15,16,7,2,6,False,False,True,0.034486327320337296,off_by_one,1
1808,452,0,13,13,13,2,14,7,True,True,False,0.04083926975727081,correct,0
1809,452,0,40,8,40,14,2,18,False,False,False,0.09905949980020523,other,32
1810,452,1,40,13,40,2,14,6,False,False,False,0.08827070146799088,other,27
1811,452,1,13,11,13,14,2,15,False,False,False,0.036987580358982086,other,2
1812,453,0,22,15,22,7,14,6,False,False,False,0.0673317238688469,other,7
1813,453,0,31,13,31,14,7,6,False,False,False,0.035555072128772736,other,18
1814,453,1,31,12,31,7,14,6,False,False,False,0.04856399819254875,other,19
1815,453,1,22,13,22,14,7,6,False,False,False,0.05588524043560028,other,9
1816,454,0,24,35,24,14,7,15,False,False,False,0.004664843901991844,other,11
1817,454,0,22,15,22,7,14,6,False,False,False,0.03949225693941116,other,7
1818,454,1,22,10,22,14,7,22,False,False,False,0.040664806962013245,other,12
1819,454,1,24,13,24,7,14,6,False,False,False,0.013764901086688042,other,11
1820,455,0,33,13,33,19,6,6,False,False,False,0.051742084324359894,other,20
1821,455,0,1,10,1,6,19,6,False,False,False,0.05989867448806763,other,9
1822,455,1,1,6,1,19,6,30,False,False,False,0.058071523904800415,other,5
1823,455,1,33,12,33,6,19,6,False,False,False,0.0596793033182621,other,21
1824,456,0,9,36,9,15,2,38,False,False,False,0.01640619896352291,other,27
1825,456,0,24,35,24,2,15,7,False,False,False,0.019709274172782898,other,11
1826,456,1,24,35,24,15,2,7,False,False,False,0.014279219321906567,other,11
1827,456,1,9,3,9,2,15,7,False,False,False,0.016684269532561302,other,6
1828,457,0,1,35,1,14,9,15,False,False,False,0.02923257276415825,other,34
1829,457,0,24,35,24,9,14,17,False,False,False,0.01130459550768137,other,11
1830,457,1,24,35,24,14,9,17,False,False,False,0.01155943889170885,other,11
1831,457,1,1,36,1,9,14,17,False,False,False,0.03301039710640907,other,35
1832,458,0,7,13,7,39,24,6,False,False,False,0.03875920921564102,other,6
1833,458,0,33,8,33,24,39,12,False,False,False,0.06578274816274643,other,25
1834,458,1,33,11,33,39,24,18,False,False,False,0.04092723876237869,other,22
1835,458,1,7,7,7,24,39,17,True,True,False,0.03340648114681244,correct,0
1836,459,0,44,11,44,14,6,27,False,False,False,0.043666157871484756,other,33
1837,459,0,4,13,4,6,14,6,False,False,False,0.01283444557338953,other,9
1838,459,1,4,13,4,14,6,17,False,False,False,0.01640259101986885,other,9
1839,459,1,44,45,44,6,14,6,False,False,True,0.05969804897904396,off_by_one,1
1840,460,0,33,8,33,9,8,22,False,False,False,0.09045980870723724,other,25
1841,460,0,6,13,6,8,9,6,False,False,False,0.04943075031042099,other,7
1842,460,1,6,32,6,9,8,18,False,False,False,0.033484138548374176,other,26
1843,460,1,33,13,33,8,9,6,False,False,False,0.06347376108169556,other,20
1844,461,0,34,13,34,18,16,6,False,False,False,0.03905539587140083,other,21
1845,461,0,20,9,20,16,18,7,False,False,False,0.05236729979515076,other,11
1846,461,1,20,13,20,18,16,6,False,False,False,0.05783075466752052,other,7
1847,461,1,34,15,34,16,18,32,False,False,False,0.032594505697488785,other,19
1848,462,0,46,0,46,14,17,15,False,False,False,0.011770126409828663,other,46
1849,462,0,36,3,36,17,14,0,False,False,False,0.005698843859136105,other,33
1850,462,1,36,3,36,14,17,0,False,False,False,0.004478724207729101,other,33
1851,462,1,46,13,46,17,14,17,False,False,False,0.01387270912528038,other,33
1852,463,0,8,10,8,6,18,6,False,False,False,0.08501336723566055,other,2
1853,463,0,42,42,42,18,6,6,True,True,False,0.037039969116449356,correct,0
1854,463,1,42,42,42,6,18,6,True,True,False,0.031601451337337494,correct,0
1855,463,1,8,8,8,18,6,6,True,True,False,0.09451501816511154,correct,0
1856,464,0,18,10,18,18,7,20,False,False,False,0.015233098529279232,other,8
1857,464,0,29,13,29,7,18,17,False,False,False,0.03631022199988365,other,16
1858,464,1,29,15,29,18,7,6,False,False,False,0.0505221001803875,other,14
1859,464,1,18,13,18,7,18,6,False,False,False,0.026279255747795105,other,5
1860,465,0,15,35,15,2,7,18,False,False,False,0.05235103890299797,other,20
1861,465,0,4,35,4,7,2,30,False,False,False,0.015899498015642166,other,31
1862,465,1,4,13,4,2,7,17,False,False,False,0.021847980096936226,other,9
1863,465,1,15,8,15,7,2,6,False,False,False,0.0892534852027893,other,7
1864,466,0,9,36,9,15,16,17,False,False,False,0.008538543246686459,other,27
1865,466,0,0,35,0,16,15,16,False,False,False,0.010132727213203907,other,35
1866,466,1,0,36,0,15,16,17,False,False,False,0.008830233477056026,other,36
1867,466,1,9,29,9,16,15,0,False,False,False,0.01385635044425726,other,20
1868,467,0,22,45,22,18,15,6,False,False,False,0.033698178827762604,other,23
1869,467,0,46,21,46,15,18,17,False,False,False,0.027783377096056938,other,25
1870,467,1,46,35,46,18,15,6,False,False,False,0.03305086866021156,other,11
1871,467,1,22,30,22,15,18,6,False,False,False,0.01552629005163908,other,8
1872,468,0,13,10,13,14,18,33,False,False,False,0.04349823668599129,other,3
1873,468,0,40,45,40,18,14,6,False,False,False,0.02262873761355877,other,5
1874,468,1,40,10,40,14,18,27,False,False,False,0.030169455334544182,other,30
1875,468,1,13,9,13,18,14,19,False,False,False,0.03392912447452545,other,4
1876,469,0,15,35,15,2,19,18,False,False,False,0.08020832389593124,other,20
1877,469,0,25,13,25,19,2,6,False,False,False,0.012938924133777618,other,12
1878,469,1,25,35,25,2,19,6,False,False,False,0.007310159970074892,other,10
1879,469,1,15,7,15,19,2,16,False,False,False,0.05714782699942589,other,8
1880,470,0,23,41,23,18,7,6,False,False,False,0.10117597877979279,other,18
1881,470,0,24,35,24,7,18,7,False,False,False,0.00418284023180604,other,11
1882,470,1,24,35,24,18,7,6,False,False,False,0.0084335682913661,other,11
1883,470,1,23,10,23,7,18,32,False,False,False,0.09801533818244934,other,13
1884,471,0,42,42,42,9,17,6,True,True,False,0.034206293523311615,correct,0
1885,471,0,47,46,47,17,9,27,False,False,True,0.05191453546285629,off_by_one,1
1886,471,1,47,15,47,9,17,6,False,False,False,0.05599353834986687,other,32
1887,471,1,42,42,42,17,9,6,True,True,False,0.07190698385238647,correct,0
1888,472,0,41,7,41,26,16,6,False,False,False,0.10362585633993149,other,34
1889,472,0,47,10,47,16,26,6,False,False,False,0.06282966583967209,other,37
1890,472,1,47,13,47,26,16,6,False,False,False,0.045075543224811554,other,34
1891,472,1,41,15,41,16,26,22,False,False,False,0.12851355969905853,other,26
1892,473,0,15,11,15,24,6,22,False,False,False,0.09477169066667557,other,4
1893,473,0,14,13,14,6,24,6,False,False,True,0.06394165009260178,off_by_one,1
1894,473,1,14,3,14,24,6,8,False,False,False,0.057957183569669724,other,11
1895,473,1,15,41,15,6,24,6,False,False,False,0.08478394150733948,other,26
1896,474,0,39,13,39,16,14,17,False,False,False,0.012323608621954918,other,26
1897,474,0,0,0,0,14,16,7,True,True,False,0.028014903888106346,correct,0
1898,474,1,0,11,0,16,14,19,False,False,False,0.026181289926171303,other,11
1899,474,1,39,13,39,14,16,15,False,False,False,0.012570145539939404,other,26
1900,475,0,25,15,25,14,17,15,False,False,False,0.01879880018532276,other,10
1901,475,0,5,23,5,17,14,15,False,False,False,0.028028083965182304,other,18
1902,475,1,5,15,5,14,17,27,False,False,False,0.019489755854010582,other,10
1903,475,1,25,35,25,17,14,15,False,False,False,0.01323862373828888,other,10
1904,476,0,21,13,21,14,16,6,False,False,False,0.0531681589782238,other,8
1905,476,0,16,16,16,16,14,22,True,True,False,0.1092335656285286,correct,0
1906,476,1,16,15,16,14,16,7,False,False,True,0.0839519202709198,off_by_one,1
1907,476,1,21,21,21,16,14,6,True,True,False,0.05216418579220772,correct,0
1908,477,0,31,22,31,15,21,15,False,False,False,0.05165961757302284,other,9
1909,477,0,38,13,38,21,15,17,False,False,False,0.019701095297932625,other,25
1910,477,1,38,13,38,15,21,20,False,False,False,0.017179928719997406,other,25
1911,477,1,31,13,31,21,15,17,False,False,False,0.05244585499167442,other,18
1912,478,0,25,13,25,17,14,6,False,False,False,0.0223709624260664,other,12
1913,478,0,12,29,12,14,17,6,False,False,False,0.030141960829496384,other,17
1914,478,1,12,3,12,17,14,17,False,False,False,0.028415076434612274,other,9
1915,478,1,25,35,25,14,17,6,False,False,False,0.019268741831183434,other,10
1916,479,0,9,13,9,30,24,6,False,False,False,0.02212214656174183,other,4
1917,479,0,26,35,26,24,30,6,False,False,False,0.039172857999801636,other,9
1918,479,1,26,45,26,30,24,6,False,False,False,0.023835143074393272,other,19
1919,479,1,9,13,9,24,30,6,False,False,False,0.013700790703296661,other,4
1920,480,0,3,13,3,32,6,6,False,False,False,0.08212260901927948,other,10
1921,480,0,1,45,1,6,32,22,False,False,False,0.04170782491564751,other,44
1922,480,1,1,13,1,32,6,6,False,False,False,0.039604950696229935,other,12
1923,480,1,3,12,3,6,32,6,False,False,False,0.07660036534070969,other,9
1924,481,0,44,24,44,19,7,0,False,False,False,0.012162172235548496,other,20
1925,481,0,14,46,14,7,19,6,False,False,False,0.022616613656282425,other,32
1926,481,1,14,24,14,19,7,8,False,False,False,0.027502136304974556,other,10
1927,481,1,44,13,44,7,19,17,False,False,False,0.015663322061300278,other,31
1928,482,0,18,8,18,20,16,6,False,False,False,0.05044851079583168,other,10
1929,482,0,39,13,39,16,20,6,False,False,False,0.035270463675260544,other,26
1930,482,1,39,13,39,20,16,6,False,False,False,0.03449660912156105,other,26
1931,482,1,18,3,18,16,20,15,False,False,False,0.025538725778460503,other,15
1932,483,0,44,35,44,6,16,6,False,False,False,0.013891628943383694,other,9
1933,483,0,45,35,45,16,6,15,False,False,False,0.0297390166670084,other,10
1934,483,1,45,45,45,6,16,6,True,True,False,0.04579712450504303,correct,0
1935,483,1,44,13,44,16,6,17,False,False,False,0.017896072939038277,other,31
1936,484,0,38,13,38,22,15,4,False,False,False,0.018266305327415466,other,25
1937,484,0,24,35,24,15,22,21,False,False,False,0.024793539196252823,other,11
1938,484,1,24,45,24,22,15,6,False,False,False,0.027284778654575348,other,21
1939,484,1,38,10,38,15,22,18,False,False,False,0.02207283303141594,other,28
1940,485,0,29,35,29,7,0,6,False,False,False,0.032367851585149765,other,6
1941,485,0,15,7,15,0,7,7,False,False,False,0.04942133650183678,other,8
1942,485,1,15,15,15,7,0,6,True,True,False,0.05183413624763489,correct,0
1943,485,1,29,15,29,0,7,27,False,False,False,0.021710017696022987,other,14
1944,486,0,43,3,43,17,16,15,False,False,False,0.019536228850483894,other,40
1945,486,0,1,28,1,16,17,0,False,False,False,0.0312526561319828,other,27
1946,486,1,1,29,1,17,16,16,False,False,False,0.03466679900884628,other,28
1947,486,1,43,48,43,16,17,17,False,False,False,0.029035789892077446,other,5
1948,487,0,1,13,1,3,0,17,False,False,False,0.010362733155488968,other,12
1949,487,0,18,28,18,0,3,19,False,False,False,0.039375413209199905,other,10
1950,487,1,18,12,18,3,0,6,False,False,False,0.06655009835958481,other,6
1951,487,1,1,13,1,0,3,7,False,False,False,0.013358165509998798,other,12
1952,488,0,12,13,12,19,7,4,False,False,True,0.019008435308933258,off_by_one,1
1953,488,0,29,10,29,7,19,6,False,False,False,0.028442637994885445,other,19
1954,488,1,29,13,29,19,7,4,False,False,False,0.02603309229016304,other,16
1955,488,1,12,12,12,7,19,6,True,True,False,0.02161954529583454,correct,0
1956,489,0,47,10,47,14,38,27,False,False,False,0.0216077733784914,other,37
1957,489,0,22,48,22,38,14,6,False,False,False,0.03279072791337967,other,26
1958,489,1,22,3,22,14,38,33,False,False,False,0.04246395081281662,other,19
1959,489,1,47,47,47,38,14,6,True,True,False,0.02977481298148632,correct,0
1960,490,0,32,8,32,7,18,6,False,False,False,0.08664670586585999,other,24
1961,490,0,26,13,26,18,7,6,False,False,False,0.02986251562833786,other,13
1962,490,1,26,35,26,7,18,6,False,False,False,0.028239119797945023,other,9
1963,490,1,32,35,32,18,7,4,False,False,False,0.0854104608297348,other,3
1964,491,0,29,45,29,27,26,34,False,False,False,0.038875773549079895,other,16
1965,491,0,42,42,42,26,27,6,True,True,False,0.10487440228462219,correct,0
1966,491,1,42,15,42,27,26,25,False,False,False,0.08760151267051697,other,27
1967,491,1,29,13,29,26,27,6,False,False,False,0.0371706560254097,other,16
1968,492,0,27,35,27,15,25,7,False,False,False,0.0133364824578166,other,8
1969,492,0,10,15,10,25,15,6,False,False,False,0.046226877719163895,other,5
1970,492,1,10,36,10,15,25,17,False,False,False,0.04125548154115677,other,26
1971,492,1,27,35,27,25,15,17,False,False,False,0.0061759124509990215,other,8
1972,493,0,15,11,15,9,16,6,False,False,False,0.04171869531273842,other,4
1973,493,0,3,13,3,16,9,6,False,False,False,0.04265667498111725,other,10
1974,493,1,3,3,3,9,16,17,True,True,False,0.02340460941195488,correct,0
1975,493,1,15,15,15,16,9,15,True,True,False,0.03590337932109833,correct,0
1976,494,0,41,35,41,22,6,6,False,False,False,0.01603885367512703,other,6
1977,494,0,39,13,39,6,22,6,False,False,False,0.0310208760201931,other,26
1978,494,1,39,13,39,22,6,6,False,False,False,0.03697656840085983,other,26
1979,494,1,41,24,41,6,22,22,False,False,False,0.02874814346432686,other,17
1980,495,0,14,24,14,11,2,16,False,False,False,0.019000785425305367,other,10
1981,495,0,7,7,7,2,11,17,True,True,False,0.014473573304712772,correct,0
1982,495,1,7,7,7,11,2,14,True,True,False,0.014713102951645851,correct,0
1983,495,1,14,13,14,2,11,17,False,False,True,0.01078482810407877,off_by_one,1
1984,496,0,29,8,29,3,0,22,False,False,False,0.07893475145101547,other,21
1985,496,0,40,13,40,0,3,17,False,False,False,0.03439835086464882,other,27
1986,496,1,40,13,40,3,0,4,False,False,False,0.023584341630339622,other,27
1987,496,1,29,11,29,0,3,24,False,False,False,0.05493937060236931,other,18
1988,497,0,26,13,26,13,9,6,False,False,False,0.022780882194638252,other,13
1989,497,0,36,8,36,9,13,6,False,False,False,0.08480878919363022,other,28
1990,497,1,36,13,36,13,9,6,False,False,False,0.06412899494171143,other,23
1991,497,1,26,35,26,9,13,6,False,False,False,0.04112409055233002,other,9
1992,498,0,30,8,30,14,19,12,False,False,False,0.11703114956617355,other,22
1993,498,0,5,13,5,19,14,6,False,False,False,0.04230669513344765,other,8
1994,498,1,5,7,5,14,19,31,False,False,False,0.018172968178987503,other,2
1995,498,1,30,48,30,19,14,6,False,False,False,0.1465192288160324,other,18
1996,499,0,12,13,12,15,7,17,False,False,True,0.03916897997260094,off_by_one,1
1997,499,0,20,8,20,7,15,6,False,False,False,0.07383988797664642,other,12
1998,499,1,20,48,20,15,7,16,False,False,False,0.05347267910838127,other,28
1999,499,1,12,12,12,7,15,6,True,True,False,0.0321541354060173,correct,0
2000,500,0,24,35,24,26,15,6,False,False,False,0.009908124804496765,other,11
2001,500,0,2,45,2,15,26,34,False,False,False,0.03950349614024162,other,43
2002,500,1,2,13,2,26,15,6,False,False,False,0.04448498785495758,other,11
2003,500,1,24,4,24,15,26,18,False,False,False,0.011362169869244099,other,20
2004,501,0,45,10,45,14,26,27,False,False,False,0.022767018526792526,other,35
2005,501,0,38,13,38,26,14,6,False,False,False,0.03197712078690529,other,25
2006,501,1,38,12,38,14,26,8,False,False,False,0.027830086648464203,other,26
2007,501,1,45,13,45,26,14,6,False,False,False,0.02403426729142666,other,32
2008,502,0,33,13,33,6,3,6,False,False,False,0.023029310628771782,other,20
2009,502,0,21,12,21,3,6,6,False,False,False,0.07276427745819092,other,9
2010,502,1,21,8,21,6,3,6,False,False,False,0.09992758184671402,other,13
2011,502,1,33,13,33,3,6,6,False,False,False,0.03403522074222565,other,20
2012,503,0,45,13,45,36,14,7,False,False,False,0.018284613266587257,other,32
2013,503,0,8,8,8,14,36,10,True,True,False,0.06936100870370865,correct,0
2014,503,1,8,8,8,36,14,12,True,True,False,0.0894172191619873,correct,0
2015,503,1,45,13,45,14,36,0,False,False,False,0.015159128233790398,other,32
2016,504,0,31,13,31,6,16,6,False,False,False,0.06503617763519287,other,18
2017,504,0,4,15,4,16,6,6,False,False,False,0.0460762158036232,other,11
2018,504,1,4,13,4,6,16,6,False,False,False,0.04656188562512398,other,9
2019,504,1,31,11,31,16,6,8,False,False,False,0.10931949317455292,other,20
2020,505,0,3,13,3,18,7,6,False,False,False,0.06504593044519424,other,10
2021,505,0,46,13,46,7,18,18,False,False,False,0.03880388289690018,other,33
2022,505,1,46,13,46,18,7,6,False,False,False,0.029542721807956696,other,33
2023,505,1,3,2,3,7,18,6,False,False,True,0.08597301691770554,off_by_one,1
2024,506,0,4,35,4,35,0,17,False,False,False,0.01006654929369688,other,31
2025,506,0,21,3,21,0,35,15,False,False,False,0.01730053313076496,other,18
2026,506,1,21,21,21,35,0,15,True,True,False,0.013515898026525974,correct,0
2027,506,1,4,3,4,0,35,17,False,False,True,0.009563312865793705,off_by_one,1
2028,507,0,14,13,14,18,16,6,False,False,True,0.05081850662827492,off_by_one,1
2029,507,0,37,3,37,16,18,22,False,False,False,0.04802778735756874,other,34
2030,507,1,37,13,37,18,16,6,False,False,False,0.06602030992507935,other,24
2031,507,1,14,8,14,16,18,22,False,False,False,0.0755062997341156,other,6
2032,508,0,13,32,13,16,24,22,False,False,False,0.057115111500024796,other,19
2033,508,0,12,13,12,24,16,6,False,False,True,0.07836060971021652,off_by_one,1
2034,508,1,12,16,12,16,24,6,False,False,False,0.09803693741559982,other,4
2035,508,1,13,13,13,24,16,17,True,True,False,0.046376533806324005,correct,0
2036,509,0,2,29,2,38,7,7,False,False,False,0.04235504940152168,other,27
2037,509,0,32,13,32,7,38,17,False,False,False,0.04285421967506409,other,19
2038,509,1,32,8,32,38,7,18,False,False,False,0.04803888872265816,other,24
2039,509,1,2,13,2,7,38,17,False,False,False,0.05711812153458595,other,11
2040,510,0,31,10,31,7,6,2,False,False,False,0.04482270032167435,other,21
2041,510,0,24,35,24,6,7,30,False,False,False,0.012364283204078674,other,11
2042,510,1,24,15,24,7,6,18,False,False,False,0.014566936530172825,other,9
2043,510,1,31,6,31,6,7,6,False,False,False,0.05059163272380829,other,25
2044,511,0,23,15,23,15,36,34,False,False,False,0.012314882129430771,other,8
2045,511,0,24,45,24,36,15,17,False,False,False,0.016874484717845917,other,21
2046,511,1,24,35,24,15,36,39,False,False,False,0.013956543989479542,other,11
2047,511,1,23,35,23,36,15,6,False,False,False,0.013591728173196316,other,12
2048,512,0,0,11,0,17,26,6,False,False,False,0.037842728197574615,other,11
2049,512,0,44,47,44,26,17,6,False,False,False,0.02045331709086895,other,3
2050,512,1,44,35,44,17,26,34,False,False,False,0.02416873537003994,other,9
2051,512,1,0,13,0,26,17,6,False,False,False,0.03738895431160927,other,13
2052,513,0,39,13,39,6,23,6,False,False,False,0.030453424900770187,other,26
2053,513,0,29,8,29,23,6,12,False,False,False,0.034864023327827454,other,21
2054,513,1,29,8,29,6,23,6,False,False,False,0.04028083756566048,other,21
2055,513,1,39,13,39,23,6,6,False,False,False,0.03207660838961601,other,26
2056,514,0,9,10,9,6,5,6,False,False,True,0.06381140649318695,off_by_one,1
2057,514,0,16,13,16,5,6,6,False,False,False,0.02128361165523529,other,3
2058,514,1,16,29,16,6,5,15,False,False,False,0.010542521253228188,other,13
2059,514,1,9,29,9,5,6,6,False,False,False,0.04841545224189758,other,20
2060,515,0,6,13,6,7,23,6,False,False,False,0.02721753530204296,other,7
2061,515,0,19,10,19,23,7,34,False,False,False,0.043297816067934036,other,9
2062,515,1,19,12,19,7,23,6,False,False,False,0.06103098392486572,other,7
2063,515,1,6,13,6,23,7,17,False,False,False,0.026428358629345894,other,7
2064,516,0,5,7,5,15,27,25,False,False,False,0.07768859714269638,other,2
2065,516,0,47,47,47,27,15,27,True,True,False,0.021879348903894424,correct,0
2066,516,1,47,11,47,15,27,7,False,False,False,0.04331779479980469,other,36
2067,516,1,5,10,5,27,15,27,False,False,False,0.07599594444036484,other,5
2068,517,0,37,13,37,13,9,6,False,False,False,0.03022085875272751,other,24
2069,517,0,27,8,27,9,13,6,False,False,False,0.09496711939573288,other,19
2070,517,1,27,36,27,13,9,6,False,False,False,0.06528451293706894,other,9
2071,517,1,37,3,37,9,13,6,False,False,False,0.011756223626434803,other,34
2072,518,0,8,8,8,18,14,6,True,True,False,0.03675515949726105,correct,0
2073,518,0,36,13,36,14,18,6,False,False,False,0.015914229676127434,other,23
2074,518,1,36,13,36,18,14,6,False,False,False,0.016286250203847885,other,23
2075,518,1,8,8,8,14,18,6,True,True,False,0.03361058235168457,correct,0
2076,519,0,15,15,15,6,18,6,True,True,False,0.049051765352487564,correct,0
2077,519,0,47,13,47,18,6,6,False,False,False,0.027299314737319946,other,34
2078,519,1,47,13,47,6,18,6,False,False,False,0.020708663389086723,other,34
2079,519,1,15,15,15,18,6,6,True,True,False,0.037984978407621384,correct,0
2080,520,0,28,13,28,18,37,4,False,False,False,0.013201394118368626,other,15
2081,520,0,4,35,4,37,18,7,False,False,False,0.004408004693686962,other,31
2082,520,1,4,35,4,18,37,30,False,False,False,0.007423738483339548,other,31
2083,520,1,28,11,28,37,18,7,False,False,False,0.005713074002414942,other,17
2084,521,0,25,35,25,17,16,17,False,False,False,0.007614962290972471,other,10
2085,521,0,44,35,44,16,17,14,False,False,False,0.005551483016461134,other,9
2086,521,1,44,35,44,17,16,17,False,False,False,0.010707839392125607,other,9
2087,521,1,25,35,25,16,17,27,False,False,False,0.00861784815788269,other,10
2088,522,0,27,29,27,18,20,15,False,False,False,0.01570257730782032,other,2
2089,522,0,47,7,47,20,18,17,False,False,False,0.03523857891559601,other,40
2090,522,1,47,47,47,18,20,6,True,True,False,0.02598818764090538,correct,0
2091,522,1,27,28,27,20,18,20,False,False,True,0.012583739124238491,off_by_one,1
2092,523,0,47,35,47,0,25,15,False,False,False,0.02319253981113434,other,12
2093,523,0,13,13,13,25,0,15,True,True,False,0.03635440394282341,correct,0
2094,523,1,13,1,13,0,25,33,False,False,False,0.028544655069708824,other,12
2095,523,1,47,24,47,25,0,15,False,False,False,0.019851479679346085,other,23
2096,524,0,21,13,21,2,7,6,False,False,False,0.06445986032485962,other,8
2097,524,0,33,10,33,7,2,6,False,False,False,0.023337282240390778,other,23
2098,524,1,33,13,33,2,7,6,False,False,False,0.02488277666270733,other,20
2099,524,1,21,12,21,7,2,6,False,False,False,0.09316079318523407,other,9
2100,525,0,29,3,29,16,0,17,False,False,False,0.02266203798353672,other,26
2101,525,0,16,7,16,0,16,27,False,False,False,0.018671687692403793,other,9
2102,525,1,16,16,16,16,0,25,True,True,False,0.01842534728348255,correct,0
2103,525,1,29,13,29,0,16,17,False,False,False,0.01959083415567875,other,16
2104,526,0,16,15,16,6,16,6,False,False,True,0.05412584915757179,off_by_one,1
2105,526,0,5,34,5,16,6,7,False,False,False,0.03149218112230301,other,29
2106,526,1,5,13,5,6,16,24,False,False,False,0.04540305584669113,other,8
2107,526,1,16,15,16,16,6,6,False,False,True,0.08274412900209427,off_by_one,1
2108,527,0,33,13,33,8,2,6,False,False,False,0.09005454927682877,other,20
2109,527,0,20,10,20,2,8,18,False,False,False,0.04434729367494583,other,10
2110,527,1,20,13,20,8,2,6,False,False,False,0.0347524955868721,other,7
2111,527,1,33,25,33,2,8,6,False,False,False,0.09788987785577774,other,8
2112,528,0,4,13,4,20,15,17,False,False,False,0.0229810643941164,other,9
2113,528,0,25,35,25,15,20,16,False,False,False,0.047611694782972336,other,10
2114,528,1,25,8,25,20,15,34,False,False,False,0.04087687283754349,other,17
2115,528,1,4,35,4,15,20,17,False,False,False,0.024947358295321465,other,31
2116,529,0,24,35,24,28,24,14,False,False,False,0.00732072489336133,other,11
2117,529,0,16,41,16,24,28,15,False,False,False,0.070426806807518,other,25
2118,529,1,16,15,16,28,24,6,False,False,True,0.08472427725791931,off_by_one,1
2119,529,1,24,13,24,24,28,21,False,False,False,0.01576787605881691,other,11
2120,530,0,28,13,28,8,13,6,False,False,False,0.011179504916071892,other,15
2121,530,0,45,24,45,13,8,6,False,False,False,0.01285594329237938,other,21
2122,530,1,45,45,45,8,13,6,True,True,False,0.01122767012566328,correct,0
2123,530,1,28,28,28,13,8,6,True,True,False,0.009687366895377636,correct,0
2124,531,0,16,8,16,7,26,6,False,False,False,0.11266402155160904,other,8
2125,531,0,43,13,43,26,7,6,False,False,False,0.036589037626981735,other,30
2126,531,1,43,3,43,7,26,6,False,False,False,0.036977753043174744,other,40
2127,531,1,16,5,16,26,7,6,False,False,False,0.08322596549987793,other,11
2128,532,0,43,8,43,7,27,8,False,False,False,0.06789453327655792,other,35
2129,532,0,0,13,0,27,7,17,False,False,False,0.050709597766399384,other,13
2130,532,1,0,8,0,7,27,6,False,False,False,0.065386101603508,other,8
2131,532,1,43,13,43,27,7,7,False,False,False,0.06102229282259941,other,30
2132,533,0,5,7,5,24,18,14,False,False,False,0.0714544802904129,other,2
2133,533,0,38,13,38,18,24,17,False,False,False,0.021266138181090355,other,25
2134,533,1,38,13,38,24,18,17,False,False,False,0.020620914176106453,other,25
2135,533,1,5,15,5,18,24,35,False,False,False,0.10404214262962341,other,10
2136,534,0,9,3,9,2,14,17,False,False,False,0.015512636862695217,other,6
2137,534,0,1,28,1,14,2,7,False,False,False,0.020956354215741158,other,27
2138,534,1,1,13,1,2,14,17,False,False,False,0.020426250994205475,other,12
2139,534,1,9,10,9,14,2,20,False,False,True,0.014853664673864841,off_by_one,1
2140,535,0,32,13,32,7,0,6,False,False,False,0.02489221654832363,other,19
2141,535,0,22,45,22,0,7,7,False,False,False,0.07466762512922287,other,23
2142,535,1,22,10,22,7,0,6,False,False,False,0.06448214501142502,other,12
2143,535,1,32,13,32,0,7,6,False,False,False,0.023562641814351082,other,19
2144,536,0,0,28,0,17,26,28,False,False,False,0.03223158046603203,other,28
2145,536,0,38,13,38,26,17,6,False,False,False,0.015987487509846687,other,25
2146,536,1,38,10,38,17,26,34,False,False,False,0.019832013174891472,other,28
2147,536,1,0,13,0,26,17,6,False,False,False,0.03235122188925743,other,13
2148,537,0,8,8,8,17,15,6,True,True,False,0.050935886800289154,correct,0
2149,537,0,2,13,2,15,17,6,False,False,False,0.019547786563634872,other,11
2150,537,1,2,13,2,17,15,17,False,False,False,0.020236637443304062,other,11
2151,537,1,8,8,8,15,17,24,True,True,False,0.07692238688468933,correct,0
2152,538,0,29,35,29,16,0,16,False,False,False,0.0372810922563076,other,6
2153,538,0,36,13,36,0,16,10,False,False,False,0.03455716371536255,other,23
2154,538,1,36,36,36,16,0,17,True,True,False,0.029072510078549385,correct,0
2155,538,1,29,29,29,0,16,15,True,True,False,0.03984907642006874,correct,0
2156,539,0,36,10,36,6,16,7,False,False,False,0.06496729701757431,other,26
2157,539,0,3,13,3,16,6,17,False,False,False,0.08837252110242844,other,10
2158,539,1,3,12,3,6,16,6,False,False,False,0.08640678226947784,other,9
2159,539,1,36,13,36,16,6,17,False,False,False,0.11447962373495102,other,23
2160,540,0,11,29,11,3,6,4,False,False,False,0.04077618941664696,other,18
2161,540,0,42,42,42,6,3,6,True,True,False,0.09478741884231567,correct,0
2162,540,1,42,7,42,3,6,6,False,False,False,0.09969955682754517,other,35
2163,540,1,11,8,11,6,3,6,False,False,False,0.05744354799389839,other,3
2164,541,0,46,35,46,24,27,17,False,False,False,0.05229710042476654,other,11
2165,541,0,0,2,0,27,24,38,False,False,False,0.040285300463438034,other,2
2166,541,1,0,13,0,24,27,17,False,False,False,0.04642421379685402,other,13
2167,541,1,46,45,46,27,24,39,False,False,True,0.05223866179585457,off_by_one,1
2168,542,0,34,34,34,8,2,6,True,True,False,0.03926679491996765,correct,0
2169,542,0,24,48,24,2,8,6,False,False,False,0.0808989480137825,other,24
2170,542,1,24,45,24,8,2,6,False,False,False,0.07432113587856293,other,21
2171,542,1,34,15,34,2,8,6,False,False,False,0.037498798221349716,other,19
2172,543,0,11,10,11,14,6,8,False,False,True,0.05825820192694664,off_by_one,1
2173,543,0,36,13,36,6,14,6,False,False,False,0.023404782637953758,other,23
2174,543,1,36,13,36,14,6,17,False,False,False,0.02675190381705761,other,23
2175,543,1,11,35,11,6,14,6,False,False,False,0.05109267681837082,other,24
2176,544,0,5,7,5,6,24,6,False,False,False,0.05468772351741791,other,2
2177,544,0,18,8,18,24,6,6,False,False,False,0.08567755669355392,other,10
2178,544,1,18,13,18,6,24,6,False,False,False,0.06221466884016991,other,5
2179,544,1,5,7,5,24,6,16,False,False,False,0.043643224984407425,other,2
2180,545,0,8,8,8,8,7,6,True,True,False,0.03471740707755089,correct,0
2181,545,0,23,35,23,7,8,6,False,False,False,0.05072169378399849,other,12
2182,545,1,23,23,23,8,7,6,True,True,False,0.04752086475491524,correct,0
2183,545,1,8,8,8,7,8,6,True,True,False,0.031945355236530304,correct,0
2184,546,0,33,13,33,17,16,7,False,False,False,0.03952305391430855,other,20
2185,546,0,12,16,12,16,17,22,False,False,False,0.05883866176009178,other,4
2186,546,1,12,13,12,17,16,17,False,False,True,0.0508759431540966,off_by_one,1
2187,546,1,33,16,33,16,17,22,False,False,False,0.06116783618927002,other,17
2188,547,0,33,11,33,16,17,16,False,False,False,0.014537232927978039,other,22
2189,547,0,34,35,34,17,16,17,False,False,True,0.01665370911359787,off_by_one,1
2190,547,1,34,15,34,16,17,32,False,False,False,0.010343416593968868,other,19
2191,547,1,33,13,33,17,16,17,False,False,False,0.016020826995372772,other,20
2192,548,0,37,22,37,15,8,17,False,False,False,0.012625595554709435,other,15
2193,548,0,14,45,14,8,15,6,False,False,False,0.017097584903240204,other,31
2194,548,1,14,45,14,15,8,34,False,False,False,0.02647300809621811,other,31
2195,548,1,37,6,37,8,15,6,False,False,False,0.028730131685733795,other,31
2196,549,0,39,3,39,7,2,6,False,False,False,0.011361935175955296,other,36
2197,549,0,31,48,31,2,7,6,False,False,False,0.034972433000802994,other,17
2198,549,1,31,48,31,7,2,6,False,False,False,0.049066293984651566,other,17
2199,549,1,39,13,39,2,7,15,False,False,False,0.02802368812263012,other,26
2200,550,0,5,15,5,14,17,16,False,False,False,0.01740507036447525,other,10
2201,550,0,16,16,16,17,14,16,True,True,False,0.055210646241903305,correct,0
2202,550,1,16,15,16,14,17,22,False,False,True,0.09429924190044403,off_by_one,1
2203,550,1,5,7,5,17,14,6,False,False,False,0.02687707543373108,other,2
2204,551,0,18,8,18,24,7,18,False,False,False,0.0670480951666832,other,10
2205,551,0,6,13,6,7,24,17,False,False,False,0.06840135157108307,other,7
2206,551,1,6,13,6,24,7,6,False,False,False,0.07025701552629471,other,7
2207,551,1,18,11,18,7,24,6,False,False,False,0.04973234981298447,other,7
2208,552,0,26,35,26,20,17,17,False,False,False,0.01401260495185852,other,9
2209,552,0,37,35,37,17,20,15,False,False,False,0.018369732424616814,other,2
2210,552,1,37,48,37,20,17,17,False,False,False,0.018755566328763962,other,11
2211,552,1,26,35,26,17,20,34,False,False,False,0.02498474158346653,other,9
2212,553,0,40,44,40,16,14,16,False,False,False,0.056887511163949966,other,4
2213,553,0,25,15,25,14,16,18,False,False,False,0.07936501502990723,other,10
2214,553,1,25,13,25,16,14,16,False,False,False,0.09219613671302795,other,12
2215,553,1,40,8,40,14,16,7,False,False,False,0.061412010341882706,other,32
2216,554,0,5,7,5,25,14,7,False,False,False,0.044570110738277435,other,2
2217,554,0,15,15,15,14,25,6,True,True,False,0.06684807687997818,correct,0
2218,554,1,15,7,15,25,14,16,False,False,False,0.044654056429862976,other,8
2219,554,1,5,41,5,14,25,15,False,False,False,0.027876870706677437,other,36
2220,555,0,22,21,22,5,3,6,False,False,True,0.02381172589957714,off_by_one,1
2221,555,0,48,12,48,3,5,8,False,False,False,0.01975272037088871,other,36
2222,555,1,48,13,48,5,3,6,False,False,False,0.012642966583371162,other,35
2223,555,1,22,3,22,3,5,6,False,False,False,0.01324855349957943,other,19
2224,556,0,20,38,20,18,15,6,False,False,False,0.03962448984384537,other,18
2225,556,0,48,10,48,15,18,15,False,False,False,0.0119332792237401,other,38
2226,556,1,48,13,48,18,15,6,False,False,False,0.023090803995728493,other,35
2227,556,1,20,8,20,15,18,22,False,False,False,0.06523561477661133,other,12
2228,557,0,10,45,10,0,7,6,False,False,False,0.015828177332878113,other,35
2229,557,0,9,13,9,7,0,6,False,False,False,0.03848002105951309,other,4
2230,557,1,9,36,9,0,7,7,False,False,False,0.04595206677913666,other,27
2231,557,1,10,11,10,7,0,6,False,False,True,0.011096854694187641,off_by_one,1
2232,558,0,8,8,8,16,0,12,True,True,False,0.0779179036617279,correct,0
2233,558,0,1,13,1,0,16,17,False,False,False,0.040598660707473755,other,12
2234,558,1,1,1,1,16,0,23,True,True,False,0.03360648453235626,correct,0
2235,558,1,8,8,8,0,16,6,True,True,False,0.0641523227095604,correct,0
2236,559,0,43,35,43,7,2,16,False,False,False,0.009507224895060062,other,8
2237,559,0,19,13,19,2,7,6,False,False,False,0.013626165688037872,other,6
2238,559,1,19,24,19,7,2,6,False,False,False,0.020337499678134918,other,5
2239,559,1,43,13,43,2,7,29,False,False,False,0.011694648303091526,other,30
2240,560,0,37,29,37,16,7,8,False,False,False,0.04873565956950188,other,8
2241,560,0,35,13,35,7,16,6,False,False,False,0.02900206297636032,other,22
2242,560,1,35,15,35,16,7,6,False,False,False,0.04677248001098633,other,20
2243,560,1,37,13,37,7,16,17,False,False,False,0.038394663482904434,other,24
2244,561,0,40,13,40,22,7,6,False,False,False,0.023497242480516434,other,27
2245,561,0,43,8,43,7,22,6,False,False,False,0.07766503840684891,other,35
2246,561,1,43,3,43,22,7,24,False,False,False,0.04951556771993637,other,40
2247,561,1,40,13,40,7,22,21,False,False,False,0.016838330775499344,other,27
2248,562,0,39,13,39,21,14,15,False,False,False,0.010889813303947449,other,26
2249,562,0,36,3,36,14,21,38,False,False,False,0.017994454130530357,other,33
2250,562,1,36,13,36,21,14,17,False,False,False,0.018590856343507767,other,23
2251,562,1,39,12,39,14,21,8,False,False,False,0.024231765419244766,other,27
2252,563,0,45,13,45,0,3,17,False,False,False,0.026802154257893562,other,32
2253,563,0,15,15,15,3,0,6,True,True,False,0.15212354063987732,correct,0
2254,563,1,15,41,15,0,3,6,False,False,False,0.09911751747131348,other,26
2255,563,1,45,35,45,3,0,12,False,False,False,0.020361125469207764,other,10
2256,564,0,5,15,5,31,24,27,False,False,False,0.052967991679906845,other,10
2257,564,0,24,45,24,24,31,6,False,False,False,0.010531873442232609,other,21
2258,564,1,24,35,24,31,24,15,False,False,False,0.013865738175809383,other,11
2259,564,1,5,13,5,24,31,6,False,False,False,0.035677000880241394,other,8
2260,565,0,7,7,7,2,19,20,True,True,False,0.061245325952768326,correct,0
2261,565,0,36,13,36,19,2,6,False,False,False,0.03282804787158966,other,23
2262,565,1,36,3,36,2,19,6,False,False,False,0.03268130123615265,other,33
2263,565,1,7,7,7,19,2,18,True,True,False,0.05307118967175484,correct,0
2264,566,0,20,11,20,16,15,7,False,False,False,0.03726280853152275,other,9
2265,566,0,24,13,24,15,16,6,False,False,False,0.02374895103275776,other,11
2266,566,1,24,35,24,16,15,14,False,False,False,0.01504336018115282,other,11
2267,566,1,20,22,20,15,16,16,False,False,False,0.0384254977107048,other,2
2268,567,0,38,24,38,27,0,10,False,False,False,0.006064933259040117,other,14
2269,567,0,29,29,29,0,27,15,True,True,False,0.02687903679907322,correct,0
2270,567,1,29,15,29,27,0,6,False,False,False,0.029835110530257225,other,14
2271,567,1,38,13,38,0,27,6,False,False,False,0.011837455444037914,other,25
2272,568,0,18,11,18,8,6,6,False,False,False,0.04553127661347389,other,7
2273,568,0,37,13,37,6,8,6,False,False,False,0.023806530982255936,other,24
2274,568,1,37,3,37,8,6,39,False,False,False,0.02889956720173359,other,34
2275,568,1,18,13,18,6,8,10,False,False,False,0.03872523456811905,other,5
2276,569,0,19,13,19,18,24,6,False,False,False,0.06473203748464584,other,6
2277,569,0,11,9,11,24,18,22,False,False,False,0.07365363091230392,other,2
2278,569,1,11,29,11,18,24,10,False,False,False,0.05361703410744667,other,18
2279,569,1,19,10,19,24,18,7,False,False,False,0.05230758711695671,other,9
2280,570,0,47,47,47,38,20,16,True,True,False,0.01744549721479416,correct,0
2281,570,0,23,13,23,20,38,17,False,False,False,0.022439423948526382,other,10
2282,570,1,23,35,23,38,20,7,False,False,False,0.02362935058772564,other,12
2283,570,1,47,47,47,20,38,27,True,True,False,0.022626319900155067,correct,0
2284,571,0,32,8,32,7,29,6,False,False,False,0.09314495325088501,other,24
2285,571,0,27,13,27,29,7,17,False,False,False,0.0920795202255249,other,14
2286,571,1,27,35,27,7,29,6,False,False,False,0.08326397836208344,other,8
2287,571,1,32,13,32,29,7,6,False,False,False,0.07418731600046158,other,19
2288,572,0,40,3,40,24,36,6,False,False,False,0.0062340544536709785,other,37
2289,572,0,14,3,14,36,24,6,False,False,False,0.06717336922883987,other,11
2290,572,1,14,3,14,24,36,6,False,False,False,0.06781108677387238,other,11
2291,572,1,40,13,40,36,24,6,False,False,False,0.015026690438389778,other,27
2292,573,0,16,41,16,6,15,6,False,False,False,0.062093231827020645,other,25
2293,573,0,36,29,36,15,6,1,False,False,False,0.03883778303861618,other,7
2294,573,1,36,13,36,6,15,6,False,False,False,0.041517436504364014,other,23
2295,573,1,16,15,16,15,6,22,False,False,True,0.09023444354534149,off_by_one,1
2296,574,0,27,13,27,26,17,6,False,False,False,0.034362878650426865,other,14
2297,574,0,43,12,43,17,26,36,False,False,False,0.024549055844545364,other,31
2298,574,1,43,13,43,26,17,6,False,False,False,0.0190118420869112,other,30
2299,574,1,27,29,27,17,26,28,False,False,False,0.025523751974105835,other,2
2300,575,0,15,15,15,16,19,6,True,True,False,0.15408927202224731,correct,0
2301,575,0,10,13,10,19,16,17,False,False,False,0.06681015342473984,other,3
2302,575,1,10,16,10,16,19,12,False,False,False,0.06052522733807564,other,6
2303,575,1,15,5,15,19,16,26,False,False,False,0.09634795784950256,other,10
2304,576,0,33,29,33,7,38,17,False,False,False,0.008881096728146076,other,4
2305,576,0,4,35,4,38,7,15,False,False,False,0.008699801750481129,other,31
2306,576,1,4,35,4,7,38,17,False,False,False,0.006882849615067244,other,31
2307,576,1,33,35,33,38,7,38,False,False,False,0.008549496531486511,other,2
2308,577,0,30,6,30,6,9,6,False,False,False,0.06634281575679779,other,24
2309,577,0,27,45,27,9,6,8,False,False,False,0.012724527157843113,other,18
2310,577,1,27,13,27,6,9,6,False,False,False,0.02555927447974682,other,14
2311,577,1,30,8,30,9,6,6,False,False,False,0.0913415178656578,other,22
2312,578,0,33,35,33,21,16,17,False,False,False,0.021186059340834618,other,2
2313,578,0,47,35,47,16,21,16,False,False,False,0.013665183447301388,other,12
2314,578,1,47,10,47,21,16,0,False,False,False,0.006997603457421064,other,37
2315,578,1,33,3,33,16,21,15,False,False,False,0.017469381913542747,other,30
2316,579,0,22,22,22,7,38,8,True,True,False,0.05995361879467964,correct,0
2317,579,0,48,13,48,38,7,17,False,False,False,0.042967479676008224,other,35
2318,579,1,48,31,48,7,38,7,False,False,False,0.04408615455031395,other,17
2319,579,1,22,3,22,38,7,38,False,False,False,0.03200409561395645,other,19
2320,580,0,38,3,38,6,1,6,False,False,False,0.015372062101960182,other,35
2321,580,0,30,13,30,1,6,6,False,False,False,0.06002482771873474,other,17
2322,580,1,30,31,30,6,1,6,False,False,True,0.06399441510438919,off_by_one,1
2323,580,1,38,13,38,1,6,17,False,False,False,0.016571924090385437,other,25
2324,581,0,42,15,42,7,15,22,False,False,False,0.031868770718574524,other,27
2325,581,0,28,13,28,15,7,17,False,False,False,0.03763348609209061,other,15
2326,581,1,28,11,28,7,15,6,False,False,False,0.04752400517463684,other,17
2327,581,1,42,13,42,15,7,6,False,False,False,0.04653743654489517,other,29
2328,582,0,7,7,7,38,39,14,True,True,False,0.050190266221761703,correct,0
2329,582,0,25,35,25,39,38,17,False,False,False,0.006168439984321594,other,10
2330,582,1,25,35,25,38,39,7,False,False,False,0.010159625671803951,other,10
2331,582,1,7,7,7,39,38,17,True,True,False,0.0428328700363636,correct,0
2332,583,0,11,10,11,7,2,6,False,False,True,0.0586903877556324,off_by_one,1
2333,583,0,43,13,43,2,7,7,False,False,False,0.034666627645492554,other,30
2334,583,1,43,13,43,7,2,17,False,False,False,0.027603404596447945,other,30
2335,583,1,11,9,11,2,7,6,False,False,False,0.05699148029088974,other,2
2336,584,0,15,15,15,6,12,36,True,True,False,0.06266040354967117,correct,0
2337,584,0,2,13,2,12,6,6,False,False,False,0.05417194962501526,other,11
2338,584,1,2,8,2,6,12,6,False,False,False,0.06584791094064713,other,6
2339,584,1,15,34,15,12,6,6,False,False,False,0.07073796540498734,other,19
2340,585,0,21,3,21,14,26,6,False,False,False,0.04275285825133324,other,18
2341,585,0,14,24,14,26,14,4,False,False,False,0.01985730230808258,other,10
2342,585,1,14,0,14,14,26,34,False,False,False,0.026320530101656914,other,14
2343,585,1,21,13,21,26,14,6,False,False,False,0.06638379395008087,other,8
2344,586,0,48,11,48,15,2,7,False,False,False,0.030121875926852226,other,37
2345,586,0,18,13,18,2,15,7,False,False,False,0.05195385590195656,other,5
2346,586,1,18,44,18,15,2,7,False,False,False,0.06510970741510391,other,26
2347,586,1,48,13,48,2,15,6,False,False,False,0.03640313073992729,other,35
2348,587,0,28,13,28,12,2,6,False,False,False,0.013478482142090797,other,15
2349,587,0,6,45,6,2,12,34,False,False,False,0.031557824462652206,other,39
2350,587,1,6,6,6,12,2,6,True,True,False,0.03057907707989216,correct,0
2351,587,1,28,10,28,2,12,6,False,False,False,0.013485388830304146,other,18
2352,588,0,45,15,45,24,0,6,False,False,False,0.030903590843081474,other,30
2353,588,0,4,13,4,0,24,17,False,False,False,0.06405283510684967,other,9
2354,588,1,4,11,4,24,0,27,False,False,False,0.07214769721031189,other,7
2355,588,1,45,13,45,0,24,10,False,False,False,0.03570055216550827,other,32
2356,589,0,40,13,40,26,17,6,False,False,False,0.028358008712530136,other,27
2357,589,0,11,11,11,17,26,26,True,True,False,0.024042177945375443,correct,0
2358,589,1,11,13,11,26,17,6,False,False,False,0.03008105605840683,other,2
2359,589,1,40,45,40,17,26,34,False,False,False,0.0338047631084919,other,5
2360,590,0,40,13,40,15,14,17,False,False,False,0.012939211912453175,other,27
2361,590,0,17,45,17,14,15,6,False,False,False,0.05318283662199974,other,28
2362,590,1,17,3,17,15,14,0,False,False,False,0.030063016340136528,other,14
2363,590,1,40,35,40,14,15,15,False,False,False,0.008538564667105675,other,5
2364,591,0,22,13,22,36,16,17,False,False,False,0.047181401401758194,other,9
2365,591,0,1,16,1,16,36,7,False,False,False,0.04588266462087631,other,15
2366,591,1,1,13,1,36,16,17,False,False,False,0.04342923313379288,other,12
2367,591,1,22,8,22,16,36,12,False,False,False,0.07218419015407562,other,14
2368,592,0,9,13,9,6,20,6,False,False,False,0.028008650988340378,other,4
2369,592,0,31,11,31,20,6,7,False,False,False,0.06118248030543327,other,20
2370,592,1,31,22,31,6,20,6,False,False,False,0.05309632793068886,other,9
2371,592,1,9,13,9,20,6,20,False,False,False,0.027978934347629547,other,4
2372,593,0,15,5,15,17,14,16,False,False,False,0.09049910306930542,other,10
2373,593,0,47,24,47,14,17,27,False,False,False,0.03304441273212433,other,23
2374,593,1,47,13,47,17,14,7,False,False,False,0.036204226315021515,other,34
2375,593,1,15,15,15,14,17,6,True,True,False,0.0982959195971489,correct,0
2376,594,0,26,35,26,14,12,15,False,False,False,0.026010915637016296,other,9
2377,594,0,23,35,23,12,14,6,False,False,False,0.009963051415979862,other,12
2378,594,1,23,35,23,14,12,6,False,False,False,0.0178513340651989,other,12
2379,594,1,26,35,26,12,14,6,False,False,False,0.0312642939388752,other,9
2380,595,0,31,13,31,16,0,6,False,False,False,0.03758378326892853,other,18
2381,595,0,14,12,14,0,16,7,False,False,False,0.05188022553920746,other,2
2382,595,1,14,13,14,16,0,6,False,False,True,0.05088190734386444,off_by_one,1
2383,595,1,31,10,31,0,16,6,False,False,False,0.040445294231176376,other,21
2384,596,0,42,7,42,22,16,6,False,False,False,0.07615114003419876,other,35
2385,596,0,1,36,1,16,22,15,False,False,False,0.019404228776693344,other,35
2386,596,1,1,13,1,22,16,6,False,False,False,0.023561066016554832,other,12
2387,596,1,42,5,42,16,22,22,False,False,False,0.08419059962034225,other,37
2388,597,0,23,35,23,15,27,6,False,False,False,0.016451267525553703,other,12
2389,597,0,45,35,45,27,15,17,False,False,False,0.04863038286566734,other,10
2390,597,1,45,45,45,15,27,6,True,True,False,0.05824514478445053,correct,0
2391,597,1,23,35,23,27,15,6,False,False,False,0.025817885994911194,other,12
2392,598,0,41,41,41,14,0,7,True,True,False,0.08891838043928146,correct,0
2393,598,0,40,48,40,0,14,17,False,False,False,0.016146209090948105,other,8
2394,598,1,40,46,40,14,0,14,False,False,False,0.013124346733093262,other,6
2395,598,1,41,15,41,0,14,32,False,False,False,0.07382020354270935,other,26
2396,599,0,36,10,36,14,24,7,False,False,False,0.024690937250852585,other,26
2397,599,0,13,48,13,24,14,6,False,False,False,0.038702838122844696,other,35
2398,599,1,13,8,13,14,24,22,False,False,False,0.06843375414609909,other,5
2399,599,1,36,13,36,24,14,6,False,False,False,0.029970910400152206,other,23
2400,600,0,19,29,19,14,17,7,False,False,False,0.03491261973977089,other,10
2401,600,0,41,41,41,17,14,6,True,True,False,0.034872326999902725,correct,0
2402,600,1,41,41,41,14,17,22,True,True,False,0.04175311699509621,correct,0
2403,600,1,19,13,19,17,14,17,False,False,False,0.048751819878816605,other,6
2404,601,0,34,34,34,18,14,6,True,True,False,0.042748816311359406,correct,0
2405,601,0,45,15,45,14,18,6,False,False,False,0.03844943270087242,other,30
2406,601,1,45,13,45,18,14,6,False,False,False,0.03735211864113808,other,32
2407,601,1,34,16,34,14,18,6,False,False,False,0.0614066943526268,other,18
2408,602,0,29,13,29,26,0,6,False,False,False,0.02329595386981964,other,16
2409,602,0,43,35,43,0,26,18,False,False,False,0.014517259784042835,other,8
2410,602,1,43,13,43,26,0,6,False,False,False,0.01127815991640091,other,30
2411,602,1,29,45,29,0,26,21,False,False,False,0.022234683856368065,other,16
2412,603,0,14,13,14,12,15,6,False,False,True,0.03362143412232399,off_by_one,1
2413,603,0,3,10,3,15,12,6,False,False,False,0.05607560649514198,other,7
2414,603,1,3,13,3,12,15,6,False,False,False,0.05489993467926979,other,10
2415,603,1,14,45,14,15,12,6,False,False,False,0.025033511221408844,other,31
2416,604,0,34,35,34,17,16,17,False,False,True,0.012055479921400547,off_by_one,1
2417,604,0,46,2,46,16,17,32,False,False,False,0.05179383605718613,other,44
2418,604,1,46,35,46,17,16,39,False,False,False,0.04882506653666496,other,11
2419,604,1,34,23,34,16,17,17,False,False,False,0.006510812323540449,other,11
2420,605,0,18,13,18,0,6,6,False,False,False,0.05729908123612404,other,5
2421,605,0,16,15,16,6,0,6,False,False,True,0.0633375272154808,off_by_one,1
2422,605,1,16,45,16,0,6,16,False,False,False,0.048686642199754715,other,29
2423,605,1,18,45,18,6,0,6,False,False,False,0.06066548079252243,other,27
2424,606,0,0,48,0,24,7,7,False,False,False,0.007809830363839865,other,48
2425,606,0,11,29,11,7,24,7,False,False,False,0.010596009902656078,other,18
2426,606,1,11,29,11,24,7,37,False,False,False,0.015471553429961205,other,18
2427,606,1,0,0,0,7,24,7,True,True,False,0.008907021023333073,correct,0
2428,607,0,32,13,32,20,39,17,False,False,False,0.04723550006747246,other,19
2429,607,0,8,8,8,39,20,12,True,True,False,0.07890041172504425,correct,0
2430,607,1,8,8,8,20,39,6,True,True,False,0.0791660025715828,correct,0
2431,607,1,32,3,32,39,20,6,False,False,False,0.050328440964221954,other,29
2432,608,0,47,15,47,6,24,6,False,False,False,0.09283652156591415,other,32
2433,608,0,4,13,4,24,6,6,False,False,False,0.017423518002033234,other,9
2434,608,1,4,35,4,6,24,6,False,False,False,0.014860006980597973,other,31
2435,608,1,47,47,47,24,6,18,True,True,False,0.08278077095746994,correct,0
2436,609,0,21,13,21,15,24,6,False,False,False,0.04650558531284332,other,8
2437,609,0,12,10,12,24,15,6,False,False,False,0.049813561141490936,other,2
2438,609,1,12,13,12,15,24,17,False,False,True,0.051996175199747086,off_by_one,1
2439,609,1,21,12,21,24,15,6,False,False,False,0.09969627857208252,other,9
2440,610,0,15,15,15,16,26,22,True,True,False,0.10757939517498016,correct,0
2441,610,0,25,13,25,26,16,6,False,False,False,0.01098429411649704,other,12
2442,610,1,25,35,25,16,26,17,False,False,False,0.007398468442261219,other,10
2443,610,1,15,15,15,26,16,19,True,True,False,0.09779664129018784,correct,0
2444,611,0,25,35,25,17,27,6,False,False,False,0.00970839150249958,other,10
2445,611,0,2,35,2,27,17,27,False,False,False,0.024855082854628563,other,33
2446,611,1,2,13,2,17,27,14,False,False,False,0.021885579451918602,other,11
2447,611,1,25,15,25,27,17,6,False,False,False,0.013423949480056763,other,10
2448,612,0,2,13,2,26,0,6,False,False,False,0.06446625292301178,other,11
2449,612,0,44,10,44,0,26,34,False,False,False,0.022383470088243484,other,34
2450,612,1,44,13,44,26,0,6,False,False,False,0.016349179670214653,other,31
2451,612,1,2,45,2,0,26,34,False,False,False,0.0713496133685112,other,43
2452,613,0,0,13,0,14,17,17,False,False,False,0.027975600212812424,other,13
2453,613,0,38,35,38,17,14,7,False,False,False,0.011587652377784252,other,3
2454,613,1,38,3,38,14,17,0,False,False,False,0.013458765111863613,other,35
2455,613,1,0,3,0,17,14,17,False,False,False,0.026833677664399147,other,3
2456,614,0,48,2,48,17,26,15,False,False,False,0.024977443739771843,other,46
2457,614,0,31,13,31,26,17,6,False,False,False,0.06199886277318001,other,18
2458,614,1,31,45,31,17,26,34,False,False,False,0.07237141579389572,other,14
2459,614,1,48,13,48,26,17,6,False,False,False,0.027467288076877594,other,35
2460,615,0,9,10,9,13,8,18,False,False,True,0.060608871281147,off_by_one,1
2461,615,0,47,41,47,8,13,6,False,False,False,0.013358273543417454,other,6
2462,615,1,47,13,47,13,8,6,False,False,False,0.028964264318346977,other,34
2463,615,1,9,25,9,8,13,6,False,False,False,0.0866791233420372,other,16
2464,616,0,47,13,47,2,16,6,False,False,False,0.047317516058683395,other,34
2465,616,0,2,45,2,16,2,33,False,False,False,0.04376039654016495,other,43
2466,616,1,2,13,2,2,16,6,False,False,False,0.04118981584906578,other,11
2467,616,1,47,16,47,16,2,24,False,False,False,0.06846053153276443,other,31
2468,617,0,32,13,32,38,7,17,False,False,False,0.06436186283826828,other,19
2469,617,0,10,10,10,7,38,6,True,True,False,0.053922295570373535,correct,0
2470,617,1,10,11,10,38,7,27,False,False,True,0.02376639097929001,off_by_one,1
2471,617,1,32,3,32,7,38,7,False,False,False,0.0657854974269867,other,29
2472,618,0,9,11,9,16,9,17,False,False,False,0.04019039124250412,other,2
2473,618,0,23,35,23,9,16,34,False,False,False,0.017524857074022293,other,12
2474,618,1,23,13,23,16,9,6,False,False,False,0.027783600613474846,other,10
2475,618,1,9,12,9,9,16,6,False,False,False,0.06414715200662613,other,3
2476,619,0,38,10,38,38,18,15,False,False,False,0.01866510696709156,other,28
2477,619,0,48,48,48,18,38,17,True,True,False,0.027998698875308037,correct,0
2478,619,1,48,10,48,38,18,38,False,False,False,0.01417221687734127,other,38
2479,619,1,38,13,38,18,38,17,False,False,False,0.013544952496886253,other,25
2480,620,0,46,13,46,39,38,6,False,False,False,0.031789038330316544,other,33
2481,620,0,26,28,26,38,39,39,False,False,False,0.04047204181551933,other,2
2482,620,1,26,13,26,39,38,6,False,False,False,0.027397749945521355,other,13
2483,620,1,46,35,46,38,39,39,False,False,False,0.03517143800854683,other,11
2484,621,0,1,13,1,6,38,6,False,False,False,0.04848004877567291,other,12
2485,621,0,16,15,16,38,6,22,False,False,True,0.034582916647195816,off_by_one,1
2486,621,1,16,11,16,6,38,22,False,False,False,0.036251381039619446,other,5
2487,621,1,1,13,1,38,6,17,False,False,False,0.05368591845035553,other,12
2488,622,0,30,25,30,20,6,22,False,False,False,0.06055663898587227,other,5
2489,622,0,46,13,46,6,20,6,False,False,False,0.028465526178479195,other,33
2490,622,1,46,13,46,20,6,6,False,False,False,0.037406131625175476,other,33
2491,622,1,30,0,30,6,20,6,False,False,False,0.03179517015814781,other,30
2492,623,0,0,12,0,14,18,32,False,False,False,0.05163397267460823,other,12
2493,623,0,44,41,44,18,14,6,False,False,False,0.026579303666949272,other,3
2494,623,1,44,13,44,14,18,7,False,False,False,0.028768224641680717,other,31
2495,623,1,0,8,0,18,14,6,False,False,False,0.06762369722127914,other,8
2496,624,0,17,48,17,16,24,14,False,False,False,0.05432720109820366,other,31
2497,624,0,35,0,35,24,16,15,False,False,False,0.056120287626981735,other,35
2498,624,1,35,13,35,16,24,17,False,False,False,0.06771446764469147,other,22
2499,624,1,17,12,17,24,16,18,False,False,False,0.08733899146318436,other,5
2500,625,0,20,0,20,39,18,6,False,False,False,0.06859073787927628,other,20
2501,625,0,18,13,18,18,39,6,False,False,False,0.06895975768566132,other,5
2502,625,1,18,10,18,39,18,6,False,False,False,0.07169394195079803,other,8
2503,625,1,20,13,20,18,39,6,False,False,False,0.056868039071559906,other,7
2504,626,0,46,13,46,36,38,15,False,False,False,0.022518619894981384,other,33
2505,626,0,1,11,1,38,36,0,False,False,False,0.03352243825793266,other,10
2506,626,1,1,13,1,36,38,6,False,False,False,0.03415532410144806,other,12
2507,626,1,46,45,46,38,36,18,False,False,True,0.03082858957350254,off_by_one,1
2508,627,0,18,10,18,2,5,18,False,False,False,0.032969821244478226,other,8
2509,627,0,37,13,37,5,2,6,False,False,False,0.025211485102772713,other,24
2510,627,1,37,32,37,2,5,8,False,False,False,0.02320980280637741,other,5
2511,627,1,18,45,18,5,2,6,False,False,False,0.0326366052031517,other,27
2512,628,0,6,29,6,15,7,32,False,False,False,0.03429700806736946,other,23
2513,628,0,40,36,40,7,15,17,False,False,False,0.03760372847318649,other,4
2514,628,1,40,45,40,15,7,17,False,False,False,0.031973592936992645,other,5
2515,628,1,6,35,6,7,15,17,False,False,False,0.059279341250658035,other,29
2516,629,0,1,11,1,15,18,32,False,False,False,0.019986344501376152,other,10
2517,629,0,43,13,43,18,15,6,False,False,False,0.018415886908769608,other,30
2518,629,1,43,3,43,15,18,7,False,False,False,0.017517970874905586,other,40
2519,629,1,1,13,1,18,15,4,False,False,False,0.02287406474351883,other,12
2520,630,0,17,3,17,17,18,6,False,False,False,0.0323994904756546,other,14
2521,630,0,6,41,6,18,17,6,False,False,False,0.05522850528359413,other,35
2522,630,1,6,0,6,17,18,34,False,False,False,0.07207408547401428,other,6
2523,630,1,17,13,17,18,17,17,False,False,False,0.03065418265759945,other,4
2524,631,0,14,13,14,15,14,7,False,False,True,0.01646445132791996,off_by_one,1
2525,631,0,16,15,16,14,15,27,False,False,True,0.021269412711262703,off_by_one,1
2526,631,1,16,15,16,15,14,31,False,False,True,0.020789267495274544,off_by_one,1
2527,631,1,14,13,14,14,15,0,False,False,True,0.021347127854824066,off_by_one,1
2528,632,0,8,8,8,32,28,24,True,True,False,0.11885929107666016,correct,0
2529,632,0,31,13,31,28,32,6,False,False,False,0.04054969176650047,other,18
2530,632,1,31,6,31,32,28,17,False,False,False,0.032647259533405304,other,25
2531,632,1,8,8,8,28,32,15,True,True,False,0.0760401040315628,correct,0
2532,633,0,40,48,40,0,31,17,False,False,False,0.006365879438817501,other,8
2533,633,0,5,15,5,31,0,27,False,False,False,0.04385020583868027,other,10
2534,633,1,5,7,5,0,31,25,False,False,False,0.03960306569933891,other,2
2535,633,1,40,35,40,31,0,15,False,False,False,0.011784589849412441,other,5
2536,634,0,10,29,10,24,17,6,False,False,False,0.055428799241781235,other,19
2537,634,0,36,13,36,17,24,17,False,False,False,0.017769310623407364,other,23
2538,634,1,36,13,36,24,17,10,False,False,False,0.011646030470728874,other,23
2539,634,1,10,29,10,17,24,27,False,False,False,0.04717075824737549,other,19
2540,635,0,39,10,39,23,22,6,False,False,False,0.07454923540353775,other,29
2541,635,0,9,13,9,22,23,6,False,False,False,0.025161758065223694,other,4
2542,635,1,9,10,9,23,22,34,False,False,True,0.038605328649282455,off_by_one,1
2543,635,1,39,13,39,22,23,6,False,False,False,0.0832541435956955,other,26
2544,636,0,8,8,8,8,6,26,True,True,False,0.0722714439034462,correct,0
2545,636,0,2,13,2,6,8,6,False,False,False,0.023907851427793503,other,11
2546,636,1,2,13,2,8,6,6,False,False,False,0.03387352451682091,other,11
2547,636,1,8,8,8,6,8,6,True,True,False,0.1261107623577118,correct,0
2548,637,0,29,8,29,18,7,6,False,False,False,0.05420532822608948,other,21
2549,637,0,41,13,41,7,18,6,False,False,False,0.06516996771097183,other,28
2550,637,1,41,41,41,18,7,18,True,True,False,0.057881735265254974,correct,0
2551,637,1,29,29,29,7,18,15,True,True,False,0.037763580679893494,correct,0
2552,638,0,27,13,27,24,0,6,False,False,False,0.016718262806534767,other,14
2553,638,0,29,8,29,0,24,6,False,False,False,0.03087497688829899,other,21
2554,638,1,29,8,29,24,0,6,False,False,False,0.037843964993953705,other,21
2555,638,1,27,13,27,0,24,17,False,False,False,0.020639240741729736,other,14
2556,639,0,29,11,29,18,17,22,False,False,False,0.046853210777044296,other,18
2557,639,0,47,45,47,17,18,7,False,False,False,0.09943929314613342,other,2
2558,639,1,47,11,47,18,17,27,False,False,False,0.08273352682590485,other,36
2559,639,1,29,13,29,17,18,17,False,False,False,0.040848348289728165,other,16
2560,640,0,11,13,11,14,16,17,False,False,False,0.033087316900491714,other,2
2561,640,0,47,10,47,16,14,12,False,False,False,0.050269998610019684,other,37
2562,640,1,47,13,47,14,16,7,False,False,False,0.04187002778053284,other,34
2563,640,1,11,8,11,16,14,22,False,False,False,0.044387008994817734,other,3
2564,641,0,48,13,48,24,6,6,False,False,False,0.04822218418121338,other,35
2565,641,0,24,25,24,6,24,22,False,False,True,0.06042102724313736,off_by_one,1
2566,641,1,24,35,24,24,6,24,False,False,False,0.05203726887702942,other,11
2567,641,1,48,33,48,6,24,6,False,False,False,0.03535408154129982,other,15
2568,642,0,5,41,5,24,17,6,False,False,False,0.037667740136384964,other,36
2569,642,0,14,35,14,17,24,15,False,False,False,0.01936418190598488,other,21
2570,642,1,14,35,14,24,17,6,False,False,False,0.025552382692694664,other,21
2571,642,1,5,7,5,17,24,15,False,False,False,0.035585857927799225,other,2
2572,643,0,20,1,20,16,17,17,False,False,False,0.008726953528821468,other,19
2573,643,0,48,0,48,17,16,7,False,False,False,0.034803666174411774,other,48
2574,643,1,48,13,48,16,17,15,False,False,False,0.027130085974931717,other,35
2575,643,1,20,0,20,17,16,16,False,False,False,0.0077553121373057365,other,20
2576,644,0,33,25,33,2,6,6,False,False,False,0.08694416284561157,other,8
2577,644,0,19,13,19,6,2,6,False,False,False,0.026011964306235313,other,6
2578,644,1,19,13,19,2,6,6,False,False,False,0.024160467088222504,other,6
2579,644,1,33,13,33,6,2,6,False,False,False,0.08428589999675751,other,20
2580,645,0,2,22,2,18,0,30,False,False,False,0.019711259752511978,other,20
2581,645,0,5,7,5,0,18,15,False,False,False,0.025624817237257957,other,2
2582,645,1,5,7,5,18,0,15,False,False,False,0.03225182369351387,other,2
2583,645,1,2,10,2,0,18,15,False,False,False,0.013767356984317303,other,8
2584,646,0,34,13,34,18,14,6,False,False,False,0.022212697193026543,other,21
2585,646,0,44,15,44,14,18,34,False,False,False,0.02502807229757309,other,29
2586,646,1,44,24,44,18,14,6,False,False,False,0.016833234578371048,other,20
2587,646,1,34,34,34,14,18,7,True,True,False,0.017028653994202614,correct,0
2588,647,0,38,13,38,37,7,17,False,False,False,0.02388862892985344,other,25
2589,647,0,20,45,20,7,37,6,False,False,False,0.06357263028621674,other,25
2590,647,1,20,8,20,37,7,24,False,False,False,0.07558663189411163,other,12
2591,647,1,38,13,38,7,37,17,False,False,False,0.032298773527145386,other,25
2592,648,0,28,13,28,24,16,6,False,False,False,0.06766174733638763,other,15
2593,648,0,48,0,48,16,24,22,False,False,False,0.06030433624982834,other,48
2594,648,1,48,13,48,24,16,6,False,False,False,0.056442394852638245,other,35
2595,648,1,28,15,28,16,24,12,False,False,False,0.07615550607442856,other,13
2596,649,0,23,35,23,15,16,18,False,False,False,0.042665738612413406,other,12
2597,649,0,40,45,40,16,15,17,False,False,False,0.01219644583761692,other,5
2598,649,1,40,13,40,15,16,6,False,False,False,0.010193070396780968,other,27
2599,649,1,23,4,23,16,15,22,False,False,False,0.06666480004787445,other,19
2600,650,0,9,3,9,17,1,17,False,False,False,0.005320620723068714,other,6
2601,650,0,36,35,36,1,17,17,False,False,True,0.020848462358117104,off_by_one,1
2602,650,1,36,35,36,17,1,16,False,False,True,0.01815347746014595,off_by_one,1
2603,650,1,9,3,9,1,17,17,False,False,False,0.008086079731583595,other,6
2604,651,0,1,3,1,14,1,16,False,False,False,0.03919075056910515,other,2
2605,651,0,20,45,20,1,14,6,False,False,False,0.05923791229724884,other,25
2606,651,1,20,11,20,14,1,7,False,False,False,0.06310386955738068,other,9
2607,651,1,1,13,1,1,14,17,False,False,False,0.05117379128932953,other,12
2608,652,0,15,15,15,14,16,12,True,True,False,0.043480370193719864,correct,0
2609,652,0,10,13,10,16,14,6,False,False,False,0.013044939376413822,other,3
2610,652,1,10,10,10,14,16,16,True,True,False,0.006447148509323597,correct,0
2611,652,1,15,35,15,16,14,15,False,False,False,0.038988783955574036,other,20
2612,653,0,12,10,12,14,15,15,False,False,False,0.05719885975122452,other,2
2613,653,0,44,0,44,15,14,15,False,False,False,0.05460851639509201,other,44
2614,653,1,44,35,44,14,15,7,False,False,False,0.06311249732971191,other,9
2615,653,1,12,36,12,15,14,15,False,False,False,0.0647929310798645,other,24
2616,654,0,34,23,34,26,27,6,False,False,False,0.034155312925577164,other,11
2617,654,0,27,45,27,27,26,27,False,False,False,0.06484092772006989,other,18
2618,654,1,27,13,27,26,27,6,False,False,False,0.0539044588804245,other,14
2619,654,1,34,10,34,27,26,32,False,False,False,0.036826685070991516,other,24
2620,655,0,10,48,10,27,6,15,False,False,False,0.022022131830453873,other,38
2621,655,0,47,11,47,6,27,6,False,False,False,0.046204157173633575,other,36
2622,655,1,47,45,47,27,6,17,False,False,False,0.048904839903116226,other,2
2623,655,1,10,15,10,6,27,6,False,False,False,0.02085668221116066,other,5
2624,656,0,28,3,28,14,16,16,False,False,False,0.014080220833420753,other,25
2625,656,0,46,36,46,16,14,23,False,False,False,0.008267898112535477,other,10
2626,656,1,46,35,46,14,16,16,False,False,False,0.010086024180054665,other,11
2627,656,1,28,11,28,16,14,38,False,False,False,0.012281226925551891,other,17
2628,657,0,8,8,8,38,20,12,True,True,False,0.052771467715501785,correct,0
2629,657,0,24,13,24,20,38,17,False,False,False,0.015259870328009129,other,11
2630,657,1,24,45,24,38,20,17,False,False,False,0.010080937296152115,other,21
2631,657,1,8,8,8,20,38,12,True,True,False,0.038485802710056305,correct,0
2632,658,0,19,13,19,26,7,6,False,False,False,0.10372073948383331,other,6
2633,658,0,29,15,29,7,26,6,False,False,False,0.07440580427646637,other,14
2634,658,1,29,13,29,26,7,6,False,False,False,0.07143063098192215,other,16
2635,658,1,19,8,19,7,26,6,False,False,False,0.1383008509874344,other,11
2636,659,0,39,13,39,6,7,6,False,False,False,0.041200071573257446,other,26
2637,659,0,45,11,45,7,6,6,False,False,False,0.11873789131641388,other,34
2638,659,1,45,15,45,6,7,6,False,False,False,0.07605407387018204,other,30
2639,659,1,39,13,39,7,6,6,False,False,False,0.021812452003359795,other,26
2640,660,0,35,35,35,7,36,15,True,True,False,0.11360274255275726,correct,0
2641,660,0,11,3,11,36,7,17,False,False,False,0.025923701003193855,other,8
2642,660,1,11,15,11,7,36,6,False,False,False,0.03581929951906204,other,4
2643,660,1,35,13,35,36,7,6,False,False,False,0.056294675916433334,other,22
2644,661,0,47,47,47,12,15,35,True,True,False,0.026303093880414963,correct,0
2645,661,0,0,36,0,15,12,15,False,False,False,0.018768031150102615,other,36
2646,661,1,0,3,0,12,15,30,False,False,False,0.03225719928741455,other,3
2647,661,1,47,35,47,15,12,34,False,False,False,0.03508088365197182,other,12
2648,662,0,22,13,22,14,9,6,False,False,False,0.06332504749298096,other,9
2649,662,0,12,8,12,9,14,6,False,False,False,0.07069572061300278,other,4
2650,662,1,12,13,12,14,9,17,False,False,True,0.05633281171321869,off_by_one,1
2651,662,1,22,2,22,9,14,6,False,False,False,0.05391058698296547,other,20
2652,663,0,20,10,20,14,16,6,False,False,False,0.06248384341597557,other,10
2653,663,0,2,3,2,16,14,16,False,False,True,0.02901059202849865,off_by_one,1
2654,663,1,2,15,2,14,16,18,False,False,False,0.04224297031760216,other,13
2655,663,1,20,13,20,16,14,17,False,False,False,0.08431008458137512,other,7
2656,664,0,34,13,34,19,7,6,False,False,False,0.02319648489356041,other,21
2657,664,0,15,35,15,7,19,18,False,False,False,0.09164457023143768,other,20
2658,664,1,15,7,15,19,7,16,False,False,False,0.046796832233667374,other,8
2659,664,1,34,41,34,7,19,6,False,False,False,0.015038416720926762,other,7
2660,665,0,12,13,12,15,14,7,False,False,True,0.06409412622451782,off_by_one,1
2661,665,0,21,12,21,14,15,6,False,False,False,0.060869280248880386,other,9
2662,665,1,21,13,21,15,14,6,False,False,False,0.06999446451663971,other,8
2663,665,1,12,32,12,14,15,6,False,False,False,0.05957750976085663,other,20
2664,666,0,3,3,3,7,0,17,True,True,False,0.016943031921982765,correct,0
2665,666,0,47,10,47,0,7,27,False,False,False,0.028464775532484055,other,37
2666,666,1,47,10,47,7,0,15,False,False,False,0.027515320107340813,other,37
2667,666,1,3,13,3,0,7,17,False,False,False,0.028310326859354973,other,10
2668,667,0,48,0,48,20,12,6,False,False,False,0.05474252626299858,other,48
2669,667,0,34,35,34,12,20,17,False,False,True,0.034700751304626465,off_by_one,1
2670,667,1,34,7,34,20,12,6,False,False,False,0.0398055836558342,other,27
2671,667,1,48,13,48,12,20,6,False,False,False,0.0440177358686924,other,35
2672,668,0,26,13,26,18,20,4,False,False,False,0.06826573610305786,other,13
2673,668,0,43,3,43,20,18,6,False,False,False,0.053524475544691086,other,40
2674,668,1,43,13,43,18,20,6,False,False,False,0.05144930258393288,other,30
2675,668,1,26,10,26,20,18,34,False,False,False,0.02654390223324299,other,16
2676,669,0,18,8,18,15,6,7,False,False,False,0.06002263352274895,other,10
2677,669,0,13,13,13,6,15,6,True,True,False,0.043281808495521545,correct,0
2678,669,1,13,15,13,15,6,6,False,False,False,0.05313486233353615,other,2
2679,669,1,18,13,18,6,15,6,False,False,False,0.050772346556186676,other,5
2680,670,0,40,47,40,24,38,6,False,False,False,0.0263042151927948,other,7
2681,670,0,46,3,46,38,24,7,False,False,False,0.011687040328979492,other,43
2682,670,1,46,3,46,24,38,6,False,False,False,0.01613428257405758,other,43
2683,670,1,40,36,40,38,24,15,False,False,False,0.03188081458210945,other,4
2684,671,0,21,13,21,16,23,6,False,False,False,0.021216101944446564,other,8
2685,671,0,35,10,35,23,16,16,False,False,False,0.07079701125621796,other,25
2686,671,1,35,35,35,16,23,15,True,True,False,0.0747617855668068,correct,0
2687,671,1,21,21,21,23,16,15,True,True,False,0.0284673310816288,correct,0
2688,672,0,39,9,39,16,17,17,False,False,False,0.009558724239468575,other,30
2689,672,0,15,15,15,17,16,16,True,True,False,0.07381519675254822,correct,0
2690,672,1,15,15,15,16,17,22,True,True,False,0.11736173927783966,correct,0
2691,672,1,39,13,39,17,16,6,False,False,False,0.025910010561347008,other,26
2692,673,0,10,45,10,6,18,6,False,False,False,0.03578837588429451,other,35
2693,673,0,31,13,31,18,6,6,False,False,False,0.04274749383330345,other,18
2694,673,1,31,13,31,6,18,6,False,False,False,0.04697471484541893,other,18
2695,673,1,10,8,10,18,6,6,False,False,False,0.034266091883182526,other,2
2696,674,0,42,7,42,18,6,6,False,False,False,0.0757107213139534,other,35
2697,674,0,15,6,15,6,18,6,False,False,False,0.031169941648840904,other,9
2698,674,1,15,35,15,18,6,18,False,False,False,0.02893347106873989,other,20
2699,674,1,42,42,42,6,18,6,True,True,False,0.06433958560228348,correct,0
2700,675,0,8,15,8,6,36,26,False,False,False,0.06221656873822212,other,7
2701,675,0,44,13,44,36,6,17,False,False,False,0.023848116397857666,other,31
2702,675,1,44,13,44,6,36,6,False,False,False,0.018011949956417084,other,31
2703,675,1,8,15,8,36,6,22,False,False,False,0.059241872280836105,other,7
2704,676,0,17,10,17,32,24,15,False,False,False,0.014386645518243313,other,7
2705,676,0,26,45,26,24,32,6,False,False,False,0.07187418639659882,other,19
2706,676,1,26,45,26,32,24,6,False,False,False,0.05507981777191162,other,19
2707,676,1,17,48,17,24,32,4,False,False,False,0.014253242872655392,other,31
2708,677,0,11,10,11,19,7,15,False,False,True,0.027350712567567825,off_by_one,1
2709,677,0,6,35,6,7,19,7,False,False,False,0.037756115198135376,other,29
2710,677,1,6,3,6,19,7,7,False,False,False,0.0360032357275486,other,3
2711,677,1,11,10,11,7,19,6,False,False,True,0.023168740794062614,off_by_one,1
2712,678,0,46,13,46,16,6,34,False,False,False,0.0502345897257328,other,33
2713,678,0,33,13,33,6,16,6,False,False,False,0.01606467366218567,other,20
2714,678,1,33,10,33,16,6,27,False,False,False,0.010215395130217075,other,23
2715,678,1,46,36,46,6,16,6,False,False,False,0.04526091367006302,other,10
2716,679,0,33,48,33,15,24,19,False,False,False,0.016617964953184128,other,15
2717,679,0,19,13,19,24,15,6,False,False,False,0.02250462956726551,other,6
2718,679,1,19,13,19,15,24,8,False,False,False,0.04126019403338432,other,6
2719,679,1,33,13,33,24,15,6,False,False,False,0.01976937986910343,other,20
2720,680,0,1,13,1,6,2,6,False,False,False,0.013718098402023315,other,12
2721,680,0,48,45,48,2,6,6,False,False,False,0.056901682168245316,other,3
2722,680,1,48,13,48,6,2,6,False,False,False,0.04868273809552193,other,35
2723,680,1,1,10,1,2,6,18,False,False,False,0.006506196688860655,other,9
2724,681,0,10,11,10,24,25,12,False,False,True,0.04789770394563675,off_by_one,1
2725,681,0,36,13,36,25,24,6,False,False,False,0.027683977037668228,other,23
2726,681,1,36,3,36,24,25,16,False,False,False,0.019383007660508156,other,33
2727,681,1,10,1,10,25,24,7,False,False,False,0.02391168847680092,other,9
2728,682,0,40,13,40,7,5,6,False,False,False,0.039072420448064804,other,27
2729,682,0,15,15,15,5,7,6,True,True,False,0.09987248480319977,correct,0
2730,682,1,15,7,15,7,5,25,False,False,False,0.06186206638813019,other,8
2731,682,1,40,13,40,5,7,6,False,False,False,0.0478229895234108,other,27
2732,683,0,35,13,35,7,16,17,False,False,False,0.011075361631810665,other,22
2733,683,0,15,15,15,16,7,6,True,True,False,0.02561287209391594,correct,0
2734,683,1,15,15,15,7,16,12,True,True,False,0.03551710769534111,correct,0
2735,683,1,35,13,35,16,7,17,False,False,False,0.00836782343685627,other,22
2736,684,0,15,15,15,1,15,6,True,True,False,0.05300217866897583,correct,0
2737,684,0,29,13,29,15,1,17,False,False,False,0.0440017394721508,other,16
2738,684,1,29,15,29,1,15,6,False,False,False,0.042605433613061905,other,14
2739,684,1,15,7,15,15,1,6,False,False,False,0.038575801998376846,other,8
2740,685,0,25,15,25,15,24,18,False,False,False,0.021702798083424568,other,10
2741,685,0,4,13,4,24,15,6,False,False,False,0.025305485352873802,other,9
2742,685,1,4,35,4,15,24,17,False,False,False,0.013957896269857883,other,31
2743,685,1,25,35,25,24,15,6,False,False,False,0.011035031639039516,other,10
2744,686,0,19,3,19,36,18,39,False,False,False,0.012657027691602707,other,16
2745,686,0,48,3,48,18,36,30,False,False,False,0.030913060531020164,other,45
2746,686,1,48,10,48,36,18,6,False,False,False,0.03200722485780716,other,38
2747,686,1,19,3,19,18,36,6,False,False,False,0.01920660212635994,other,16
2748,687,0,40,45,40,20,12,34,False,False,False,0.018982158973813057,other,5
2749,687,0,46,13,46,12,20,6,False,False,False,0.027168909087777138,other,33
2750,687,1,46,3,46,20,12,17,False,False,False,0.03224605694413185,other,43
2751,687,1,40,35,40,12,20,21,False,False,False,0.006345628295093775,other,5
2752,688,0,18,13,18,18,14,4,False,False,False,0.04607679322361946,other,5
2753,688,0,24,35,24,14,18,32,False,False,False,0.012286451645195484,other,11
2754,688,1,24,13,24,18,14,6,False,False,False,0.016819223761558533,other,11
2755,688,1,18,8,18,14,18,7,False,False,False,0.056887779384851456,other,10
2756,689,0,15,35,15,2,7,6,False,False,False,0.04583260044455528,other,20
2757,689,0,19,3,19,7,2,7,False,False,False,0.027061520144343376,other,16
2758,689,1,19,13,19,2,7,6,False,False,False,0.03128168731927872,other,6
2759,689,1,15,16,15,7,2,22,False,False,True,0.06698806583881378,off_by_one,1
2760,690,0,12,13,12,2,11,6,False,False,True,0.03087352029979229,off_by_one,1
2761,690,0,45,11,45,11,2,12,False,False,False,0.033118996769189835,other,34
2762,690,1,45,35,45,2,11,36,False,False,False,0.031170224770903587,other,10
2763,690,1,12,13,12,11,2,17,False,False,True,0.02733907289803028,off_by_one,1
2764,691,0,16,15,16,17,15,35,False,False,True,0.08449746668338776,off_by_one,1
2765,691,0,24,35,24,15,17,17,False,False,False,0.022500360384583473,other,11
2766,691,1,24,13,24,17,15,6,False,False,False,0.01457030139863491,other,11
2767,691,1,16,15,16,15,17,22,False,False,True,0.10313573479652405,off_by_one,1
2768,692,0,6,35,6,18,17,6,False,False,False,0.023582274094223976,other,29
2769,692,0,37,45,37,17,18,32,False,False,False,0.015888895839452744,other,8
2770,692,1,37,3,37,18,17,6,False,False,False,0.017071956768631935,other,34
2771,692,1,6,35,6,17,18,17,False,False,False,0.014225861057639122,other,29
2772,693,0,11,16,11,14,17,7,False,False,False,0.045817382633686066,other,5
2773,693,0,22,13,22,17,14,7,False,False,False,0.04262547940015793,other,9
2774,693,1,22,8,22,14,17,22,False,False,False,0.06977976113557816,other,14
2775,693,1,11,13,11,17,14,17,False,False,False,0.050662945955991745,other,2
2776,694,0,17,13,17,18,39,20,False,False,False,0.027353757992386818,other,4
2777,694,0,43,36,43,39,18,18,False,False,False,0.05208117514848709,other,7
2778,694,1,43,3,43,18,39,18,False,False,False,0.05268622189760208,other,40
2779,694,1,17,13,17,39,18,6,False,False,False,0.022352222353219986,other,4
2780,695,0,18,35,18,7,14,6,False,False,False,0.031212393194437027,other,17
2781,695,0,12,13,12,14,7,6,False,False,True,0.025370461866259575,off_by_one,1
2782,695,1,12,13,12,7,14,6,False,False,True,0.027461349964141846,off_by_one,1
2783,695,1,18,9,18,14,7,34,False,False,False,0.030761372298002243,other,9
2784,696,0,47,10,47,26,25,6,False,False,False,0.014501139521598816,other,37
2785,696,0,1,3,1,25,26,17,False,False,False,0.032398521900177,other,2
2786,696,1,1,13,1,26,25,6,False,False,False,0.02861599624156952,other,12
2787,696,1,47,11,47,25,26,32,False,False,False,0.030598659068346024,other,36
2788,697,0,21,21,21,7,14,6,True,True,False,0.07624229043722153,correct,0
2789,697,0,15,15,15,14,7,20,True,True,False,0.03115891106426716,correct,0
2790,697,1,15,29,15,7,14,7,False,False,False,0.030557779595255852,other,14
2791,697,1,21,17,21,14,7,7,False,False,False,0.04874188080430031,other,4
2792,698,0,13,13,13,26,24,6,True,True,False,0.04256812855601311,correct,0
2793,698,0,20,10,20,24,26,22,False,False,False,0.07910483330488205,other,10
2794,698,1,20,13,20,26,24,6,False,False,False,0.0733843743801117,other,7
2795,698,1,13,12,13,24,26,6,False,False,True,0.030291417613625526,off_by_one,1
2796,699,0,21,12,21,22,21,6,False,False,False,0.05649526044726372,other,9
2797,699,0,39,13,39,21,22,15,False,False,False,0.018283268436789513,other,26
2798,699,1,39,13,39,22,21,6,False,False,False,0.010471666231751442,other,26
2799,699,1,21,3,21,21,22,6,False,False,False,0.03409072011709213,other,18
2800,700,0,12,11,12,27,17,16,False,False,True,0.011506767012178898,off_by_one,1
2801,700,0,10,28,10,17,27,16,False,False,False,0.006239280570298433,other,18
2802,700,1,10,11,10,27,17,27,False,False,True,0.006271423771977425,off_by_one,1
2803,700,1,12,13,12,17,27,17,False,False,True,0.022652532905340195,off_by_one,1
2804,701,0,1,45,1,6,15,6,False,False,False,0.014309799298644066,other,44
2805,701,0,26,35,26,15,6,15,False,False,False,0.008512293919920921,other,9
2806,701,1,26,35,26,6,15,6,False,False,False,0.009599108248949051,other,9
2807,701,1,1,10,1,15,6,6,False,False,False,0.01753758080303669,other,9
2808,702,0,27,3,27,16,0,15,False,False,False,0.018388157710433006,other,24
2809,702,0,40,35,40,0,16,15,False,False,False,0.024018416181206703,other,5
2810,702,1,40,36,40,16,0,16,False,False,False,0.013967959210276604,other,4
2811,702,1,27,35,27,0,16,17,False,False,False,0.024598341435194016,other,8
2812,703,0,11,13,11,15,16,6,False,False,False,0.04484046995639801,other,2
2813,703,0,43,45,43,16,15,22,False,False,False,0.06330282986164093,other,2
2814,703,1,43,13,43,15,16,17,False,False,False,0.04994548112154007,other,30
2815,703,1,11,16,11,16,15,22,False,False,False,0.05577504634857178,other,5
2816,704,0,39,8,39,24,1,6,False,False,False,0.055671412497758865,other,31
2817,704,0,1,13,1,1,24,17,False,False,False,0.06327134370803833,other,12
2818,704,1,1,8,1,24,1,6,False,False,False,0.06451306492090225,other,7
2819,704,1,39,13,39,1,24,6,False,False,False,0.04322641342878342,other,26
2820,705,0,15,16,15,23,15,27,False,False,True,0.038846299052238464,off_by_one,1
2821,705,0,23,13,23,15,23,6,False,False,False,0.01131382305175066,other,10
2822,705,1,23,35,23,23,15,27,False,False,False,0.00972976814955473,other,12
2823,705,1,15,35,15,15,23,6,False,False,False,0.04939572513103485,other,20
2824,706,0,47,34,47,5,3,6,False,False,False,0.030734876170754433,other,13
2825,706,0,42,5,42,3,5,18,False,False,False,0.20337079465389252,other,37
2826,706,1,42,42,42,5,3,6,True,True,False,0.18162553012371063,correct,0
2827,706,1,47,13,47,3,5,21,False,False,False,0.025979381054639816,other,34
2828,707,0,30,13,30,35,6,6,False,False,False,0.05372709780931473,other,17
2829,707,0,47,15,47,6,35,6,False,False,False,0.04902992397546768,other,32
2830,707,1,47,47,47,35,6,15,True,True,False,0.05613192170858383,correct,0
2831,707,1,30,45,30,6,35,6,False,False,False,0.06239691376686096,other,15
2832,708,0,43,13,43,31,18,24,False,False,False,0.056622251868247986,other,30
2833,708,0,11,45,11,18,31,6,False,False,False,0.039875295013189316,other,34
2834,708,1,11,13,11,31,18,17,False,False,False,0.037727225571870804,other,2
2835,708,1,43,15,43,18,31,6,False,False,False,0.07408615946769714,other,28
2836,709,0,28,48,28,18,31,17,False,False,False,0.014567753300070763,other,20
2837,709,0,2,45,2,31,18,27,False,False,False,0.019909530878067017,other,43
2838,709,1,2,6,2,18,31,6,False,False,False,0.016200639307498932,other,4
2839,709,1,28,32,28,31,18,34,False,False,False,0.021124206483364105,other,4
2840,710,0,44,0,44,7,2,6,False,False,False,0.04987569898366928,other,44
2841,710,0,10,13,10,2,7,6,False,False,False,0.021966125816106796,other,3
2842,710,1,10,32,10,7,2,34,False,False,False,0.03081098571419716,other,22
2843,710,1,44,13,44,2,7,6,False,False,False,0.034813929349184036,other,31
2844,711,0,7,7,7,7,6,6,True,True,False,0.04999963566660881,correct,0
2845,711,0,13,11,13,6,7,6,False,False,False,0.08701443672180176,other,2
2846,711,1,13,12,13,7,6,6,False,False,True,0.07771811634302139,off_by_one,1
2847,711,1,7,7,7,6,7,6,True,True,False,0.0370047502219677,correct,0
2848,712,0,7,41,7,6,20,6,False,False,False,0.0408661775290966,other,34
2849,712,0,36,3,36,20,6,17,False,False,False,0.027802931144833565,other,33
2850,712,1,36,46,36,6,20,6,False,False,False,0.024406468495726585,other,10
2851,712,1,7,7,7,20,6,7,True,True,False,0.0695217102766037,correct,0
2852,713,0,45,45,45,10,8,34,True,True,False,0.023025615140795708,correct,0
2853,713,0,39,13,39,8,10,6,False,False,False,0.025710415095090866,other,26
2854,713,1,39,12,39,10,8,36,False,False,False,0.01835525967180729,other,27
2855,713,1,45,45,45,8,10,6,True,True,False,0.016449937596917152,correct,0
2856,714,0,31,10,31,15,14,15,False,False,False,0.017232654616236687,other,21
2857,714,0,4,35,4,14,15,17,False,False,False,0.005556357093155384,other,31
2858,714,1,4,35,4,15,14,17,False,False,False,0.006896555423736572,other,31
2859,714,1,31,12,31,14,15,6,False,False,False,0.012061933986842632,other,19
2860,715,0,46,13,46,36,15,15,False,False,False,0.018964607268571854,other,33
2861,715,0,14,45,14,15,36,34,False,False,False,0.01344830822199583,other,31
2862,715,1,14,35,14,36,15,4,False,False,False,0.012883332557976246,other,21
2863,715,1,46,3,46,15,36,20,False,False,False,0.013671677559614182,other,43
2864,716,0,9,13,9,15,18,15,False,False,False,0.011733576655387878,other,4
2865,716,0,25,24,25,18,15,26,False,False,True,0.01182013563811779,off_by_one,1
2866,716,1,25,35,25,15,18,6,False,False,False,0.01628226414322853,other,10
2867,716,1,9,48,9,18,15,4,False,False,False,0.00886036828160286,other,39
2868,717,0,14,10,14,14,12,19,False,False,False,0.03967451676726341,other,4
2869,717,0,33,13,33,12,14,4,False,False,False,0.04215544834733009,other,20
2870,717,1,33,8,33,14,12,22,False,False,False,0.05936877056956291,other,25
2871,717,1,14,13,14,12,14,6,False,False,True,0.0436505451798439,off_by_one,1
2872,718,0,40,3,40,7,24,6,False,False,False,0.021572738885879517,other,37
2873,718,0,34,34,34,24,7,17,True,True,False,0.019685707986354828,correct,0
2874,718,1,34,15,34,7,24,0,False,False,False,0.01753968931734562,other,19
2875,718,1,40,3,40,24,7,6,False,False,False,0.026112204417586327,other,37
2876,719,0,25,13,25,8,10,6,False,False,False,0.022280853241682053,other,12
2877,719,0,18,9,18,10,8,34,False,False,False,0.025400999933481216,other,9
2878,719,1,18,32,18,8,10,6,False,False,False,0.028620745986700058,other,14
2879,719,1,25,13,25,10,8,6,False,False,False,0.01741102524101734,other,12
2880,720,0,14,35,14,14,7,17,False,False,False,0.037434373050928116,other,21
2881,720,0,7,7,7,7,14,17,True,True,False,0.01581941358745098,correct,0
2882,720,1,7,7,7,14,7,16,True,True,False,0.03119008056819439,correct,0
2883,720,1,14,15,14,7,14,6,False,False,True,0.05455821380019188,off_by_one,1
2884,721,0,9,13,9,36,7,17,False,False,False,0.0227896049618721,other,4
2885,721,0,38,3,38,7,36,7,False,False,False,0.031480349600315094,other,35
2886,721,1,38,48,38,36,7,6,False,False,False,0.028075799345970154,other,10
2887,721,1,9,10,9,7,36,18,False,False,True,0.012666753493249416,off_by_one,1
2888,722,0,36,11,36,16,15,7,False,False,False,0.040059253573417664,other,25
2889,722,0,32,13,32,15,16,6,False,False,False,0.029706895351409912,other,19
2890,722,1,32,15,32,16,15,8,False,False,False,0.037372887134552,other,17
2891,722,1,36,13,36,15,16,17,False,False,False,0.02814280427992344,other,23
2892,723,0,19,3,19,4,5,4,False,False,False,0.0536298006772995,other,16
2893,723,0,1,1,1,5,4,5,True,True,False,0.008315689861774445,correct,0
2894,723,1,1,13,1,4,5,6,False,False,False,0.01768428087234497,other,12
2895,723,1,19,2,19,5,4,22,False,False,False,0.07894623279571533,other,17
2896,724,0,34,23,34,18,16,6,False,False,False,0.0207371823489666,other,11
2897,724,0,22,2,22,16,18,16,False,False,False,0.012558555230498314,other,20
2898,724,1,22,6,22,18,16,6,False,False,False,0.021702636033296585,other,16
2899,724,1,34,15,34,16,18,32,False,False,False,0.02926838956773281,other,19
2900,725,0,34,13,34,2,16,15,False,False,False,0.03368168696761131,other,21
2901,725,0,26,15,26,16,2,22,False,False,False,0.06183158978819847,other,11
2902,725,1,26,13,26,2,16,6,False,False,False,0.039452023804187775,other,13
2903,725,1,34,10,34,16,2,6,False,False,False,0.02207379788160324,other,24
2904,726,0,23,35,23,14,17,27,False,False,False,0.007733175065368414,other,12
2905,726,0,38,3,38,17,14,17,False,False,False,0.013835574500262737,other,35
2906,726,1,38,13,38,14,17,14,False,False,False,0.01276436448097229,other,25
2907,726,1,23,35,23,17,14,17,False,False,False,0.0047800070606172085,other,12
2908,727,0,4,13,4,19,6,6,False,False,False,0.038028597831726074,other,9
2909,727,0,2,45,2,6,19,6,False,False,False,0.06749599426984787,other,43
2910,727,1,2,3,2,19,6,17,False,False,True,0.04343259334564209,off_by_one,1
2911,727,1,4,35,4,6,19,6,False,False,False,0.018707377836108208,other,31
2912,728,0,18,12,18,24,15,18,False,False,False,0.09433475136756897,other,6
2913,728,0,25,13,25,15,24,6,False,False,False,0.028027242049574852,other,12
2914,728,1,25,23,25,24,15,6,False,False,False,0.022775622084736824,other,2
2915,728,1,18,29,18,15,24,7,False,False,False,0.06609293818473816,other,11
2916,729,0,0,12,0,18,14,6,False,False,False,0.04859873279929161,other,12
2917,729,0,5,47,5,14,18,6,False,False,False,0.037687432020902634,other,42
2918,729,1,5,41,5,18,14,6,False,False,False,0.02741927094757557,other,36
2919,729,1,0,35,0,14,18,16,False,False,False,0.04859297722578049,other,35
2920,730,0,43,3,43,6,19,24,False,False,False,0.019886014983057976,other,40
2921,730,0,45,35,45,19,6,6,False,False,False,0.0036506247706711292,other,10
2922,730,1,45,35,45,6,19,6,False,False,False,0.0027885257732123137,other,10
2923,730,1,43,3,43,19,6,6,False,False,False,0.023393359035253525,other,40
2924,731,0,35,35,35,18,15,6,True,True,False,0.006143969018012285,correct,0
2925,731,0,4,35,4,15,18,18,False,False,False,0.006796616595238447,other,31
2926,731,1,4,35,4,18,15,4,False,False,False,0.010740851052105427,other,31
2927,731,1,35,35,35,15,18,4,True,True,False,0.0019887906964868307,correct,0
2928,732,0,17,13,17,26,14,6,False,False,False,0.053032029420137405,other,4
2929,732,0,24,24,24,14,26,34,True,True,False,0.016376635059714317,correct,0
2930,732,1,24,13,24,26,14,6,False,False,False,0.015945326536893845,other,11
2931,732,1,17,8,17,14,26,6,False,False,False,0.07999597489833832,other,9
2932,733,0,8,8,8,1,14,6,True,True,False,0.09249557554721832,correct,0
2933,733,0,14,35,14,14,1,17,False,False,False,0.014642065390944481,other,21
2934,733,1,14,45,14,1,14,17,False,False,False,0.012467420659959316,other,31
2935,733,1,8,15,8,14,1,16,False,False,False,0.06909944862127304,other,7
2936,734,0,36,45,36,6,14,6,False,False,False,0.03830662742257118,other,9
2937,734,0,27,45,27,14,6,17,False,False,False,0.010487299412488937,other,18
2938,734,1,27,13,27,6,14,6,False,False,False,0.016538146883249283,other,14
2939,734,1,36,45,36,14,6,27,False,False,False,0.025417746976017952,other,9
2940,735,0,43,13,43,18,7,6,False,False,False,0.031677279621362686,other,30
2941,735,0,12,8,12,7,18,6,False,False,False,0.025749480351805687,other,4
2942,735,1,12,8,12,18,7,6,False,False,False,0.021441267803311348,other,4
2943,735,1,43,13,43,7,18,6,False,False,False,0.03702516481280327,other,30
2944,736,0,46,10,46,16,14,6,False,False,False,0.05608050152659416,other,36
2945,736,0,13,13,13,14,16,17,True,True,False,0.05082961916923523,correct,0
2946,736,1,13,8,13,16,14,12,False,False,False,0.05765137821435928,other,5
2947,736,1,46,13,46,14,16,17,False,False,False,0.040992848575115204,other,33
2948,737,0,43,45,43,16,14,33,False,False,False,0.043323297053575516,other,2
2949,737,0,37,13,37,14,16,6,False,False,False,0.05645813047885895,other,24
2950,737,1,37,2,37,16,14,7,False,False,False,0.058431562036275864,other,35
2951,737,1,43,13,43,14,16,6,False,False,False,0.0378512404859066,other,30
2952,738,0,1,0,1,2,11,6,False,False,True,0.06737080961465836,off_by_one,1
2953,738,0,26,13,26,11,2,6,False,False,False,0.023043857887387276,other,13
2954,738,1,26,13,26,2,11,17,False,False,False,0.023602338507771492,other,13
2955,738,1,1,48,1,11,2,15,False,False,False,0.06604769080877304,other,47
2956,739,0,33,13,33,6,0,4,False,False,False,0.02273586578667164,other,20
2957,739,0,5,7,5,0,6,27,False,False,False,0.046751491725444794,other,2
2958,739,1,5,7,5,6,0,6,False,False,False,0.036069903522729874,other,2
2959,739,1,33,12,33,0,6,15,False,False,False,0.01997039094567299,other,21
2960,740,0,7,7,7,0,4,15,True,True,False,0.031281035393476486,correct,0
2961,740,0,29,13,29,4,0,4,False,False,False,0.06794996559619904,other,16
2962,740,1,29,8,29,0,4,24,False,False,False,0.08609587699174881,other,21
2963,740,1,7,7,7,4,0,6,True,True,False,0.04459782689809799,correct,0
2964,741,0,9,12,9,18,6,6,False,False,False,0.042569343000650406,other,3
2965,741,0,39,13,39,6,18,6,False,False,False,0.05108514055609703,other,26
2966,741,1,39,13,39,18,6,6,False,False,False,0.029022814705967903,other,26
2967,741,1,9,12,9,6,18,6,False,False,False,0.04229395464062691,other,3
2968,742,0,32,11,32,7,26,34,False,False,False,0.0393809899687767,other,21
2969,742,0,18,13,18,26,7,6,False,False,False,0.05103131756186485,other,5
2970,742,1,18,11,18,7,26,6,False,False,False,0.06688179820775986,other,7
2971,742,1,32,13,32,26,7,6,False,False,False,0.040322933346033096,other,19
2972,743,0,24,45,24,24,36,6,False,False,False,0.006007608957588673,other,21
2973,743,0,33,10,33,36,24,18,False,False,False,0.011582576669752598,other,23
2974,743,1,33,13,33,24,36,6,False,False,False,0.014561546966433525,other,20
2975,743,1,24,15,24,36,24,18,False,False,False,0.004040044732391834,other,9
2976,744,0,9,12,9,6,15,6,False,False,False,0.06561773270368576,other,3
2977,744,0,7,7,7,15,6,7,True,True,False,0.07559792697429657,correct,0
2978,744,1,7,7,7,6,15,6,True,True,False,0.0685117170214653,correct,0
2979,744,1,9,36,9,15,6,15,False,False,False,0.05609256774187088,other,27
2980,745,0,48,13,48,2,19,6,False,False,False,0.028591956943273544,other,35
2981,745,0,12,8,12,19,2,6,False,False,False,0.0668826699256897,other,4
2982,745,1,12,33,12,2,19,6,False,False,False,0.040808841586112976,other,21
2983,745,1,48,3,48,19,2,18,False,False,False,0.01968936063349247,other,45
2984,746,0,46,35,46,7,8,15,False,False,False,0.025461403653025627,other,11
2985,746,0,31,22,31,8,7,39,False,False,False,0.02250794880092144,other,9
2986,746,1,31,45,31,7,8,18,False,False,False,0.017585035413503647,other,14
2987,746,1,46,45,46,8,7,6,False,False,True,0.023112567141652107,off_by_one,1
2988,747,0,16,15,16,1,15,22,False,False,True,0.05680566653609276,off_by_one,1
2989,747,0,36,13,36,15,1,6,False,False,False,0.02843034826219082,other,23
2990,747,1,36,21,36,1,15,17,False,False,False,0.013619891367852688,other,15
2991,747,1,16,16,16,15,1,25,True,True,False,0.0395682156085968,correct,0
2992,748,0,0,45,0,2,19,6,False,False,False,0.07552412897348404,other,45
2993,748,0,2,13,2,19,2,6,False,False,False,0.031270671635866165,other,11
2994,748,1,2,45,2,2,19,6,False,False,False,0.016040753573179245,other,43
2995,748,1,0,22,0,19,2,6,False,False,False,0.07606300711631775,other,22
2996,749,0,16,42,16,19,14,35,False,False,False,0.07531166821718216,other,26
2997,749,0,43,3,43,14,19,19,False,False,False,0.028355009853839874,other,40
2998,749,1,43,13,43,19,14,24,False,False,False,0.029569139704108238,other,30
2999,749,1,16,15,16,14,19,12,False,False,True,0.10540227591991425,off_by_one,1
3000,750,0,46,11,46,16,15,12,False,False,False,0.059539083391427994,other,35
3001,750,0,47,13,47,15,16,7,False,False,False,0.04552662372589111,other,34
3002,750,1,47,11,47,16,15,7,False,False,False,0.05123596265912056,other,36
3003,750,1,46,13,46,15,16,17,False,False,False,0.046030230820178986,other,33
3004,751,0,28,10,28,24,6,18,False,False,False,0.004956680815666914,other,18
3005,751,0,39,13,39,6,24,6,False,False,False,0.03060021996498108,other,26
3006,751,1,39,13,39,24,6,26,False,False,False,0.03758833184838295,other,26
3007,751,1,28,13,28,6,24,6,False,False,False,0.008791590109467506,other,15
3008,752,0,43,3,43,27,7,16,False,False,False,0.024338725954294205,other,40
3009,752,0,47,29,47,7,27,21,False,False,False,0.014270663261413574,other,18
3010,752,1,47,45,47,27,7,23,False,False,False,0.015508400276303291,other,2
3011,752,1,43,35,43,7,27,16,False,False,False,0.027478789910674095,other,8
3012,753,0,13,13,13,2,6,6,True,True,False,0.07010185718536377,correct,0
3013,753,0,34,41,34,6,2,6,False,False,False,0.026531707495450974,other,7
3014,753,1,34,23,34,2,6,15,False,False,False,0.03040430136024952,other,11
3015,753,1,13,3,13,6,2,26,False,False,False,0.0704195499420166,other,10
3016,754,0,1,15,1,7,15,22,False,False,False,0.06399199366569519,other,14
3017,754,0,36,13,36,15,7,7,False,False,False,0.044194333255290985,other,23
3018,754,1,36,3,36,7,15,17,False,False,False,0.037775278091430664,other,33
3019,754,1,1,10,1,15,7,32,False,False,False,0.0635184794664383,other,9
3020,755,0,9,3,9,2,7,17,False,False,False,0.028385698795318604,other,6
3021,755,0,38,13,38,7,2,7,False,False,False,0.015132683329284191,other,25
3022,755,1,38,10,38,2,7,15,False,False,False,0.015179364010691643,other,28
3023,755,1,9,3,9,7,2,6,False,False,False,0.02249220944941044,other,6
3024,756,0,30,10,30,27,26,27,False,False,False,0.03966931626200676,other,20
3025,756,0,4,35,4,26,27,6,False,False,False,0.010905290953814983,other,31
3026,756,1,4,13,4,27,26,15,False,False,False,0.0067260838113725185,other,9
3027,756,1,30,13,30,26,27,6,False,False,False,0.040661681443452835,other,17
3028,757,0,17,10,17,37,6,22,False,False,False,0.055750198662281036,other,7
3029,757,0,13,13,13,6,37,6,True,True,False,0.05540964752435684,correct,0
3030,757,1,13,29,13,37,6,6,False,False,False,0.07064279913902283,other,16
3031,757,1,17,13,17,6,37,6,False,False,False,0.04975733160972595,other,4
3032,758,0,41,6,41,6,16,6,False,False,False,0.11237072944641113,other,35
3033,758,0,0,8,0,16,6,22,False,False,False,0.05505916103720665,other,8
3034,758,1,0,13,0,6,16,6,False,False,False,0.059097468852996826,other,13
3035,758,1,41,4,41,16,6,22,False,False,False,0.14714635908603668,other,37
3036,759,0,9,8,9,0,1,7,False,False,True,0.03946463763713837,off_by_one,1
3037,759,0,39,13,39,1,0,6,False,False,False,0.020501339808106422,other,26
3038,759,1,39,3,39,0,1,15,False,False,False,0.01760934665799141,other,36
3039,759,1,9,10,9,1,0,15,False,False,True,0.022222667932510376,off_by_one,1
3040,760,0,48,0,48,18,27,6,False,False,False,0.017860054969787598,other,48
3041,760,0,30,3,30,27,18,17,False,False,False,0.054634928703308105,other,27
3042,760,1,30,15,30,18,27,16,False,False,False,0.0586664080619812,other,15
3043,760,1,48,48,48,27,18,17,True,True,False,0.01846531592309475,correct,0
3044,761,0,2,35,2,14,15,17,False,False,False,0.004223551135510206,other,33
3045,761,0,9,3,9,15,14,17,False,False,False,0.015587183646857738,other,6
3046,761,1,9,45,9,14,15,32,False,False,False,0.016580013558268547,other,36
3047,761,1,2,6,2,15,14,17,False,False,False,0.01087111048400402,other,4
3048,762,0,2,13,2,18,14,6,False,False,False,0.03615812957286835,other,11
3049,762,0,25,10,25,14,18,6,False,False,False,0.02769727073609829,other,15
3050,762,1,25,13,25,18,14,6,False,False,False,0.0367719791829586,other,12
3051,762,1,2,45,2,14,18,6,False,False,False,0.04436429589986801,other,43
3052,763,0,17,11,17,17,6,6,False,False,False,0.060657799243927,other,6
3053,763,0,40,13,40,6,17,6,False,False,False,0.02691861428320408,other,27
3054,763,1,40,13,40,17,6,17,False,False,False,0.02651331014931202,other,27
3055,763,1,17,45,17,6,17,6,False,False,False,0.06836650520563126,other,28
3056,764,0,45,45,45,31,0,6,True,True,False,0.04984082281589508,correct,0
3057,764,0,20,13,20,0,31,17,False,False,False,0.021583758294582367,other,7
3058,764,1,20,2,20,31,0,27,False,False,False,0.015891719609498978,other,18
3059,764,1,45,35,45,0,31,17,False,False,False,0.0419003926217556,other,10
3060,765,0,45,45,45,17,6,22,True,True,False,0.02111142687499523,correct,0
3061,765,0,6,41,6,6,17,6,False,False,False,0.20806114375591278,other,35
3062,765,1,6,35,6,17,6,34,False,False,False,0.220506489276886,other,29
3063,765,1,45,13,45,6,17,6,False,False,False,0.017765751108527184,other,32
3064,766,0,15,13,15,6,9,16,False,False,False,0.07694097608327866,other,2
3065,766,0,12,8,12,9,6,6,False,False,False,0.06091789901256561,other,4
3066,766,1,12,13,12,6,9,6,False,False,True,0.04463135451078415,off_by_one,1
3067,766,1,15,15,15,9,6,18,True,True,False,0.10573255270719528,correct,0
3068,767,0,39,21,39,4,3,6,False,False,False,0.023679185658693314,other,18
3069,767,0,25,35,25,3,4,6,False,False,False,0.007123345509171486,other,10
3070,767,1,25,35,25,4,3,6,False,False,False,0.00754081504419446,other,10
3071,767,1,39,3,39,3,4,6,False,False,False,0.011916480027139187,other,36
3072,768,0,14,13,14,24,14,6,False,False,True,0.03413628041744232,off_by_one,1
3073,768,0,12,45,12,14,24,18,False,False,False,0.048674218356609344,other,33
3074,768,1,12,12,12,24,14,8,True,True,False,0.07158178836107254,correct,0
3075,768,1,14,13,14,14,24,6,False,False,True,0.03648748621344566,off_by_one,1
3076,769,0,17,10,17,1,4,20,False,False,False,0.013664431869983673,other,7
3077,769,0,38,13,38,4,1,4,False,False,False,0.009792383760213852,other,25
3078,769,1,38,12,38,1,4,36,False,False,False,0.01982387900352478,other,26
3079,769,1,17,13,17,4,1,6,False,False,False,0.03184232860803604,other,4
3080,770,0,0,3,0,17,24,17,False,False,False,0.011956541799008846,other,3
3081,770,0,42,42,42,24,17,6,True,True,False,0.04447184503078461,correct,0
3082,770,1,42,42,42,17,24,6,True,True,False,0.0510379932820797,correct,0
3083,770,1,0,2,0,24,17,6,False,False,False,0.004645080771297216,other,2
3084,771,0,36,11,36,24,25,34,False,False,False,0.029899949207901955,other,25
3085,771,0,44,13,44,25,24,16,False,False,False,0.04333861172199249,other,31
3086,771,1,44,29,44,24,25,6,False,False,False,0.03120446763932705,other,15
3087,771,1,36,13,36,25,24,15,False,False,False,0.026501718908548355,other,23
3088,772,0,16,11,16,2,12,6,False,False,False,0.11905040591955185,other,5
3089,772,0,19,13,19,12,2,6,False,False,False,0.10124938935041428,other,6
3090,772,1,19,12,19,2,12,6,False,False,False,0.09949959814548492,other,7
3091,772,1,16,5,16,12,2,6,False,False,False,0.10015247762203217,other,11
3092,773,0,47,10,47,14,6,27,False,False,False,0.05317439138889313,other,37
3093,773,0,6,13,6,6,14,6,False,False,False,0.08212392777204514,other,7
3094,773,1,6,10,6,14,6,7,False,False,False,0.09963444620370865,other,4
3095,773,1,47,47,47,6,14,7,True,True,False,0.03955546021461487,correct,0
3096,774,0,20,13,20,6,0,4,False,False,False,0.055077869445085526,other,7
3097,774,0,6,35,6,0,6,15,False,False,False,0.10303708165884018,other,29
3098,774,1,6,13,6,6,0,6,False,False,False,0.06665582209825516,other,7
3099,774,1,20,16,20,0,6,18,False,False,False,0.08140592277050018,other,4
3100,775,0,29,15,29,7,15,6,False,False,False,0.059526823461055756,other,14
3101,775,0,14,13,14,15,7,17,False,False,True,0.04071918502449989,off_by_one,1
3102,775,1,14,15,14,7,15,6,False,False,True,0.04171335697174072,off_by_one,1
3103,775,1,29,13,29,15,7,6,False,False,False,0.0466245673596859,other,16
3104,776,0,23,34,23,7,24,17,False,False,False,0.029489297419786453,other,11
3105,776,0,46,29,46,24,7,6,False,False,False,0.05061329901218414,other,17
3106,776,1,46,3,46,7,24,38,False,False,False,0.04247727617621422,other,43
3107,776,1,23,41,23,24,7,8,False,False,False,0.026170507073402405,other,18
3108,777,0,42,5,42,38,24,6,False,False,False,0.07608462125062943,other,37
3109,777,0,22,8,22,24,38,6,False,False,False,0.06446480751037598,other,14
3110,777,1,22,0,22,38,24,15,False,False,False,0.03800036385655403,other,22
3111,777,1,42,42,42,24,38,17,True,True,False,0.06818388402462006,correct,0
3112,778,0,44,10,44,16,6,6,False,False,False,0.0708613470196724,other,34
3113,778,0,7,5,7,6,16,6,False,False,False,0.09299609810113907,other,2
3114,778,1,7,7,7,16,6,6,True,True,False,0.06290149688720703,correct,0
3115,778,1,44,13,44,6,16,6,False,False,False,0.04465372860431671,other,31
3116,779,0,18,32,18,7,14,6,False,False,False,0.04180772602558136,other,14
3117,779,0,44,13,44,14,7,17,False,False,False,0.011701242998242378,other,31
3118,779,1,44,13,44,7,14,6,False,False,False,0.01229478046298027,other,31
3119,779,1,18,35,18,14,7,6,False,False,False,0.03501855954527855,other,17
3120,780,0,5,13,5,7,16,7,False,False,False,0.03626995533704758,other,8
3121,780,0,8,8,8,16,7,6,True,True,False,0.04058532044291496,correct,0
3122,780,1,8,8,8,7,16,6,True,True,False,0.040132999420166016,correct,0
3123,780,1,5,13,5,16,7,7,False,False,False,0.026571230962872505,other,8
3124,781,0,30,10,30,38,24,18,False,False,False,0.021626759320497513,other,20
3125,781,0,20,13,20,24,38,6,False,False,False,0.04659901186823845,other,7
3126,781,1,20,45,20,38,24,34,False,False,False,0.061719734221696854,other,25
3127,781,1,30,13,30,24,38,6,False,False,False,0.02452540211379528,other,17
3128,782,0,32,13,32,14,36,17,False,False,False,0.015522731468081474,other,19
3129,782,0,29,15,29,36,14,6,False,False,False,0.022782666608691216,other,14
3130,782,1,29,8,29,14,36,18,False,False,False,0.028740104287862778,other,21
3131,782,1,32,13,32,36,14,6,False,False,False,0.029419666156172752,other,19
3132,783,0,34,34,34,24,1,6,True,True,False,0.02577880769968033,correct,0
3133,783,0,37,45,37,1,24,34,False,False,False,0.030614614486694336,other,8
3134,783,1,37,3,37,24,1,6,False,False,False,0.018028385937213898,other,34
3135,783,1,34,13,34,1,24,32,False,False,False,0.041744232177734375,other,21
3136,784,0,17,12,17,2,4,8,False,False,False,0.014368981122970581,other,5
3137,784,0,30,45,30,4,2,6,False,False,False,0.07457491010427475,other,15
3138,784,1,30,48,30,2,4,6,False,False,False,0.08198180794715881,other,18
3139,784,1,17,13,17,4,2,6,False,False,False,0.026204245164990425,other,4
3140,785,0,45,13,45,6,24,6,False,False,False,0.0504179485142231,other,32
3141,785,0,2,9,2,24,6,6,False,False,False,0.05451953411102295,other,7
3142,785,1,2,13,2,6,24,17,False,False,False,0.06129905581474304,other,11
3143,785,1,45,11,45,24,6,22,False,False,False,0.07419203966856003,other,34
3144,786,0,21,29,21,14,24,6,False,False,False,0.055447984486818314,other,8
3145,786,0,8,13,8,24,14,6,False,False,False,0.10577170550823212,other,5
3146,786,1,8,16,8,14,24,12,False,False,False,0.11844069510698318,other,8
3147,786,1,21,13,21,24,14,6,False,False,False,0.09435712546110153,other,8
3148,787,0,37,35,37,14,6,27,False,False,False,0.05117086321115494,other,2
3149,787,0,42,42,42,6,14,6,True,True,False,0.22560539841651917,correct,0
3150,787,1,42,7,42,14,6,25,False,False,False,0.24129119515419006,other,35
3151,787,1,37,6,37,6,14,6,False,False,False,0.05493035167455673,other,31
3152,788,0,25,13,25,38,16,7,False,False,False,0.036940813064575195,other,12
3153,788,0,19,16,19,16,38,12,False,False,False,0.07972262799739838,other,3
3154,788,1,19,13,19,38,16,6,False,False,False,0.05984494462609291,other,6
3155,788,1,25,15,25,16,38,6,False,False,False,0.036796387284994125,other,10
3156,789,0,13,10,13,3,15,6,False,False,False,0.02178065851330757,other,3
3157,789,0,22,3,22,15,3,6,False,False,False,0.03924975544214249,other,19
3158,789,1,22,12,22,3,15,6,False,False,False,0.06994294375181198,other,10
3159,789,1,13,13,13,15,3,6,True,True,False,0.0291132889688015,correct,0
3160,790,0,40,10,40,11,7,12,False,False,False,0.05368258059024811,other,30
3161,790,0,29,13,29,7,11,6,False,False,False,0.02734590508043766,other,16
3162,790,1,29,16,29,11,7,22,False,False,False,0.036029089242219925,other,13
3163,790,1,40,13,40,7,11,17,False,False,False,0.028282485902309418,other,27
3164,791,0,11,16,11,18,26,22,False,False,False,0.06671135872602463,other,5
3165,791,0,18,13,18,26,18,6,False,False,False,0.03608504310250282,other,5
3166,791,1,18,45,18,18,26,22,False,False,False,0.03962291032075882,other,27
3167,791,1,11,13,11,26,18,6,False,False,False,0.048420581966638565,other,2
3168,792,0,29,8,29,10,8,8,False,False,False,0.0782560259103775,other,21
3169,792,0,32,13,32,8,10,6,False,False,False,0.06659303605556488,other,19
3170,792,1,32,0,32,10,8,7,False,False,False,0.04633046314120293,other,32
3171,792,1,29,13,29,8,10,6,False,False,False,0.06204036623239517,other,16
3172,793,0,10,29,10,6,3,4,False,False,False,0.006097365170717239,other,19
3173,793,0,43,3,43,3,6,6,False,False,False,0.028635848313570023,other,40
3174,793,1,43,13,43,6,3,6,False,False,False,0.02555837668478489,other,30
3175,793,1,10,29,10,3,6,6,False,False,False,0.0030789892189204693,other,19
3176,794,0,34,34,34,18,14,6,True,True,False,0.043045952916145325,correct,0
3177,794,0,17,15,17,14,18,34,False,False,False,0.12054711580276489,other,2
3178,794,1,17,13,17,18,14,6,False,False,False,0.123250313103199,other,4
3179,794,1,34,10,34,14,18,6,False,False,False,0.06101606413722038,other,24
3180,795,0,31,22,31,27,24,16,False,False,False,0.04923604801297188,other,9
3181,795,0,17,10,17,24,27,33,False,False,False,0.029455292969942093,other,7
3182,795,1,17,13,17,27,24,6,False,False,False,0.027385728433728218,other,4
3183,795,1,31,10,31,24,27,6,False,False,False,0.05955436825752258,other,21
3184,796,0,34,47,34,14,7,7,False,False,False,0.018485544249415398,other,13
3185,796,0,28,11,28,7,14,6,False,False,False,0.04819541797041893,other,17
3186,796,1,28,12,28,14,7,0,False,False,False,0.03307913988828659,other,16
3187,796,1,34,45,34,7,14,6,False,False,False,0.019105959683656693,other,11
3188,797,0,40,6,40,12,17,6,False,False,False,0.013396595604717731,other,34
3189,797,0,6,35,6,17,12,18,False,False,False,0.04599158838391304,other,29
3190,797,1,6,13,6,12,17,6,False,False,False,0.0234121922403574,other,7
3191,797,1,40,45,40,17,12,32,False,False,False,0.016864536330103874,other,5
3192,798,0,47,15,47,30,28,6,False,False,False,0.03279036283493042,other,32
3193,798,0,15,29,15,28,30,20,False,False,False,0.05764076113700867,other,14
3194,798,1,15,41,15,30,28,6,False,False,False,0.05999645218253136,other,26
3195,798,1,47,24,47,28,30,16,False,False,False,0.03348078578710556,other,23
3196,799,0,38,13,38,8,7,6,False,False,False,0.028686095029115677,other,25
3197,799,0,4,15,4,7,8,32,False,False,False,0.010134794749319553,other,11
3198,799,1,4,35,4,8,7,6,False,False,False,0.012654147110879421,other,31
3199,799,1,38,3,38,7,8,2,False,False,False,0.021464191377162933,other,35
3200,800,0,14,13,14,2,7,6,False,False,True,0.046706993132829666,off_by_one,1
3201,800,0,40,8,40,7,2,6,False,False,False,0.077039435505867,other,32
3202,800,1,40,13,40,2,7,6,False,False,False,0.037923723459243774,other,27
3203,800,1,14,15,14,7,2,6,False,False,True,0.0690472200512886,off_by_one,1
3204,801,0,22,13,22,26,1,6,False,False,False,0.10231880098581314,other,9
3205,801,0,5,15,5,1,26,25,False,False,False,0.05828915908932686,other,10
3206,801,1,5,42,5,26,1,7,False,False,False,0.04436192288994789,other,37
3207,801,1,22,2,22,1,26,22,False,False,False,0.10597176849842072,other,20
3208,802,0,20,16,20,16,24,8,False,False,False,0.12643805146217346,other,4
3209,802,0,23,23,23,24,16,7,True,True,False,0.06476227194070816,correct,0
3210,802,1,23,15,23,16,24,22,False,False,False,0.07197488099336624,other,8
3211,802,1,20,13,20,24,16,6,False,False,False,0.08333360403776169,other,7
3212,803,0,27,35,27,38,18,38,False,False,False,0.007565755862742662,other,8
3213,803,0,46,3,46,18,38,15,False,False,False,0.03309829160571098,other,43
3214,803,1,46,35,46,38,18,39,False,False,False,0.031791090965270996,other,11
3215,803,1,27,13,27,18,38,17,False,False,False,0.016150187700986862,other,14
3216,804,0,1,13,1,36,16,6,False,False,False,0.04684964567422867,other,12
3217,804,0,45,15,45,16,36,6,False,False,False,0.045857805758714676,other,30
3218,804,1,45,13,45,36,16,17,False,False,False,0.04086773842573166,other,32
3219,804,1,1,16,1,16,36,6,False,False,False,0.061233729124069214,other,15
3220,805,0,38,13,38,14,16,7,False,False,False,0.02309788577258587,other,25
3221,805,0,15,11,15,16,14,6,False,False,False,0.054219551384449005,other,4
3222,805,1,15,29,15,14,16,7,False,False,False,0.027310775592923164,other,14
3223,805,1,38,3,38,16,14,16,False,False,False,0.025096705183386803,other,35
3224,806,0,8,8,8,14,7,12,True,True,False,0.0920196995139122,correct,0
3225,806,0,40,21,40,7,14,6,False,False,False,0.06209836155176163,other,19
3226,806,1,40,43,40,14,7,25,False,False,False,0.060379378497600555,other,3
3227,806,1,8,8,8,7,14,20,True,True,False,0.08858280628919601,correct,0
3228,807,0,39,13,39,6,24,6,False,False,False,0.03203931823372841,other,26
3229,807,0,44,15,44,24,6,6,False,False,False,0.06139489635825157,other,29
3230,807,1,44,8,44,6,24,6,False,False,False,0.09513746947050095,other,36
3231,807,1,39,13,39,24,6,6,False,False,False,0.0420561283826828,other,26
3232,808,0,8,8,8,14,1,6,True,True,False,0.022648101672530174,correct,0
3233,808,0,47,13,47,1,14,17,False,False,False,0.021853186190128326,other,34
3234,808,1,47,13,47,14,1,6,False,False,False,0.025545062497258186,other,34
3235,808,1,8,8,8,1,14,6,True,True,False,0.02635233663022518,correct,0
3236,809,0,12,13,12,14,0,6,False,False,True,0.03489062562584877,off_by_one,1
3237,809,0,11,15,11,0,14,6,False,False,False,0.04391647130250931,other,4
3238,809,1,11,33,11,14,0,16,False,False,False,0.030822444707155228,other,22
3239,809,1,12,45,12,0,14,19,False,False,False,0.039364684373140335,other,33
3240,810,0,20,13,20,26,15,6,False,False,False,0.056395016610622406,other,7
3241,810,0,23,10,23,15,26,22,False,False,False,0.026942770928144455,other,13
3242,810,1,23,35,23,26,15,17,False,False,False,0.02897537872195244,other,12
3243,810,1,20,12,20,15,26,2,False,False,False,0.041940949857234955,other,8
3244,811,0,24,45,24,29,24,6,False,False,False,0.017341556027531624,other,21
3245,811,0,27,35,27,24,29,6,False,False,False,0.03530638664960861,other,8
3246,811,1,27,0,27,29,24,30,False,False,False,0.025092825293540955,other,27
3247,811,1,24,35,24,24,29,21,False,False,False,0.0172570813447237,other,11
3248,812,0,24,35,24,6,17,6,False,False,False,0.012541180476546288,other,11
3249,812,0,39,11,39,17,6,6,False,False,False,0.055258434265851974,other,28
3250,812,1,39,35,39,6,17,4,False,False,False,0.04299607127904892,other,4
3251,812,1,24,35,24,17,6,17,False,False,False,0.0101997135207057,other,11
3252,813,0,45,35,45,7,19,6,False,False,False,0.018650483340024948,other,10
3253,813,0,26,35,26,19,7,17,False,False,False,0.005876797251403332,other,9
3254,813,1,26,35,26,7,19,17,False,False,False,0.010660557076334953,other,9
3255,813,1,45,35,45,19,7,15,False,False,False,0.014367202296853065,other,10
3256,814,0,28,28,28,17,27,7,True,True,False,0.07460783421993256,correct,0
3257,814,0,32,36,32,27,17,17,False,False,False,0.02459135465323925,other,4
3258,814,1,32,13,32,17,27,17,False,False,False,0.03151286020874977,other,19
3259,814,1,28,15,28,27,17,34,False,False,False,0.057807743549346924,other,13
3260,815,0,38,3,38,15,36,15,False,False,False,0.01911774091422558,other,35
3261,815,0,23,35,23,36,15,6,False,False,False,0.009864586405456066,other,12
3262,815,1,23,15,23,15,36,6,False,False,False,0.020030004903674126,other,8
3263,815,1,38,13,38,36,15,6,False,False,False,0.01728547364473343,other,25
3264,816,0,15,16,15,20,7,12,False,False,True,0.04418833926320076,off_by_one,1
3265,816,0,28,13,28,7,20,17,False,False,False,0.034083809703588486,other,15
3266,816,1,28,13,28,20,7,7,False,False,False,0.013770842924714088,other,15
3267,816,1,15,15,15,7,20,6,True,True,False,0.046433206647634506,correct,0
3268,817,0,5,13,5,7,6,7,False,False,False,0.044966887682676315,other,8
3269,817,0,12,8,12,6,7,6,False,False,False,0.02543666958808899,other,4
3270,817,1,12,8,12,7,6,6,False,False,False,0.03457144275307655,other,4
3271,817,1,5,13,5,6,7,6,False,False,False,0.04839913547039032,other,8
3272,818,0,48,3,48,19,6,18,False,False,False,0.00823929999023676,other,45
3273,818,0,3,3,3,6,19,6,True,True,False,0.014051505364477634,correct,0
3274,818,1,3,3,3,19,6,8,True,True,False,0.027764780446887016,correct,0
3275,818,1,48,13,48,6,19,6,False,False,False,0.020205114036798477,other,35
3276,819,0,45,35,45,7,18,15,False,False,False,0.0182503629475832,other,10
3277,819,0,15,35,15,18,7,15,False,False,False,0.0354643240571022,other,20
3278,819,1,15,16,15,7,18,20,False,False,True,0.024829838424921036,off_by_one,1
3279,819,1,45,13,45,18,7,9,False,False,False,0.02556518465280533,other,32
3280,820,0,5,34,5,7,16,6,False,False,False,0.031033996492624283,other,29
3281,820,0,25,35,25,16,7,15,False,False,False,0.017798537388443947,other,10
3282,820,1,25,15,25,7,16,6,False,False,False,0.012494249269366264,other,10
3283,820,1,5,34,5,16,7,6,False,False,False,0.02534780278801918,other,29
3284,821,0,22,21,22,17,16,17,False,False,True,0.010274684987962246,off_by_one,1
3285,821,0,37,3,37,16,17,15,False,False,False,0.021618317812681198,other,34
3286,821,1,37,35,37,17,16,15,False,False,False,0.017866767942905426,other,2
3287,821,1,22,3,22,16,17,16,False,False,False,0.009797902777791023,other,19
3288,822,0,13,3,13,24,38,7,False,False,False,0.035725031048059464,other,10
3289,822,0,21,3,21,38,24,7,False,False,False,0.044845569878816605,other,18
3290,822,1,21,3,21,24,38,18,False,False,False,0.04908183589577675,other,18
3291,822,1,13,33,13,38,24,14,False,False,False,0.03285534679889679,other,20
3292,823,0,7,7,7,37,1,20,True,True,False,0.022018972784280777,correct,0
3293,823,0,38,13,38,1,37,17,False,False,False,0.009328947402536869,other,25
3294,823,1,38,28,38,37,1,7,False,False,False,0.004643851891160011,other,10
3295,823,1,7,7,7,1,37,14,True,True,False,0.017447054386138916,correct,0
3296,824,0,27,29,27,2,19,7,False,False,False,0.010773546993732452,other,2
3297,824,0,1,35,1,19,2,17,False,False,False,0.013128873892128468,other,34
3298,824,1,1,29,1,2,19,7,False,False,False,0.008189726620912552,other,28
3299,824,1,27,3,27,19,2,17,False,False,False,0.014504529535770416,other,24
3300,825,0,26,35,26,19,15,17,False,False,False,0.008436466567218304,other,9
3301,825,0,24,35,24,15,19,15,False,False,False,0.008769365958869457,other,11
3302,825,1,24,45,24,19,15,17,False,False,False,0.017043856903910637,other,21
3303,825,1,26,35,26,15,19,15,False,False,False,0.016511648893356323,other,9
3304,826,0,36,3,36,6,19,17,False,False,False,0.022286726161837578,other,33
3305,826,0,27,11,27,19,6,18,False,False,False,0.01880829781293869,other,16
3306,826,1,27,13,27,6,19,4,False,False,False,0.01809030771255493,other,14
3307,826,1,36,12,36,19,6,8,False,False,False,0.02220812998712063,other,24
3308,827,0,44,13,44,6,14,6,False,False,False,0.027423102408647537,other,31
3309,827,0,43,2,43,14,6,32,False,False,False,0.01813202165067196,other,41
3310,827,1,43,13,43,6,14,6,False,False,False,0.019353702664375305,other,30
3311,827,1,44,24,44,14,6,7,False,False,False,0.026019277051091194,other,20
3312,828,0,39,3,39,37,24,17,False,False,False,0.04464152827858925,other,36
3313,828,0,7,7,7,24,37,7,True,True,False,0.03277383744716644,correct,0
3314,828,1,7,7,7,37,24,17,True,True,False,0.03633257746696472,correct,0
3315,828,1,39,12,39,24,37,6,False,False,False,0.05691220611333847,other,27
3316,829,0,45,13,45,2,6,6,False,False,False,0.04286254569888115,other,32
3317,829,0,35,8,35,6,2,6,False,False,False,0.0892222449183464,other,27
3318,829,1,35,35,35,2,6,6,True,True,False,0.056459005922079086,correct,0
3319,829,1,45,45,45,6,2,6,True,True,False,0.031025923788547516,correct,0
3320,830,0,33,29,33,7,2,6,False,False,False,0.045421574264764786,other,4
3321,830,0,40,3,40,2,7,17,False,False,False,0.014305485412478447,other,37
3322,830,1,40,13,40,7,2,6,False,False,False,0.01488539855927229,other,27
3323,830,1,33,8,33,2,7,6,False,False,False,0.075188547372818,other,25
3324,831,0,45,13,45,6,11,6,False,False,False,0.01668154075741768,other,32
3325,831,0,34,15,34,11,6,16,False,False,False,0.016504183411598206,other,19
3326,831,1,34,41,34,6,11,6,False,False,False,0.01920061558485031,other,7
3327,831,1,45,15,45,11,6,18,False,False,False,0.02508573606610298,other,30
3328,832,0,26,35,26,36,27,6,False,False,False,0.036206018179655075,other,9
3329,832,0,29,29,29,27,36,7,True,True,False,0.026635250076651573,correct,0
3330,832,1,29,8,29,36,27,18,False,False,False,0.0542755052447319,other,21
3331,832,1,26,13,26,27,36,7,False,False,False,0.03973476216197014,other,13
3332,833,0,20,22,20,16,23,17,False,False,False,0.02558581717312336,other,2
3333,833,0,34,7,34,23,16,23,False,False,False,0.019561154767870903,other,27
3334,833,1,34,15,34,16,23,32,False,False,False,0.021977907046675682,other,19
3335,833,1,20,13,20,23,16,17,False,False,False,0.02528543584048748,other,7
3336,834,0,37,13,37,24,15,17,False,False,False,0.011223511770367622,other,24
3337,834,0,28,15,28,15,24,32,False,False,False,0.02874211221933365,other,13
3338,834,1,28,15,28,24,15,6,False,False,False,0.042976152151823044,other,13
3339,834,1,37,13,37,15,24,6,False,False,False,0.014660729095339775,other,24
3340,835,0,16,35,16,7,22,7,False,False,False,0.06754814833402634,other,19
3341,835,0,11,48,11,22,7,7,False,False,False,0.018974626436829567,other,37
3342,835,1,11,29,11,7,22,15,False,False,False,0.0159479770809412,other,18
3343,835,1,16,15,16,22,7,20,False,False,True,0.06282301992177963,off_by_one,1
3344,836,0,35,15,35,16,18,6,False,False,False,0.02520563080906868,other,20
3345,836,0,43,13,43,18,16,6,False,False,False,0.06545908749103546,other,30
3346,836,1,43,45,43,16,18,22,False,False,False,0.07617789506912231,other,2
3347,836,1,35,13,35,18,16,6,False,False,False,0.02665187604725361,other,22
3348,837,0,8,8,8,14,23,16,True,True,False,0.017997723072767258,correct,0
3349,837,0,7,7,7,23,14,16,True,True,False,0.06407669931650162,correct,0
3350,837,1,7,7,7,14,23,6,True,True,False,0.057816676795482635,correct,0
3351,837,1,8,8,8,23,14,24,True,True,False,0.01973670721054077,correct,0
3352,838,0,37,13,37,24,16,6,False,False,False,0.07879483699798584,other,24
3353,838,0,41,8,41,16,24,22,False,False,False,0.1279980093240738,other,33
3354,838,1,41,34,41,24,16,6,False,False,False,0.1038595661520958,other,7
3355,838,1,37,3,37,16,24,33,False,False,False,0.08095737546682358,other,34
3356,839,0,21,21,21,26,18,6,True,True,False,0.030856892466545105,correct,0
3357,839,0,46,13,46,18,26,6,False,False,False,0.03744756057858467,other,33
3358,839,1,46,13,46,26,18,6,False,False,False,0.026085758581757545,other,33
3359,839,1,21,21,21,18,26,6,True,True,False,0.031413376331329346,correct,0
3360,840,0,8,8,8,6,24,6,True,True,False,0.0645216777920723,correct,0
3361,840,0,42,42,42,24,6,6,True,True,False,0.08796857297420502,correct,0
3362,840,1,42,6,42,6,24,6,False,False,False,0.08357886970043182,other,36
3363,840,1,8,8,8,24,6,6,True,True,False,0.06383764743804932,correct,0
3364,841,0,19,13,19,14,3,17,False,False,False,0.03817632794380188,other,6
3365,841,0,16,8,16,3,14,22,False,False,False,0.05322946608066559,other,8
3366,841,1,16,35,16,14,3,16,False,False,False,0.031139856204390526,other,19
3367,841,1,19,3,19,3,14,6,False,False,False,0.03808072581887245,other,16
3368,842,0,21,13,21,36,7,6,False,False,False,0.06357020884752274,other,8
3369,842,0,33,10,33,7,36,5,False,False,False,0.06090095639228821,other,23
3370,842,1,33,13,33,36,7,6,False,False,False,0.04045853391289711,other,20
3371,842,1,21,22,21,7,36,8,False,False,True,0.07183455675840378,off_by_one,1
3372,843,0,9,12,9,8,7,6,False,False,False,0.03515879809856415,other,3
3373,843,0,14,13,14,7,8,6,False,False,True,0.017248952761292458,off_by_one,1
3374,843,1,14,13,14,8,7,6,False,False,True,0.02432868257164955,off_by_one,1
3375,843,1,9,12,9,7,8,6,False,False,False,0.050490602850914,other,3
3376,844,0,25,25,25,27,16,6,True,True,False,0.019734403118491173,correct,0
3377,844,0,21,21,21,16,27,15,True,True,False,0.012975468300282955,correct,0
3378,844,1,21,21,21,27,16,38,True,True,False,0.01594582200050354,correct,0
3379,844,1,25,35,25,16,27,15,False,False,False,0.026967382058501244,other,10
3380,845,0,36,13,36,18,14,17,False,False,False,0.21099838614463806,other,23
3381,845,0,41,15,41,14,18,22,False,False,False,0.05614409223198891,other,26
3382,845,1,41,13,41,18,14,6,False,False,False,0.04403265565633774,other,28
3383,845,1,36,15,36,14,18,12,False,False,False,0.12812119722366333,other,21
3384,846,0,39,13,39,26,16,6,False,False,False,0.020076381042599678,other,26
3385,846,0,46,29,46,16,26,28,False,False,False,0.03129872307181358,other,17
3386,846,1,46,13,46,26,16,6,False,False,False,0.033570144325494766,other,33
3387,846,1,39,12,39,16,26,6,False,False,False,0.017283665016293526,other,27
3388,847,0,30,13,30,16,6,6,False,False,False,0.022209133952856064,other,17
3389,847,0,8,15,8,6,16,6,False,False,False,0.07243843376636505,other,7
3390,847,1,8,8,8,16,6,6,True,True,False,0.056819841265678406,correct,0
3391,847,1,30,13,30,6,16,6,False,False,False,0.030348481610417366,other,17
3392,848,0,30,10,30,39,38,12,False,False,False,0.06737889349460602,other,20
3393,848,0,46,13,46,38,39,17,False,False,False,0.04376021400094032,other,33
3394,848,1,46,13,46,39,38,17,False,False,False,0.03679691255092621,other,33
3395,848,1,30,8,30,38,39,18,False,False,False,0.0835115984082222,other,22
3396,849,0,42,7,42,38,39,6,False,False,False,0.11473456025123596,other,35
3397,849,0,32,15,32,39,38,18,False,False,False,0.056659623980522156,other,17
3398,849,1,32,45,32,38,39,32,False,False,False,0.05609438568353653,other,13
3399,849,1,42,42,42,39,38,6,True,True,False,0.10657595098018646,correct,0
3400,850,0,32,10,32,7,24,6,False,False,False,0.051697567105293274,other,22
3401,850,0,17,13,17,24,7,6,False,False,False,0.06297576427459717,other,4
3402,850,1,17,8,17,7,24,22,False,False,False,0.07636207342147827,other,9
3403,850,1,32,13,32,24,7,6,False,False,False,0.04476088285446167,other,19
3404,851,0,21,12,21,9,3,6,False,False,False,0.04192434996366501,other,9
3405,851,0,35,13,35,3,9,6,False,False,False,0.045365091413259506,other,22
3406,851,1,35,15,35,9,3,6,False,False,False,0.05070573091506958,other,20
3407,851,1,21,13,21,3,9,6,False,False,False,0.03274792432785034,other,8
3408,852,0,44,1,44,33,30,27,False,False,False,0.010362084954977036,other,43
3409,852,0,18,13,18,30,33,4,False,False,False,0.025657128542661667,other,5
3410,852,1,18,12,18,33,30,33,False,False,False,0.034623488783836365,other,6
3411,852,1,44,35,44,30,33,17,False,False,False,0.012578744441270828,other,9
3412,853,0,34,35,34,16,6,15,False,False,True,0.009853818453848362,off_by_one,1
3413,853,0,39,48,39,6,16,4,False,False,False,0.02671254798769951,other,9
3414,853,1,39,3,39,16,6,15,False,False,False,0.037495870143175125,other,36
3415,853,1,34,35,34,6,16,6,False,False,True,0.014451206661760807,off_by_one,1
3416,854,0,15,15,15,16,15,6,True,True,False,0.032810650765895844,correct,0
3417,854,0,43,13,43,15,16,7,False,False,False,0.04447159916162491,other,30
3418,854,1,43,3,43,16,15,16,False,False,False,0.03690378740429878,other,40
3419,854,1,15,11,15,15,16,7,False,False,False,0.02597237005829811,other,4
3420,855,0,43,13,43,19,6,6,False,False,False,0.025329675525426865,other,30
3421,855,0,17,8,17,6,19,6,False,False,False,0.06481734663248062,other,9
3422,855,1,17,13,17,19,6,18,False,False,False,0.0444214902818203,other,4
3423,855,1,43,3,43,6,19,6,False,False,False,0.023536251857876778,other,40
3424,856,0,13,13,13,12,7,6,True,True,False,0.026478668674826622,correct,0
3425,856,0,27,10,27,7,12,6,False,False,False,0.0215950645506382,other,17
3426,856,1,27,22,27,12,7,17,False,False,False,0.023948075249791145,other,5
3427,856,1,13,3,13,7,12,6,False,False,False,0.03495672345161438,other,10
3428,857,0,8,8,8,4,1,6,True,True,False,0.1423850655555725,correct,0
3429,857,0,2,13,2,1,4,6,False,False,False,0.022561058402061462,other,11
3430,857,1,2,13,2,4,1,6,False,False,False,0.027596501633524895,other,11
3431,857,1,8,8,8,1,4,12,True,True,False,0.0999685600399971,correct,0
3432,858,0,34,46,34,7,24,0,False,False,False,0.03666579723358154,other,12
3433,858,0,12,33,12,24,7,4,False,False,False,0.059302061796188354,other,21
3434,858,1,12,32,12,7,24,6,False,False,False,0.0767466202378273,other,20
3435,858,1,34,34,34,24,7,6,True,True,False,0.03762790188193321,correct,0
3436,859,0,27,13,27,16,6,17,False,False,False,0.01710060052573681,other,14
3437,859,0,11,8,11,6,16,6,False,False,False,0.04309937730431557,other,3
3438,859,1,11,10,11,16,6,6,False,False,True,0.03502994403243065,off_by_one,1
3439,859,1,27,13,27,6,16,6,False,False,False,0.01623634248971939,other,14
3440,860,0,47,10,47,18,36,6,False,False,False,0.052226465195417404,other,37
3441,860,0,20,13,20,36,18,6,False,False,False,0.04843420162796974,other,7
3442,860,1,20,12,20,18,36,6,False,False,False,0.055953044444322586,other,8
3443,860,1,47,13,47,36,18,6,False,False,False,0.04516186565160751,other,34
3444,861,0,16,16,16,17,18,25,True,True,False,0.02917054109275341,correct,0
3445,861,0,5,7,5,18,17,6,False,False,False,0.020418135449290276,other,2
3446,861,1,5,16,5,17,18,25,False,False,False,0.024094626307487488,other,11
3447,861,1,16,41,16,18,17,6,False,False,False,0.02745342254638672,other,25
3448,862,0,9,12,9,7,18,6,False,False,False,0.05945326015353203,other,3
3449,862,0,31,13,31,18,7,6,False,False,False,0.1109260842204094,other,18
3450,862,1,31,15,31,7,18,6,False,False,False,0.09493591636419296,other,16
3451,862,1,9,3,9,18,7,7,False,False,False,0.05460788682103157,other,6
3452,863,0,36,45,36,6,15,6,False,False,False,0.05164855346083641,other,9
3453,863,0,40,13,40,15,6,6,False,False,False,0.023240404203534126,other,27
3454,863,1,40,13,40,6,15,6,False,False,False,0.020565591752529144,other,27
3455,863,1,36,12,36,15,6,15,False,False,False,0.03166428953409195,other,24
3456,864,0,26,13,26,7,16,6,False,False,False,0.030329376459121704,other,13
3457,864,0,46,10,46,16,7,6,False,False,False,0.06571225076913834,other,36
3458,864,1,46,13,46,7,16,6,False,False,False,0.039396535605192184,other,33
3459,864,1,26,11,26,16,7,6,False,False,False,0.039220452308654785,other,15
3460,865,0,39,13,39,6,2,6,False,False,False,0.021453747525811195,other,26
3461,865,0,21,12,21,2,6,6,False,False,False,0.08615747094154358,other,9
3462,865,1,21,13,21,6,2,6,False,False,False,0.06753899157047272,other,8
3463,865,1,39,10,39,2,6,36,False,False,False,0.029275448992848396,other,29
3464,866,0,39,13,39,6,7,6,False,False,False,0.03706499561667442,other,26
3465,866,0,6,10,6,7,6,6,False,False,False,0.08031327277421951,other,4
3466,866,1,6,13,6,6,7,6,False,False,False,0.06580773741006851,other,7
3467,866,1,39,13,39,7,6,7,False,False,False,0.024763692170381546,other,26
3468,867,0,10,10,10,34,14,4,True,True,False,0.027426868677139282,correct,0
3469,867,0,14,35,14,14,34,23,False,False,False,0.023004451766610146,other,21
3470,867,1,14,13,14,34,14,6,False,False,True,0.03272455185651779,off_by_one,1
3471,867,1,10,10,10,14,34,6,True,True,False,0.03803366795182228,correct,0
3472,868,0,44,34,44,26,16,6,False,False,False,0.018106404691934586,other,10
3473,868,0,38,12,38,16,26,19,False,False,False,0.03322684392333031,other,26
3474,868,1,38,13,38,26,16,4,False,False,False,0.025845248252153397,other,25
3475,868,1,44,1,44,16,26,32,False,False,False,0.021390972658991814,other,43
3476,869,0,1,13,1,26,7,6,False,False,False,0.03557310253381729,other,12
3477,869,0,29,8,29,7,26,6,False,False,False,0.07292748987674713,other,21
3478,869,1,29,13,29,26,7,6,False,False,False,0.03928154706954956,other,16
3479,869,1,1,11,1,7,26,6,False,False,False,0.03785689175128937,other,10
3480,870,0,28,8,28,16,26,22,False,False,False,0.06651792675256729,other,20
3481,870,0,20,13,20,26,16,6,False,False,False,0.06940048187971115,other,7
3482,870,1,20,25,20,16,26,22,False,False,False,0.06252994388341904,other,5
3483,870,1,28,13,28,26,16,6,False,False,False,0.04628473520278931,other,15
3484,871,0,14,45,14,18,30,6,False,False,False,0.0170699842274189,other,31
3485,871,0,34,35,34,30,18,21,False,False,True,0.016817478463053703,off_by_one,1
3486,871,1,34,34,34,18,30,18,True,True,False,0.010498136281967163,correct,0
3487,871,1,14,13,14,30,18,4,False,False,True,0.018206046894192696,off_by_one,1
3488,872,0,23,10,23,1,4,22,False,False,False,0.0659092515707016,other,13
3489,872,0,31,13,31,4,1,6,False,False,False,0.027710387483239174,other,18
3490,872,1,31,12,31,1,4,6,False,False,False,0.012526818551123142,other,19
3491,872,1,23,35,23,4,1,6,False,False,False,0.035300616174936295,other,12
3492,873,0,34,47,34,38,20,38,False,False,False,0.018556097522377968,other,13
3493,873,0,31,13,31,20,38,14,False,False,False,0.054618917405605316,other,18
3494,873,1,31,8,31,38,20,7,False,False,False,0.06685588508844376,other,23
3495,873,1,34,13,34,20,38,7,False,False,False,0.038235798478126526,other,21
3496,874,0,39,13,39,14,32,17,False,False,False,0.006946041714400053,other,26
3497,874,0,48,10,48,32,14,17,False,False,False,0.014315000735223293,other,38
3498,874,1,48,10,48,14,32,15,False,False,False,0.01577848196029663,other,38
3499,874,1,39,13,39,32,14,15,False,False,False,0.010033542290329933,other,26
3500,875,0,44,24,44,15,17,6,False,False,False,0.02192082442343235,other,20
3501,875,0,1,13,1,17,15,17,False,False,False,0.020245298743247986,other,12
3502,875,1,1,29,1,15,17,21,False,False,False,0.027699191123247147,other,28
3503,875,1,44,35,44,17,15,17,False,False,False,0.017832566052675247,other,9
3504,876,0,35,35,35,16,17,7,True,True,False,0.007572718430310488,correct,0
3505,876,0,38,13,38,17,16,17,False,False,False,0.032226771116256714,other,25
3506,876,1,38,10,38,16,17,6,False,False,False,0.04017828777432442,other,28
3507,876,1,35,13,35,17,16,6,False,False,False,0.01576540246605873,other,22
3508,877,0,30,8,30,18,23,6,False,False,False,0.062337297946214676,other,22
3509,877,0,4,13,4,23,18,17,False,False,False,0.027173977345228195,other,9
3510,877,1,4,35,4,18,23,4,False,False,False,0.02355378121137619,other,31
3511,877,1,30,10,30,23,18,15,False,False,False,0.04385947436094284,other,20
3512,878,0,43,13,43,27,16,7,False,False,False,0.03166140988469124,other,30
3513,878,0,48,3,48,16,27,22,False,False,False,0.03664468228816986,other,45
3514,878,1,48,13,48,27,16,7,False,False,False,0.04490939527750015,other,35
3515,878,1,43,45,43,16,27,22,False,False,False,0.038730427622795105,other,2
3516,879,0,14,8,14,6,27,6,False,False,False,0.06871379166841507,other,6
3517,879,0,35,13,35,27,6,17,False,False,False,0.017610840499401093,other,22
3518,879,1,35,13,35,6,27,6,False,False,False,0.019521566107869148,other,22
3519,879,1,14,29,14,27,6,6,False,False,False,0.03537863865494728,other,15
3520,880,0,28,13,28,7,38,17,False,False,False,0.04144846275448799,other,15
3521,880,0,32,0,32,38,7,7,False,False,False,0.021601378917694092,other,32
3522,880,1,32,45,32,7,38,7,False,False,False,0.01660529151558876,other,13
3523,880,1,28,28,28,38,7,16,True,True,False,0.037692341953516006,correct,0
3524,881,0,39,12,39,7,31,6,False,False,False,0.051923975348472595,other,27
3525,881,0,44,24,44,31,7,7,False,False,False,0.04488657787442207,other,20
3526,881,1,44,45,44,7,31,6,False,False,True,0.06354572623968124,off_by_one,1
3527,881,1,39,13,39,31,7,6,False,False,False,0.06077403947710991,other,26
3528,882,0,7,7,7,7,2,20,True,True,False,0.015661977231502533,correct,0
3529,882,0,11,3,11,2,7,20,False,False,False,0.019108636304736137,other,8
3530,882,1,11,28,11,7,2,26,False,False,False,0.0241208765655756,other,17
3531,882,1,7,7,7,2,7,17,True,True,False,0.018409889191389084,correct,0
3532,883,0,15,15,15,5,3,6,True,True,False,0.08270656317472458,correct,0
3533,883,0,25,13,25,3,5,6,False,False,False,0.019226936623454094,other,12
3534,883,1,25,13,25,5,3,6,False,False,False,0.024858936667442322,other,12
3535,883,1,15,12,15,3,5,6,False,False,False,0.09910842031240463,other,3
3536,884,0,29,11,29,14,16,14,False,False,False,0.03255081549286842,other,18
3537,884,0,20,35,20,16,14,17,False,False,False,0.02680979110300541,other,15
3538,884,1,20,13,20,14,16,17,False,False,False,0.027011845260858536,other,7
3539,884,1,29,15,29,16,14,18,False,False,False,0.04691026359796524,other,14
3540,885,0,28,13,28,5,1,6,False,False,False,0.05867404118180275,other,15
3541,885,0,3,12,3,1,5,19,False,False,False,0.03786657005548477,other,9
3542,885,1,3,22,3,5,1,6,False,False,False,0.04250044375658035,other,19
3543,885,1,28,35,28,1,5,6,False,False,False,0.0579238124191761,other,7
3544,886,0,4,8,4,10,13,6,False,False,False,0.11316022276878357,other,4
3545,886,0,21,13,21,13,10,6,False,False,False,0.0928758904337883,other,8
3546,886,1,21,8,21,10,13,22,False,False,False,0.08989371359348297,other,13
3547,886,1,4,13,4,13,10,6,False,False,False,0.1222122460603714,other,9
3548,887,0,32,8,32,6,7,6,False,False,False,0.07933506369590759,other,24
3549,887,0,0,13,0,7,6,17,False,False,False,0.06694851070642471,other,13
3550,887,1,0,2,0,6,7,6,False,False,False,0.04985665902495384,other,2
3551,887,1,32,13,32,7,6,17,False,False,False,0.05233399197459221,other,19
3552,888,0,40,3,40,14,7,15,False,False,False,0.014542271383106709,other,37
3553,888,0,5,7,5,7,14,27,False,False,False,0.02600191906094551,other,2
3554,888,1,5,7,5,14,7,34,False,False,False,0.02770351432263851,other,2
3555,888,1,40,13,40,7,14,6,False,False,False,0.023184342309832573,other,27
3556,889,0,37,13,37,15,16,17,False,False,False,0.03130023553967476,other,24
3557,889,0,16,7,16,16,15,24,False,False,False,0.07481562346220016,other,9
3558,889,1,16,15,16,15,16,16,False,False,True,0.11688412725925446,off_by_one,1
3559,889,1,37,10,37,16,15,16,False,False,False,0.036438751965761185,other,27
3560,890,0,16,15,16,17,6,35,False,False,True,0.12317869812250137,off_by_one,1
3561,890,0,10,28,10,6,17,26,False,False,False,0.04191986843943596,other,18
3562,890,1,10,3,10,17,6,38,False,False,False,0.03310544416308403,other,7
3563,890,1,16,15,16,6,17,6,False,False,True,0.18443867564201355,off_by_one,1
3564,891,0,9,13,9,1,18,17,False,False,False,0.04413289949297905,other,4
3565,891,0,11,16,11,18,1,22,False,False,False,0.06663727015256882,other,5
3566,891,1,11,13,11,1,18,6,False,False,False,0.0444541797041893,other,2
3567,891,1,9,8,9,18,1,6,False,False,True,0.05219849944114685,off_by_one,1
3568,892,0,18,29,18,0,21,0,False,False,False,0.03257744014263153,other,11
3569,892,0,6,35,6,21,0,17,False,False,False,0.015235219150781631,other,29
3570,892,1,6,13,6,0,21,17,False,False,False,0.028768522664904594,other,7
3571,892,1,18,45,18,21,0,7,False,False,False,0.04728248715400696,other,27
3572,893,0,16,15,16,7,6,6,False,False,True,0.05513427034020424,off_by_one,1
3573,893,0,42,5,42,6,7,22,False,False,False,0.06735866516828537,other,37
3574,893,1,42,7,42,7,6,6,False,False,False,0.09934248775243759,other,35
3575,893,1,16,15,16,6,7,6,False,False,True,0.05145297572016716,off_by_one,1
3576,894,0,12,12,12,18,0,6,True,True,False,0.041699666529893875,correct,0
3577,894,0,25,13,25,0,18,6,False,False,False,0.02585688978433609,other,12
3578,894,1,25,13,25,18,0,6,False,False,False,0.03347380831837654,other,12
3579,894,1,12,45,12,0,18,6,False,False,False,0.04000930115580559,other,33
3580,895,0,35,15,35,6,35,6,False,False,False,0.05805105343461037,other,20
3581,895,0,46,13,46,35,6,7,False,False,False,0.03243168443441391,other,33
3582,895,1,46,13,46,6,35,17,False,False,False,0.02420695684850216,other,33
3583,895,1,35,13,35,35,6,10,False,False,False,0.05343317613005638,other,22
3584,896,0,39,12,39,14,24,22,False,False,False,0.06642436236143112,other,27
3585,896,0,38,13,38,24,14,6,False,False,False,0.04404335096478462,other,25
3586,896,1,38,16,38,14,24,22,False,False,False,0.060256730765104294,other,22
3587,896,1,39,13,39,24,14,17,False,False,False,0.04370570182800293,other,26
3588,897,0,33,13,33,12,13,6,False,False,False,0.020606903359293938,other,20
3589,897,0,3,8,3,13,12,22,False,False,False,0.09036646783351898,other,5
3590,897,1,3,13,3,12,13,6,False,False,False,0.04879217967391014,other,10
3591,897,1,33,13,33,13,12,6,False,False,False,0.008043683134019375,other,20
3592,898,0,37,13,37,27,0,17,False,False,False,0.02229582518339157,other,24
3593,898,0,19,8,19,0,27,18,False,False,False,0.06006638705730438,other,11
3594,898,1,19,45,19,27,0,19,False,False,False,0.04812584072351456,other,26
3595,898,1,37,6,37,0,27,17,False,False,False,0.02000739984214306,other,31
3596,899,0,0,32,0,7,19,34,False,False,False,0.02229173295199871,other,32
3597,899,0,17,3,17,19,7,15,False,False,False,0.02751408889889717,other,14
3598,899,1,17,12,17,7,19,6,False,False,False,0.050084229558706284,other,5
3599,899,1,0,13,0,19,7,6,False,False,False,0.02410600706934929,other,13
3600,900,0,46,3,46,15,6,32,False,False,False,0.0309972632676363,other,43
3601,900,0,16,14,16,6,15,6,False,False,False,0.06779057532548904,other,2
3602,900,1,16,15,16,15,6,22,False,False,True,0.08481729030609131,off_by_one,1
3603,900,1,46,13,46,6,15,6,False,False,False,0.027714405208826065,other,33
3604,901,0,24,35,24,18,12,17,False,False,False,0.008490214124321938,other,11
3605,901,0,2,45,2,12,18,6,False,False,False,0.012458283454179764,other,43
3606,901,1,2,3,2,18,12,6,False,False,True,0.006018365733325481,off_by_one,1
3607,901,1,24,35,24,12,18,6,False,False,False,0.011990373954176903,other,11
3608,902,0,8,8,8,15,36,12,True,True,False,0.07695265114307404,correct,0
3609,902,0,13,13,13,36,15,17,True,True,False,0.01953342743217945,correct,0
3610,902,1,13,13,13,15,36,6,True,True,False,0.029044825583696365,correct,0
3611,902,1,8,15,8,36,15,6,False,False,False,0.10095328092575073,other,7
3612,903,0,26,15,26,19,6,6,False,False,False,0.011189959943294525,other,11
3613,903,0,28,45,28,6,19,6,False,False,False,0.020439697429537773,other,17
3614,903,1,28,10,28,19,6,18,False,False,False,0.015235095284879208,other,18
3615,903,1,26,35,26,6,19,6,False,False,False,0.015496603213250637,other,9
3616,904,0,34,6,34,16,15,15,False,False,False,0.03445594012737274,other,28
3617,904,0,32,10,32,15,16,16,False,False,False,0.06271574646234512,other,22
3618,904,1,32,13,32,16,15,17,False,False,False,0.053077224642038345,other,19
3619,904,1,34,24,34,15,16,27,False,False,False,0.020022567361593246,other,10
3620,905,0,12,3,12,20,38,19,False,False,False,0.032134879380464554,other,9
3621,905,0,36,29,36,38,20,7,False,False,False,0.025560997426509857,other,7
3622,905,1,36,13,36,20,38,17,False,False,False,0.035841651260852814,other,23
3623,905,1,12,8,12,38,20,8,False,False,False,0.03644441440701485,other,4
3624,906,0,21,21,21,15,14,6,True,True,False,0.03793447092175484,correct,0
3625,906,0,28,29,28,14,15,0,False,False,True,0.009817242622375488,off_by_one,1
3626,906,1,28,13,28,15,14,17,False,False,False,0.0113286841660738,other,15
3627,906,1,21,12,21,14,15,6,False,False,False,0.05742832273244858,other,9
3628,907,0,13,10,13,12,17,17,False,False,False,0.014743971638381481,other,3
3629,907,0,25,35,25,17,12,6,False,False,False,0.022191647440195084,other,10
3630,907,1,25,35,25,12,17,4,False,False,False,0.024510575458407402,other,10
3631,907,1,13,29,13,17,12,17,False,False,False,0.01338623184710741,other,16
3632,908,0,7,7,7,21,15,16,True,True,False,0.031258001923561096,correct,0
3633,908,0,33,13,33,15,21,0,False,False,False,0.009872088208794594,other,20
3634,908,1,33,13,33,21,15,17,False,False,False,0.020104773342609406,other,20
3635,908,1,7,7,7,15,21,15,True,True,False,0.030666669830679893,correct,0
3636,909,0,29,16,29,15,14,18,False,False,False,0.0221176166087389,other,13
3637,909,0,5,7,5,14,15,6,False,False,False,0.030714817345142365,other,2
3638,909,1,5,7,5,15,14,7,False,False,False,0.0397392176091671,other,2
3639,909,1,29,16,29,14,15,22,False,False,False,0.024761661887168884,other,13
3640,910,0,5,47,5,0,7,7,False,False,False,0.03284461423754692,other,42
3641,910,0,20,45,20,7,0,6,False,False,False,0.07450997084379196,other,25
3642,910,1,20,35,20,0,7,17,False,False,False,0.07498496025800705,other,15
3643,910,1,5,7,5,7,0,15,False,False,False,0.03249882161617279,other,2
3644,911,0,7,7,7,18,14,6,True,True,False,0.031486544758081436,correct,0
3645,911,0,3,45,3,14,18,22,False,False,False,0.0406506285071373,other,42
3646,911,1,3,6,3,18,14,6,False,False,False,0.038387637585401535,other,3
3647,911,1,7,7,7,14,18,6,True,True,False,0.028428036719560623,correct,0
3648,912,0,14,35,14,15,24,15,False,False,False,0.016176989302039146,other,21
3649,912,0,45,35,45,24,15,6,False,False,False,0.008040931075811386,other,10
3650,912,1,45,35,45,15,24,18,False,False,False,0.01418896485120058,other,10
3651,912,1,14,45,14,24,15,4,False,False,False,0.012832215055823326,other,31
3652,913,0,29,8,29,36,6,22,False,False,False,0.07961349189281464,other,21
3653,913,0,4,13,4,6,36,6,False,False,False,0.03811749443411827,other,9
3654,913,1,4,35,4,36,6,17,False,False,False,0.03364128619432449,other,31
3655,913,1,29,35,29,6,36,6,False,False,False,0.05145598202943802,other,6
3656,914,0,29,10,29,7,13,7,False,False,False,0.030048033222556114,other,19
3657,914,0,7,7,7,13,7,17,True,True,False,0.022389622405171394,correct,0
3658,914,1,7,7,7,7,13,6,True,True,False,0.034344807267189026,correct,0
3659,914,1,29,15,29,13,7,6,False,False,False,0.04608337953686714,other,14
3660,915,0,36,12,36,0,18,36,False,False,False,0.03374938666820526,other,24
3661,915,0,31,13,31,18,0,4,False,False,False,0.05275147408246994,other,18
3662,915,1,31,3,31,0,18,22,False,False,False,0.060471877455711365,other,28
3663,915,1,36,13,36,18,0,6,False,False,False,0.03668096289038658,other,23
3664,916,0,22,21,22,27,0,17,False,False,True,0.04347172752022743,off_by_one,1
3665,916,0,7,7,7,0,27,15,True,True,False,0.011143572628498077,correct,0
3666,916,1,7,7,7,27,0,7,True,True,False,0.016783906146883965,correct,0
3667,916,1,22,10,22,0,27,7,False,False,False,0.0468389056622982,other,12
3668,917,0,17,13,17,2,15,6,False,False,False,0.05725213885307312,other,4
3669,917,0,19,10,19,15,2,7,False,False,False,0.06145807355642319,other,9
3670,917,1,19,13,19,2,15,6,False,False,False,0.05059546232223511,other,6
3671,917,1,17,15,17,15,2,22,False,False,False,0.06116801127791405,other,2
3672,918,0,41,13,41,39,20,6,False,False,False,0.028344077989459038,other,28
3673,918,0,17,10,17,20,39,6,False,False,False,0.06290964782238007,other,7
3674,918,1,17,3,17,39,20,6,False,False,False,0.03228328004479408,other,14
3675,918,1,41,15,41,20,39,6,False,False,False,0.024050787091255188,other,26
3676,919,0,44,13,44,27,14,0,False,False,False,0.017000114545226097,other,31
3677,919,0,13,11,13,14,27,38,False,False,False,0.03184294328093529,other,2
3678,919,1,13,12,13,27,14,27,False,False,True,0.029269425198435783,off_by_one,1
3679,919,1,44,45,44,14,27,0,False,False,True,0.009667636826634407,off_by_one,1
3680,920,0,37,13,37,36,7,17,False,False,False,0.03295121341943741,other,24
3681,920,0,28,8,28,7,36,6,False,False,False,0.07440154254436493,other,20
3682,920,1,28,29,28,36,7,4,False,False,True,0.059324491769075394,off_by_one,1
3683,920,1,37,31,37,7,36,17,False,False,False,0.007037139032036066,other,6
3684,921,0,36,13,36,37,7,17,False,False,False,0.0473780632019043,other,23
3685,921,0,16,15,16,7,37,6,False,False,True,0.06848189234733582,off_by_one,1
3686,921,1,16,29,16,37,7,7,False,False,False,0.026470256969332695,other,13
3687,921,1,36,36,36,7,37,7,True,True,False,0.05303027853369713,correct,0
3688,922,0,45,35,45,16,14,17,False,False,False,0.010669317096471786,other,10
3689,922,0,36,3,36,14,16,0,False,False,False,0.0071511720307171345,other,33
3690,922,1,36,13,36,16,14,0,False,False,False,0.007831759750843048,other,23
3691,922,1,45,35,45,14,16,7,False,False,False,0.012903316877782345,other,10
3692,923,0,0,3,0,18,17,6,False,False,False,0.019566351547837257,other,3
3693,923,0,20,3,20,17,18,17,False,False,False,0.022569410502910614,other,17
3694,923,1,20,13,20,18,17,6,False,False,False,0.024522779509425163,other,7
3695,923,1,0,11,0,17,18,15,False,False,False,0.019455930218100548,other,11
3696,924,0,28,35,28,1,14,17,False,False,False,0.021256858482956886,other,7
3697,924,0,5,16,5,14,1,25,False,False,False,0.020916836336255074,other,11
3698,924,1,5,7,5,1,14,25,False,False,False,0.02026239037513733,other,2
3699,924,1,28,28,28,14,1,38,True,True,False,0.016527550294995308,correct,0
3700,925,0,21,21,21,8,16,7,True,True,False,0.02118840254843235,correct,0
3701,925,0,44,10,44,16,8,38,False,False,False,0.024192892014980316,other,34
3702,925,1,44,13,44,8,16,6,False,False,False,0.03822482377290726,other,31
3703,925,1,21,22,21,16,8,8,False,False,True,0.03719170019030571,off_by_one,1
3704,926,0,37,45,37,15,21,6,False,False,False,0.01764104887843132,other,8
3705,926,0,2,48,2,21,15,17,False,False,False,0.020720651373267174,other,46
3706,926,1,2,45,2,15,21,6,False,False,False,0.014251279644668102,other,43
3707,926,1,37,35,37,21,15,17,False,False,False,0.01904403604567051,other,2
3708,927,0,19,45,19,7,6,6,False,False,False,0.03907563164830208,other,26
3709,927,0,13,13,13,6,7,6,True,True,False,0.046861182898283005,correct,0
3710,927,1,13,3,13,7,6,7,False,False,False,0.05567887797951698,other,10
3711,927,1,19,10,19,6,7,6,False,False,False,0.030022665858268738,other,9
3712,928,0,40,13,40,0,6,17,False,False,False,0.025019975379109383,other,27
3713,928,0,12,45,12,6,0,6,False,False,False,0.030380090698599815,other,33
3714,928,1,12,8,12,0,6,6,False,False,False,0.01935112662613392,other,4
3715,928,1,40,13,40,6,0,6,False,False,False,0.036610838025808334,other,27
3716,929,0,23,10,23,31,33,22,False,False,False,0.03456154838204384,other,13
3717,929,0,48,13,48,33,31,17,False,False,False,0.039879605174064636,other,35
3718,929,1,48,13,48,31,33,17,False,False,False,0.041256628930568695,other,35
3719,929,1,23,32,23,33,31,6,False,False,False,0.036778610199689865,other,9
3720,930,0,23,35,23,12,17,6,False,False,False,0.019773222506046295,other,12
3721,930,0,27,35,27,17,12,17,False,False,False,0.01596987061202526,other,8
3722,930,1,27,45,27,12,17,30,False,False,False,0.018910814076662064,other,18
3723,930,1,23,35,23,17,12,6,False,False,False,0.028783582150936127,other,12
3724,931,0,31,31,31,7,24,32,True,True,False,0.01562504470348358,correct,0
3725,931,0,32,35,32,24,7,6,False,False,False,0.017879167571663857,other,3
3726,931,1,32,29,32,7,24,6,False,False,False,0.022343527525663376,other,3
3727,931,1,31,6,31,24,7,6,False,False,False,0.021328715607523918,other,25
3728,932,0,44,10,44,24,18,6,False,False,False,0.07081854343414307,other,34
3729,932,0,8,8,8,18,24,6,True,True,False,0.023395216092467308,correct,0
3730,932,1,8,15,8,24,18,6,False,False,False,0.04062221199274063,other,7
3731,932,1,44,13,44,18,24,6,False,False,False,0.06385712325572968,other,31
3732,933,0,18,8,18,7,13,22,False,False,False,0.06616152077913284,other,10
3733,933,0,0,13,0,13,7,6,False,False,False,0.026146503165364265,other,13
3734,933,1,0,6,0,7,13,7,False,False,False,0.019912395626306534,other,6
3735,933,1,18,32,18,13,7,6,False,False,False,0.04183993116021156,other,14
3736,934,0,7,7,7,22,18,6,True,True,False,0.01876891404390335,correct,0
3737,934,0,36,35,36,18,22,6,False,False,True,0.03715012967586517,off_by_one,1
3738,934,1,36,13,36,22,18,6,False,False,False,0.0271886195987463,other,23
3739,934,1,7,7,7,18,22,7,True,True,False,0.011052936315536499,correct,0
3740,935,0,28,3,28,3,6,6,False,False,False,0.022213786840438843,other,25
3741,935,0,47,10,47,6,3,6,False,False,False,0.012613923288881779,other,37
3742,935,1,47,15,47,3,6,24,False,False,False,0.013500652275979519,other,32
3743,935,1,28,10,28,6,3,4,False,False,False,0.026785584166646004,other,18
3744,936,0,13,12,13,28,30,34,False,False,True,0.022307218983769417,off_by_one,1
3745,936,0,7,7,7,30,28,15,True,True,False,0.03855693340301514,correct,0
3746,936,1,7,7,7,28,30,0,True,True,False,0.03862527385354042,correct,0
3747,936,1,13,13,13,30,28,17,True,True,False,0.020575908944010735,correct,0
3748,937,0,13,10,13,6,2,6,False,False,False,0.045087456703186035,other,3
3749,937,0,23,41,23,2,6,7,False,False,False,0.04349543899297714,other,18
3750,937,1,23,6,23,6,2,24,False,False,False,0.0661349892616272,other,17
3751,937,1,13,12,13,2,6,6,False,False,True,0.052824974060058594,off_by_one,1
3752,938,0,36,12,36,6,33,6,False,False,False,0.04090447723865509,other,24
3753,938,0,46,13,46,33,6,17,False,False,False,0.03851983696222305,other,33
3754,938,1,46,24,46,6,33,6,False,False,False,0.03360637277364731,other,22
3755,938,1,36,13,36,33,6,14,False,False,False,0.03131977468729019,other,23
3756,939,0,36,48,36,24,18,18,False,False,False,0.01427748054265976,other,12
3757,939,0,30,22,30,18,24,6,False,False,False,0.03186209499835968,other,8
3758,939,1,30,48,30,24,18,6,False,False,False,0.03590184822678566,other,18
3759,939,1,36,13,36,18,24,18,False,False,False,0.016965357586741447,other,23
3760,940,0,21,21,21,24,18,6,True,True,False,0.0674123540520668,correct,0
3761,940,0,2,22,2,18,24,6,False,False,False,0.01672246679663658,other,20
3762,940,1,2,6,2,24,18,6,False,False,False,0.015046059153974056,other,4
3763,940,1,21,13,21,18,24,22,False,False,False,0.08048173040151596,other,8
3764,941,0,35,13,35,24,26,6,False,False,False,0.03929445520043373,other,22
3765,941,0,19,13,19,26,24,6,False,False,False,0.04110345616936684,other,6
3766,941,1,19,8,19,24,26,22,False,False,False,0.05865863710641861,other,11
3767,941,1,35,13,35,26,24,6,False,False,False,0.03729132190346718,other,22
3768,942,0,43,3,43,38,24,7,False,False,False,0.03369652107357979,other,40
3769,942,0,40,47,40,24,38,6,False,False,False,0.01593422330915928,other,7
3770,942,1,40,13,40,38,24,24,False,False,False,0.02023547701537609,other,27
3771,942,1,43,12,43,24,38,8,False,False,False,0.047238145023584366,other,31
3772,943,0,9,29,9,14,0,14,False,False,False,0.022010762244462967,other,20
3773,943,0,39,9,39,0,14,17,False,False,False,0.006669983267784119,other,30
3774,943,1,39,13,39,14,0,6,False,False,False,0.017794448882341385,other,26
3775,943,1,9,45,9,0,14,7,False,False,False,0.037202246487140656,other,36
3776,944,0,28,3,28,24,30,4,False,False,False,0.004065251909196377,other,25
3777,944,0,44,35,44,30,24,6,False,False,False,0.016999129205942154,other,9
3778,944,1,44,15,44,24,30,6,False,False,False,0.013020966202020645,other,29
3779,944,1,28,13,28,30,24,17,False,False,False,0.010110858827829361,other,15
3780,945,0,0,0,0,1,7,6,True,True,False,0.04923184588551521,correct,0
3781,945,0,13,13,13,7,1,6,True,True,False,0.057551201432943344,correct,0
3782,945,1,13,12,13,1,7,34,False,False,True,0.06898012012243271,off_by_one,1
3783,945,1,0,6,0,7,1,6,False,False,False,0.04413655027747154,other,6
3784,946,0,20,13,20,17,20,7,False,False,False,0.02104952558875084,other,7
3785,946,0,3,45,3,20,17,6,False,False,False,0.03480535000562668,other,42
3786,946,1,3,2,3,17,20,6,False,False,True,0.022784143686294556,off_by_one,1
3787,946,1,20,48,20,20,17,17,False,False,False,0.01494180504232645,other,28
3788,947,0,20,35,20,2,6,6,False,False,False,0.1035400852560997,other,15
3789,947,0,38,48,38,6,2,4,False,False,False,0.008195911534130573,other,10
3790,947,1,38,13,38,2,6,6,False,False,False,0.020880581811070442,other,25
3791,947,1,20,8,20,6,2,6,False,False,False,0.12370021641254425,other,12
3792,948,0,33,13,33,0,16,17,False,False,False,0.021798547357320786,other,20
3793,948,0,1,10,1,16,0,24,False,False,False,0.0800766721367836,other,9
3794,948,1,1,27,1,0,16,0,False,False,False,0.0579228475689888,other,26
3795,948,1,33,1,33,16,0,23,False,False,False,0.019674653187394142,other,32
3796,949,0,24,35,24,6,19,6,False,False,False,0.007603773847222328,other,11
3797,949,0,6,0,6,19,6,6,False,False,False,0.06940951943397522,other,6
3798,949,1,6,21,6,6,19,6,False,False,False,0.055132605135440826,other,15
3799,949,1,24,35,24,19,6,17,False,False,False,0.006084810011088848,other,11
3800,950,0,5,15,5,17,27,15,False,False,False,0.026632152497768402,other,10
3801,950,0,20,35,20,27,17,17,False,False,False,0.034848809242248535,other,15
3802,950,1,20,35,20,17,27,17,False,False,False,0.03733609616756439,other,15
3803,950,1,5,16,5,27,17,25,False,False,False,0.01642753556370735,other,11
3804,951,0,3,12,3,2,4,6,False,False,False,0.0813727006316185,other,9
3805,951,0,33,13,33,4,2,6,False,False,False,0.06316854804754257,other,20
3806,951,1,33,9,33,2,4,6,False,False,False,0.06561850011348724,other,24
3807,951,1,3,13,3,4,2,6,False,False,False,0.0970538929104805,other,10
3808,952,0,17,13,17,7,16,16,False,False,False,0.023467570543289185,other,4
3809,952,0,34,15,34,16,7,27,False,False,False,0.044100578874349594,other,19
3810,952,1,34,13,34,7,16,6,False,False,False,0.04974136874079704,other,21
3811,952,1,17,8,17,16,7,22,False,False,False,0.04752921313047409,other,9
3812,953,0,28,35,28,12,14,6,False,False,False,0.037326980382204056,other,7
3813,953,0,2,45,2,14,12,15,False,False,False,0.019805213436484337,other,43
3814,953,1,2,6,2,12,14,30,False,False,False,0.01948142610490322,other,4
3815,953,1,28,10,28,14,12,8,False,False,False,0.03390825167298317,other,18
3816,954,0,26,35,26,26,15,4,False,False,False,0.013336100615561008,other,9
3817,954,0,42,42,42,15,26,6,True,True,False,0.09065193682909012,correct,0
3818,954,1,42,42,42,26,15,26,True,True,False,0.10574904084205627,correct,0
3819,954,1,26,35,26,15,26,34,False,False,False,0.023180102929472923,other,9
3820,955,0,25,35,25,2,7,26,False,False,False,0.012488322332501411,other,10
3821,955,0,5,15,5,7,2,17,False,False,False,0.03906307369470596,other,10
3822,955,1,5,5,5,2,7,7,True,True,False,0.02838977798819542,correct,0
3823,955,1,25,35,25,7,2,6,False,False,False,0.01312958262860775,other,10
3824,956,0,25,15,25,16,14,6,False,False,False,0.030736131593585014,other,10
3825,956,0,13,13,13,14,16,17,True,True,False,0.028259282931685448,correct,0
3826,956,1,13,15,13,16,14,6,False,False,False,0.04850219190120697,other,2
3827,956,1,25,13,25,14,16,17,False,False,False,0.026778869330883026,other,12
3828,957,0,13,9,13,7,15,15,False,False,False,0.03260291367769241,other,4
3829,957,0,28,28,28,15,7,7,True,True,False,0.060628682374954224,correct,0
3830,957,1,28,15,28,7,15,6,False,False,False,0.05174446105957031,other,13
3831,957,1,13,13,13,15,7,6,True,True,False,0.03666529804468155,correct,0
3832,958,0,9,29,9,18,36,18,False,False,False,0.00862906314432621,other,20
3833,958,0,18,13,18,36,18,15,False,False,False,0.04007691144943237,other,5
3834,958,1,18,12,18,18,36,6,False,False,False,0.06573060154914856,other,6
3835,958,1,9,13,9,36,18,6,False,False,False,0.015172951854765415,other,4
3836,959,0,8,15,8,10,12,6,False,False,False,0.05593087524175644,other,7
3837,959,0,33,13,33,12,10,6,False,False,False,0.07159589976072311,other,20
3838,959,1,33,29,33,10,12,15,False,False,False,0.06021816283464432,other,4
3839,959,1,8,8,8,12,10,6,True,True,False,0.05548622086644173,correct,0
3840,960,0,12,13,12,22,23,6,False,False,True,0.052311159670352936,off_by_one,1
3841,960,0,2,45,2,23,22,22,False,False,False,0.05025441572070122,other,43
3842,960,1,2,13,2,22,23,6,False,False,False,0.04932844638824463,other,11
3843,960,1,12,11,12,23,22,22,False,False,True,0.056714653968811035,off_by_one,1
3844,961,0,31,13,31,0,16,15,False,False,False,0.05911028012633324,other,18
3845,961,0,24,35,24,16,0,17,False,False,False,0.011814315803349018,other,11
3846,961,1,24,24,24,0,16,17,True,True,False,0.011117087677121162,correct,0
3847,961,1,31,48,31,16,0,6,False,False,False,0.06409680098295212,other,17
3848,962,0,18,13,18,17,24,17,False,False,False,0.044595953077077866,other,5
3849,962,0,24,15,24,24,17,6,False,False,False,0.03617897629737854,other,9
3850,962,1,24,13,24,17,24,17,False,False,False,0.0374707393348217,other,11
3851,962,1,18,15,18,24,17,12,False,False,False,0.04762976989150047,other,3
3852,963,0,30,13,30,8,7,6,False,False,False,0.03478815779089928,other,17
3853,963,0,12,8,12,7,8,6,False,False,False,0.07160569727420807,other,4
3854,963,1,12,13,12,8,7,4,False,False,True,0.0556408055126667,off_by_one,1
3855,963,1,30,12,30,7,8,36,False,False,False,0.033167120069265366,other,18
3856,964,0,38,13,38,16,24,17,False,False,False,0.017237413674592972,other,25
3857,964,0,10,29,10,24,16,6,False,False,False,0.0734311044216156,other,19
3858,964,1,10,8,10,16,24,18,False,False,False,0.10539202392101288,other,2
3859,964,1,38,13,38,24,16,6,False,False,False,0.026860322803258896,other,25
3860,965,0,38,13,38,7,6,17,False,False,False,0.010853641666471958,other,25
3861,965,0,8,8,8,6,7,16,True,True,False,0.1307915300130844,correct,0
3862,965,1,8,8,8,7,6,6,True,True,False,0.16535302996635437,correct,0
3863,965,1,38,13,38,6,7,6,False,False,False,0.015809224918484688,other,25
3864,966,0,38,3,38,18,12,6,False,False,False,0.02464720420539379,other,35
3865,966,0,48,45,48,12,18,6,False,False,False,0.05809341371059418,other,3
3866,966,1,48,3,48,18,12,6,False,False,False,0.04922625049948692,other,45
3867,966,1,38,28,38,12,18,8,False,False,False,0.024235021322965622,other,10
3868,967,0,33,45,33,16,7,16,False,False,False,0.025945588946342468,other,12
3869,967,0,1,10,1,7,16,7,False,False,False,0.030096715316176414,other,9
3870,967,1,1,3,1,16,7,16,False,False,False,0.02420368604362011,other,2
3871,967,1,33,1,33,7,16,7,False,False,False,0.02534426748752594,other,32
3872,968,0,4,13,4,26,0,6,False,False,False,0.04532194510102272,other,9
3873,968,0,11,15,11,0,26,6,False,False,False,0.06258238852024078,other,4
3874,968,1,11,48,11,26,0,6,False,False,False,0.06080451235175133,other,37
3875,968,1,4,24,4,0,26,15,False,False,False,0.04290444031357765,other,20
3876,969,0,40,35,40,16,1,33,False,False,False,0.019684910774230957,other,5
3877,969,0,27,6,27,1,16,17,False,False,False,0.027205538004636765,other,21
3878,969,1,27,10,27,16,1,27,False,False,False,0.02752719819545746,other,17
3879,969,1,40,45,40,1,16,17,False,False,False,0.013691168278455734,other,5
3880,970,0,7,7,7,6,24,6,True,True,False,0.16865134239196777,correct,0
3881,970,0,46,11,46,24,6,6,False,False,False,0.06464752554893494,other,35
3882,970,1,46,15,46,6,24,6,False,False,False,0.07788809388875961,other,31
3883,970,1,7,13,7,24,6,7,False,False,False,0.12733888626098633,other,6
3884,971,0,37,13,37,14,6,17,False,False,False,0.03439657390117645,other,24
3885,971,0,19,45,19,6,14,6,False,False,False,0.06712120026350021,other,26
3886,971,1,19,25,19,14,6,6,False,False,False,0.0660063847899437,other,6
3887,971,1,37,13,37,6,14,6,False,False,False,0.04016216844320297,other,24
3888,972,0,7,7,7,18,7,6,True,True,False,0.013029144145548344,correct,0
3889,972,0,27,35,27,7,18,17,False,False,False,0.01599114201962948,other,8
3890,972,1,27,35,27,18,7,17,False,False,False,0.018281053751707077,other,8
3891,972,1,7,7,7,7,18,17,True,True,False,0.01140205841511488,correct,0
3892,973,0,17,13,17,24,14,17,False,False,False,0.0842781588435173,other,4
3893,973,0,29,16,29,14,24,18,False,False,False,0.053737714886665344,other,13
3894,973,1,29,29,29,24,14,6,True,True,False,0.03495165333151817,correct,0
3895,973,1,17,13,17,14,24,16,False,False,False,0.06171996891498566,other,4
3896,974,0,10,12,10,6,16,6,False,False,False,0.02048254758119583,other,2
3897,974,0,4,35,4,16,6,17,False,False,False,0.0076172733679413795,other,31
3898,974,1,4,13,4,6,16,6,False,False,False,0.015518348664045334,other,9
3899,974,1,10,32,10,16,6,6,False,False,False,0.03310732543468475,other,22
3900,975,0,7,42,7,6,2,6,False,False,False,0.030522797256708145,other,35
3901,975,0,5,5,5,2,6,6,True,True,False,0.05755113437771797,correct,0
3902,975,1,5,7,5,6,2,6,False,False,False,0.06829190999269485,other,2
3903,975,1,7,7,7,2,6,6,True,True,False,0.027208680287003517,correct,0
3904,976,0,9,12,9,7,12,34,False,False,False,0.021579692140221596,other,3
3905,976,0,28,13,28,12,7,4,False,False,False,0.015042003244161606,other,15
3906,976,1,28,10,28,7,12,34,False,False,False,0.016636541113257408,other,18
3907,976,1,9,13,9,12,7,6,False,False,False,0.028604580089449883,other,4
3908,977,0,8,8,8,18,7,18,True,True,False,0.07229575514793396,correct,0
3909,977,0,34,13,34,7,18,6,False,False,False,0.022917333990335464,other,21
3910,977,1,34,13,34,18,7,6,False,False,False,0.028432540595531464,other,21
3911,977,1,8,8,8,7,18,6,True,True,False,0.10469460487365723,correct,0
3912,978,0,10,11,10,16,15,38,False,False,True,0.011646517552435398,off_by_one,1
3913,978,0,45,35,45,15,16,17,False,False,False,0.005134474951773882,other,10
3914,978,1,45,35,45,16,15,15,False,False,False,0.012701349332928658,other,10
3915,978,1,10,3,10,15,16,17,False,False,False,0.014438478276133537,other,7
3916,979,0,15,8,15,6,2,6,False,False,False,0.025082353502511978,other,7
3917,979,0,7,7,7,2,6,6,True,True,False,0.05710229277610779,correct,0
3918,979,1,7,7,7,6,2,6,True,True,False,0.04558099806308746,correct,0
3919,979,1,15,8,15,2,6,6,False,False,False,0.030475031584501266,other,7
3920,980,0,31,31,31,15,18,7,True,True,False,0.04290148243308067,correct,0
3921,980,0,13,10,13,18,15,17,False,False,False,0.03369250148534775,other,3
3922,980,1,13,13,13,15,18,17,True,True,False,0.04305652156472206,correct,0
3923,980,1,31,2,31,18,15,6,False,False,False,0.04365241155028343,other,29
3924,981,0,32,35,32,14,3,15,False,False,False,0.030031802132725716,other,3
3925,981,0,5,5,5,3,14,15,True,True,False,0.03223689645528793,correct,0
3926,981,1,5,7,5,14,3,6,False,False,False,0.03902013227343559,other,2
3927,981,1,32,11,32,3,14,6,False,False,False,0.03532612323760986,other,21
3928,982,0,19,45,19,14,17,15,False,False,False,0.033888064324855804,other,26
3929,982,0,2,6,2,17,14,17,False,False,False,0.0151187339797616,other,4
3930,982,1,2,45,2,14,17,27,False,False,False,0.018463579937815666,other,43
3931,982,1,19,13,19,17,14,17,False,False,False,0.02876833826303482,other,6
3932,983,0,4,15,4,6,5,6,False,False,False,0.005777825601398945,other,11
3933,983,0,33,3,33,5,6,6,False,False,False,0.03788783401250839,other,30
3934,983,1,33,8,33,6,5,6,False,False,False,0.07705303281545639,other,25
3935,983,1,4,13,4,5,6,6,False,False,False,0.02280058152973652,other,9
3936,984,0,27,45,27,27,7,28,False,False,False,0.060454998165369034,other,18
3937,984,0,35,35,35,7,27,6,True,True,False,0.010550114326179028,correct,0
3938,984,1,35,13,35,27,7,17,False,False,False,0.021693890914320946,other,22
3939,984,1,27,8,27,7,27,24,False,False,False,0.08983325213193893,other,19
3940,985,0,0,2,0,17,25,16,False,False,False,0.005726154427975416,other,2
3941,985,0,22,48,22,25,17,17,False,False,False,0.007445523049682379,other,26
3942,985,1,22,3,22,17,25,17,False,False,False,0.004316461272537708,other,19
3943,985,1,0,22,0,25,17,16,False,False,False,0.0035411922726780176,other,22
3944,986,0,43,0,43,0,21,16,False,False,False,0.014577258378267288,other,43
3945,986,0,12,13,12,21,0,15,False,False,True,0.012121183797717094,off_by_one,1
3946,986,1,12,12,12,0,21,34,True,True,False,0.015010759234428406,correct,0
3947,986,1,43,3,43,21,0,17,False,False,False,0.016531530767679214,other,40
3948,987,0,46,13,46,18,15,6,False,False,False,0.06703246384859085,other,33
3949,987,0,13,1,13,15,18,6,False,False,False,0.030242525041103363,other,12
3950,987,1,13,10,13,18,15,6,False,False,False,0.03194538503885269,other,3
3951,987,1,46,3,46,15,18,17,False,False,False,0.0635673776268959,other,43
3952,988,0,40,13,40,2,19,4,False,False,False,0.028804505243897438,other,27
3953,988,0,47,24,47,19,2,21,False,False,False,0.038262467831373215,other,23
3954,988,1,47,41,47,2,19,20,False,False,False,0.03440311923623085,other,6
3955,988,1,40,35,40,19,2,17,False,False,False,0.029419155791401863,other,5
3956,989,0,15,7,15,19,2,17,False,False,False,0.03649129718542099,other,8
3957,989,0,5,41,5,2,19,6,False,False,False,0.027332331985235214,other,36
3958,989,1,5,7,5,19,2,7,False,False,False,0.030911581590771675,other,2
3959,989,1,15,45,15,2,19,6,False,False,False,0.04239696264266968,other,30
3960,990,0,8,8,8,0,27,6,True,True,False,0.07759752124547958,correct,0
3961,990,0,45,35,45,27,0,17,False,False,False,0.008160815574228764,other,10
3962,990,1,45,35,45,0,27,17,False,False,False,0.00729970121756196,other,10
3963,990,1,8,8,8,27,0,16,True,True,False,0.04684501513838768,correct,0
3964,991,0,7,7,7,30,28,15,True,True,False,0.02750352770090103,correct,0
3965,991,0,23,45,23,28,30,15,False,False,False,0.031563401222229004,other,22
3966,991,1,23,13,23,30,28,30,False,False,False,0.04442515969276428,other,10
3967,991,1,7,7,7,28,30,27,True,True,False,0.020852448418736458,correct,0
3968,992,0,17,13,17,16,27,15,False,False,False,0.015623443759977818,other,4
3969,992,0,18,29,18,27,16,6,False,False,False,0.02907271310687065,other,11
3970,992,1,18,15,18,16,27,6,False,False,False,0.055211424827575684,other,3
3971,992,1,17,13,17,27,16,6,False,False,False,0.033510662615299225,other,4
3972,993,0,26,13,26,7,18,18,False,False,False,0.014984985813498497,other,13
3973,993,0,34,23,34,18,7,6,False,False,False,0.016961002722382545,other,11
3974,993,1,34,41,34,7,18,17,False,False,False,0.00792230386286974,other,7
3975,993,1,26,35,26,18,7,8,False,False,False,0.008146006613969803,other,9
3976,994,0,46,0,46,14,26,15,False,False,False,0.016536632552742958,other,46
3977,994,0,38,13,38,26,14,4,False,False,False,0.028362875804305077,other,25
3978,994,1,38,10,38,14,26,15,False,False,False,0.024127226322889328,other,28
3979,994,1,46,13,46,26,14,6,False,False,False,0.023725921288132668,other,33
3980,995,0,16,5,16,23,21,7,False,False,False,0.06573731452226639,other,11
3981,995,0,17,15,17,21,23,6,False,False,False,0.05133001506328583,other,2
3982,995,1,17,17,17,23,21,23,True,True,False,0.03785848990082741,correct,0
3983,995,1,16,15,16,21,23,16,False,False,True,0.05992491915822029,off_by_one,1
3984,996,0,19,13,19,36,16,6,False,False,False,0.06809668242931366,other,6
3985,996,0,18,45,18,16,36,6,False,False,False,0.0537470318377018,other,27
3986,996,1,18,13,18,36,16,6,False,False,False,0.049463458359241486,other,5
3987,996,1,19,11,19,16,36,22,False,False,False,0.08908968418836594,other,8
3988,997,0,18,0,18,24,18,6,False,False,False,0.04679080843925476,other,18
3989,997,0,16,7,16,18,24,6,False,False,False,0.036565713584423065,other,9
3990,997,1,16,15,16,24,18,6,False,False,True,0.017799152061343193,off_by_one,1
3991,997,1,18,13,18,18,24,6,False,False,False,0.039155684411525726,other,5
3992,998,0,34,24,34,7,6,21,False,False,False,0.011763103306293488,other,10
3993,998,0,26,35,26,6,7,6,False,False,False,0.025077538564801216,other,9
3994,998,1,26,45,26,7,6,34,False,False,False,0.047492414712905884,other,19
3995,998,1,34,35,34,6,7,6,False,False,True,0.02853928878903389,off_by_one,1
3996,999,0,4,13,4,15,14,7,False,False,False,0.023960450664162636,other,9
3997,999,0,37,10,37,14,15,18,False,False,False,0.10643020272254944,other,27
3998,999,1,37,10,37,15,14,7,False,False,False,0.09359946846961975,other,27
3999,999,1,4,35,4,14,15,38,False,False,False,0.013911708258092403,other,31
4000,1000,0,0,2,0,6,15,6,False,False,False,0.036095041781663895,other,2
4001,1000,0,38,36,38,15,6,17,False,False,False,0.019158978015184402,other,2
4002,1000,1,38,13,38,6,15,6,False,False,False,0.024898501113057137,other,25
4003,1000,1,0,45,0,15,6,22,False,False,False,0.05136094614863396,other,45
4004,1001,0,37,35,37,1,6,18,False,False,False,0.01759101264178753,other,2
4005,1001,0,40,13,40,6,1,6,False,False,False,0.011382869444787502,other,27
4006,1001,1,40,45,40,1,6,34,False,False,False,0.01480045448988676,other,5
4007,1001,1,37,6,37,6,1,6,False,False,False,0.02566479705274105,other,31
4008,1002,0,10,13,10,0,35,6,False,False,False,0.012677270919084549,other,3
4009,1002,0,29,11,29,35,0,6,False,False,False,0.043552886694669724,other,18
4010,1002,1,29,29,29,0,35,17,True,True,False,0.032501470297575,correct,0
4011,1002,1,10,11,10,35,0,0,False,False,True,0.006233152002096176,off_by_one,1
4012,1003,0,22,13,22,24,36,6,False,False,False,0.06611347943544388,other,9
4013,1003,0,29,16,29,36,24,18,False,False,False,0.08497978746891022,other,13
4014,1003,1,29,11,29,24,36,6,False,False,False,0.08438069373369217,other,18
4015,1003,1,22,6,22,36,24,17,False,False,False,0.06268031150102615,other,16
4016,1004,0,5,15,5,6,26,6,False,False,False,0.03389468044042587,other,10
4017,1004,0,21,21,21,26,6,6,True,True,False,0.02520287223160267,correct,0
4018,1004,1,21,12,21,6,26,6,False,False,False,0.057077713310718536,other,9
4019,1004,1,5,7,5,26,6,6,False,False,False,0.04153468832373619,other,2
4020,1005,0,12,29,12,12,10,6,False,False,False,0.03722332790493965,other,17
4021,1005,0,8,8,8,10,12,15,True,True,False,0.020653169602155685,correct,0
4022,1005,1,8,8,8,12,10,6,True,True,False,0.06502653658390045,correct,0
4023,1005,1,12,13,12,10,12,17,False,False,True,0.04137242212891579,off_by_one,1
4024,1006,0,34,35,34,7,15,16,False,False,True,0.02408626861870289,off_by_one,1
4025,1006,0,39,3,39,15,7,27,False,False,False,0.020377838984131813,other,36
4026,1006,1,39,3,39,7,15,15,False,False,False,0.017836937680840492,other,36
4027,1006,1,34,24,34,15,7,37,False,False,False,0.01968659646809101,other,10
4028,1007,0,31,6,31,18,16,6,False,False,False,0.03153026103973389,other,25
4029,1007,0,47,35,47,16,18,27,False,False,False,0.031789377331733704,other,12
4030,1007,1,47,13,47,18,16,17,False,False,False,0.026835139840841293,other,34
4031,1007,1,31,48,31,16,18,6,False,False,False,0.02443504147231579,other,17
4032,1008,0,44,35,44,15,36,16,False,False,False,0.022937649860978127,other,9
4033,1008,0,16,35,16,36,15,15,False,False,False,0.03724440932273865,other,19
4034,1008,1,16,15,16,15,36,27,False,False,True,0.02857387252151966,off_by_one,1
4035,1008,1,44,45,44,36,15,21,False,False,True,0.016924364492297173,off_by_one,1
4036,1009,0,29,0,29,24,39,6,False,False,False,0.016113383695483208,other,29
4037,1009,0,26,13,26,39,24,6,False,False,False,0.030072469264268875,other,13
4038,1009,1,26,13,26,24,39,6,False,False,False,0.030550898984074593,other,13
4039,1009,1,29,0,29,39,24,6,False,False,False,0.04379747062921524,other,29
4040,1010,0,42,15,42,15,6,6,False,False,False,0.05205412209033966,other,27
4041,1010,0,48,6,48,6,15,6,False,False,False,0.029698124155402184,other,42
4042,1010,1,48,13,48,15,6,17,False,False,False,0.02764027565717697,other,35
4043,1010,1,42,42,42,6,15,6,True,True,False,0.026259535923600197,correct,0
4044,1011,0,1,13,1,20,38,17,False,False,False,0.007216275669634342,other,12
4045,1011,0,23,35,23,38,20,15,False,False,False,0.011600294150412083,other,12
4046,1011,1,23,35,23,20,38,17,False,False,False,0.017435388639569283,other,12
4047,1011,1,1,28,1,38,20,38,False,False,False,0.004888379946351051,other,27
4048,1012,0,27,35,27,14,38,14,False,False,False,0.0073326872661709785,other,8
4049,1012,0,44,35,44,38,14,0,False,False,False,0.013422462157905102,other,9
4050,1012,1,44,24,44,14,38,7,False,False,False,0.014600587077438831,other,20
4051,1012,1,27,24,27,38,14,17,False,False,False,0.006806846242398024,other,3
4052,1013,0,2,3,2,12,17,30,False,False,True,0.025806844234466553,off_by_one,1
4053,1013,0,6,35,6,17,12,6,False,False,False,0.023719176650047302,other,29
4054,1013,1,6,13,6,12,17,6,False,False,False,0.01952369138598442,other,7
4055,1013,1,2,45,2,17,12,6,False,False,False,0.030595028772950172,other,43
4056,1014,0,6,13,6,19,7,6,False,False,False,0.04589437320828438,other,7
4057,1014,0,36,8,36,7,19,6,False,False,False,0.06326356530189514,other,28
4058,1014,1,36,13,36,19,7,15,False,False,False,0.036178555339574814,other,23
4059,1014,1,6,10,6,7,19,16,False,False,False,0.02673306129872799,other,4
4060,1015,0,11,13,11,15,18,15,False,False,False,0.036284446716308594,other,2
4061,1015,0,32,35,32,18,15,6,False,False,False,0.02735828422009945,other,3
4062,1015,1,32,13,32,15,18,6,False,False,False,0.025689175352454185,other,19
4063,1015,1,11,15,11,18,15,6,False,False,False,0.04638107493519783,other,4
4064,1016,0,22,45,22,2,19,6,False,False,False,0.10234630852937698,other,23
4065,1016,0,13,13,13,19,2,6,True,True,False,0.04356430470943451,correct,0
4066,1016,1,13,13,13,2,19,18,True,True,False,0.0393994078040123,correct,0
4067,1016,1,22,13,22,19,2,6,False,False,False,0.08064696937799454,other,9
4068,1017,0,45,6,45,6,14,17,False,False,False,0.022770507261157036,other,39
4069,1017,0,29,28,29,14,6,27,False,False,True,0.025663550943136215,off_by_one,1
4070,1017,1,29,13,29,6,14,4,False,False,False,0.025351887568831444,other,16
4071,1017,1,45,35,45,14,6,7,False,False,False,0.026502329856157303,other,10
4072,1018,0,41,41,41,24,0,6,True,True,False,0.04472389072179794,correct,0
4073,1018,0,38,36,38,0,24,17,False,False,False,0.019409295171499252,other,2
4074,1018,1,38,13,38,24,0,17,False,False,False,0.01721484214067459,other,25
4075,1018,1,41,8,41,0,24,6,False,False,False,0.06672883778810501,other,33
4076,1019,0,0,13,0,16,14,17,False,False,False,0.025335177779197693,other,13
4077,1019,0,14,45,14,14,16,34,False,False,False,0.019913628697395325,other,31
4078,1019,1,14,35,14,16,14,17,False,False,False,0.016086366027593613,other,21
4079,1019,1,0,11,0,14,16,0,False,False,False,0.016502680256962776,other,11
4080,1020,0,8,8,8,14,18,18,True,True,False,0.03227633982896805,correct,0
4081,1020,0,26,13,26,18,14,6,False,False,False,0.01924910955131054,other,13
4082,1020,1,26,35,26,14,18,17,False,False,False,0.015910279005765915,other,9
4083,1020,1,8,8,8,18,14,16,True,True,False,0.024217389523983,correct,0
4084,1021,0,17,12,17,15,12,26,False,False,False,0.04419583082199097,other,5
4085,1021,0,48,13,48,12,15,6,False,False,False,0.02693178877234459,other,35
4086,1021,1,48,13,48,15,12,6,False,False,False,0.036037806421518326,other,35
4087,1021,1,17,8,17,12,15,6,False,False,False,0.06822740286588669,other,9
4088,1022,0,0,13,0,6,7,6,False,False,False,0.05433712527155876,other,13
4089,1022,0,14,11,14,7,6,6,False,False,False,0.047730520367622375,other,3
4090,1022,1,14,13,14,6,7,6,False,False,True,0.052163250744342804,off_by_one,1
4091,1022,1,0,8,0,7,6,6,False,False,False,0.06847628951072693,other,8
4092,1023,0,44,35,44,10,6,6,False,False,False,0.01235316414386034,other,9
4093,1023,0,7,7,7,6,10,15,True,True,False,0.047253139317035675,correct,0
4094,1023,1,7,7,7,10,6,0,True,True,False,0.03715230152010918,correct,0
4095,1023,1,44,13,44,6,10,30,False,False,False,0.013644822873175144,other,31
4096,1024,0,28,33,28,2,11,4,False,False,False,0.030129337683320045,other,5
4097,1024,0,23,35,23,11,2,15,False,False,False,0.03004888817667961,other,12
4098,1024,1,23,13,23,2,11,6,False,False,False,0.027386989444494247,other,10
4099,1024,1,28,10,28,11,2,7,False,False,False,0.03217141702771187,other,18
4100,1025,0,18,32,18,24,27,6,False,False,False,0.02582608535885811,other,14
4101,1025,0,6,13,6,27,24,6,False,False,False,0.029429344460368156,other,7
4102,1025,1,6,13,6,24,27,6,False,False,False,0.02256326749920845,other,7
4103,1025,1,18,9,18,27,24,6,False,False,False,0.029057929292321205,other,9
4104,1026,0,2,29,2,14,16,7,False,False,False,0.05010155588388443,other,27
4105,1026,0,38,13,38,16,14,6,False,False,False,0.01866399124264717,other,25
4106,1026,1,38,10,38,14,16,15,False,False,False,0.023938393220305443,other,28
4107,1026,1,2,6,2,16,14,17,False,False,False,0.05113721266388893,other,4
4108,1027,0,40,35,40,14,16,17,False,False,False,0.027368905022740364,other,5
4109,1027,0,12,16,12,16,14,6,False,False,False,0.04964340105652809,other,4
4110,1027,1,12,10,12,14,16,16,False,False,False,0.03268888220191002,other,2
4111,1027,1,40,28,40,16,14,16,False,False,False,0.023927422240376472,other,12
4112,1028,0,12,11,12,16,15,6,False,False,True,0.05498046800494194,off_by_one,1
4113,1028,0,2,13,2,15,16,16,False,False,False,0.02547074481844902,other,11
4114,1028,1,2,9,2,16,15,22,False,False,False,0.030005890876054764,other,7
4115,1028,1,12,13,12,15,16,17,False,False,True,0.05330783128738403,off_by_one,1
4116,1029,0,4,13,4,18,27,6,False,False,False,0.010622004047036171,other,9
4117,1029,0,29,9,29,27,18,34,False,False,False,0.01786341331899166,other,20
4118,1029,1,29,11,29,18,27,22,False,False,False,0.02350950799882412,other,18
4119,1029,1,4,35,4,27,18,17,False,False,False,0.011053061112761497,other,31
4120,1030,0,38,28,38,14,17,27,False,False,False,0.019829025492072105,other,10
4121,1030,0,35,35,35,17,14,17,True,True,False,0.05365721508860588,correct,0
4122,1030,1,35,13,35,14,17,14,False,False,False,0.031736575067043304,other,22
4123,1030,1,38,0,38,17,14,6,False,False,False,0.023697495460510254,other,38
4124,1031,0,24,35,24,15,20,17,False,False,False,0.012503341771662235,other,11
4125,1031,0,37,3,37,20,15,6,False,False,False,0.007030983921140432,other,34
4126,1031,1,37,31,37,15,20,17,False,False,False,0.006186422426253557,other,6
4127,1031,1,24,35,24,20,15,7,False,False,False,0.015207700431346893,other,11
4128,1032,0,16,15,16,0,18,32,False,False,True,0.05011235922574997,off_by_one,1
4129,1032,0,41,13,41,18,0,6,False,False,False,0.06977467983961105,other,28
4130,1032,1,41,41,41,0,18,17,True,True,False,0.06344468891620636,correct,0
4131,1032,1,16,41,16,18,0,35,False,False,False,0.042180199176073074,other,25
4132,1033,0,40,35,40,16,25,6,False,False,False,0.02024923637509346,other,5
4133,1033,0,43,13,43,25,16,17,False,False,False,0.018476329743862152,other,30
4134,1033,1,43,13,43,16,25,15,False,False,False,0.02111520618200302,other,30
4135,1033,1,40,29,40,25,16,0,False,False,False,0.01899350807070732,other,11
4136,1034,0,7,7,7,2,7,6,True,True,False,0.03501533344388008,correct,0
4137,1034,0,13,12,13,7,2,6,False,False,True,0.061632730066776276,off_by_one,1
4138,1034,1,13,12,13,2,7,6,False,False,True,0.07717271149158478,off_by_one,1
4139,1034,1,7,7,7,7,2,6,True,True,False,0.03843296691775322,correct,0
4140,1035,0,3,45,3,18,14,6,False,False,False,0.053327906876802444,other,42
4141,1035,0,27,35,27,14,18,17,False,False,False,0.022980792447924614,other,8
4142,1035,1,27,35,27,18,14,6,False,False,False,0.030111096799373627,other,8
4143,1035,1,3,36,3,14,18,14,False,False,False,0.03218138590455055,other,33
4144,1036,0,3,3,3,1,7,16,True,True,False,0.027380116283893585,correct,0
4145,1036,0,48,48,48,7,1,17,True,True,False,0.04736870899796486,correct,0
4146,1036,1,48,13,48,1,7,6,False,False,False,0.03404681384563446,other,35
4147,1036,1,3,45,3,7,1,6,False,False,False,0.05956673249602318,other,42
4148,1037,0,6,13,6,13,2,6,False,False,False,0.05491075664758682,other,7
4149,1037,0,29,32,29,2,13,6,False,False,False,0.05397539958357811,other,3
4150,1037,1,29,15,29,13,2,6,False,False,False,0.07311872392892838,other,14
4151,1037,1,6,13,6,2,13,6,False,False,False,0.06461182981729507,other,7
4152,1038,0,42,42,42,16,9,6,True,True,False,0.06255671381950378,correct,0
4153,1038,0,32,8,32,9,16,6,False,False,False,0.053613536059856415,other,24
4154,1038,1,32,13,32,16,9,15,False,False,False,0.038469936698675156,other,19
4155,1038,1,42,42,42,9,16,6,True,True,False,0.0284615159034729,correct,0
4156,1039,0,17,12,17,24,7,6,False,False,False,0.10719272494316101,other,5
4157,1039,0,27,13,27,7,24,17,False,False,False,0.01927712745964527,other,14
4158,1039,1,27,13,27,24,7,6,False,False,False,0.015365944243967533,other,14
4159,1039,1,17,12,17,7,24,6,False,False,False,0.08222422003746033,other,5
4160,1040,0,15,15,15,7,15,12,True,True,False,0.08534977585077286,correct,0
4161,1040,0,30,13,30,15,7,6,False,False,False,0.07607761025428772,other,17
4162,1040,1,30,8,30,7,15,6,False,False,False,0.08389122039079666,other,22
4163,1040,1,15,13,15,15,7,7,False,False,False,0.0615612156689167,other,2
4164,1041,0,2,29,2,14,26,7,False,False,False,0.0779518261551857,other,27
4165,1041,0,18,13,18,26,14,6,False,False,False,0.06959687173366547,other,5
4166,1041,1,18,8,18,14,26,22,False,False,False,0.06123501434922218,other,10
4167,1041,1,2,13,2,26,14,6,False,False,False,0.08338823914527893,other,11
4168,1042,0,6,35,6,14,16,16,False,False,False,0.03406614810228348,other,29
4169,1042,0,1,3,1,16,14,0,False,False,False,0.011543813161551952,other,2
4170,1042,1,1,28,1,14,16,15,False,False,False,0.015097453258931637,other,27
4171,1042,1,6,31,6,16,14,17,False,False,False,0.02999034896492958,other,25
4172,1043,0,38,12,38,28,29,0,False,False,False,0.017136448994278908,other,26
4173,1043,0,9,13,9,29,28,6,False,False,False,0.023533537983894348,other,4
4174,1043,1,9,3,9,28,29,38,False,False,False,0.014235652051866055,other,6
4175,1043,1,38,29,38,29,28,30,False,False,False,0.009487518109381199,other,9
4176,1044,0,4,13,4,2,6,6,False,False,False,0.017173979431390762,other,9
4177,1044,0,13,21,13,6,2,6,False,False,False,0.11484545469284058,other,8
4178,1044,1,13,32,13,2,6,18,False,False,False,0.104300357401371,other,19
4179,1044,1,4,45,4,6,2,6,False,False,False,0.014661542139947414,other,41
4180,1045,0,43,13,43,6,14,6,False,False,False,0.02661663293838501,other,30
4181,1045,0,39,10,39,14,6,28,False,False,False,0.03082769736647606,other,29
4182,1045,1,39,13,39,6,14,6,False,False,False,0.031868286430835724,other,26
4183,1045,1,43,12,43,14,6,15,False,False,False,0.0272004883736372,other,31
4184,1046,0,47,24,47,14,15,32,False,False,False,0.02015651762485504,other,23
4185,1046,0,14,45,14,15,14,17,False,False,False,0.009720039553940296,other,31
4186,1046,1,14,35,14,14,15,14,False,False,False,0.013063511811196804,other,21
4187,1046,1,47,24,47,15,14,0,False,False,False,0.018142787739634514,other,23
4188,1047,0,26,35,26,16,18,15,False,False,False,0.01804599165916443,other,9
4189,1047,0,9,48,9,18,16,4,False,False,False,0.011034182272851467,other,39
4190,1047,1,9,10,9,16,18,15,False,False,True,0.019714225083589554,off_by_one,1
4191,1047,1,26,13,26,18,16,4,False,False,False,0.01579219102859497,other,13
4192,1048,0,34,15,34,7,6,34,False,False,False,0.021880116313695908,other,19
4193,1048,0,39,3,39,6,7,6,False,False,False,0.026462849229574203,other,36
4194,1048,1,39,13,39,7,6,36,False,False,False,0.04466542601585388,other,26
4195,1048,1,34,41,34,6,7,6,False,False,False,0.01731416955590248,other,7
4196,1049,0,23,13,23,19,7,6,False,False,False,0.021512432023882866,other,10
4197,1049,0,18,8,18,7,19,6,False,False,False,0.05899879336357117,other,10
4198,1049,1,18,36,18,19,7,6,False,False,False,0.025455856695771217,other,18
4199,1049,1,23,35,23,7,19,6,False,False,False,0.006338118109852076,other,12
4200,1050,0,22,12,22,7,6,6,False,False,False,0.034383077174425125,other,10
4201,1050,0,6,13,6,6,7,6,False,False,False,0.07194378226995468,other,7
4202,1050,1,6,13,6,7,6,6,False,False,False,0.0769922286272049,other,7
4203,1050,1,22,45,22,6,7,6,False,False,False,0.023907043039798737,other,23
4204,1051,0,28,11,28,6,12,6,False,False,False,0.07144390046596527,other,17
4205,1051,0,40,13,40,12,6,6,False,False,False,0.029432261362671852,other,27
4206,1051,1,40,13,40,6,12,6,False,False,False,0.02868006005883217,other,27
4207,1051,1,28,24,28,12,6,26,False,False,False,0.07359346747398376,other,4
4208,1052,0,29,35,29,18,15,6,False,False,False,0.00835740938782692,other,6
4209,1052,0,3,3,3,15,18,15,True,True,False,0.03479096293449402,correct,0
4210,1052,1,3,3,3,18,15,6,True,True,False,0.020859934389591217,correct,0
4211,1052,1,29,35,29,15,18,0,False,False,False,0.007613598369061947,other,6
4212,1053,0,1,3,1,6,19,6,False,False,False,0.009097492322325706,other,2
4213,1053,0,4,35,4,19,6,18,False,False,False,0.02568201906979084,other,31
4214,1053,1,4,45,4,6,19,6,False,False,False,0.027108870446681976,other,41
4215,1053,1,1,10,1,19,6,18,False,False,False,0.014743847772479057,other,9
4216,1054,0,0,10,0,31,29,34,False,False,False,0.03904007375240326,other,10
4217,1054,0,30,13,30,29,31,6,False,False,False,0.019222455099225044,other,17
4218,1054,1,30,10,30,31,29,15,False,False,False,0.014545577578246593,other,20
4219,1054,1,0,3,0,29,31,6,False,False,False,0.027891730889678,other,3
4220,1055,0,17,45,17,6,7,6,False,False,False,0.046104177832603455,other,28
4221,1055,0,35,35,35,7,6,6,True,True,False,0.03764546662569046,correct,0
4222,1055,1,35,15,35,6,7,6,False,False,False,0.030874738469719887,other,20
4223,1055,1,17,17,17,7,6,7,True,True,False,0.037406958639621735,correct,0
4224,1056,0,8,15,8,15,7,24,False,False,False,0.04743083938956261,other,7
4225,1056,0,24,13,24,7,15,6,False,False,False,0.012532856315374374,other,11
4226,1056,1,24,35,24,15,7,7,False,False,False,0.009389162063598633,other,11
4227,1056,1,8,8,8,7,15,6,True,True,False,0.043712254613637924,correct,0
4228,1057,0,12,48,12,35,6,15,False,False,False,0.04464182257652283,other,36
4229,1057,0,6,21,6,6,35,6,False,False,False,0.045366473495960236,other,15
4230,1057,1,6,48,6,35,6,17,False,False,False,0.07410788536071777,other,42
4231,1057,1,12,12,12,6,35,6,True,True,False,0.044750962406396866,correct,0
4232,1058,0,14,13,14,0,18,17,False,False,True,0.02137140929698944,off_by_one,1
4233,1058,0,48,2,48,18,0,6,False,False,False,0.04040851071476936,other,46
4234,1058,1,48,29,48,0,18,17,False,False,False,0.03496129810810089,other,19
4235,1058,1,14,35,14,18,0,17,False,False,False,0.020820196717977524,other,21
4236,1059,0,21,13,21,18,7,6,False,False,False,0.0526045560836792,other,8
4237,1059,0,19,0,19,7,18,6,False,False,False,0.06290668994188309,other,19
4238,1059,1,19,3,19,18,7,6,False,False,False,0.053730759769678116,other,16
4239,1059,1,21,3,21,7,18,19,False,False,False,0.041243601590394974,other,18
4240,1060,0,27,6,27,25,6,17,False,False,False,0.0157970879226923,other,21
4241,1060,0,32,45,32,6,25,6,False,False,False,0.04673568904399872,other,13
4242,1060,1,32,13,32,25,6,34,False,False,False,0.03613663837313652,other,19
4243,1060,1,27,45,27,6,25,6,False,False,False,0.012874004431068897,other,18
4244,1061,0,13,13,13,26,1,6,True,True,False,0.03823496028780937,correct,0
4245,1061,0,22,2,22,1,26,22,False,False,False,0.07603724300861359,other,20
4246,1061,1,22,13,22,26,1,6,False,False,False,0.07490606606006622,other,9
4247,1061,1,13,32,13,1,26,34,False,False,False,0.033977340906858444,other,19
4248,1062,0,21,3,21,18,39,6,False,False,False,0.0916261076927185,other,18
4249,1062,0,40,13,40,39,18,6,False,False,False,0.0250838752835989,other,27
4250,1062,1,40,10,40,18,39,8,False,False,False,0.02469349466264248,other,30
4251,1062,1,21,21,21,39,18,6,True,True,False,0.0940684974193573,correct,0
4252,1063,0,38,3,38,38,18,17,False,False,False,0.011278348043560982,other,35
4253,1063,0,42,5,42,18,38,6,False,False,False,0.05397522449493408,other,37
4254,1063,1,42,7,42,38,18,24,False,False,False,0.05429147183895111,other,35
4255,1063,1,38,13,38,18,38,6,False,False,False,0.01771945133805275,other,25
4256,1064,0,27,6,27,1,17,17,False,False,False,0.026832325384020805,other,21
4257,1064,0,18,11,18,17,1,34,False,False,False,0.02273416891694069,other,7
4258,1064,1,18,35,18,1,17,35,False,False,False,0.01756977289915085,other,17
4259,1064,1,27,10,27,17,1,17,False,False,False,0.026826592162251472,other,17
4260,1065,0,27,28,27,2,7,6,False,False,True,0.0227827075868845,off_by_one,1
4261,1065,0,42,42,42,7,2,6,True,True,False,0.15646114945411682,correct,0
4262,1065,1,42,41,42,2,7,6,False,False,True,0.14816845953464508,off_by_one,1
4263,1065,1,27,3,27,7,2,17,False,False,False,0.020928818732500076,other,24
4264,1066,0,26,35,26,18,7,6,False,False,False,0.02223857305943966,other,9
4265,1066,0,13,3,13,7,18,6,False,False,False,0.02899453416466713,other,10
4266,1066,1,13,33,13,18,7,6,False,False,False,0.023870522156357765,other,20
4267,1066,1,26,35,26,7,18,15,False,False,False,0.019105279818177223,other,9
4268,1067,0,46,2,46,9,13,6,False,False,False,0.015627456828951836,other,44
4269,1067,0,30,13,30,13,9,6,False,False,False,0.04250612109899521,other,17
4270,1067,1,30,48,30,9,13,6,False,False,False,0.04887058585882187,other,18
4271,1067,1,46,13,46,13,9,6,False,False,False,0.01762218214571476,other,33
4272,1068,0,13,10,13,19,6,6,False,False,False,0.05803944170475006,other,3
4273,1068,0,25,35,25,6,19,6,False,False,False,0.021727534011006355,other,10
4274,1068,1,25,13,25,19,6,6,False,False,False,0.02582290954887867,other,12
4275,1068,1,13,25,13,6,19,6,False,False,False,0.08059274405241013,other,12
4276,1069,0,4,35,4,2,7,6,False,False,False,0.008226217702031136,other,31
4277,1069,0,25,35,25,7,2,6,False,False,False,0.01227785088121891,other,10
4278,1069,1,25,35,25,2,7,6,False,False,False,0.011334672570228577,other,10
4279,1069,1,4,35,4,7,2,21,False,False,False,0.007936814799904823,other,31
4280,1070,0,26,13,26,12,16,6,False,False,False,0.031206868588924408,other,13
4281,1070,0,35,35,35,16,12,34,True,True,False,0.0137772336602211,correct,0
4282,1070,1,35,35,35,12,16,6,True,True,False,0.011539146304130554,correct,0
4283,1070,1,26,35,26,16,12,6,False,False,False,0.028530390933156013,other,9
4284,1071,0,40,3,40,1,18,7,False,False,False,0.01266536395996809,other,37
4285,1071,0,37,3,37,18,1,17,False,False,False,0.017193978652358055,other,34
4286,1071,1,37,48,37,1,18,17,False,False,False,0.018451889976859093,other,11
4287,1071,1,40,36,40,18,1,6,False,False,False,0.01619979366660118,other,4
4288,1072,0,36,13,36,15,23,6,False,False,False,0.07749265432357788,other,23
4289,1072,0,18,10,18,23,15,34,False,False,False,0.04726766049861908,other,8
4290,1072,1,18,13,18,15,23,15,False,False,False,0.046653054654598236,other,5
4291,1072,1,36,10,36,23,15,6,False,False,False,0.056501857936382294,other,26
4292,1073,0,47,34,47,10,2,17,False,False,False,0.04584940895438194,other,13
4293,1073,0,31,12,31,2,10,6,False,False,False,0.02399304136633873,other,19
4294,1073,1,31,12,31,10,2,6,False,False,False,0.033359017223119736,other,19
4295,1073,1,47,13,47,2,10,6,False,False,False,0.047603901475667953,other,34
4296,1074,0,9,13,9,0,24,6,False,False,False,0.025653699412941933,other,4
4297,1074,0,29,8,29,24,0,6,False,False,False,0.037533871829509735,other,21
4298,1074,1,29,8,29,0,24,6,False,False,False,0.029832709580659866,other,21
4299,1074,1,9,13,9,24,0,6,False,False,False,0.01841133087873459,other,4
4300,1075,0,16,13,16,14,16,16,False,False,False,0.03879838064312935,other,3
4301,1075,0,31,10,31,16,14,18,False,False,False,0.06967152655124664,other,21
4302,1075,1,31,13,31,14,16,16,False,False,False,0.05364910885691643,other,18
4303,1075,1,16,16,16,16,14,22,True,True,False,0.0500883050262928,correct,0
4304,1076,0,26,13,26,7,16,6,False,False,False,0.027038048952817917,other,13
4305,1076,0,42,42,42,16,7,6,True,True,False,0.06548947840929031,correct,0
4306,1076,1,42,42,42,7,16,6,True,True,False,0.06786740571260452,correct,0
4307,1076,1,26,35,26,16,7,14,False,False,False,0.01831023395061493,other,9
4308,1077,0,36,3,36,24,20,15,False,False,False,0.012124248780310154,other,33
4309,1077,0,39,3,39,20,24,15,False,False,False,0.01534508541226387,other,36
4310,1077,1,39,9,39,24,20,15,False,False,False,0.021717505529522896,other,30
4311,1077,1,36,3,36,20,24,7,False,False,False,0.009664313867688179,other,33
4312,1078,0,3,45,3,6,7,6,False,False,False,0.07421670109033585,other,42
4313,1078,0,7,7,7,7,6,6,True,True,False,0.05049988999962807,correct,0
4314,1078,1,7,7,7,6,7,6,True,True,False,0.03399715945124626,correct,0
4315,1078,1,3,13,3,7,6,6,False,False,False,0.05458080768585205,other,10
4316,1079,0,47,13,47,17,20,15,False,False,False,0.03105800226330757,other,34
4317,1079,0,37,35,37,20,17,6,False,False,False,0.011056018061935902,other,2
4318,1079,1,37,35,37,17,20,17,False,False,False,0.0073833465576171875,other,2
4319,1079,1,47,11,47,20,17,21,False,False,False,0.03424859419465065,other,36
4320,1080,0,7,7,7,2,6,6,True,True,False,0.036930568516254425,correct,0
4321,1080,0,2,45,2,6,2,6,False,False,False,0.08033430576324463,other,43
4322,1080,1,2,0,2,2,6,6,False,False,False,0.05429178848862648,other,2
4323,1080,1,7,7,7,6,2,6,True,True,False,0.01923033967614174,correct,0
4324,1081,0,21,13,21,2,15,6,False,False,False,0.07117241621017456,other,8
4325,1081,0,47,10,47,15,2,27,False,False,False,0.03839030861854553,other,37
4326,1081,1,47,47,47,2,15,6,True,True,False,0.036177489906549454,correct,0
4327,1081,1,21,21,21,15,2,19,True,True,False,0.0567508265376091,correct,0
4328,1082,0,26,13,26,18,15,6,False,False,False,0.019850648939609528,other,13
4329,1082,0,14,45,14,15,18,19,False,False,False,0.034681934863328934,other,31
4330,1082,1,14,34,14,18,15,4,False,False,False,0.04382653906941414,other,20
4331,1082,1,26,15,26,15,18,32,False,False,False,0.023991407826542854,other,11
4332,1083,0,31,48,31,2,6,6,False,False,False,0.030802046880126,other,17
4333,1083,0,26,13,26,6,2,6,False,False,False,0.02668963186442852,other,13
4334,1083,1,26,13,26,2,6,6,False,False,False,0.04521015286445618,other,13
4335,1083,1,31,8,31,6,2,6,False,False,False,0.06584566831588745,other,23
4336,1084,0,32,8,32,14,12,18,False,False,False,0.058913301676511765,other,24
4337,1084,0,27,13,27,12,14,17,False,False,False,0.01747780293226242,other,14
4338,1084,1,27,35,27,14,12,17,False,False,False,0.00888756848871708,other,8
4339,1084,1,32,35,32,12,14,6,False,False,False,0.039403583854436874,other,3
4340,1085,0,32,13,32,2,7,6,False,False,False,0.09403573721647263,other,19
4341,1085,0,24,35,24,7,2,7,False,False,False,0.027530768886208534,other,11
4342,1085,1,24,13,24,2,7,6,False,False,False,0.020378291606903076,other,11
4343,1085,1,32,8,32,7,2,6,False,False,False,0.13914147019386292,other,24
4344,1086,0,48,12,48,7,2,6,False,False,False,0.026468051597476006,other,36
4345,1086,0,33,13,33,2,7,10,False,False,False,0.06461687386035919,other,20
4346,1086,1,33,12,33,7,2,6,False,False,False,0.10978362709283829,other,21
4347,1086,1,48,13,48,2,7,6,False,False,False,0.028031332418322563,other,35
4348,1087,0,13,13,13,17,24,7,True,True,False,0.053270768374204636,correct,0
4349,1087,0,30,12,30,24,17,6,False,False,False,0.048804763704538345,other,18
4350,1087,1,30,6,30,17,24,6,False,False,False,0.04907646030187607,other,24
4351,1087,1,13,12,13,24,17,6,False,False,True,0.06698070466518402,off_by_one,1
4352,1088,0,17,10,17,16,9,27,False,False,False,0.03279530629515648,other,7
4353,1088,0,4,35,4,9,16,6,False,False,False,0.015127688646316528,other,31
4354,1088,1,4,13,4,16,9,6,False,False,False,0.02134348265826702,other,9
4355,1088,1,17,12,17,9,16,6,False,False,False,0.0513824000954628,other,5
4356,1089,0,15,15,15,7,15,6,True,True,False,0.04683724045753479,correct,0
4357,1089,0,43,13,43,15,7,17,False,False,False,0.03946005553007126,other,30
4358,1089,1,43,13,43,7,15,6,False,False,False,0.04085082188248634,other,30
4359,1089,1,15,15,15,15,7,22,True,True,False,0.05426371842622757,correct,0
4360,1090,0,22,8,22,6,1,6,False,False,False,0.0872473418712616,other,14
4361,1090,0,5,13,5,1,6,7,False,False,False,0.049615032970905304,other,8
4362,1090,1,5,41,5,6,1,6,False,False,False,0.04392198473215103,other,36
4363,1090,1,22,2,22,1,6,22,False,False,False,0.06300463527441025,other,20
4364,1091,0,30,45,30,6,16,6,False,False,False,0.03919648006558418,other,15
4365,1091,0,10,13,10,16,6,17,False,False,False,0.019654439762234688,other,3
4366,1091,1,10,13,10,6,16,4,False,False,False,0.01565641537308693,other,3
4367,1091,1,30,3,30,16,6,16,False,False,False,0.020930686965584755,other,27
4368,1092,0,43,3,43,7,26,8,False,False,False,0.013060704804956913,other,40
4369,1092,0,25,35,25,26,7,6,False,False,False,0.019455304369330406,other,10
4370,1092,1,25,35,25,7,26,6,False,False,False,0.014835376292467117,other,10
4371,1092,1,43,13,43,26,7,6,False,False,False,0.012325722724199295,other,30
4372,1093,0,17,12,17,24,16,6,False,False,False,0.01511934120208025,other,5
4373,1093,0,22,22,22,16,24,16,True,True,False,0.09327936917543411,correct,0
4374,1093,1,22,10,22,24,16,6,False,False,False,0.09335015714168549,other,12
4375,1093,1,17,13,17,16,24,6,False,False,False,0.021578792482614517,other,4
4376,1094,0,47,24,47,15,14,25,False,False,False,0.0125702740624547,other,23
4377,1094,0,4,35,4,14,15,15,False,False,False,0.010712328366935253,other,31
4378,1094,1,4,35,4,15,14,17,False,False,False,0.013521331362426281,other,31
4379,1094,1,47,11,47,14,15,32,False,False,False,0.017941173166036606,other,36
4380,1095,0,20,15,20,7,39,22,False,False,False,0.07177905738353729,other,5
4381,1095,0,7,7,7,39,7,6,True,True,False,0.03726530075073242,correct,0
4382,1095,1,7,7,7,7,39,20,True,True,False,0.037297915667295456,correct,0
4383,1095,1,20,13,20,39,7,6,False,False,False,0.040658894926309586,other,7
4384,1096,0,34,34,34,24,17,6,True,True,False,0.02521515265107155,correct,0
4385,1096,0,6,35,6,17,24,34,False,False,False,0.04256702587008476,other,29
4386,1096,1,6,45,6,24,17,6,False,False,False,0.02480205148458481,other,39
4387,1096,1,34,15,34,17,24,32,False,False,False,0.030790382996201515,other,19
4388,1097,0,8,13,8,7,15,6,False,False,False,0.022173427045345306,other,5
4389,1097,0,16,15,16,15,7,31,False,False,True,0.01223091408610344,off_by_one,1
4390,1097,1,16,15,16,7,15,7,False,False,True,0.022834934294223785,off_by_one,1
4391,1097,1,8,13,8,15,7,6,False,False,False,0.031001107767224312,other,5
4392,1098,0,33,15,33,24,7,15,False,False,False,0.07058648765087128,other,18
4393,1098,0,30,35,30,7,24,15,False,False,False,0.01784255914390087,other,5
4394,1098,1,30,13,30,24,7,6,False,False,False,0.021593227982521057,other,17
4395,1098,1,33,10,33,7,24,6,False,False,False,0.07988259196281433,other,23
4396,1099,0,1,11,1,20,39,17,False,False,False,0.02052563987672329,other,10
4397,1099,0,5,42,5,39,20,19,False,False,False,0.08703088015317917,other,37
4398,1099,1,5,7,5,20,39,23,False,False,False,0.10029617697000504,other,2
4399,1099,1,1,13,1,39,20,7,False,False,False,0.012394911609590054,other,12
4400,1100,0,0,45,0,7,14,6,False,False,False,0.06292349845170975,other,45
4401,1100,0,1,13,1,14,7,17,False,False,False,0.057057298719882965,other,12
4402,1100,1,1,15,1,7,14,6,False,False,False,0.06556925177574158,other,14
4403,1100,1,0,13,0,14,7,6,False,False,False,0.05624423921108246,other,13
4404,1101,0,45,45,45,4,7,6,True,True,False,0.010537260212004185,correct,0
4405,1101,0,43,3,43,7,4,6,False,False,False,0.03145875409245491,other,40
4406,1101,1,43,21,43,4,7,6,False,False,False,0.0358719564974308,other,22
4407,1101,1,45,15,45,7,4,6,False,False,False,0.016507329419255257,other,30
4408,1102,0,15,7,15,17,26,15,False,False,False,0.05136705935001373,other,8
4409,1102,0,0,13,0,26,17,4,False,False,False,0.01882103830575943,other,13
4410,1102,1,0,36,0,17,26,0,False,False,False,0.026753181591629982,other,36
4411,1102,1,15,15,15,26,17,6,True,True,False,0.05306064337491989,correct,0
4412,1103,0,45,44,45,7,23,6,False,False,True,0.03752848133444786,off_by_one,1
4413,1103,0,5,5,5,23,7,6,True,True,False,0.04111900553107262,correct,0
4414,1103,1,5,7,5,7,23,20,False,False,False,0.02159804292023182,other,2
4415,1103,1,45,35,45,23,7,38,False,False,False,0.03589062765240669,other,10
4416,1104,0,32,3,32,0,29,14,False,False,False,0.036146387457847595,other,29
4417,1104,0,16,15,16,29,0,6,False,False,True,0.02728256769478321,off_by_one,1
4418,1104,1,16,15,16,0,29,6,False,False,True,0.025394780561327934,off_by_one,1
4419,1104,1,32,13,32,29,0,6,False,False,False,0.04142099991440773,other,19
4420,1105,0,44,11,44,24,14,18,False,False,False,0.0659458190202713,other,33
4421,1105,0,37,13,37,14,24,16,False,False,False,0.04650403559207916,other,24
4422,1105,1,37,13,37,24,14,6,False,False,False,0.044038575142621994,other,24
4423,1105,1,44,10,44,14,24,6,False,False,False,0.0535832978785038,other,34
4424,1106,0,45,13,45,14,0,17,False,False,False,0.016224589198827744,other,32
4425,1106,0,29,45,29,0,14,18,False,False,False,0.04172676429152489,other,16
4426,1106,1,29,35,29,14,0,17,False,False,False,0.028319858014583588,other,6
4427,1106,1,45,35,45,0,14,15,False,False,False,0.011772925034165382,other,10
4428,1107,0,8,8,8,15,8,6,True,True,False,0.0802057534456253,correct,0
4429,1107,0,46,13,46,8,15,6,False,False,False,0.04228755459189415,other,33
4430,1107,1,46,13,46,15,8,17,False,False,False,0.03738681599497795,other,33
4431,1107,1,8,8,8,8,15,26,True,True,False,0.044248633086681366,correct,0
4432,1108,0,37,13,37,36,16,17,False,False,False,0.06547253578901291,other,24
4433,1108,0,38,11,38,16,36,12,False,False,False,0.06499043107032776,other,27
4434,1108,1,38,13,38,36,16,6,False,False,False,0.035246167331933975,other,25
4435,1108,1,37,2,37,16,36,7,False,False,False,0.05836566910147667,other,35
4436,1109,0,37,6,37,6,0,6,False,False,False,0.05686517059803009,other,31
4437,1109,0,47,10,47,0,6,32,False,False,False,0.034255046397447586,other,37
4438,1109,1,47,34,47,6,0,6,False,False,False,0.017595024779438972,other,13
4439,1109,1,37,3,37,0,6,15,False,False,False,0.06194663420319557,other,34
4440,1110,0,35,13,35,15,7,17,False,False,False,0.012182742357254028,other,22
4441,1110,0,30,8,30,7,15,6,False,False,False,0.06164831668138504,other,22
4442,1110,1,30,22,30,15,7,17,False,False,False,0.0332215242087841,other,8
4443,1110,1,35,35,35,7,15,6,True,True,False,0.009898260235786438,correct,0
4444,1111,0,0,13,0,18,7,6,False,False,False,0.03589388728141785,other,13
4445,1111,0,44,35,44,7,18,10,False,False,False,0.007541225757449865,other,9
4446,1111,1,44,34,44,18,7,6,False,False,False,0.009643281809985638,other,10
4447,1111,1,0,3,0,7,18,6,False,False,False,0.052324313670396805,other,3
4448,1112,0,47,47,47,6,18,6,True,True,False,0.12566788494586945,correct,0
4449,1112,0,37,35,37,18,6,4,False,False,False,0.027716929093003273,other,2
4450,1112,1,37,13,37,6,18,6,False,False,False,0.0321248322725296,other,24
4451,1112,1,47,13,47,18,6,12,False,False,False,0.12456194311380386,other,34
4452,1113,0,11,13,11,2,7,6,False,False,False,0.03655819222331047,other,2
4453,1113,0,22,10,22,7,2,6,False,False,False,0.09072303771972656,other,12
4454,1113,1,22,12,22,2,7,6,False,False,False,0.06896261870861053,other,10
4455,1113,1,11,13,11,7,2,7,False,False,False,0.04005159065127373,other,2
4456,1114,0,5,7,5,7,2,15,False,False,False,0.03409150615334511,other,2
4457,1114,0,31,31,31,2,7,6,True,True,False,0.013256215490400791,correct,0
4458,1114,1,31,48,31,7,2,17,False,False,False,0.01610029861330986,other,17
4459,1114,1,5,41,5,2,7,6,False,False,False,0.03585517406463623,other,36
4460,1115,0,24,35,24,1,15,17,False,False,False,0.008076642639935017,other,11
4461,1115,0,22,22,22,15,1,17,True,True,False,0.014035115018486977,correct,0
4462,1115,1,22,22,22,1,15,16,True,True,False,0.012473465874791145,correct,0
4463,1115,1,24,35,24,15,1,17,False,False,False,0.008247941732406616,other,11
4464,1116,0,41,41,41,18,6,6,True,True,False,0.053641993552446365,correct,0
4465,1116,0,11,32,11,6,18,6,False,False,False,0.05124741420149803,other,21
4466,1116,1,11,10,11,18,6,17,False,False,True,0.051447246223688126,off_by_one,1
4467,1116,1,41,41,41,6,18,6,True,True,False,0.060791607946157455,correct,0
4468,1117,0,39,13,39,13,2,6,False,False,False,0.03839797154068947,other,26
4469,1117,0,24,48,24,2,13,6,False,False,False,0.07760196179151535,other,24
4470,1117,1,24,13,24,13,2,6,False,False,False,0.06990092247724533,other,11
4471,1117,1,39,13,39,2,13,8,False,False,False,0.014157461933791637,other,26
4472,1118,0,31,48,31,36,27,30,False,False,False,0.050509046763181686,other,17
4473,1118,0,10,10,10,27,36,27,True,True,False,0.026058468967676163,correct,0
4474,1118,1,10,13,10,36,27,7,False,False,False,0.02751762792468071,other,3
4475,1118,1,31,10,31,27,36,6,False,False,False,0.05489182844758034,other,21
4476,1119,0,34,35,34,9,11,15,False,False,True,0.01523407269269228,off_by_one,1
4477,1119,0,37,3,37,11,9,32,False,False,False,0.010959026403725147,other,34
4478,1119,1,37,0,37,9,11,30,False,False,False,0.015503538772463799,other,37
4479,1119,1,34,15,34,11,9,17,False,False,False,0.018924782052636147,other,19
4480,1120,0,18,8,18,7,31,6,False,False,False,0.059527065604925156,other,10
4481,1120,0,48,13,48,31,7,6,False,False,False,0.05408391356468201,other,35
4482,1120,1,48,45,48,7,31,6,False,False,False,0.051230620592832565,other,3
4483,1120,1,18,13,18,31,7,6,False,False,False,0.037610866129398346,other,5
4484,1121,0,1,45,1,7,14,6,False,False,False,0.019998060539364815,other,44
4485,1121,0,32,13,32,14,7,17,False,False,False,0.03851103037595749,other,19
4486,1121,1,32,45,32,7,14,17,False,False,False,0.024395806714892387,other,13
4487,1121,1,1,35,1,14,7,17,False,False,False,0.01560118980705738,other,34
4488,1122,0,3,16,3,16,36,22,False,False,False,0.09146389365196228,other,13
4489,1122,0,17,13,17,36,16,17,False,False,False,0.06876405328512192,other,4
4490,1122,1,17,16,17,16,36,8,False,False,True,0.06998474895954132,off_by_one,1
4491,1122,1,3,13,3,36,16,17,False,False,False,0.04844462871551514,other,10
4492,1123,0,11,29,11,14,28,15,False,False,False,0.009792321361601353,other,18
4493,1123,0,47,46,47,28,14,27,False,False,True,0.02956743910908699,off_by_one,1
4494,1123,1,47,24,47,14,28,25,False,False,False,0.023335527628660202,other,23
4495,1123,1,11,11,11,28,14,0,True,True,False,0.011231672018766403,correct,0
4496,1124,0,11,32,11,6,7,6,False,False,False,0.0621984489262104,other,21
4497,1124,0,2,13,2,7,6,17,False,False,False,0.05815344676375389,other,11
4498,1124,1,2,21,2,6,7,6,False,False,False,0.05712931230664253,other,19
4499,1124,1,11,45,11,7,6,6,False,False,False,0.07709460705518723,other,34
4500,1125,0,32,15,32,35,14,6,False,False,False,0.04196803271770477,other,17
4501,1125,0,4,48,4,14,35,17,False,False,False,0.01991565153002739,other,44
4502,1125,1,4,13,4,35,14,7,False,False,False,0.022375578060746193,other,9
4503,1125,1,32,15,32,14,35,6,False,False,False,0.0396822914481163,other,17
4504,1126,0,27,3,27,39,18,6,False,False,False,0.022538568824529648,other,24
4505,1126,0,32,13,32,18,39,18,False,False,False,0.03654251620173454,other,19
4506,1126,1,32,15,32,39,18,22,False,False,False,0.05494033917784691,other,17
4507,1126,1,27,13,27,18,39,7,False,False,False,0.029083251953125,other,14
4508,1127,0,35,13,35,16,14,17,False,False,False,0.016951948404312134,other,22
4509,1127,0,16,15,16,14,16,22,False,False,True,0.07936476916074753,off_by_one,1
4510,1127,1,16,16,16,16,14,17,True,True,False,0.0543159618973732,correct,0
4511,1127,1,35,35,35,14,16,15,True,True,False,0.012018847279250622,correct,0
4512,1128,0,28,3,28,36,16,17,False,False,False,0.013428431004285812,other,25
4513,1128,0,19,3,19,16,36,6,False,False,False,0.07158999890089035,other,16
4514,1128,1,19,3,19,36,16,6,False,False,False,0.07547242194414139,other,16
4515,1128,1,28,28,28,16,36,0,True,True,False,0.014689893461763859,correct,0
4516,1129,0,42,7,42,22,16,6,False,False,False,0.07849342375993729,other,35
4517,1129,0,23,35,23,16,22,17,False,False,False,0.019549064338207245,other,12
4518,1129,1,23,13,23,22,16,6,False,False,False,0.018954923376441002,other,10
4519,1129,1,42,15,42,16,22,12,False,False,False,0.06923985481262207,other,27
4520,1130,0,11,45,11,38,6,7,False,False,False,0.054436586797237396,other,34
4521,1130,0,25,13,25,6,38,6,False,False,False,0.02201072871685028,other,12
4522,1130,1,25,35,25,38,6,15,False,False,False,0.018590040504932404,other,10
4523,1130,1,11,13,11,6,38,7,False,False,False,0.05255911499261856,other,2
4524,1131,0,3,3,3,14,2,27,True,True,False,0.022623097524046898,correct,0
4525,1131,0,12,3,12,2,14,6,False,False,False,0.01513751968741417,other,9
4526,1131,1,12,10,12,14,2,32,False,False,False,0.01743990182876587,other,2
4527,1131,1,3,13,3,2,14,6,False,False,False,0.02373284474015236,other,10
4528,1132,0,41,41,41,12,15,6,True,True,False,0.15326017141342163,correct,0
4529,1132,0,40,35,40,15,12,15,False,False,False,0.011675306595861912,other,5
4530,1132,1,40,3,40,12,15,21,False,False,False,0.0076977564021945,other,37
4531,1132,1,41,41,41,15,12,22,True,True,False,0.11659744381904602,correct,0
4532,1133,0,17,13,17,23,7,16,False,False,False,0.030901914462447166,other,4
4533,1133,0,33,10,33,7,23,6,False,False,False,0.040378015488386154,other,23
4534,1133,1,33,1,33,23,7,17,False,False,False,0.026405824348330498,other,32
4535,1133,1,17,35,17,7,23,6,False,False,False,0.030475391075015068,other,18
4536,1134,0,11,32,11,6,19,6,False,False,False,0.0432693287730217,other,21
4537,1134,0,39,13,39,19,6,6,False,False,False,0.02627723664045334,other,26
4538,1134,1,39,13,39,6,19,6,False,False,False,0.026707220822572708,other,26
4539,1134,1,11,11,11,19,6,6,True,True,False,0.04890117794275284,correct,0
4540,1135,0,17,13,17,6,16,6,False,False,False,0.04801883175969124,other,4
4541,1135,0,20,35,20,16,6,16,False,False,False,0.013137385249137878,other,15
4542,1135,1,20,13,20,6,16,4,False,False,False,0.009677574038505554,other,7
4543,1135,1,17,3,17,16,6,27,False,False,False,0.04172907769680023,other,14
4544,1136,0,24,16,24,16,26,22,False,False,False,0.062185946851968765,other,8
4545,1136,0,29,13,29,26,16,6,False,False,False,0.06388595700263977,other,16
4546,1136,1,29,16,29,16,26,6,False,False,False,0.0717097669839859,other,13
4547,1136,1,24,13,24,26,16,17,False,False,False,0.06788292527198792,other,11
4548,1137,0,45,35,45,21,16,17,False,False,False,0.01253797672688961,other,10
4549,1137,0,0,45,0,16,21,16,False,False,False,0.03238717466592789,other,45
4550,1137,1,0,3,0,21,16,17,False,False,False,0.026828410103917122,other,3
4551,1137,1,45,35,45,16,21,15,False,False,False,0.010710559785366058,other,10
4552,1138,0,22,13,22,6,24,6,False,False,False,0.07340863347053528,other,9
4553,1138,0,30,2,30,24,6,6,False,False,False,0.10106446593999863,other,28
4554,1138,1,30,13,30,6,24,6,False,False,False,0.08302554488182068,other,17
4555,1138,1,22,8,22,24,6,6,False,False,False,0.09932050853967667,other,14
4556,1139,0,39,13,39,0,37,6,False,False,False,0.034311648458242416,other,26
4557,1139,0,44,15,44,37,0,22,False,False,False,0.05446594953536987,other,29
4558,1139,1,44,24,44,0,37,17,False,False,False,0.0389835499227047,other,20
4559,1139,1,39,3,39,37,0,27,False,False,False,0.023919209837913513,other,36
4560,1140,0,11,11,11,1,7,27,True,True,False,0.027917366474866867,correct,0
4561,1140,0,34,7,34,7,1,17,False,False,False,0.014642706140875816,other,27
4562,1140,1,34,13,34,1,7,17,False,False,False,0.028017736971378326,other,21
4563,1140,1,11,11,11,7,1,6,True,True,False,0.050325121730566025,correct,0
4564,1141,0,36,3,36,4,6,6,False,False,False,0.03213949128985405,other,33
4565,1141,0,46,3,46,6,4,26,False,False,False,0.019335085526108742,other,43
4566,1141,1,46,13,46,4,6,6,False,False,False,0.017726926133036613,other,33
4567,1141,1,36,33,36,6,4,6,False,False,False,0.022722164168953896,other,3
4568,1142,0,38,15,38,14,16,6,False,False,False,0.10675641149282455,other,23
4569,1142,0,16,7,16,16,14,6,False,False,False,0.04766330495476723,other,9
4570,1142,1,16,7,16,14,16,20,False,False,False,0.028387006372213364,other,9
4571,1142,1,38,13,38,16,14,17,False,False,False,0.16453862190246582,other,25
4572,1143,0,2,2,2,27,37,33,True,True,False,0.011852757073938847,correct,0
4573,1143,0,26,23,26,37,27,6,False,False,False,0.017640134319663048,other,3
4574,1143,1,26,35,26,27,37,17,False,False,False,0.021783942356705666,other,9
4575,1143,1,2,2,2,37,27,27,True,True,False,0.010235832072794437,correct,0
4576,1144,0,47,47,47,6,24,6,True,True,False,0.02295374497771263,correct,0
4577,1144,0,43,0,43,24,6,6,False,False,False,0.05748739093542099,other,43
4578,1144,1,43,13,43,6,24,6,False,False,False,0.04745204746723175,other,30
4579,1144,1,47,15,47,24,6,18,False,False,False,0.027140406891703606,other,32
4580,1145,0,8,8,8,15,24,24,True,True,False,0.128487691283226,correct,0
4581,1145,0,12,13,12,24,15,6,False,False,True,0.04383628070354462,off_by_one,1
4582,1145,1,12,13,12,15,24,6,False,False,True,0.05450145900249481,off_by_one,1
4583,1145,1,8,8,8,24,15,6,True,True,False,0.11823621392250061,correct,0
4584,1146,0,34,13,34,6,16,6,False,False,False,0.04734248295426369,other,21
4585,1146,0,3,9,3,16,6,22,False,False,False,0.05935342609882355,other,6
4586,1146,1,3,13,3,6,16,6,False,False,False,0.07882976531982422,other,10
4587,1146,1,34,15,34,16,6,6,False,False,False,0.07876057922840118,other,19
4588,1147,0,20,3,20,24,16,24,False,False,False,0.015933586284518242,other,17
4589,1147,0,28,29,28,16,24,17,False,False,True,0.015261560678482056,off_by_one,1
4590,1147,1,28,35,28,24,16,17,False,False,False,0.019787343218922615,other,7
4591,1147,1,20,35,20,16,24,15,False,False,False,0.02354990877211094,other,15
4592,1148,0,0,3,0,6,13,6,False,False,False,0.0431903712451458,other,3
4593,1148,0,14,45,14,13,6,26,False,False,False,0.02295895293354988,other,31
4594,1148,1,14,13,14,6,13,6,False,False,True,0.03256276622414589,off_by_one,1
4595,1148,1,0,8,0,13,6,22,False,False,False,0.07104141265153885,other,8
4596,1149,0,15,7,15,26,15,6,False,False,False,0.06777609139680862,other,8
4597,1149,0,19,8,19,15,26,8,False,False,False,0.06654130667448044,other,11
4598,1149,1,19,13,19,26,15,6,False,False,False,0.0847657322883606,other,6
4599,1149,1,15,15,15,15,26,22,True,True,False,0.12018591910600662,correct,0
4600,1150,0,40,35,40,0,18,15,False,False,False,0.02231043577194214,other,5
4601,1150,0,41,35,41,18,0,18,False,False,False,0.03941524401307106,other,6
4602,1150,1,41,8,41,0,18,6,False,False,False,0.03354785591363907,other,33
4603,1150,1,40,13,40,18,0,21,False,False,False,0.01815459132194519,other,27
4604,1151,0,10,8,10,8,7,6,False,False,False,0.07597516477108002,other,2
4605,1151,0,28,13,28,7,8,7,False,False,False,0.024872558191418648,other,15
4606,1151,1,28,3,28,8,7,20,False,False,False,0.012164922431111336,other,25
4607,1151,1,10,10,10,7,8,18,True,True,False,0.05125207081437111,correct,0
4608,1152,0,24,35,24,15,27,17,False,False,False,0.014630039222538471,other,11
4609,1152,0,26,35,26,27,15,7,False,False,False,0.025510936975479126,other,9
4610,1152,1,26,35,26,15,27,17,False,False,False,0.028382444754242897,other,9
4611,1152,1,24,35,24,27,15,27,False,False,False,0.013285210356116295,other,11
4612,1153,0,28,13,28,19,7,6,False,False,False,0.04680142551660538,other,15
4613,1153,0,45,8,45,7,19,6,False,False,False,0.049282006919384,other,37
4614,1153,1,45,13,45,19,7,6,False,False,False,0.030345376580953598,other,32
4615,1153,1,28,8,28,7,19,6,False,False,False,0.07956051081418991,other,20
4616,1154,0,29,45,29,15,16,17,False,False,False,0.015552409924566746,other,16
4617,1154,0,14,35,14,16,15,15,False,False,False,0.027635376900434494,other,21
4618,1154,1,14,45,14,15,16,7,False,False,False,0.01642044447362423,other,31
4619,1154,1,29,3,29,16,15,17,False,False,False,0.010418759658932686,other,26
4620,1155,0,35,31,35,23,22,16,False,False,False,0.09595610201358795,other,4
4621,1155,0,31,13,31,22,23,7,False,False,False,0.06057136505842209,other,18
4622,1155,1,31,12,31,23,22,18,False,False,False,0.08151645213365555,other,19
4623,1155,1,35,35,35,22,23,6,True,True,False,0.09985632449388504,correct,0
4624,1156,0,7,10,7,19,2,15,False,False,False,0.06768079102039337,other,3
4625,1156,0,25,45,25,2,19,6,False,False,False,0.023220140486955643,other,20
4626,1156,1,25,35,25,19,2,6,False,False,False,0.02407149225473404,other,10
4627,1156,1,7,7,7,2,19,6,True,True,False,0.07049008458852768,correct,0
4628,1157,0,42,7,42,7,6,24,False,False,False,0.058225251734256744,other,35
4629,1157,0,35,13,35,6,7,6,False,False,False,0.026164717972278595,other,22
4630,1157,1,35,23,35,7,6,6,False,False,False,0.037091922014951706,other,12
4631,1157,1,42,7,42,6,7,6,False,False,False,0.05831746384501457,other,35
4632,1158,0,7,7,7,14,3,15,True,True,False,0.03544924780726433,correct,0
4633,1158,0,5,5,5,3,14,15,True,True,False,0.03286062926054001,correct,0
4634,1158,1,5,7,5,14,3,31,False,False,False,0.04070456698536873,other,2
4635,1158,1,7,7,7,3,14,6,True,True,False,0.03515202924609184,correct,0
4636,1159,0,4,13,4,18,26,6,False,False,False,0.03219804912805557,other,9
4637,1159,0,39,13,39,26,18,6,False,False,False,0.019825410097837448,other,26
4638,1159,1,39,3,39,18,26,6,False,False,False,0.012829897925257683,other,36
4639,1159,1,4,35,4,26,18,26,False,False,False,0.03099166601896286,other,31
4640,1160,0,23,35,23,16,27,6,False,False,False,0.03013662062585354,other,12
4641,1160,0,21,12,21,27,16,6,False,False,False,0.0317070335149765,other,9
4642,1160,1,21,11,21,16,27,7,False,False,False,0.041966866701841354,other,10
4643,1160,1,23,23,23,27,16,6,True,True,False,0.021369971334934235,correct,0
4644,1161,0,22,45,22,27,36,15,False,False,False,0.021947287023067474,other,23
4645,1161,0,5,41,5,36,27,15,False,False,False,0.036677539348602295,other,36
4646,1161,1,5,10,5,27,36,32,False,False,False,0.06184249371290207,other,5
4647,1161,1,22,22,22,36,27,6,True,True,False,0.021773360669612885,correct,0
4648,1162,0,32,13,32,19,6,4,False,False,False,0.06691096723079681,other,19
4649,1162,0,13,12,13,6,19,6,False,False,True,0.052462588995695114,off_by_one,1
4650,1162,1,13,13,13,19,6,6,True,True,False,0.08105704188346863,correct,0
4651,1162,1,32,8,32,6,19,6,False,False,False,0.09262984246015549,other,24
4652,1163,0,30,10,30,6,7,6,False,False,False,0.039042770862579346,other,20
4653,1163,0,33,3,33,7,6,6,False,False,False,0.01796668767929077,other,30
4654,1163,1,33,10,33,6,7,6,False,False,False,0.02686680108308792,other,23
4655,1163,1,30,48,30,7,6,6,False,False,False,0.04027063772082329,other,18
4656,1164,0,1,11,1,7,1,6,False,False,False,0.009228679351508617,other,10
4657,1164,0,26,35,26,1,7,17,False,False,False,0.019418839365243912,other,9
4658,1164,1,26,35,26,7,1,9,False,False,False,0.016097145155072212,other,9
4659,1164,1,1,3,1,1,7,17,False,False,False,0.0076775518245995045,other,2
4660,1165,0,20,8,20,3,0,6,False,False,False,0.08620484173297882,other,12
4661,1165,0,0,13,0,0,3,17,False,False,False,0.03496062383055687,other,13
4662,1165,1,0,13,0,3,0,30,False,False,False,0.03592418506741524,other,13
4663,1165,1,20,12,20,0,3,19,False,False,False,0.04257900267839432,other,8
4664,1166,0,39,13,39,18,6,6,False,False,False,0.062382183969020844,other,26
4665,1166,0,28,13,28,6,18,6,False,False,False,0.030000858008861542,other,15
4666,1166,1,28,13,28,18,6,6,False,False,False,0.03285417705774307,other,15
4667,1166,1,39,12,39,6,18,26,False,False,False,0.1140161007642746,other,27
4668,1167,0,26,35,26,12,8,26,False,False,False,0.02392932027578354,other,9
4669,1167,0,14,35,14,8,12,4,False,False,False,0.008333703503012657,other,21
4670,1167,1,14,35,14,12,8,6,False,False,False,0.012309129349887371,other,21
4671,1167,1,26,35,26,8,12,8,False,False,False,0.021205179393291473,other,9
4672,1168,0,35,35,35,14,12,15,True,True,False,0.01539121475070715,correct,0
4673,1168,0,24,24,24,12,14,17,True,True,False,0.01588129997253418,correct,0
4674,1168,1,24,35,24,14,12,6,False,False,False,0.02238200418651104,other,11
4675,1168,1,35,35,35,12,14,4,True,True,False,0.015835464000701904,correct,0
4676,1169,0,13,10,13,18,24,8,False,False,False,0.02757832780480385,other,3
4677,1169,0,34,7,34,24,18,6,False,False,False,0.03191418945789337,other,27
4678,1169,1,34,34,34,18,24,6,True,True,False,0.03540338575839996,correct,0
4679,1169,1,13,10,13,24,18,6,False,False,False,0.023472009226679802,other,3
4680,1170,0,38,11,38,16,0,38,False,False,False,0.004599169362336397,other,27
4681,1170,0,48,10,48,0,16,17,False,False,False,0.030540749430656433,other,38
4682,1170,1,48,48,48,16,0,17,True,True,False,0.027546972036361694,correct,0
4683,1170,1,38,11,38,0,16,7,False,False,False,0.005706524010747671,other,27
4684,1171,0,20,29,20,14,16,38,False,False,False,0.025818347930908203,other,9
4685,1171,0,9,29,9,16,14,7,False,False,False,0.05457786098122597,other,20
4686,1171,1,9,13,9,14,16,17,False,False,False,0.05293804034590721,other,4
4687,1171,1,20,16,20,16,14,22,False,False,False,0.033985238522291183,other,4
4688,1172,0,33,11,33,3,9,6,False,False,False,0.015246442519128323,other,22
4689,1172,0,40,13,40,9,3,6,False,False,False,0.028740081936120987,other,27
4690,1172,1,40,13,40,3,9,6,False,False,False,0.02670877054333687,other,27
4691,1172,1,33,11,33,9,3,6,False,False,False,0.026680465787649155,other,22
4692,1173,0,10,13,10,15,24,17,False,False,False,0.04067859426140785,other,3
4693,1173,0,44,15,44,24,15,6,False,False,False,0.044097982347011566,other,29
4694,1173,1,44,13,44,15,24,7,False,False,False,0.05265213921666145,other,31
4695,1173,1,10,29,10,24,15,6,False,False,False,0.04293559864163399,other,19
4696,1174,0,12,13,12,19,7,6,False,False,True,0.050622522830963135,off_by_one,1
4697,1174,0,40,8,40,7,19,6,False,False,False,0.06461785733699799,other,32
4698,1174,1,40,13,40,19,7,6,False,False,False,0.032337915152311325,other,27
4699,1174,1,12,8,12,7,19,6,False,False,False,0.08961901068687439,other,4
4700,1175,0,20,45,20,9,11,6,False,False,False,0.059581208974123,other,25
4701,1175,0,1,3,1,11,9,10,False,False,False,0.045416444540023804,other,2
4702,1175,1,1,45,1,9,11,17,False,False,False,0.0570395328104496,other,44
4703,1175,1,20,2,20,11,9,32,False,False,False,0.052702646702528,other,18
4704,1176,0,6,13,6,34,32,6,False,False,False,0.027504660189151764,other,7
4705,1176,0,35,35,35,32,34,15,True,True,False,0.013485363684594631,correct,0
4706,1176,1,35,35,35,34,32,4,True,True,False,0.013249409385025501,correct,0
4707,1176,1,6,2,6,32,34,6,False,False,False,0.03405163064599037,other,4
4708,1177,0,40,24,40,16,17,32,False,False,False,0.018114490434527397,other,16
4709,1177,0,37,22,37,17,16,17,False,False,False,0.021160077303647995,other,15
4710,1177,1,37,6,37,16,17,17,False,False,False,0.01728188619017601,other,31
4711,1177,1,40,35,40,17,16,17,False,False,False,0.011527732945978642,other,5
4712,1178,0,45,29,45,24,18,6,False,False,False,0.06073025241494179,other,16
4713,1178,0,38,13,38,18,24,6,False,False,False,0.02559943124651909,other,25
4714,1178,1,38,3,38,24,18,18,False,False,False,0.013277650810778141,other,35
4715,1178,1,45,45,45,18,24,6,True,True,False,0.054730359464883804,correct,0
4716,1179,0,39,13,39,3,20,6,False,False,False,0.056930433958768845,other,26
4717,1179,0,15,15,15,20,3,6,True,True,False,0.0383947491645813,correct,0
4718,1179,1,15,15,15,3,20,6,True,True,False,0.025670284405350685,correct,0
4719,1179,1,39,13,39,20,3,6,False,False,False,0.03724099323153496,other,26
4720,1180,0,28,28,28,1,15,0,True,True,False,0.01347920298576355,correct,0
4721,1180,0,38,3,38,15,1,17,False,False,False,0.009087689220905304,other,35
4722,1180,1,38,3,38,1,15,15,False,False,False,0.005555655807256699,other,35
4723,1180,1,28,28,28,15,1,15,True,True,False,0.016134116798639297,correct,0
4724,1181,0,9,48,9,18,6,15,False,False,False,0.019872404634952545,other,39
4725,1181,0,40,3,40,6,18,7,False,False,False,0.01685228943824768,other,37
4726,1181,1,40,10,40,18,6,17,False,False,False,0.022925587370991707,other,30
4727,1181,1,9,3,9,6,18,6,False,False,False,0.018418967723846436,other,6
4728,1182,0,20,13,20,24,14,6,False,False,False,0.07165997475385666,other,7
4729,1182,0,16,9,16,14,24,22,False,False,False,0.1122836172580719,other,7
4730,1182,1,16,5,16,24,14,6,False,False,False,0.10202748328447342,other,11
4731,1182,1,20,2,20,14,24,33,False,False,False,0.07497967034578323,other,18
4732,1183,0,24,45,24,36,7,17,False,False,False,0.018596438691020012,other,21
4733,1183,0,41,15,41,7,36,34,False,False,False,0.12630927562713623,other,26
4734,1183,1,41,41,41,36,7,6,True,True,False,0.145130455493927,correct,0
4735,1183,1,24,35,24,7,36,26,False,False,False,0.015349342487752438,other,11
4736,1184,0,3,10,3,6,27,6,False,False,False,0.06455302983522415,other,7
4737,1184,0,11,3,11,27,6,16,False,False,False,0.026468975469470024,other,8
4738,1184,1,11,0,11,6,27,6,False,False,False,0.024967383593320847,other,11
4739,1184,1,3,13,3,27,6,17,False,False,False,0.07369845360517502,other,10
4740,1185,0,17,12,17,16,6,8,False,False,False,0.09118986874818802,other,5
4741,1185,0,46,13,46,6,16,6,False,False,False,0.06541852653026581,other,33
4742,1185,1,46,15,46,16,6,18,False,False,False,0.08372708410024643,other,31
4743,1185,1,17,13,17,6,16,6,False,False,False,0.058756209909915924,other,4
4744,1186,0,3,13,3,36,6,15,False,False,False,0.045596398413181305,other,10
4745,1186,0,23,35,23,6,36,34,False,False,False,0.015793152153491974,other,12
4746,1186,1,23,35,23,36,6,6,False,False,False,0.015043063089251518,other,12
4747,1186,1,3,12,3,6,36,6,False,False,False,0.04296179860830307,other,9
4748,1187,0,0,10,0,7,38,6,False,False,False,0.0604022741317749,other,10
4749,1187,0,19,13,19,38,7,6,False,False,False,0.03542916476726532,other,6
4750,1187,1,19,8,19,7,38,5,False,False,False,0.05318600311875343,other,11
4751,1187,1,0,13,0,38,7,17,False,False,False,0.04659153148531914,other,13
4752,1188,0,11,11,11,7,16,16,True,True,False,0.038607630878686905,correct,0
4753,1188,0,20,0,20,16,7,16,False,False,False,0.01640189252793789,other,20
4754,1188,1,20,35,20,7,16,7,False,False,False,0.016413971781730652,other,15
4755,1188,1,11,10,11,16,7,14,False,False,True,0.03850753605365753,off_by_one,1
4756,1189,0,20,13,20,33,7,0,False,False,False,0.07140209525823593,other,7
4757,1189,0,1,45,1,7,33,6,False,False,False,0.06866870075464249,other,44
4758,1189,1,1,13,1,33,7,6,False,False,False,0.06461235135793686,other,12
4759,1189,1,20,2,20,7,33,6,False,False,False,0.06938721984624863,other,18
4760,1190,0,10,3,10,0,2,17,False,False,False,0.048000991344451904,other,7
4761,1190,0,24,35,24,2,0,6,False,False,False,0.01426620315760374,other,11
4762,1190,1,24,13,24,0,2,6,False,False,False,0.017865043133497238,other,11
4763,1190,1,10,12,10,2,0,6,False,False,False,0.0596127063035965,other,2
4764,1191,0,37,31,37,27,16,1,False,False,False,0.008225650526583195,other,6
4765,1191,0,36,13,36,16,27,14,False,False,False,0.007524452172219753,other,23
4766,1191,1,36,3,36,27,16,38,False,False,False,0.0075050052255392075,other,33
4767,1191,1,37,3,37,16,27,27,False,False,False,0.009352493099868298,other,34
4768,1192,0,30,12,30,24,38,6,False,False,False,0.03733805939555168,other,18
4769,1192,0,48,13,48,38,24,15,False,False,False,0.04887617751955986,other,35
4770,1192,1,48,12,48,24,38,6,False,False,False,0.05335628613829613,other,36
4771,1192,1,30,48,30,38,24,14,False,False,False,0.0382390134036541,other,18
4772,1193,0,40,3,40,7,0,17,False,False,False,0.006004991941154003,other,37
4773,1193,0,45,35,45,0,7,16,False,False,False,0.009683734737336636,other,10
4774,1193,1,45,35,45,7,0,15,False,False,False,0.013258758001029491,other,10
4775,1193,1,40,45,40,0,7,17,False,False,False,0.006680072285234928,other,5
4776,1194,0,35,35,35,17,14,17,True,True,False,0.006205277517437935,correct,0
4777,1194,0,32,45,32,14,17,15,False,False,False,0.01395241916179657,other,13
4778,1194,1,32,13,32,17,14,17,False,False,False,0.014495662413537502,other,19
4779,1194,1,35,35,35,14,17,23,True,True,False,0.003768156748265028,correct,0
4780,1195,0,6,35,6,14,15,28,False,False,False,0.028180496767163277,other,29
4781,1195,0,39,13,39,15,14,15,False,False,False,0.016104334965348244,other,26
4782,1195,1,39,3,39,14,15,27,False,False,False,0.016545366495847702,other,36
4783,1195,1,6,3,6,15,14,6,False,False,False,0.01845814660191536,other,3
4784,1196,0,33,10,33,1,6,19,False,False,False,0.02042572759091854,other,23
4785,1196,0,48,3,48,6,1,6,False,False,False,0.03866802528500557,other,45
4786,1196,1,48,13,48,1,6,6,False,False,False,0.03383798524737358,other,35
4787,1196,1,33,8,33,6,1,6,False,False,False,0.0458238385617733,other,25
4788,1197,0,43,0,43,2,9,6,False,False,False,0.04551767557859421,other,43
4789,1197,0,25,35,25,9,2,6,False,False,False,0.010633163154125214,other,10
4790,1197,1,25,13,25,2,9,7,False,False,False,0.026217665523290634,other,12
4791,1197,1,43,8,43,9,2,6,False,False,False,0.08269883692264557,other,35
4792,1198,0,7,7,7,23,18,7,True,True,False,0.05040354281663895,correct,0
4793,1198,0,1,45,1,18,23,6,False,False,False,0.04876609519124031,other,44
4794,1198,1,1,13,1,23,18,17,False,False,False,0.03776136785745621,other,12
4795,1198,1,7,7,7,18,23,20,True,True,False,0.038391150534152985,correct,0
4796,1199,0,33,13,33,6,10,4,False,False,False,0.050866883248090744,other,20
4797,1199,0,25,35,25,10,6,6,False,False,False,0.0206711757928133,other,10
4798,1199,1,25,13,25,6,10,6,False,False,False,0.02844536118209362,other,12
4799,1199,1,33,10,33,10,6,6,False,False,False,0.05949467793107033,other,23
4800,1200,0,26,13,26,6,15,6,False,False,False,0.04625017195940018,other,13
4801,1200,0,15,15,15,15,6,34,True,True,False,0.04984566196799278,correct,0
4802,1200,1,15,8,15,6,15,6,False,False,False,0.1007363498210907,other,7
4803,1200,1,26,13,26,15,6,17,False,False,False,0.04799463599920273,other,13
4804,1201,0,23,13,23,1,16,6,False,False,False,0.022273577749729156,other,10
4805,1201,0,26,1,26,16,1,31,False,False,False,0.013952669687569141,other,25
4806,1201,1,26,13,26,1,16,6,False,False,False,0.01745542138814926,other,13
4807,1201,1,23,15,23,16,1,6,False,False,False,0.03168051317334175,other,8
4808,1202,0,32,13,32,24,14,6,False,False,False,0.048038724809885025,other,19
4809,1202,0,19,45,19,14,24,7,False,False,False,0.04375214874744415,other,26
4810,1202,1,19,13,19,24,14,6,False,False,False,0.049384865909814835,other,6
4811,1202,1,32,16,32,14,24,22,False,False,False,0.05411940813064575,other,16
4812,1203,0,2,45,2,24,36,22,False,False,False,0.04103332385420799,other,43
4813,1203,0,11,13,11,36,24,6,False,False,False,0.04608364775776863,other,2
4814,1203,1,11,15,11,24,36,5,False,False,False,0.06179942935705185,other,4
4815,1203,1,2,13,2,36,24,17,False,False,False,0.03390847519040108,other,11
4816,1204,0,6,13,6,8,2,6,False,False,False,0.03918365389108658,other,7
4817,1204,0,40,11,40,2,8,26,False,False,False,0.0271966140717268,other,29
4818,1204,1,40,45,40,8,2,17,False,False,False,0.03488260880112648,other,5
4819,1204,1,6,13,6,2,8,6,False,False,False,0.017741575837135315,other,7
4820,1205,0,19,13,19,16,7,6,False,False,False,0.06939376145601273,other,6
4821,1205,0,0,45,0,7,16,6,False,False,False,0.05531357601284981,other,45
4822,1205,1,0,11,0,16,7,27,False,False,False,0.045205481350421906,other,11
4823,1205,1,19,3,19,7,16,6,False,False,False,0.04645175114274025,other,16
4824,1206,0,22,48,22,7,10,6,False,False,False,0.08206421881914139,other,26
4825,1206,0,3,3,3,10,7,17,True,True,False,0.02517753839492798,correct,0
4826,1206,1,3,6,3,7,10,17,False,False,False,0.04197816923260689,other,3
4827,1206,1,22,45,22,10,7,6,False,False,False,0.08014075458049774,other,23
4828,1207,0,14,3,14,36,18,6,False,False,False,0.030717359855771065,other,11
4829,1207,0,23,41,23,18,36,6,False,False,False,0.08448559045791626,other,18
4830,1207,1,23,35,23,36,18,18,False,False,False,0.10253728181123734,other,12
4831,1207,1,14,35,14,18,36,36,False,False,False,0.0373707190155983,other,21
4832,1208,0,7,7,7,24,6,6,True,True,False,0.07209556549787521,correct,0
4833,1208,0,29,15,29,6,24,6,False,False,False,0.03520399332046509,other,14
4834,1208,1,29,2,29,24,6,22,False,False,False,0.03372487425804138,other,27
4835,1208,1,7,7,7,6,24,6,True,True,False,0.07203490287065506,correct,0
4836,1209,0,25,41,25,0,22,6,False,False,False,0.06950303912162781,other,16
4837,1209,0,21,12,21,22,0,6,False,False,False,0.04628917574882507,other,9
4838,1209,1,21,21,21,0,22,6,True,True,False,0.027092469856142998,correct,0
4839,1209,1,25,45,25,22,0,6,False,False,False,0.06788880378007889,other,20
4840,1210,0,24,35,24,31,35,23,False,False,False,0.008067036047577858,other,11
4841,1210,0,45,45,45,35,31,17,True,True,False,0.012576616369187832,correct,0
4842,1210,1,45,35,45,31,35,15,False,False,False,0.01901170425117016,other,10
4843,1210,1,24,35,24,35,31,17,False,False,False,0.007757049519568682,other,11
4844,1211,0,27,29,27,22,18,4,False,False,False,0.022659484297037125,other,2
4845,1211,0,17,35,17,18,22,6,False,False,False,0.04934407398104668,other,18
4846,1211,1,17,12,17,22,18,6,False,False,False,0.05309724062681198,other,5
4847,1211,1,27,13,27,18,22,6,False,False,False,0.024915970861911774,other,14
4848,1212,0,27,35,27,0,14,7,False,False,False,0.008645577356219292,other,8
4849,1212,0,2,3,2,14,0,14,False,False,True,0.021483052521944046,off_by_one,1
4850,1212,1,2,10,2,0,14,17,False,False,False,0.022197183221578598,other,8
4851,1212,1,27,0,27,14,0,14,False,False,False,0.010230234824120998,other,27
4852,1213,0,20,13,20,15,16,17,False,False,False,0.02552078291773796,other,7
4853,1213,0,45,35,45,16,15,39,False,False,False,0.010660266503691673,other,10
4854,1213,1,45,35,45,15,16,7,False,False,False,0.010653064586222172,other,10
4855,1213,1,20,3,20,16,15,23,False,False,False,0.025428274646401405,other,17
4856,1214,0,5,7,5,14,16,15,False,False,False,0.025300096720457077,other,2
4857,1214,0,44,35,44,16,14,17,False,False,False,0.013619731180369854,other,9
4858,1214,1,44,10,44,14,16,27,False,False,False,0.007117542438209057,other,34
4859,1214,1,5,41,5,16,14,17,False,False,False,0.026173027232289314,other,36
4860,1215,0,16,15,16,16,6,12,False,False,True,0.04739895462989807,off_by_one,1
4861,1215,0,38,13,38,6,16,6,False,False,False,0.032599203288555145,other,25
4862,1215,1,38,13,38,16,6,6,False,False,False,0.017484871670603752,other,25
4863,1215,1,16,8,16,6,16,6,False,False,False,0.05671574920415878,other,8
4864,1216,0,37,0,37,7,17,17,False,False,False,0.016738340258598328,other,37
4865,1216,0,26,35,26,17,7,15,False,False,False,0.019336458295583725,other,9
4866,1216,1,26,35,26,7,17,16,False,False,False,0.0055550276301801205,other,9
4867,1216,1,37,36,37,17,7,17,False,False,True,0.016816269606351852,off_by_one,1
4868,1217,0,2,13,2,6,7,17,False,False,False,0.07172491401433945,other,11
4869,1217,0,19,8,19,7,6,5,False,False,False,0.08117154240608215,other,11
4870,1217,1,19,13,19,6,7,6,False,False,False,0.06324009597301483,other,6
4871,1217,1,2,10,2,7,6,6,False,False,False,0.0807354673743248,other,8
4872,1218,0,43,11,43,6,18,6,False,False,False,0.06355812400579453,other,32
4873,1218,0,6,13,6,18,6,6,False,False,False,0.21643292903900146,other,7
4874,1218,1,6,13,6,6,18,6,False,False,False,0.19284839928150177,other,7
4875,1218,1,43,45,43,18,6,6,False,False,False,0.07056614756584167,other,2
4876,1219,0,20,6,20,17,14,17,False,False,False,0.030327478423714638,other,14
4877,1219,0,27,45,27,14,17,32,False,False,False,0.029926741495728493,other,18
4878,1219,1,27,13,27,17,14,15,False,False,False,0.03072820045053959,other,14
4879,1219,1,20,36,20,14,17,0,False,False,False,0.018313853070139885,other,16
4880,1220,0,34,13,34,12,13,6,False,False,False,0.03347165882587433,other,21
4881,1220,0,29,8,29,13,12,22,False,False,False,0.06204008683562279,other,21
4882,1220,1,29,35,29,12,13,6,False,False,False,0.0358511321246624,other,6
4883,1220,1,34,47,34,13,12,6,False,False,False,0.022116392850875854,other,13
4884,1221,0,5,41,5,15,16,7,False,False,False,0.05888837203383446,other,36
4885,1221,0,41,10,41,16,15,22,False,False,False,0.1254742443561554,other,31
4886,1221,1,41,41,41,15,16,6,True,True,False,0.10856851935386658,correct,0
4887,1221,1,5,16,5,16,15,25,False,False,False,0.05561423674225807,other,11
4888,1222,0,45,24,45,0,16,17,False,False,False,0.009485847316682339,other,21
4889,1222,0,44,35,44,16,0,15,False,False,False,0.011004684492945671,other,9
4890,1222,1,44,35,44,0,16,17,False,False,False,0.01325912680476904,other,9
4891,1222,1,45,35,45,16,0,27,False,False,False,0.012012735940515995,other,10
4892,1223,0,31,8,31,6,15,6,False,False,False,0.08134685456752777,other,23
4893,1223,0,6,13,6,15,6,6,False,False,False,0.0964839980006218,other,7
4894,1223,1,6,10,6,6,15,6,False,False,False,0.07416722178459167,other,4
4895,1223,1,31,13,31,15,6,4,False,False,False,0.05580434203147888,other,18
4896,1224,0,48,48,48,8,15,6,True,True,False,0.02398090250790119,correct,0
4897,1224,0,32,10,32,15,8,18,False,False,False,0.01420618500560522,other,22
4898,1224,1,32,13,32,8,15,17,False,False,False,0.01088650245219469,other,19
4899,1224,1,48,11,48,15,8,7,False,False,False,0.020482568070292473,other,37
4900,1225,0,27,6,27,14,27,17,False,False,False,0.02502203918993473,other,21
4901,1225,0,1,45,1,27,14,33,False,False,False,0.012801650911569595,other,44
4902,1225,1,1,10,1,14,27,6,False,False,False,0.02148279920220375,other,9
4903,1225,1,27,13,27,27,14,6,False,False,False,0.01818549633026123,other,14
4904,1226,0,31,3,31,38,18,27,False,False,False,0.03221643716096878,other,28
4905,1226,0,11,13,11,18,38,17,False,False,False,0.057193875312805176,other,2
4906,1226,1,11,8,11,38,18,6,False,False,False,0.062372736632823944,other,3
4907,1226,1,31,13,31,18,38,7,False,False,False,0.028401393443346024,other,18
4908,1227,0,5,34,5,7,16,6,False,False,False,0.0391404815018177,other,29
4909,1227,0,2,35,2,16,7,17,False,False,False,0.05829554796218872,other,33
4910,1227,1,2,45,2,7,16,6,False,False,False,0.06619203835725784,other,43
4911,1227,1,5,41,5,16,7,7,False,False,False,0.03962348774075508,other,36
4912,1228,0,18,35,18,7,6,7,False,False,False,0.05488913133740425,other,17
4913,1228,0,23,15,23,6,7,24,False,False,False,0.14595305919647217,other,8
4914,1228,1,23,13,23,7,6,17,False,False,False,0.19605879485607147,other,10
4915,1228,1,18,8,18,6,7,6,False,False,False,0.07447459548711777,other,10
4916,1229,0,26,13,26,8,11,6,False,False,False,0.05197013169527054,other,13
4917,1229,0,33,16,33,11,8,22,False,False,False,0.08219840377569199,other,17
4918,1229,1,33,13,33,8,11,6,False,False,False,0.051343876868486404,other,20
4919,1229,1,26,10,26,11,8,6,False,False,False,0.03363847732543945,other,16
4920,1230,0,27,0,27,0,6,15,False,False,False,0.05584557726979256,other,27
4921,1230,0,28,29,28,6,0,4,False,False,True,0.015398410148918629,off_by_one,1
4922,1230,1,28,13,28,0,6,17,False,False,False,0.021095292642712593,other,15
4923,1230,1,27,45,27,6,0,22,False,False,False,0.07930255681276321,other,18
4924,1231,0,15,35,15,18,36,6,False,False,False,0.00825478695333004,other,20
4925,1231,0,22,22,22,36,18,16,True,True,False,0.007798245642334223,correct,0
4926,1231,1,22,22,22,18,36,18,True,True,False,0.007153910119086504,correct,0
4927,1231,1,15,35,15,36,18,7,False,False,False,0.007836513221263885,other,20
4928,1232,0,23,24,23,20,12,6,False,False,True,0.02113923244178295,off_by_one,1
4929,1232,0,37,45,37,12,20,6,False,False,False,0.017436116933822632,other,8
4930,1232,1,37,35,37,20,12,9,False,False,False,0.01881180703639984,other,2
4931,1232,1,23,35,23,12,20,6,False,False,False,0.021388642489910126,other,12
4932,1233,0,11,13,11,15,25,17,False,False,False,0.04335055872797966,other,2
4933,1233,0,41,8,41,25,15,15,False,False,False,0.06065921112895012,other,33
4934,1233,1,41,41,41,15,25,6,True,True,False,0.05970287322998047,correct,0
4935,1233,1,11,15,11,25,15,18,False,False,False,0.04485437646508217,other,4
4936,1234,0,44,13,44,14,23,17,False,False,False,0.015844279900193214,other,31
4937,1234,0,3,45,3,23,14,6,False,False,False,0.0382651761174202,other,42
4938,1234,1,3,46,3,14,23,14,False,False,False,0.01905164122581482,other,43
4939,1234,1,44,35,44,23,14,37,False,False,False,0.014034433290362358,other,9
4940,1235,0,45,45,45,8,11,6,True,True,False,0.013322384096682072,correct,0
4941,1235,0,27,11,27,11,8,34,False,False,False,0.019534561783075333,other,16
4942,1235,1,27,13,27,8,11,6,False,False,False,0.015392465516924858,other,14
4943,1235,1,45,15,45,11,8,18,False,False,False,0.01761442795395851,other,30
4944,1236,0,31,8,31,7,24,18,False,False,False,0.11430694907903671,other,23
4945,1236,0,48,13,48,24,7,7,False,False,False,0.07366544008255005,other,35
4946,1236,1,48,8,48,7,24,6,False,False,False,0.11640651524066925,other,40
4947,1236,1,31,13,31,24,7,6,False,False,False,0.07688729465007782,other,18
4948,1237,0,32,12,32,22,18,18,False,False,False,0.025722062215209007,other,20
4949,1237,0,6,13,6,18,22,6,False,False,False,0.037921689450740814,other,7
4950,1237,1,6,13,6,22,18,6,False,False,False,0.05567886307835579,other,7
4951,1237,1,32,8,32,18,22,6,False,False,False,0.02186591736972332,other,24
4952,1238,0,6,35,6,17,14,17,False,False,False,0.0162640530616045,other,29
4953,1238,0,42,42,42,14,17,23,True,True,False,0.05470503494143486,correct,0
4954,1238,1,42,42,42,17,14,7,True,True,False,0.047897759824991226,correct,0
4955,1238,1,6,35,6,14,17,16,False,False,False,0.008978580124676228,other,29
4956,1239,0,31,48,31,2,6,6,False,False,False,0.012722570449113846,other,17
4957,1239,0,36,36,36,6,2,6,True,True,False,0.013125854544341564,correct,0
4958,1239,1,36,10,36,2,6,6,False,False,False,0.011081443168222904,other,26
4959,1239,1,31,48,31,6,2,6,False,False,False,0.01619308814406395,other,17
4960,1240,0,32,16,32,16,18,22,False,False,False,0.08613907545804977,other,16
4961,1240,0,40,13,40,18,16,17,False,False,False,0.03798801824450493,other,27
4962,1240,1,40,10,40,16,18,6,False,False,False,0.0369812473654747,other,30
4963,1240,1,32,13,32,18,16,6,False,False,False,0.057824019342660904,other,19
4964,1241,0,23,25,23,8,14,17,False,False,False,0.15949603915214539,other,2
4965,1241,0,43,12,43,14,8,7,False,False,False,0.04889311641454697,other,31
4966,1241,1,43,13,43,8,14,6,False,False,False,0.052508026361465454,other,30
4967,1241,1,23,8,23,14,8,12,False,False,False,0.12060800939798355,other,15
4968,1242,0,17,3,17,19,6,8,False,False,False,0.00855490192770958,other,14
4969,1242,0,33,13,33,6,19,6,False,False,False,0.027788734063506126,other,20
4970,1242,1,33,3,33,19,6,15,False,False,False,0.03183723986148834,other,30
4971,1242,1,17,3,17,6,19,6,False,False,False,0.008611061610281467,other,14
4972,1243,0,11,13,11,0,14,6,False,False,False,0.020755697041749954,other,2
4973,1243,0,16,15,16,14,0,12,False,False,True,0.03035271354019642,off_by_one,1
4974,1243,1,16,15,16,0,14,6,False,False,True,0.03408968448638916,off_by_one,1
4975,1243,1,11,13,11,14,0,17,False,False,False,0.03151090070605278,other,2
4976,1244,0,37,13,37,4,2,6,False,False,False,0.02172473818063736,other,24
4977,1244,0,11,25,11,2,4,6,False,False,False,0.06694447994232178,other,14
4978,1244,1,11,13,11,4,2,6,False,False,False,0.06185939162969589,other,2
4979,1244,1,37,45,37,2,4,6,False,False,False,0.014007089659571648,other,8
4980,1245,0,22,22,22,17,27,17,True,True,False,0.02795354276895523,correct,0
4981,1245,0,39,0,39,27,17,38,False,False,False,0.016033222898840904,other,39
4982,1245,1,39,13,39,17,27,17,False,False,False,0.02123304083943367,other,26
4983,1245,1,22,22,22,27,17,22,True,True,False,0.045960433781147,correct,0
4984,1246,0,23,35,23,23,21,32,False,False,False,0.010980214923620224,other,12
4985,1246,0,12,13,12,21,23,17,False,False,True,0.04204579442739487,off_by_one,1
4986,1246,1,12,11,12,23,21,6,False,False,True,0.04511428251862526,off_by_one,1
4987,1246,1,23,13,23,21,23,6,False,False,False,0.011551037430763245,other,10
4988,1247,0,11,12,11,14,15,34,False,False,True,0.04112454131245613,off_by_one,1
4989,1247,0,25,13,25,15,14,6,False,False,False,0.02699657715857029,other,12
4990,1247,1,25,15,25,14,15,34,False,False,False,0.03089788183569908,other,10
4991,1247,1,11,6,11,15,14,17,False,False,False,0.040449243038892746,other,5
4992,1248,0,5,13,5,26,16,7,False,False,False,0.11155090481042862,other,8
4993,1248,0,20,16,20,16,26,22,False,False,False,0.0837903693318367,other,4
4994,1248,1,20,13,20,26,16,4,False,False,False,0.07249053567647934,other,7
4995,1248,1,5,7,5,16,26,6,False,False,False,0.06583548337221146,other,2
4996,1249,0,4,13,4,24,38,17,False,False,False,0.007836047559976578,other,9
4997,1249,0,46,35,46,38,24,39,False,False,False,0.05169795826077461,other,11
4998,1249,1,46,29,46,24,38,6,False,False,False,0.05293446406722069,other,17
4999,1249,1,4,35,4,38,24,17,False,False,False,0.012547977268695831,other,31
5000,1250,0,37,13,37,18,27,6,False,False,False,0.03187770023941994,other,24
5001,1250,0,12,9,12,27,18,34,False,False,False,0.03335852921009064,other,3
5002,1250,1,12,11,12,18,27,18,False,False,True,0.034030646085739136,off_by_one,1
5003,1250,1,37,46,37,27,18,28,False,False,False,0.023892028257250786,other,9
5004,1251,0,37,13,37,6,16,6,False,False,False,0.019405046477913857,other,24
5005,1251,0,27,45,27,16,6,34,False,False,False,0.02722206525504589,other,18
5006,1251,1,27,45,27,6,16,6,False,False,False,0.023047158494591713,other,18
5007,1251,1,37,12,37,16,6,15,False,False,False,0.014941698871552944,other,25
5008,1252,0,34,13,34,4,2,6,False,False,False,0.030759302899241447,other,21
5009,1252,0,1,25,1,2,4,22,False,False,False,0.09444399178028107,other,24
5010,1252,1,1,13,1,4,2,6,False,False,False,0.07952550053596497,other,12
5011,1252,1,34,15,34,2,4,18,False,False,False,0.036103375256061554,other,19
5012,1253,0,14,35,14,0,6,15,False,False,False,0.02388605661690235,other,21
5013,1253,0,40,13,40,6,0,6,False,False,False,0.018036724999547005,other,27
5014,1253,1,40,13,40,0,6,6,False,False,False,0.02412402257323265,other,27
5015,1253,1,14,45,14,6,0,6,False,False,False,0.05027318373322487,other,31
5016,1254,0,38,13,38,26,18,4,False,False,False,0.011689878068864346,other,25
5017,1254,0,24,15,24,18,26,6,False,False,False,0.024845285341143608,other,9
5018,1254,1,24,13,24,26,18,6,False,False,False,0.019303426146507263,other,11
5019,1254,1,38,45,38,18,26,8,False,False,False,0.005771305877715349,other,7
5020,1255,0,38,13,38,13,2,6,False,False,False,0.019984591752290726,other,25
5021,1255,0,39,10,39,2,13,36,False,False,False,0.026623202487826347,other,29
5022,1255,1,39,13,39,13,2,6,False,False,False,0.019245266914367676,other,26
5023,1255,1,38,10,38,2,13,6,False,False,False,0.02322278916835785,other,28
5024,1256,0,32,0,32,33,34,15,False,False,False,0.006722752936184406,other,32
5025,1256,0,24,13,24,34,33,30,False,False,False,0.015925977379083633,other,11
5026,1256,1,24,35,24,33,34,15,False,False,False,0.011725980788469315,other,11
5027,1256,1,32,13,32,34,33,17,False,False,False,0.007567818742245436,other,19
5028,1257,0,12,16,12,16,6,22,False,False,False,0.07391392439603806,other,4
5029,1257,0,43,13,43,6,16,6,False,False,False,0.04979358986020088,other,30
5030,1257,1,43,12,43,16,6,6,False,False,False,0.06649743765592575,other,31
5031,1257,1,12,13,12,6,16,6,False,False,True,0.07335957884788513,off_by_one,1
5032,1258,0,44,35,44,6,14,6,False,False,False,0.015868738293647766,other,9
5033,1258,0,1,10,1,14,6,15,False,False,False,0.06654221564531326,other,9
5034,1258,1,1,45,1,6,14,6,False,False,False,0.059368815273046494,other,44
5035,1258,1,44,13,44,14,6,17,False,False,False,0.016570575535297394,other,31
5036,1259,0,34,24,34,7,25,25,False,False,False,0.020132752135396004,other,10
5037,1259,0,39,13,39,25,7,15,False,False,False,0.01994488388299942,other,26
5038,1259,1,39,3,39,7,25,17,False,False,False,0.01860608160495758,other,36
5039,1259,1,34,34,34,25,7,6,True,True,False,0.023639537394046783,correct,0
5040,1260,0,9,3,9,15,18,17,False,False,False,0.020719606429338455,other,6
5041,1260,0,21,21,21,18,15,18,True,True,False,0.088278628885746,correct,0
5042,1260,1,21,11,21,15,18,8,False,False,False,0.11464560031890869,other,10
5043,1260,1,9,13,9,18,15,7,False,False,False,0.02671428769826889,other,4
5044,1261,0,12,10,12,19,8,18,False,False,False,0.04658310487866402,other,2
5045,1261,0,28,3,28,8,19,20,False,False,False,0.0066535985097289085,other,25
5046,1261,1,28,13,28,19,8,17,False,False,False,0.02399737760424614,other,15
5047,1261,1,12,8,12,8,19,22,False,False,False,0.05608765780925751,other,4
5048,1262,0,26,35,26,15,14,15,False,False,False,0.01081730704754591,other,9
5049,1262,0,11,10,11,14,15,14,False,False,True,0.029920969158411026,off_by_one,1
5050,1262,1,11,3,11,15,14,14,False,False,False,0.029737630859017372,other,8
5051,1262,1,26,35,26,14,15,8,False,False,False,0.010536120273172855,other,9
5052,1263,0,31,13,31,30,29,6,False,False,False,0.047355227172374725,other,18
5053,1263,0,9,45,9,29,30,6,False,False,False,0.030905209481716156,other,36
5054,1263,1,9,13,9,30,29,6,False,False,False,0.02643197774887085,other,4
5055,1263,1,31,13,31,29,30,6,False,False,False,0.05803615599870682,other,18
5056,1264,0,16,15,16,16,18,24,False,False,True,0.11740927398204803,off_by_one,1
5057,1264,0,13,13,13,18,16,6,True,True,False,0.03850185498595238,correct,0
5058,1264,1,13,45,13,16,18,18,False,False,False,0.044528353959321976,other,32
5059,1264,1,16,41,16,18,16,6,False,False,False,0.11145520210266113,other,25
5060,1265,0,6,35,6,20,12,6,False,False,False,0.03496875613927841,other,29
5061,1265,0,32,13,32,12,20,6,False,False,False,0.03347261995077133,other,19
5062,1265,1,32,10,32,20,12,18,False,False,False,0.024721059948205948,other,22
5063,1265,1,6,13,6,12,20,4,False,False,False,0.04851960018277168,other,7
5064,1266,0,23,15,23,14,6,32,False,False,False,0.0586201474070549,other,8
5065,1266,0,33,13,33,6,14,6,False,False,False,0.02364589087665081,other,20
5066,1266,1,33,10,33,14,6,8,False,False,False,0.02477656491100788,other,23
5067,1266,1,23,41,23,6,14,6,False,False,False,0.05043882504105568,other,18
5068,1267,0,40,13,40,15,7,17,False,False,False,0.03513116389513016,other,27
5069,1267,0,20,13,20,7,15,6,False,False,False,0.08174505829811096,other,7
5070,1267,1,20,3,20,15,7,20,False,False,False,0.05347621813416481,other,17
5071,1267,1,40,35,40,7,15,17,False,False,False,0.019672956317663193,other,5
5072,1268,0,3,13,3,17,14,6,False,False,False,0.021207893267273903,other,10
5073,1268,0,8,8,8,14,17,6,True,True,False,0.03638647496700287,correct,0
5074,1268,1,8,8,8,17,14,6,True,True,False,0.02054441347718239,correct,0
5075,1268,1,3,13,3,14,17,7,False,False,False,0.02361379563808441,other,10
5076,1269,0,41,41,41,15,24,6,True,True,False,0.10829121619462967,correct,0
5077,1269,0,6,15,6,24,15,33,False,False,False,0.055372461676597595,other,9
5078,1269,1,6,13,6,15,24,6,False,False,False,0.05040712282061577,other,7
5079,1269,1,41,15,41,24,15,22,False,False,False,0.09092175215482712,other,26
5080,1270,0,29,13,29,6,7,6,False,False,False,0.026493381708860397,other,16
5081,1270,0,15,15,15,7,6,6,True,True,False,0.06045849993824959,correct,0
5082,1270,1,15,13,15,6,7,6,False,False,False,0.056325290352106094,other,2
5083,1270,1,29,15,29,7,6,6,False,False,False,0.0421270877122879,other,14
5084,1271,0,26,13,26,0,2,6,False,False,False,0.051025278866291046,other,13
5085,1271,0,31,24,31,2,0,6,False,False,False,0.05945409834384918,other,7
5086,1271,1,31,10,31,0,2,19,False,False,False,0.05747240036725998,other,21
5087,1271,1,26,35,26,2,0,6,False,False,False,0.06293706595897675,other,9
5088,1272,0,42,42,42,18,7,6,True,True,False,0.05173741653561592,correct,0
5089,1272,0,36,13,36,7,18,17,False,False,False,0.015328259207308292,other,23
5090,1272,1,36,13,36,18,7,17,False,False,False,0.020208699628710747,other,23
5091,1272,1,42,7,42,7,18,6,False,False,False,0.03995196521282196,other,35
5092,1273,0,16,5,16,19,8,36,False,False,False,0.12122010439634323,other,11
5093,1273,0,17,45,17,8,19,8,False,False,False,0.057597097009420395,other,28
5094,1273,1,17,13,17,19,8,6,False,False,False,0.0530213862657547,other,4
5095,1273,1,16,15,16,8,19,6,False,False,True,0.1444191187620163,off_by_one,1
5096,1274,0,18,32,18,20,15,6,False,False,False,0.029852624982595444,other,14
5097,1274,0,34,13,34,15,20,6,False,False,False,0.04064301773905754,other,21
5098,1274,1,34,34,34,20,15,6,True,True,False,0.03234229236841202,correct,0
5099,1274,1,18,32,18,15,20,6,False,False,False,0.01847211644053459,other,14
5100,1275,0,12,3,12,20,38,19,False,False,False,0.016505300998687744,other,9
5101,1275,0,1,11,1,38,20,7,False,False,False,0.008313741534948349,other,10
5102,1275,1,1,13,1,20,38,17,False,False,False,0.006292602978646755,other,12
5103,1275,1,12,28,12,38,20,38,False,False,False,0.025072718039155006,other,16
5104,1276,0,11,11,11,14,16,16,True,True,False,0.01832517236471176,correct,0
5105,1276,0,41,41,41,16,14,7,True,True,False,0.027480188757181168,correct,0
5106,1276,1,41,41,41,14,16,27,True,True,False,0.04631119966506958,correct,0
5107,1276,1,11,29,11,16,14,16,False,False,False,0.018409976735711098,other,18
5108,1277,0,17,13,17,26,7,6,False,False,False,0.05988556519150734,other,4
5109,1277,0,33,11,33,7,26,6,False,False,False,0.06988518685102463,other,22
5110,1277,1,33,13,33,26,7,6,False,False,False,0.06372072547674179,other,20
5111,1277,1,17,10,17,7,26,6,False,False,False,0.06409183889627457,other,7
5112,1278,0,22,22,22,15,14,30,True,True,False,0.017726682126522064,correct,0
5113,1278,0,37,3,37,14,15,17,False,False,False,0.005435905419290066,other,34
5114,1278,1,37,3,37,15,14,17,False,False,False,0.007211578544229269,other,34
5115,1278,1,22,35,22,14,15,0,False,False,False,0.021961774677038193,other,13
5116,1279,0,18,9,18,27,7,6,False,False,False,0.0446518212556839,other,9
5117,1279,0,39,13,39,7,27,6,False,False,False,0.02254984900355339,other,26
5118,1279,1,39,13,39,27,7,7,False,False,False,0.030947865918278694,other,26
5119,1279,1,18,8,18,7,27,18,False,False,False,0.06882596015930176,other,10
5120,1280,0,24,35,24,20,16,7,False,False,False,0.016058510169386864,other,11
5121,1280,0,34,35,34,16,20,17,False,False,True,0.015752321109175682,off_by_one,1
5122,1280,1,34,7,34,20,16,6,False,False,False,0.01536983996629715,other,27
5123,1280,1,24,35,24,16,20,32,False,False,False,0.01113834697753191,other,11
5124,1281,0,2,8,2,18,24,6,False,False,False,0.02888238988816738,other,6
5125,1281,0,5,5,5,24,18,26,True,True,False,0.0358111709356308,correct,0
5126,1281,1,5,7,5,18,24,6,False,False,False,0.04145717993378639,other,2
5127,1281,1,2,8,2,24,18,6,False,False,False,0.03565994277596474,other,6
5128,1282,0,36,45,36,4,7,6,False,False,False,0.035158921033144,other,9
5129,1282,0,4,35,4,7,4,18,False,False,False,0.010872645303606987,other,31
5130,1282,1,4,35,4,4,7,6,False,False,False,0.015523078851401806,other,31
5131,1282,1,36,3,36,7,4,19,False,False,False,0.031062304973602295,other,33
5132,1283,0,35,35,35,17,16,16,True,True,False,0.016550226137042046,correct,0
5133,1283,0,15,35,15,16,17,16,False,False,False,0.061051350086927414,other,20
5134,1283,1,15,16,15,17,16,31,False,False,True,0.04101260378956795,off_by_one,1
5135,1283,1,35,35,35,16,17,16,True,True,False,0.016713380813598633,correct,0
5136,1284,0,17,13,17,31,6,17,False,False,False,0.043380919843912125,other,4
5137,1284,0,22,10,22,6,31,6,False,False,False,0.06880200654268265,other,12
5138,1284,1,22,13,22,31,6,6,False,False,False,0.07777716219425201,other,9
5139,1284,1,17,24,17,6,31,6,False,False,False,0.048419754952192307,other,7
5140,1285,0,11,45,11,7,14,6,False,False,False,0.01896660029888153,other,34
5141,1285,0,5,7,5,14,7,7,False,False,False,0.03748323395848274,other,2
5142,1285,1,5,13,5,7,14,7,False,False,False,0.05399003252387047,other,8
5143,1285,1,11,8,11,14,7,22,False,False,False,0.02833712287247181,other,3
5144,1286,0,24,15,24,1,6,32,False,False,False,0.05372815951704979,other,9
5145,1286,0,35,35,35,6,1,6,True,True,False,0.04995615780353546,correct,0
5146,1286,1,35,13,35,1,6,17,False,False,False,0.031990520656108856,other,22
5147,1286,1,24,8,24,6,1,6,False,False,False,0.08910293877124786,other,16
5148,1287,0,3,13,3,2,1,6,False,False,False,0.035052135586738586,other,10
5149,1287,0,15,11,15,1,2,22,False,False,False,0.04874616488814354,other,4
5150,1287,1,15,0,15,2,1,6,False,False,False,0.049831412732601166,other,15
5151,1287,1,3,13,3,1,2,17,False,False,False,0.04884397238492966,other,10
5152,1288,0,1,25,1,15,7,22,False,False,False,0.02629413828253746,other,24
5153,1288,0,34,13,34,7,15,7,False,False,False,0.03474004939198494,other,21
5154,1288,1,34,13,34,15,7,6,False,False,False,0.029314063489437103,other,21
5155,1288,1,1,8,1,7,15,6,False,False,False,0.030678411945700645,other,7
5156,1289,0,18,24,18,24,30,18,False,False,False,0.01821550354361534,other,6
5157,1289,0,32,45,32,30,24,6,False,False,False,0.015259366482496262,other,13
5158,1289,1,32,3,32,24,30,6,False,False,False,0.01153482124209404,other,29
5159,1289,1,18,48,18,30,24,4,False,False,False,0.008086959831416607,other,30
5160,1290,0,4,13,4,6,1,6,False,False,False,0.011659559793770313,other,9
5161,1290,0,46,45,46,1,6,15,False,False,True,0.037335775792598724,off_by_one,1
5162,1290,1,46,13,46,6,1,6,False,False,False,0.025128746405243874,other,33
5163,1290,1,4,35,4,1,6,1,False,False,False,0.007160535082221031,other,31
5164,1291,0,11,15,11,0,7,6,False,False,False,0.025572597980499268,other,4
5165,1291,0,22,13,22,7,0,6,False,False,False,0.0457809641957283,other,9
5166,1291,1,22,2,22,0,7,16,False,False,False,0.04816482961177826,other,20
5167,1291,1,11,13,11,7,0,7,False,False,False,0.0281524620950222,other,2
5168,1292,0,20,16,20,14,15,18,False,False,False,0.046684809029102325,other,4
5169,1292,0,34,13,34,15,14,7,False,False,False,0.03733019158244133,other,21
5170,1292,1,34,13,34,14,15,7,False,False,False,0.0255450252443552,other,21
5171,1292,1,20,8,20,15,14,6,False,False,False,0.02766265906393528,other,12
5172,1293,0,39,3,39,2,7,6,False,False,False,0.020041104406118393,other,36
5173,1293,0,37,3,37,7,2,6,False,False,False,0.011956270784139633,other,34
5174,1293,1,37,3,37,2,7,6,False,False,False,0.007614754140377045,other,34
5175,1293,1,39,21,39,7,2,15,False,False,False,0.0125292232260108,other,18
5176,1294,0,40,3,40,27,16,28,False,False,False,0.02226145751774311,other,37
5177,1294,0,25,35,25,16,27,16,False,False,False,0.02429243177175522,other,10
5178,1294,1,25,15,25,27,16,7,False,False,False,0.01716078259050846,other,10
5179,1294,1,40,13,40,16,27,6,False,False,False,0.018818514421582222,other,27
5180,1295,0,28,28,28,19,8,10,True,True,False,0.01280598808079958,correct,0
5181,1295,0,33,3,33,8,19,7,False,False,False,0.015369894914329052,other,30
5182,1295,1,33,12,33,19,8,8,False,False,False,0.016393132507801056,other,21
5183,1295,1,28,13,28,8,19,4,False,False,False,0.018665704876184464,other,15
5184,1296,0,30,30,30,7,18,6,True,True,False,0.08172623813152313,correct,0
5185,1296,0,6,13,6,18,7,6,False,False,False,0.04663398116827011,other,7
5186,1296,1,6,45,6,7,18,17,False,False,False,0.04438033699989319,other,39
5187,1296,1,30,15,30,18,7,6,False,False,False,0.05110259726643562,other,15
5188,1297,0,3,36,3,0,15,38,False,False,False,0.02291950397193432,other,33
5189,1297,0,43,36,43,15,0,16,False,False,False,0.008633648976683617,other,7
5190,1297,1,43,3,43,0,15,38,False,False,False,0.009608260355889797,other,40
5191,1297,1,3,2,3,15,0,17,False,False,True,0.025190722197294235,off_by_one,1
5192,1298,0,39,0,39,27,17,16,False,False,False,0.009515470825135708,other,39
5193,1298,0,28,28,28,17,27,2,True,True,False,0.07722592353820801,correct,0
5194,1298,1,28,15,28,27,17,22,False,False,False,0.06073296070098877,other,13
5195,1298,1,39,13,39,17,27,17,False,False,False,0.030959727242588997,other,26
5196,1299,0,37,31,37,7,17,17,False,False,False,0.0077825877815485,other,6
5197,1299,0,47,0,47,17,7,28,False,False,False,0.0068224030546844006,other,47
5198,1299,1,47,28,47,7,17,15,False,False,False,0.007649306673556566,other,19
5199,1299,1,37,0,37,17,7,17,False,False,False,0.005801394581794739,other,37
5200,1300,0,26,13,26,24,27,6,False,False,False,0.02688496932387352,other,13
5201,1300,0,25,8,25,27,24,12,False,False,False,0.05546040087938309,other,17
5202,1300,1,25,35,25,24,27,6,False,False,False,0.0601072758436203,other,10
5203,1300,1,26,35,26,27,24,16,False,False,False,0.018546028062701225,other,9
5204,1301,0,17,3,17,6,20,2,False,False,False,0.030769208446145058,other,14
5205,1301,0,46,3,46,20,6,6,False,False,False,0.027908235788345337,other,43
5206,1301,1,46,13,46,6,20,6,False,False,False,0.0284285731613636,other,33
5207,1301,1,17,12,17,20,6,6,False,False,False,0.04717760533094406,other,5
5208,1302,0,13,13,13,2,1,18,True,True,False,0.018574785441160202,correct,0
5209,1302,0,48,0,48,1,2,1,False,False,False,0.03623424842953682,other,48
5210,1302,1,48,48,48,2,1,6,True,True,False,0.029136482626199722,correct,0
5211,1302,1,13,10,13,1,2,1,False,False,False,0.030339475721120834,other,3
5212,1303,0,17,3,17,17,16,0,False,False,False,0.006185004021972418,other,14
5213,1303,0,34,35,34,16,17,0,False,False,True,0.008973261341452599,off_by_one,1
5214,1303,1,34,35,34,17,16,17,False,False,True,0.015486189164221287,off_by_one,1
5215,1303,1,17,12,17,16,17,15,False,False,False,0.012872091494500637,other,5
5216,1304,0,30,8,30,9,8,6,False,False,False,0.07633773982524872,other,22
5217,1304,0,20,13,20,8,9,6,False,False,False,0.058626167476177216,other,7
5218,1304,1,20,8,20,9,8,5,False,False,False,0.11200833320617676,other,12
5219,1304,1,30,13,30,8,9,6,False,False,False,0.07245855778455734,other,17
5220,1305,0,16,5,16,26,18,6,False,False,False,0.02657039277255535,other,11
5221,1305,0,40,45,40,18,26,21,False,False,False,0.02384064719080925,other,5
5222,1305,1,40,13,40,26,18,15,False,False,False,0.025846073403954506,other,27
5223,1305,1,16,16,16,18,26,20,True,True,False,0.03447016701102257,correct,0
5224,1306,0,39,13,39,6,5,6,False,False,False,0.015007770620286465,other,26
5225,1306,0,41,41,41,5,6,22,True,True,False,0.12868928909301758,correct,0
5226,1306,1,41,41,41,6,5,6,True,True,False,0.18202582001686096,correct,0
5227,1306,1,39,13,39,5,6,4,False,False,False,0.014286358840763569,other,26
5228,1307,0,5,41,5,39,7,6,False,False,False,0.15610092878341675,other,36
5229,1307,0,19,35,19,7,39,8,False,False,False,0.038409411907196045,other,16
5230,1307,1,19,13,19,39,7,6,False,False,False,0.04467540606856346,other,6
5231,1307,1,5,41,5,7,39,14,False,False,False,0.12217748910188675,other,36
5232,1308,0,36,13,36,34,31,6,False,False,False,0.018120577558875084,other,23
5233,1308,0,42,15,42,31,34,34,False,False,False,0.21747924387454987,other,27
5234,1308,1,42,42,42,34,31,6,True,True,False,0.2134411633014679,correct,0
5235,1308,1,36,29,36,31,34,28,False,False,False,0.015564163215458393,other,7
5236,1309,0,40,13,40,7,1,17,False,False,False,0.014638295397162437,other,27
5237,1309,0,42,42,42,1,7,34,True,True,False,0.0431983545422554,correct,0
5238,1309,1,42,42,42,7,1,6,True,True,False,0.03559763357043266,correct,0
5239,1309,1,40,48,40,1,7,17,False,False,False,0.012323876842856407,other,8
5240,1310,0,32,13,32,26,36,8,False,False,False,0.02121087722480297,other,19
5241,1310,0,31,36,31,36,26,6,False,False,False,0.050222430378198624,other,5
5242,1310,1,31,13,31,26,36,6,False,False,False,0.05839892849326134,other,18
5243,1310,1,32,45,32,36,26,18,False,False,False,0.016314571723341942,other,13
5244,1311,0,6,13,6,7,18,15,False,False,False,0.11653752624988556,other,7
5245,1311,0,34,34,34,18,7,35,True,True,False,0.023752054199576378,correct,0
5246,1311,1,34,24,34,7,18,0,False,False,False,0.019376546144485474,other,10
5247,1311,1,6,6,6,18,7,6,True,True,False,0.11860264837741852,correct,0
5248,1312,0,18,29,18,16,14,15,False,False,False,0.03770911693572998,other,11
5249,1312,0,6,35,6,14,16,15,False,False,False,0.042240727692842484,other,29
5250,1312,1,6,13,6,16,14,6,False,False,False,0.03502294421195984,other,7
5251,1312,1,18,15,18,14,16,34,False,False,False,0.042334601283073425,other,3
5252,1313,0,44,13,44,24,6,6,False,False,False,0.01800556480884552,other,31
5253,1313,0,21,12,21,6,24,6,False,False,False,0.08213192969560623,other,9
5254,1313,1,21,21,21,24,6,6,True,True,False,0.07371219992637634,correct,0
5255,1313,1,44,13,44,6,24,6,False,False,False,0.023154759779572487,other,31
5256,1314,0,8,8,8,14,24,18,True,True,False,0.10214250534772873,correct,0
5257,1314,0,6,13,6,24,14,6,False,False,False,0.0241425558924675,other,7
5258,1314,1,6,45,6,14,24,17,False,False,False,0.027984797954559326,other,39
5259,1314,1,8,8,8,24,14,12,True,True,False,0.07830760627985,correct,0
5260,1315,0,46,0,46,1,18,16,False,False,False,0.035739388316869736,other,46
5261,1315,0,4,35,4,18,1,4,False,False,False,0.01696057617664337,other,31
5262,1315,1,4,35,4,1,18,17,False,False,False,0.014164510183036327,other,31
5263,1315,1,46,35,46,18,1,6,False,False,False,0.038323961198329926,other,11
5264,1316,0,19,13,19,26,16,6,False,False,False,0.07967886328697205,other,6
5265,1316,0,33,15,33,16,26,6,False,False,False,0.054377131164073944,other,18
5266,1316,1,33,13,33,26,16,6,False,False,False,0.05563287064433098,other,20
5267,1316,1,19,22,19,16,26,22,False,False,False,0.10531995445489883,other,3
5268,1317,0,20,8,20,9,16,6,False,False,False,0.062149785459041595,other,12
5269,1317,0,22,13,22,16,9,17,False,False,False,0.056607238948345184,other,9
5270,1317,1,22,15,22,9,16,22,False,False,False,0.061696261167526245,other,7
5271,1317,1,20,13,20,16,9,6,False,False,False,0.05007466673851013,other,7
5272,1318,0,13,45,13,6,18,6,False,False,False,0.08988391607999802,other,32
5273,1318,0,17,13,17,18,6,6,False,False,False,0.05754335969686508,other,4
5274,1318,1,17,8,17,6,18,6,False,False,False,0.08519524335861206,other,9
5275,1318,1,13,13,13,18,6,6,True,True,False,0.08658373355865479,correct,0
5276,1319,0,15,35,15,6,25,6,False,False,False,0.0505095012485981,other,20
5277,1319,0,10,10,10,25,6,38,True,True,False,0.016620434820652008,correct,0
5278,1319,1,10,45,10,6,25,6,False,False,False,0.029720108956098557,other,35
5279,1319,1,15,47,15,25,6,6,False,False,False,0.049195028841495514,other,32
5280,1320,0,21,21,21,24,7,6,True,True,False,0.040296029299497604,correct,0
5281,1320,0,13,12,13,7,24,8,False,False,True,0.022227708250284195,off_by_one,1
5282,1320,1,13,10,13,24,7,6,False,False,False,0.040414754301309586,other,3
5283,1320,1,21,13,21,7,24,6,False,False,False,0.06459890305995941,other,8
5284,1321,0,13,10,13,19,6,18,False,False,False,0.048139363527297974,other,3
5285,1321,0,27,13,27,6,19,4,False,False,False,0.018007395789027214,other,14
5286,1321,1,27,28,27,19,6,17,False,False,True,0.011784679256379604,off_by_one,1
5287,1321,1,13,3,13,6,19,6,False,False,False,0.029851265251636505,other,10
5288,1322,0,20,35,20,16,7,15,False,False,False,0.017454853281378746,other,15
5289,1322,0,35,35,35,7,16,17,True,True,False,0.007494498044252396,correct,0
5290,1322,1,35,35,35,16,7,17,True,True,False,0.010990578681230545,correct,0
5291,1322,1,20,35,20,7,16,17,False,False,False,0.015530462376773357,other,15
5292,1323,0,32,12,32,24,26,6,False,False,False,0.05822812393307686,other,20
5293,1323,0,15,7,15,26,24,15,False,False,False,0.02977234497666359,other,8
5294,1323,1,15,15,15,24,26,18,True,True,False,0.031017275527119637,correct,0
5295,1323,1,32,13,32,26,24,6,False,False,False,0.06344025582075119,other,19
5296,1324,0,26,35,26,12,24,6,False,False,False,0.0337938517332077,other,9
5297,1324,0,12,29,12,24,12,18,False,False,False,0.02937687188386917,other,17
5298,1324,1,12,41,12,12,24,6,False,False,False,0.03745987266302109,other,29
5299,1324,1,26,35,26,24,12,26,False,False,False,0.018478333950042725,other,9
5300,1325,0,15,35,15,6,24,7,False,False,False,0.052624404430389404,other,20
5301,1325,0,32,48,32,24,6,15,False,False,False,0.018869798630475998,other,16
5302,1325,1,32,11,32,6,24,6,False,False,False,0.033392373472452164,other,21
5303,1325,1,15,6,15,24,6,6,False,False,False,0.06197705492377281,other,9
5304,1326,0,39,13,39,18,7,6,False,False,False,0.029527507722377777,other,26
5305,1326,0,23,35,23,7,18,6,False,False,False,0.05098063126206398,other,12
5306,1326,1,23,35,23,18,7,6,False,False,False,0.05517759919166565,other,12
5307,1326,1,39,13,39,7,18,17,False,False,False,0.025615770369768143,other,26
5308,1327,0,29,15,29,1,16,7,False,False,False,0.010217233560979366,other,14
5309,1327,0,15,35,15,16,1,38,False,False,False,0.04308566078543663,other,20
5310,1327,1,15,14,15,1,16,27,False,False,True,0.025994878262281418,off_by_one,1
5311,1327,1,29,29,29,16,1,18,True,True,False,0.009903853759169579,correct,0
5312,1328,0,27,13,27,16,20,7,False,False,False,0.020417464897036552,other,14
5313,1328,0,2,15,2,20,16,6,False,False,False,0.062135688960552216,other,13
5314,1328,1,2,45,2,16,20,34,False,False,False,0.06241053715348244,other,43
5315,1328,1,27,13,27,20,16,6,False,False,False,0.022397246211767197,other,14
5316,1329,0,27,36,27,28,34,0,False,False,False,0.013334173709154129,other,9
5317,1329,0,17,3,17,34,28,20,False,False,False,0.01807370036840439,other,14
5318,1329,1,17,29,17,28,34,15,False,False,False,0.018877902999520302,other,12
5319,1329,1,27,36,27,34,28,17,False,False,False,0.01764402538537979,other,9
5320,1330,0,21,3,21,8,19,6,False,False,False,0.07369919121265411,other,18
5321,1330,0,24,13,24,19,8,6,False,False,False,0.022127749398350716,other,11
5322,1330,1,24,23,24,8,19,6,False,False,True,0.020706433802843094,off_by_one,1
5323,1330,1,21,3,21,19,8,8,False,False,False,0.0346473827958107,other,18
5324,1331,0,39,13,39,15,14,6,False,False,False,0.027755260467529297,other,26
5325,1331,0,11,11,11,14,15,34,True,True,False,0.026693187654018402,correct,0
5326,1331,1,11,29,11,15,14,0,False,False,False,0.019547536969184875,other,18
5327,1331,1,39,3,39,14,15,16,False,False,False,0.008174587041139603,other,36
5328,1332,0,44,24,44,38,26,17,False,False,False,0.016663217917084694,other,20
5329,1332,0,15,15,15,26,38,15,True,True,False,0.043568599969148636,correct,0
5330,1332,1,15,15,15,38,26,25,True,True,False,0.05336689576506615,correct,0
5331,1332,1,44,47,44,26,38,6,False,False,False,0.017419325187802315,other,3
5332,1333,0,22,13,22,24,27,6,False,False,False,0.06074129790067673,other,9
5333,1333,0,6,0,6,27,24,34,False,False,False,0.03335610404610634,other,6
5334,1333,1,6,35,6,24,27,17,False,False,False,0.015965163707733154,other,29
5335,1333,1,22,45,22,27,24,27,False,False,False,0.08127514272928238,other,23
5336,1334,0,13,11,13,7,8,6,False,False,False,0.05519586428999901,other,2
5337,1334,0,9,13,9,8,7,6,False,False,False,0.02551310509443283,other,4
5338,1334,1,9,13,9,7,8,6,False,False,False,0.021594764664769173,other,4
5339,1334,1,13,8,13,8,7,8,False,False,False,0.05538647249341011,other,5
5340,1335,0,6,35,6,14,15,16,False,False,False,0.046705733984708786,other,29
5341,1335,0,19,13,19,15,14,17,False,False,False,0.02567552961409092,other,6
5342,1335,1,19,35,19,14,15,34,False,False,False,0.04604143276810646,other,16
5343,1335,1,6,13,6,15,14,15,False,False,False,0.035054728388786316,other,7
5344,1336,0,29,15,29,15,26,22,False,False,False,0.05753133073449135,other,14
5345,1336,0,46,13,46,26,15,6,False,False,False,0.0659467875957489,other,33
5346,1336,1,46,45,46,15,26,34,False,False,True,0.06559492647647858,off_by_one,1
5347,1336,1,29,13,29,26,15,6,False,False,False,0.061145368963479996,other,16
5348,1337,0,33,3,33,14,17,15,False,False,False,0.016847532242536545,other,30
5349,1337,0,6,35,6,17,14,6,False,False,False,0.013784033246338367,other,29
5350,1337,1,6,45,6,14,17,17,False,False,False,0.012952123768627644,other,39
5351,1337,1,33,11,33,17,14,16,False,False,False,0.02100447379052639,other,22
5352,1338,0,47,13,47,14,7,7,False,False,False,0.05878421664237976,other,34
5353,1338,0,31,29,31,7,14,6,False,False,False,0.03920953348278999,other,2
5354,1338,1,31,10,31,14,7,15,False,False,False,0.03063146211206913,other,21
5355,1338,1,47,47,47,7,14,6,True,True,False,0.06143669784069061,correct,0
5356,1339,0,46,35,46,1,0,6,False,False,False,0.03812544047832489,other,11
5357,1339,0,19,12,19,0,1,18,False,False,False,0.0384838692843914,other,7
5358,1339,1,19,1,19,1,0,19,False,False,False,0.02517521381378174,other,18
5359,1339,1,46,3,46,0,1,14,False,False,False,0.03725922107696533,other,43
5360,1340,0,6,47,6,7,19,15,False,False,False,0.021230319514870644,other,41
5361,1340,0,5,42,5,19,7,16,False,False,False,0.03367384150624275,other,37
5362,1340,1,5,7,5,7,19,25,False,False,False,0.03866828978061676,other,2
5363,1340,1,6,6,6,19,7,29,True,True,False,0.025726692751049995,correct,0
5364,1341,0,14,8,14,6,2,6,False,False,False,0.08614051342010498,other,6
5365,1341,0,44,13,44,2,6,6,False,False,False,0.014444039203226566,other,31
5366,1341,1,44,45,44,6,2,6,False,False,True,0.010831465013325214,off_by_one,1
5367,1341,1,14,45,14,2,6,6,False,False,False,0.043875738978385925,other,31
5368,1342,0,32,13,32,16,27,17,False,False,False,0.03555108234286308,other,19
5369,1342,0,27,15,27,27,16,7,False,False,False,0.06286788731813431,other,12
5370,1342,1,27,45,27,16,27,32,False,False,False,0.08784763514995575,other,18
5371,1342,1,32,3,32,27,16,17,False,False,False,0.04100880026817322,other,29
5372,1343,0,43,3,43,16,8,38,False,False,False,0.03914174064993858,other,40
5373,1343,0,8,8,8,8,16,6,True,True,False,0.049977660179138184,correct,0
5374,1343,1,8,16,8,16,8,18,False,False,False,0.06528348475694656,other,8
5375,1343,1,43,13,43,8,16,6,False,False,False,0.054417386651039124,other,30
5376,1344,0,32,10,32,6,18,6,False,False,False,0.06689232587814331,other,22
5377,1344,0,48,13,48,18,6,6,False,False,False,0.04855742305517197,other,35
5378,1344,1,48,45,48,6,18,6,False,False,False,0.04658246785402298,other,3
5379,1344,1,32,13,32,18,6,6,False,False,False,0.06669440865516663,other,19
5380,1345,0,29,13,29,6,15,6,False,False,False,0.02950434945523739,other,16
5381,1345,0,21,3,21,15,6,19,False,False,False,0.03911317512392998,other,18
5382,1345,1,21,13,21,6,15,6,False,False,False,0.05182633921504021,other,8
5383,1345,1,29,45,29,15,6,34,False,False,False,0.03472752869129181,other,16
5384,1346,0,26,24,26,13,7,6,False,False,False,0.019069645553827286,other,2
5385,1346,0,4,35,4,7,13,17,False,False,False,0.0107822110876441,other,31
5386,1346,1,4,35,4,13,7,6,False,False,False,0.014503557235002518,other,31
5387,1346,1,26,35,26,7,13,34,False,False,False,0.047774538397789,other,9
5388,1347,0,16,15,16,24,26,6,False,False,True,0.03599504008889198,off_by_one,1
5389,1347,0,20,13,20,26,24,6,False,False,False,0.07342931628227234,other,7
5390,1347,1,20,12,20,24,26,22,False,False,False,0.07883470505475998,other,8
5391,1347,1,16,41,16,26,24,6,False,False,False,0.04893074184656143,other,25
5392,1348,0,26,35,26,16,7,27,False,False,False,0.010518497787415981,other,9
5393,1348,0,29,3,29,7,16,17,False,False,False,0.012031786143779755,other,26
5394,1348,1,29,36,29,16,7,38,False,False,False,0.008821135386824608,other,7
5395,1348,1,26,35,26,7,16,15,False,False,False,0.007438658736646175,other,9
5396,1349,0,34,45,34,14,6,32,False,False,False,0.060090918093919754,other,11
5397,1349,0,45,45,45,6,14,6,True,True,False,0.012955723330378532,correct,0
5398,1349,1,45,13,45,14,6,34,False,False,False,0.02635311521589756,other,32
5399,1349,1,34,23,34,6,14,6,False,False,False,0.03756382688879967,other,11
5400,1350,0,21,21,21,6,19,6,True,True,False,0.07508758455514908,correct,0
5401,1350,0,10,35,10,19,6,7,False,False,False,0.01322930958122015,other,25
5402,1350,1,10,8,10,6,19,6,False,False,False,0.031912803649902344,other,2
5403,1350,1,21,13,21,19,6,6,False,False,False,0.11771265417337418,other,8
5404,1351,0,30,13,30,26,14,6,False,False,False,0.08767146617174149,other,17
5405,1351,0,11,8,11,14,26,7,False,False,False,0.05854921415448189,other,3
5406,1351,1,11,13,11,26,14,6,False,False,False,0.053314208984375,other,2
5407,1351,1,30,3,30,14,26,22,False,False,False,0.07366953045129776,other,27
5408,1352,0,17,8,17,7,2,22,False,False,False,0.057336147874593735,other,9
5409,1352,0,25,13,25,2,7,6,False,False,False,0.029703782871365547,other,12
5410,1352,1,25,35,25,7,2,6,False,False,False,0.017037788406014442,other,10
5411,1352,1,17,3,17,2,7,6,False,False,False,0.030296163633465767,other,14
5412,1353,0,39,3,39,18,36,6,False,False,False,0.026634858921170235,other,36
5413,1353,0,44,35,44,36,18,17,False,False,False,0.01893668621778488,other,9
5414,1353,1,44,10,44,18,36,17,False,False,False,0.017474304884672165,other,34
5415,1353,1,39,9,39,36,18,36,False,False,False,0.024615729227662086,other,30
5416,1354,0,45,35,45,27,24,16,False,False,False,0.05700826644897461,other,10
5417,1354,0,34,34,34,24,27,6,True,True,False,0.017734266817569733,correct,0
5418,1354,1,34,13,34,27,24,6,False,False,False,0.03313973918557167,other,21
5419,1354,1,45,11,45,24,27,22,False,False,False,0.07620975375175476,other,34
5420,1355,0,8,8,8,16,14,24,True,True,False,0.03832376003265381,correct,0
5421,1355,0,34,47,34,14,16,6,False,False,False,0.026075512170791626,other,13
5422,1355,1,34,13,34,16,14,17,False,False,False,0.03423530235886574,other,21
5423,1355,1,8,8,8,14,16,6,True,True,False,0.04704242944717407,correct,0
5424,1356,0,6,35,6,17,1,17,False,False,False,0.02642475999891758,other,29
5425,1356,0,48,0,48,1,17,1,False,False,False,0.021631808951497078,other,48
5426,1356,1,48,3,48,17,1,17,False,False,False,0.019591378048062325,other,45
5427,1356,1,6,35,6,1,17,1,False,False,False,0.02278721146285534,other,29
5428,1357,0,30,13,30,16,7,6,False,False,False,0.06937820464372635,other,17
5429,1357,0,0,0,0,7,16,6,True,True,False,0.03384864702820778,correct,0
5430,1357,1,0,12,0,16,7,6,False,False,False,0.021050047129392624,other,12
5431,1357,1,30,48,30,7,16,24,False,False,False,0.07396260648965836,other,18
5432,1358,0,37,13,37,37,15,17,False,False,False,0.030451981350779533,other,24
5433,1358,0,15,15,15,15,37,22,True,True,False,0.028506841510534286,correct,0
5434,1358,1,15,15,15,37,15,6,True,True,False,0.03535008803009987,correct,0
5435,1358,1,37,13,37,15,37,7,False,False,False,0.022449074313044548,other,24
5436,1359,0,11,0,11,15,17,17,False,False,False,0.030655689537525177,other,11
5437,1359,0,22,0,22,17,15,17,False,False,False,0.0760614350438118,other,22
5438,1359,1,22,33,22,15,17,16,False,False,False,0.06471148133277893,other,11
5439,1359,1,11,29,11,17,15,16,False,False,False,0.030291350558400154,other,18
5440,1360,0,41,41,41,6,25,6,True,True,False,0.028342552483081818,correct,0
5441,1360,0,23,35,23,25,6,6,False,False,False,0.017905522137880325,other,12
5442,1360,1,23,35,23,6,25,6,False,False,False,0.011866712011396885,other,12
5443,1360,1,41,8,41,25,6,15,False,False,False,0.031769655644893646,other,33
5444,1361,0,32,13,32,36,7,17,False,False,False,0.04919270798563957,other,19
5445,1361,0,11,1,11,7,36,7,False,False,False,0.010582823306322098,other,10
5446,1361,1,11,13,11,36,7,6,False,False,False,0.01437353901565075,other,2
5447,1361,1,32,10,32,7,36,6,False,False,False,0.07173027098178864,other,22
5448,1362,0,41,41,41,2,6,18,True,True,False,0.019731713458895683,correct,0
5449,1362,0,22,13,22,6,2,6,False,False,False,0.017570028081536293,other,9
5450,1362,1,22,3,22,2,6,6,False,False,False,0.014221380464732647,other,19
5451,1362,1,41,41,41,6,2,6,True,True,False,0.02574079856276512,correct,0
5452,1363,0,13,1,13,14,16,17,False,False,False,0.01808120682835579,other,12
5453,1363,0,31,22,31,16,14,17,False,False,False,0.035053227096796036,other,9
5454,1363,1,31,36,31,14,16,17,False,False,False,0.03272093087434769,other,5
5455,1363,1,13,48,13,16,14,35,False,False,False,0.014666247181594372,other,35
5456,1364,0,5,15,5,39,6,34,False,False,False,0.058969929814338684,other,10
5457,1364,0,11,13,11,6,39,6,False,False,False,0.027617881074547768,other,2
5458,1364,1,11,29,11,39,6,6,False,False,False,0.02680790238082409,other,18
5459,1364,1,5,15,5,6,39,20,False,False,False,0.07118012011051178,other,10
5460,1365,0,15,6,15,7,2,17,False,False,False,0.04287189990282059,other,9
5461,1365,0,17,45,17,2,7,6,False,False,False,0.06190365552902222,other,28
5462,1365,1,17,13,17,7,2,6,False,False,False,0.051543764770030975,other,4
5463,1365,1,15,8,15,2,7,6,False,False,False,0.06226600706577301,other,7
5464,1366,0,28,10,28,2,3,6,False,False,False,0.010908262804150581,other,18
5465,1366,0,34,7,34,3,2,6,False,False,False,0.017872381955385208,other,27
5466,1366,1,34,7,34,2,3,21,False,False,False,0.00913528073579073,other,27
5467,1366,1,28,10,28,3,2,4,False,False,False,0.010314177721738815,other,18
5468,1367,0,8,8,8,36,15,6,True,True,False,0.0732412114739418,correct,0
5469,1367,0,30,10,30,15,36,7,False,False,False,0.06821456551551819,other,20
5470,1367,1,30,13,30,36,15,6,False,False,False,0.07813773304224014,other,17
5471,1367,1,8,8,8,15,36,6,True,True,False,0.10524595528841019,correct,0
5472,1368,0,19,13,19,7,2,6,False,False,False,0.053712476044893265,other,6
5473,1368,0,38,29,38,2,7,6,False,False,False,0.013730662874877453,other,9
5474,1368,1,38,13,38,7,2,7,False,False,False,0.012448429130017757,other,25
5475,1368,1,19,10,19,2,7,6,False,False,False,0.07387328147888184,other,9
5476,1369,0,7,7,7,7,16,6,True,True,False,0.11966439336538315,correct,0
5477,1369,0,28,16,28,16,7,12,False,False,False,0.028340833261609077,other,12
5478,1369,1,28,8,28,7,16,6,False,False,False,0.03764620050787926,other,20
5479,1369,1,7,7,7,16,7,24,True,True,False,0.13368390500545502,correct,0
5480,1370,0,12,10,12,24,15,6,False,False,False,0.054182689636945724,other,2
5481,1370,0,9,13,9,15,24,17,False,False,False,0.026063935831189156,other,4
5482,1370,1,9,13,9,24,15,6,False,False,False,0.025267640128731728,other,4
5483,1370,1,12,10,12,15,24,18,False,False,False,0.04785546287894249,other,2
5484,1371,0,29,11,29,14,15,34,False,False,False,0.04117988422513008,other,18
5485,1371,0,13,13,13,15,14,6,True,True,False,0.024683218449354172,correct,0
5486,1371,1,13,11,13,14,15,15,False,False,False,0.038738783448934555,other,2
5487,1371,1,29,3,29,15,14,17,False,False,False,0.036611393094062805,other,26
5488,1372,0,8,8,8,32,28,24,True,True,False,0.11568623781204224,correct,0
5489,1372,0,0,13,0,28,32,17,False,False,False,0.023961858823895454,other,13
5490,1372,1,0,13,0,32,28,6,False,False,False,0.02018423192203045,other,13
5491,1372,1,8,8,8,28,32,18,True,True,False,0.0774146169424057,correct,0
5492,1373,0,5,34,5,38,20,17,False,False,False,0.031229568645358086,other,29
5493,1373,0,48,45,48,20,38,6,False,False,False,0.05186604708433151,other,3
5494,1373,1,48,3,48,38,20,15,False,False,False,0.03740732744336128,other,45
5495,1373,1,5,7,5,20,38,23,False,False,False,0.019513651728630066,other,2
5496,1374,0,24,35,24,1,6,6,False,False,False,0.020611882209777832,other,11
5497,1374,0,47,45,47,6,1,6,False,False,False,0.02832120843231678,other,2
5498,1374,1,47,46,47,1,6,32,False,False,True,0.030627798289060593,off_by_one,1
5499,1374,1,24,45,24,6,1,6,False,False,False,0.02135298401117325,other,21
5500,1375,0,13,0,13,14,32,14,False,False,False,0.025083087384700775,other,13
5501,1375,0,17,13,17,32,14,17,False,False,False,0.03745513781905174,other,4
5502,1375,1,17,45,17,14,32,34,False,False,False,0.05345252901315689,other,28
5503,1375,1,13,13,13,32,14,6,True,True,False,0.02544635534286499,correct,0
5504,1376,0,11,3,11,17,16,17,False,False,False,0.008123764768242836,other,8
5505,1376,0,40,3,40,16,17,23,False,False,False,0.00518216984346509,other,37
5506,1376,1,40,35,40,17,16,17,False,False,False,0.006914324592798948,other,5
5507,1376,1,11,11,11,16,17,16,True,True,False,0.010571719147264957,correct,0
5508,1377,0,40,35,40,16,36,31,False,False,False,0.016513077542185783,other,5
5509,1377,0,35,0,35,36,16,27,False,False,False,0.06201285123825073,other,35
5510,1377,1,35,35,35,16,36,15,True,True,False,0.12628261744976044,correct,0
5511,1377,1,40,13,40,36,16,17,False,False,False,0.016759859398007393,other,27
5512,1378,0,43,13,43,27,14,15,False,False,False,0.02043721452355385,other,30
5513,1378,0,15,15,15,14,27,31,True,True,False,0.022957967594265938,correct,0
5514,1378,1,15,11,15,27,14,27,False,False,False,0.027413057163357735,other,4
5515,1378,1,43,13,43,14,27,17,False,False,False,0.021049493923783302,other,30
5516,1379,0,40,35,40,0,16,17,False,False,False,0.02354554459452629,other,5
5517,1379,0,16,15,16,16,0,36,False,False,True,0.037231165915727615,off_by_one,1
5518,1379,1,16,15,16,0,16,22,False,False,True,0.012073184363543987,off_by_one,1
5519,1379,1,40,13,40,16,0,6,False,False,False,0.01575634442269802,other,27
5520,1380,0,14,45,14,6,16,6,False,False,False,0.021663235500454903,other,31
5521,1380,0,32,13,32,16,6,18,False,False,False,0.04493206739425659,other,19
5522,1380,1,32,13,32,6,16,26,False,False,False,0.028639640659093857,other,19
5523,1380,1,14,35,14,16,6,17,False,False,False,0.02340760827064514,other,21
5524,1381,0,1,13,1,18,20,17,False,False,False,0.05199185386300087,other,12
5525,1381,0,16,15,16,20,18,6,False,False,True,0.1073293685913086,off_by_one,1
5526,1381,1,16,13,16,18,20,17,False,False,False,0.05421091616153717,other,3
5527,1381,1,1,11,1,20,18,18,False,False,False,0.06821797788143158,other,10
5528,1382,0,13,10,13,6,19,6,False,False,False,0.12361457943916321,other,3
5529,1382,0,4,23,4,19,6,17,False,False,False,0.023252027109265327,other,19
5530,1382,1,4,35,4,6,19,6,False,False,False,0.01111513376235962,other,31
5531,1382,1,13,13,13,19,6,6,True,True,False,0.09385566413402557,correct,0
5532,1383,0,45,35,45,14,27,17,False,False,False,0.013732172548770905,other,10
5533,1383,0,30,31,30,27,14,27,False,False,True,0.04737711325287819,off_by_one,1
5534,1383,1,30,35,30,14,27,7,False,False,False,0.04631601646542549,other,5
5535,1383,1,45,35,45,27,14,7,False,False,False,0.011287444271147251,other,10
5536,1384,0,7,7,7,16,18,6,True,True,False,0.07816243171691895,correct,0
5537,1384,0,44,34,44,18,16,6,False,False,False,0.052894268184900284,other,10
5538,1384,1,44,16,44,16,18,22,False,False,False,0.06363971531391144,other,28
5539,1384,1,7,7,7,18,16,26,True,True,False,0.11492371559143066,correct,0
5540,1385,0,2,6,2,6,0,6,False,False,False,0.030562009662389755,other,4
5541,1385,0,37,45,37,0,6,34,False,False,False,0.027864627540111542,other,8
5542,1385,1,37,13,37,6,0,6,False,False,False,0.020451750606298447,other,24
5543,1385,1,2,0,2,0,6,19,False,False,False,0.029830796644091606,other,2
5544,1386,0,0,3,0,24,18,6,False,False,False,0.0365704707801342,other,3
5545,1386,0,2,45,2,18,24,6,False,False,False,0.017099300399422646,other,43
5546,1386,1,2,13,2,24,18,6,False,False,False,0.023361455649137497,other,11
5547,1386,1,0,8,0,18,24,6,False,False,False,0.060089144855737686,other,8
5548,1387,0,23,13,23,7,39,6,False,False,False,0.0420217402279377,other,10
5549,1387,0,8,15,8,39,7,22,False,False,False,0.1347559094429016,other,7
5550,1387,1,8,15,8,7,39,6,False,False,False,0.09523869305849075,other,7
5551,1387,1,23,13,23,39,7,6,False,False,False,0.042576197534799576,other,10
5552,1388,0,30,2,30,1,4,6,False,False,False,0.10310031473636627,other,28
5553,1388,0,41,23,41,4,1,6,False,False,False,0.1677459329366684,other,18
5554,1388,1,41,41,41,1,4,6,True,True,False,0.09871075302362442,correct,0
5555,1388,1,30,6,30,4,1,6,False,False,False,0.08873702585697174,other,24
5556,1389,0,41,41,41,14,18,32,True,True,False,0.10150344669818878,correct,0
5557,1389,0,6,13,6,18,14,6,False,False,False,0.03476599231362343,other,7
5558,1389,1,6,35,6,14,18,28,False,False,False,0.045799653977155685,other,29
5559,1389,1,41,35,41,18,14,6,False,False,False,0.08207787573337555,other,6
5560,1390,0,26,35,26,1,27,15,False,False,False,0.017563747242093086,other,9
5561,1390,0,43,3,43,27,1,27,False,False,False,0.02011638693511486,other,40
5562,1390,1,43,3,43,1,27,17,False,False,False,0.027875684201717377,other,40
5563,1390,1,26,35,26,27,1,16,False,False,False,0.016927285119891167,other,9
5564,1391,0,36,3,36,24,18,6,False,False,False,0.017428142949938774,other,33
5565,1391,0,7,7,7,18,24,35,True,True,False,0.01139158383011818,correct,0
5566,1391,1,7,7,7,24,18,6,True,True,False,0.009741785004734993,correct,0
5567,1391,1,36,13,36,18,24,17,False,False,False,0.015433643944561481,other,23
5568,1392,0,2,8,2,18,15,6,False,False,False,0.04670917987823486,other,6
5569,1392,0,41,41,41,15,18,7,True,True,False,0.10444052517414093,correct,0
5570,1392,1,41,41,41,18,15,18,True,True,False,0.05331084504723549,correct,0
5571,1392,1,2,3,2,15,18,17,False,False,True,0.026523930951952934,off_by_one,1
5572,1393,0,32,13,32,26,15,6,False,False,False,0.03572414815425873,other,19
5573,1393,0,29,15,29,15,26,22,False,False,False,0.058100711554288864,other,14
5574,1393,1,29,13,29,26,15,6,False,False,False,0.05541860684752464,other,16
5575,1393,1,32,10,32,15,26,34,False,False,False,0.04983446002006531,other,22
5576,1394,0,20,21,20,20,17,17,False,False,True,0.021242018789052963,off_by_one,1
5577,1394,0,4,15,4,17,20,34,False,False,False,0.025696996599435806,other,11
5578,1394,1,4,13,4,20,17,6,False,False,False,0.01496502198278904,other,9
5579,1394,1,20,35,20,17,20,32,False,False,False,0.02654869109392166,other,15
5580,1395,0,27,13,27,18,14,17,False,False,False,0.04256850481033325,other,14
5581,1395,0,28,15,28,14,18,22,False,False,False,0.05319670960307121,other,13
5582,1395,1,28,13,28,18,14,6,False,False,False,0.04338117316365242,other,15
5583,1395,1,27,10,27,14,18,8,False,False,False,0.0722256675362587,other,17
5584,1396,0,15,15,15,34,29,6,True,True,False,0.00788296852260828,correct,0
5585,1396,0,21,21,21,29,34,6,True,True,False,0.01959836669266224,correct,0
5586,1396,1,21,21,21,34,29,21,True,True,False,0.030425630509853363,correct,0
5587,1396,1,15,35,15,29,34,34,False,False,False,0.004105509724467993,other,20
5588,1397,0,27,3,27,22,18,6,False,False,False,0.023460768163204193,other,24
5589,1397,0,29,13,29,18,22,6,False,False,False,0.04687100276350975,other,16
5590,1397,1,29,35,29,22,18,6,False,False,False,0.04678979516029358,other,6
5591,1397,1,27,13,27,18,22,6,False,False,False,0.03006484918296337,other,14
5592,1398,0,46,6,46,18,17,30,False,False,False,0.008843592368066311,other,40
5593,1398,0,41,41,41,17,18,22,True,True,False,0.06650272011756897,correct,0
5594,1398,1,41,35,41,18,17,6,False,False,False,0.07388821244239807,other,6
5595,1398,1,46,3,46,17,18,30,False,False,False,0.004048793576657772,other,43
5596,1399,0,36,45,36,6,2,6,False,False,False,0.09657111763954163,other,9
5597,1399,0,34,13,34,2,6,17,False,False,False,0.023915616795420647,other,21
5598,1399,1,34,45,34,6,2,6,False,False,False,0.008682583458721638,other,11
5599,1399,1,36,3,36,2,6,6,False,False,False,0.06391628086566925,other,33
5600,1400,0,1,13,1,36,26,6,False,False,False,0.028832072392106056,other,12
5601,1400,0,8,8,8,26,36,26,True,True,False,0.0382794626057148,correct,0
5602,1400,1,8,8,8,36,26,18,True,True,False,0.0297099519520998,correct,0
5603,1400,1,1,13,1,26,36,6,False,False,False,0.029495442286133766,other,12
5604,1401,0,10,13,10,17,9,7,False,False,False,0.011471697129309177,other,3
5605,1401,0,11,8,11,9,17,22,False,False,False,0.059203993529081345,other,3
5606,1401,1,11,3,11,17,9,17,False,False,False,0.04038239270448685,other,8
5607,1401,1,10,28,10,9,17,6,False,False,False,0.008634044788777828,other,18
5608,1402,0,16,15,16,18,12,18,False,False,True,0.077145516872406,off_by_one,1
5609,1402,0,48,6,48,12,18,6,False,False,False,0.014460911974310875,other,42
5610,1402,1,48,13,48,18,12,6,False,False,False,0.03170786052942276,other,35
5611,1402,1,16,15,16,12,18,6,False,False,True,0.12183128297328949,off_by_one,1
5612,1403,0,45,13,45,27,16,17,False,False,False,0.025695815682411194,other,32
5613,1403,0,37,8,37,16,27,22,False,False,False,0.055567093193531036,other,29
5614,1403,1,37,13,37,27,16,6,False,False,False,0.039853040128946304,other,24
5615,1403,1,45,9,45,16,27,7,False,False,False,0.03299209102988243,other,36
5616,1404,0,26,13,26,12,15,6,False,False,False,0.023605404421687126,other,13
5617,1404,0,27,11,27,15,12,34,False,False,False,0.023555144667625427,other,16
5618,1404,1,27,6,27,12,15,6,False,False,False,0.023477407172322273,other,21
5619,1404,1,26,15,26,15,12,34,False,False,False,0.024318594485521317,other,11
5620,1405,0,41,41,41,16,27,6,True,True,False,0.0871201679110527,correct,0
5621,1405,0,10,29,10,27,16,16,False,False,False,0.007322045974433422,other,19
5622,1405,1,10,10,10,16,27,16,True,True,False,0.013158093206584454,correct,0
5623,1405,1,41,8,41,27,16,6,False,False,False,0.08520154654979706,other,33
5624,1406,0,13,13,13,20,16,17,True,True,False,0.054555490612983704,correct,0
5625,1406,0,39,12,39,16,20,33,False,False,False,0.028102178126573563,other,27
5626,1406,1,39,13,39,20,16,6,False,False,False,0.026971997693181038,other,26
5627,1406,1,13,12,13,16,20,27,False,False,True,0.0556415431201458,off_by_one,1
5628,1407,0,12,12,12,6,2,6,True,True,False,0.05034933239221573,correct,0
5629,1407,0,23,41,23,2,6,6,False,False,False,0.0905795767903328,other,18
5630,1407,1,23,13,23,6,2,6,False,False,False,0.10798020660877228,other,10
5631,1407,1,12,45,12,2,6,6,False,False,False,0.08035487681627274,other,33
5632,1408,0,39,11,39,16,14,7,False,False,False,0.050596076995134354,other,28
5633,1408,0,45,13,45,14,16,6,False,False,False,0.020948585122823715,other,32
5634,1408,1,45,15,45,16,14,16,False,False,False,0.0164848193526268,other,30
5635,1408,1,39,45,39,14,16,7,False,False,False,0.05514748767018318,other,6
5636,1409,0,44,34,44,19,7,21,False,False,False,0.03389296680688858,other,10
5637,1409,0,19,29,19,7,19,6,False,False,False,0.0178197231143713,other,10
5638,1409,1,19,13,19,19,7,6,False,False,False,0.03555877134203911,other,6
5639,1409,1,44,8,44,7,19,6,False,False,False,0.06381762772798538,other,36
5640,1410,0,46,6,46,7,27,17,False,False,False,0.037975210696458817,other,40
5641,1410,0,19,2,19,27,7,6,False,False,False,0.04496321827173233,other,17
5642,1410,1,19,12,19,7,27,6,False,False,False,0.06256283074617386,other,7
5643,1410,1,46,13,46,27,7,6,False,False,False,0.03366370499134064,other,33
5644,1411,0,26,35,26,24,6,26,False,False,False,0.026915811002254486,other,9
5645,1411,0,48,3,48,6,24,6,False,False,False,0.02193821594119072,other,45
5646,1411,1,48,48,48,24,6,6,True,True,False,0.03473504260182381,correct,0
5647,1411,1,26,35,26,6,24,6,False,False,False,0.03799240291118622,other,9
5648,1412,0,27,45,27,27,36,32,False,False,False,0.027971042320132256,other,18
5649,1412,0,42,42,42,36,27,6,True,True,False,0.1364709585905075,correct,0
5650,1412,1,42,15,42,27,36,25,False,False,False,0.11727144569158554,other,27
5651,1412,1,27,3,27,36,27,17,False,False,False,0.01634855940937996,other,24
5652,1413,0,44,11,44,24,15,24,False,False,False,0.0849272832274437,other,33
5653,1413,0,0,13,0,15,24,17,False,False,False,0.09412004053592682,other,13
5654,1413,1,0,8,0,24,15,8,False,False,False,0.06352639198303223,other,8
5655,1413,1,44,13,44,15,24,7,False,False,False,0.08023921400308609,other,31
5656,1414,0,35,35,35,1,3,15,True,True,False,0.02008269913494587,correct,0
5657,1414,0,7,7,7,3,1,6,True,True,False,0.12839630246162415,correct,0
5658,1414,1,7,8,7,1,3,12,False,False,True,0.14385618269443512,off_by_one,1
5659,1414,1,35,13,35,3,1,17,False,False,False,0.03705786541104317,other,22
5660,1415,0,5,41,5,26,25,6,False,False,False,0.0858621597290039,other,36
5661,1415,0,34,10,34,25,26,25,False,False,False,0.026922665536403656,other,24
5662,1415,1,34,13,34,26,25,6,False,False,False,0.02797333151102066,other,21
5663,1415,1,5,15,5,25,26,34,False,False,False,0.10289987176656723,other,10
5664,1416,0,3,13,3,20,38,7,False,False,False,0.02237650752067566,other,10
5665,1416,0,2,8,2,38,20,7,False,False,False,0.02664542756974697,other,6
5666,1416,1,2,10,2,20,38,6,False,False,False,0.05710767209529877,other,8
5667,1416,1,3,13,3,38,20,17,False,False,False,0.0175657719373703,other,10
5668,1417,0,5,15,5,31,33,6,False,False,False,0.042849596589803696,other,10
5669,1417,0,42,42,42,33,31,22,True,True,False,0.1420096904039383,correct,0
5670,1417,1,42,42,42,31,33,6,True,True,False,0.1353735774755478,correct,0
5671,1417,1,5,15,5,33,31,25,False,False,False,0.021998023614287376,other,10
5672,1418,0,12,13,12,22,15,6,False,False,True,0.03165016323328018,off_by_one,1
5673,1418,0,7,7,7,15,22,34,True,True,False,0.09072959423065186,correct,0
5674,1418,1,7,7,7,22,15,6,True,True,False,0.0913601815700531,correct,0
5675,1418,1,12,12,12,15,22,34,True,True,False,0.027131525799632072,correct,0
5676,1419,0,19,8,19,7,38,6,False,False,False,0.03240027278661728,other,11
5677,1419,0,43,13,43,38,7,7,False,False,False,0.014111239463090897,other,30
5678,1419,1,43,13,43,7,38,17,False,False,False,0.015964673832058907,other,30
5679,1419,1,19,8,19,38,7,7,False,False,False,0.04503712058067322,other,11
5680,1420,0,19,8,19,7,19,6,False,False,False,0.09161107987165451,other,11
5681,1420,0,17,13,17,19,7,6,False,False,False,0.028570299968123436,other,4
5682,1420,1,17,32,17,7,19,34,False,False,False,0.025128576904535294,other,15
5683,1420,1,19,13,19,19,7,6,False,False,False,0.05441492795944214,other,6
5684,1421,0,2,13,2,1,0,17,False,False,False,0.02198980003595352,other,11
5685,1421,0,23,15,23,0,1,16,False,False,False,0.09000202268362045,other,8
5686,1421,1,23,10,23,1,0,32,False,False,False,0.10203918814659119,other,13
5687,1421,1,2,22,2,0,1,17,False,False,False,0.020854705944657326,other,20
5688,1422,0,7,7,7,8,14,6,True,True,False,0.03498689830303192,correct,0
5689,1422,0,13,11,13,14,8,32,False,False,False,0.0393601655960083,other,2
5690,1422,1,13,3,13,8,14,17,False,False,False,0.025921273976564407,other,10
5691,1422,1,7,7,7,14,8,27,True,True,False,0.038629572838544846,correct,0
5692,1423,0,26,13,26,25,27,6,False,False,False,0.025860292837023735,other,13
5693,1423,0,14,29,14,27,25,7,False,False,False,0.016173018142580986,other,15
5694,1423,1,14,35,14,25,27,17,False,False,False,0.017930975183844566,other,21
5695,1423,1,26,35,26,27,25,15,False,False,False,0.029154201969504356,other,9
5696,1424,0,1,11,1,14,15,17,False,False,False,0.010212844237685204,other,10
5697,1424,0,26,35,26,15,14,15,False,False,False,0.0190051831305027,other,9
5698,1424,1,26,35,26,14,15,15,False,False,False,0.01934562437236309,other,9
5699,1424,1,1,11,1,15,14,15,False,False,False,0.011857183650135994,other,10
5700,1425,0,32,35,32,11,7,20,False,False,False,0.023585205897688866,other,3
5701,1425,0,28,3,28,7,11,17,False,False,False,0.026501942425966263,other,25
5702,1425,1,28,45,28,11,7,34,False,False,False,0.03147644177079201,other,17
5703,1425,1,32,13,32,7,11,6,False,False,False,0.02058158628642559,other,19
5704,1426,0,11,13,11,18,0,17,False,False,False,0.008542588911950588,other,2
5705,1426,0,46,45,46,0,18,36,False,False,True,0.029537057504057884,off_by_one,1
5706,1426,1,46,13,46,18,0,15,False,False,False,0.02414293959736824,other,33
5707,1426,1,11,11,11,0,18,38,True,True,False,0.005266216583549976,correct,0
5708,1427,0,48,8,48,24,20,22,False,False,False,0.07483100146055222,other,40
5709,1427,0,31,13,31,20,24,17,False,False,False,0.0726168155670166,other,18
5710,1427,1,31,12,31,24,20,6,False,False,False,0.06949660181999207,other,19
5711,1427,1,48,13,48,20,24,7,False,False,False,0.042271435260772705,other,35
5712,1428,0,40,3,40,2,11,6,False,False,False,0.012677261605858803,other,37
5713,1428,0,1,3,1,11,2,20,False,False,False,0.01804625615477562,other,2
5714,1428,1,1,35,1,2,11,36,False,False,False,0.019083144143223763,other,34
5715,1428,1,40,46,40,11,2,16,False,False,False,0.014630569145083427,other,6
5716,1429,0,11,29,11,9,6,6,False,False,False,0.06135473772883415,other,18
5717,1429,0,41,41,41,6,9,6,True,True,False,0.061363283544778824,correct,0
5718,1429,1,41,13,41,9,6,6,False,False,False,0.057897187769412994,other,28
5719,1429,1,11,15,11,6,9,6,False,False,False,0.07673808187246323,other,4
5720,1430,0,16,15,16,6,16,6,False,False,True,0.07772719115018845,off_by_one,1
5721,1430,0,19,21,19,16,6,6,False,False,False,0.06317182630300522,other,2
5722,1430,1,19,13,19,6,16,6,False,False,False,0.06421568244695663,other,6
5723,1430,1,16,11,16,16,6,22,False,False,False,0.08240151405334473,other,5
5724,1431,0,0,3,0,18,20,1,False,False,False,0.0410766676068306,other,3
5725,1431,0,28,11,28,20,18,1,False,False,False,0.011811521835625172,other,17
5726,1431,1,28,13,28,18,20,17,False,False,False,0.02552715688943863,other,15
5727,1431,1,0,8,0,20,18,22,False,False,False,0.05104072391986847,other,8
5728,1432,0,32,13,32,24,6,6,False,False,False,0.020298445597290993,other,19
5729,1432,0,10,12,10,6,24,6,False,False,False,0.07345090806484222,other,2
5730,1432,1,10,29,10,24,6,4,False,False,False,0.06594154238700867,other,19
5731,1432,1,32,35,32,6,24,6,False,False,False,0.015916166827082634,other,3
5732,1433,0,46,35,46,7,26,6,False,False,False,0.03284614905714989,other,11
5733,1433,0,2,13,2,26,7,6,False,False,False,0.015017203986644745,other,11
5734,1433,1,2,0,2,7,26,6,False,False,False,0.01633213274180889,other,2
5735,1433,1,46,13,46,26,7,6,False,False,False,0.027841920033097267,other,33
5736,1434,0,7,7,7,17,24,24,True,True,False,0.041922442615032196,correct,0
5737,1434,0,30,8,30,24,17,6,False,False,False,0.07604900002479553,other,22
5738,1434,1,30,31,30,17,24,17,False,False,True,0.05131172016263008,off_by_one,1
5739,1434,1,7,7,7,24,17,16,True,True,False,0.020992722362279892,correct,0
5740,1435,0,25,8,25,7,15,6,False,False,False,0.02105751261115074,other,17
5741,1435,0,34,23,34,15,7,6,False,False,False,0.03523151949048042,other,11
5742,1435,1,34,45,34,7,15,15,False,False,False,0.02855212613940239,other,11
5743,1435,1,25,15,25,15,7,34,False,False,False,0.02816666290163994,other,10
5744,1436,0,32,13,32,28,33,17,False,False,False,0.012348275631666183,other,19
5745,1436,0,20,35,20,33,28,16,False,False,False,0.018322201445698738,other,15
5746,1436,1,20,3,20,28,33,17,False,False,False,0.013415603898465633,other,17
5747,1436,1,32,13,32,33,28,15,False,False,False,0.013573533855378628,other,19
5748,1437,0,16,15,16,2,19,6,False,False,True,0.12133060395717621,off_by_one,1
5749,1437,0,6,13,6,19,2,17,False,False,False,0.08384039998054504,other,7
5750,1437,1,6,13,6,2,19,6,False,False,False,0.06720662117004395,other,7
5751,1437,1,16,7,16,19,2,20,False,False,False,0.07766180485486984,other,9
5752,1438,0,34,34,34,6,18,6,True,True,False,0.032146766781806946,correct,0
5753,1438,0,6,41,6,18,6,22,False,False,False,0.09007249772548676,other,35
5754,1438,1,6,12,6,6,18,6,False,False,False,0.0825926810503006,other,6
5755,1438,1,34,6,34,18,6,6,False,False,False,0.04852445796132088,other,28
5756,1439,0,29,11,29,16,17,6,False,False,False,0.032554809004068375,other,18
5757,1439,0,39,13,39,17,16,17,False,False,False,0.021544985473155975,other,26
5758,1439,1,39,12,39,16,17,6,False,False,False,0.03003009781241417,other,27
5759,1439,1,29,13,29,17,16,17,False,False,False,0.03378293290734291,other,16
5760,1440,0,25,35,25,19,8,17,False,False,False,0.03960830718278885,other,10
5761,1440,0,42,42,42,8,19,6,True,True,False,0.1610783040523529,correct,0
5762,1440,1,42,42,42,19,8,6,True,True,False,0.16397593915462494,correct,0
5763,1440,1,25,13,25,8,19,34,False,False,False,0.051185574382543564,other,12
5764,1441,0,7,7,7,18,0,6,True,True,False,0.012880821712315083,correct,0
5765,1441,0,44,35,44,0,18,14,False,False,False,0.023268675431609154,other,9
5766,1441,1,44,45,44,18,0,6,False,False,True,0.01908416487276554,off_by_one,1
5767,1441,1,7,7,7,0,18,34,True,True,False,0.017831433564424515,correct,0
5768,1442,0,30,13,30,19,6,6,False,False,False,0.08274757117033005,other,17
5769,1442,0,20,8,20,6,19,6,False,False,False,0.1066700741648674,other,12
5770,1442,1,20,13,20,19,6,6,False,False,False,0.09340263158082962,other,7
5771,1442,1,30,3,30,6,19,6,False,False,False,0.07426658272743225,other,27
5772,1443,0,29,11,29,14,16,7,False,False,False,0.043390385806560516,other,18
5773,1443,0,2,3,2,16,14,16,False,False,True,0.014884847216308117,off_by_one,1
5774,1443,1,2,13,2,14,16,17,False,False,False,0.019596686586737633,other,11
5775,1443,1,29,11,29,16,14,7,False,False,False,0.06346715241670609,other,18
5776,1444,0,40,13,40,36,6,17,False,False,False,0.04972372576594353,other,27
5777,1444,0,8,15,8,6,36,26,False,False,False,0.21467694640159607,other,7
5778,1444,1,8,15,8,36,6,12,False,False,False,0.15603849291801453,other,7
5779,1444,1,40,13,40,6,36,6,False,False,False,0.03545331954956055,other,27
5780,1445,0,38,13,38,2,5,6,False,False,False,0.02045574225485325,other,25
5781,1445,0,11,11,11,5,2,6,True,True,False,0.039338164031505585,correct,0
5782,1445,1,11,9,11,2,5,6,False,False,False,0.02628924883902073,other,2
5783,1445,1,38,13,38,5,2,6,False,False,False,0.017418041825294495,other,25
5784,1446,0,38,13,38,6,19,6,False,False,False,0.026790326461195946,other,25
5785,1446,0,13,13,13,19,6,6,True,True,False,0.069022536277771,correct,0
5786,1446,1,13,12,13,6,19,6,False,False,True,0.06673263758420944,off_by_one,1
5787,1446,1,38,13,38,19,6,6,False,False,False,0.02213592454791069,other,25
5788,1447,0,41,41,41,15,25,16,True,True,False,0.031224876642227173,correct,0
5789,1447,0,14,35,14,25,15,17,False,False,False,0.019073568284511566,other,21
5790,1447,1,14,35,14,15,25,17,False,False,False,0.012816333211958408,other,21
5791,1447,1,41,8,41,25,15,15,False,False,False,0.033010341227054596,other,33
5792,1448,0,0,0,0,14,19,7,True,True,False,0.026155095547437668,correct,0
5793,1448,0,9,3,9,19,14,15,False,False,False,0.018505342304706573,other,6
5794,1448,1,9,10,9,14,19,20,False,False,True,0.016862688586115837,off_by_one,1
5795,1448,1,0,13,0,19,14,17,False,False,False,0.028016049414873123,other,13
5796,1449,0,48,13,48,15,27,6,False,False,False,0.01360380183905363,other,35
5797,1449,0,20,45,20,27,15,6,False,False,False,0.03397868573665619,other,25
5798,1449,1,20,3,20,15,27,17,False,False,False,0.02829127013683319,other,17
5799,1449,1,48,36,48,27,15,17,False,False,False,0.008924785070121288,other,12
5800,1450,0,18,35,18,15,1,7,False,False,False,0.03999527171254158,other,17
5801,1450,0,41,6,41,1,15,6,False,False,False,0.050821125507354736,other,35
5802,1450,1,41,41,41,15,1,7,True,True,False,0.17447732388973236,correct,0
5803,1450,1,18,9,18,1,15,6,False,False,False,0.04580936208367348,other,9
5804,1451,0,11,13,11,18,16,6,False,False,False,0.051863573491573334,other,2
5805,1451,0,47,10,47,16,18,33,False,False,False,0.03916028514504433,other,37
5806,1451,1,47,13,47,18,16,6,False,False,False,0.04393671825528145,other,34
5807,1451,1,11,8,11,16,18,22,False,False,False,0.060992900282144547,other,3
5808,1452,0,3,8,3,24,15,7,False,False,False,0.07429531216621399,other,5
5809,1452,0,8,13,8,15,24,6,False,False,False,0.09436781704425812,other,5
5810,1452,1,8,15,8,24,15,6,False,False,False,0.11507666110992432,other,7
5811,1452,1,3,13,3,15,24,17,False,False,False,0.09565833956003189,other,10
5812,1453,0,2,0,2,38,6,7,False,False,False,0.015264810062944889,other,2
5813,1453,0,41,15,41,6,38,15,False,False,False,0.03858901187777519,other,26
5814,1453,1,41,15,41,38,6,27,False,False,False,0.06269880384206772,other,26
5815,1453,1,2,13,2,6,38,6,False,False,False,0.024448320269584656,other,11
5816,1454,0,7,7,7,6,14,6,True,True,False,0.018474845215678215,correct,0
5817,1454,0,33,11,33,14,6,15,False,False,False,0.019772827625274658,other,22
5818,1454,1,33,13,33,6,14,4,False,False,False,0.01490220706909895,other,20
5819,1454,1,7,7,7,14,6,25,True,True,False,0.017003396525979042,correct,0
5820,1455,0,19,8,19,7,6,6,False,False,False,0.11067347228527069,other,11
5821,1455,0,1,13,1,6,7,6,False,False,False,0.023655351251363754,other,12
5822,1455,1,1,13,1,7,6,17,False,False,False,0.021230703219771385,other,12
5823,1455,1,19,12,19,6,7,6,False,False,False,0.0786043331027031,other,7
5824,1456,0,4,35,4,21,6,17,False,False,False,0.017986739054322243,other,31
5825,1456,0,8,8,8,6,21,24,True,True,False,0.07098809629678726,correct,0
5826,1456,1,8,8,8,21,6,6,True,True,False,0.08908917009830475,correct,0
5827,1456,1,4,6,4,6,21,6,False,False,False,0.020361902192234993,other,2
5828,1457,0,25,15,25,27,24,6,False,False,False,0.02577846683561802,other,10
5829,1457,0,37,6,37,24,27,17,False,False,False,0.02204945869743824,other,31
5830,1457,1,37,6,37,27,24,17,False,False,False,0.01563463732600212,other,31
5831,1457,1,25,15,25,24,27,6,False,False,False,0.03148151934146881,other,10
5832,1458,0,0,11,0,17,6,15,False,False,False,0.04083725064992905,other,11
5833,1458,0,4,35,4,6,17,6,False,False,False,0.008248783648014069,other,31
5834,1458,1,4,35,4,17,6,7,False,False,False,0.008209344930946827,other,31
5835,1458,1,0,3,0,6,17,6,False,False,False,0.03402616083621979,other,3
5836,1459,0,34,15,34,16,21,7,False,False,False,0.0124844154343009,other,19
5837,1459,0,7,7,7,21,16,6,True,True,False,0.08106087893247604,correct,0
5838,1459,1,7,7,7,16,21,22,True,True,False,0.06450442969799042,correct,0
5839,1459,1,34,13,34,21,16,17,False,False,False,0.01858133263885975,other,21
5840,1460,0,13,13,13,8,9,6,True,True,False,0.0321057066321373,correct,0
5841,1460,0,40,35,40,9,8,15,False,False,False,0.010001013986766338,other,5
5842,1460,1,40,45,40,8,9,6,False,False,False,0.015183531679213047,other,5
5843,1460,1,13,3,13,9,8,6,False,False,False,0.02590310387313366,other,10
5844,1461,0,45,13,45,0,7,17,False,False,False,0.010988580994307995,other,32
5845,1461,0,20,12,20,7,0,6,False,False,False,0.069978266954422,other,8
5846,1461,1,20,3,20,0,7,15,False,False,False,0.04728205129504204,other,17
5847,1461,1,45,24,45,7,0,17,False,False,False,0.007133994717150927,other,21
5848,1462,0,20,13,20,7,6,17,False,False,False,0.06526830047369003,other,7
5849,1462,0,7,7,7,6,7,36,True,True,False,0.033367663621902466,correct,0
5850,1462,1,7,7,7,7,6,6,True,True,False,0.0453554205596447,correct,0
5851,1462,1,20,12,20,6,7,6,False,False,False,0.06803376227617264,other,8
5852,1463,0,35,35,35,20,39,15,True,True,False,0.021267211064696312,correct,0
5853,1463,0,45,47,45,39,20,7,False,False,False,0.013464724645018578,other,2
5854,1463,1,45,35,45,20,39,7,False,False,False,0.02340906858444214,other,10
5855,1463,1,35,35,35,39,20,30,True,True,False,0.012429790571331978,correct,0
5856,1464,0,17,13,17,15,18,6,False,False,False,0.020865971222519875,other,4
5857,1464,0,40,8,40,18,15,6,False,False,False,0.05109900236129761,other,32
5858,1464,1,40,46,40,15,18,17,False,False,False,0.03169713914394379,other,6
5859,1464,1,17,35,17,18,15,6,False,False,False,0.016969820484519005,other,18
5860,1465,0,35,35,35,17,18,17,True,True,False,0.00979766808450222,correct,0
5861,1465,0,4,35,4,18,17,4,False,False,False,0.0166664719581604,other,31
5862,1465,1,4,35,4,17,18,17,False,False,False,0.01669621840119362,other,31
5863,1465,1,35,35,35,18,17,4,True,True,False,0.011738394387066364,correct,0
5864,1466,0,39,13,39,6,24,6,False,False,False,0.03955753892660141,other,26
5865,1466,0,38,45,38,24,6,8,False,False,False,0.015894100069999695,other,7
5866,1466,1,38,13,38,6,24,6,False,False,False,0.01783270388841629,other,25
5867,1466,1,39,10,39,24,6,8,False,False,False,0.0317305251955986,other,29
5868,1467,0,26,35,26,14,21,17,False,False,False,0.02877560257911682,other,9
5869,1467,0,3,36,3,21,14,21,False,False,False,0.009924745187163353,other,33
5870,1467,1,3,36,3,14,21,0,False,False,False,0.007694262079894543,other,33
5871,1467,1,26,35,26,21,14,15,False,False,False,0.016323424875736237,other,9
5872,1468,0,9,29,9,14,20,0,False,False,False,0.007766439113765955,other,20
5873,1468,0,39,13,39,20,14,15,False,False,False,0.01545477844774723,other,26
5874,1468,1,39,3,39,14,20,15,False,False,False,0.02018769644200802,other,36
5875,1468,1,9,13,9,20,14,17,False,False,False,0.007243782747536898,other,4
5876,1469,0,39,13,39,13,8,6,False,False,False,0.045062582939863205,other,26
5877,1469,0,19,12,19,8,13,6,False,False,False,0.04252330958843231,other,7
5878,1469,1,19,2,19,13,8,22,False,False,False,0.04022693261504173,other,17
5879,1469,1,39,13,39,8,13,6,False,False,False,0.027510616928339005,other,26
5880,1470,0,36,13,36,6,24,7,False,False,False,0.07399006932973862,other,23
5881,1470,0,30,11,30,24,6,8,False,False,False,0.09424197673797607,other,19
5882,1470,1,30,48,30,6,24,6,False,False,False,0.08581475168466568,other,18
5883,1470,1,36,3,36,24,6,6,False,False,False,0.11640167236328125,other,33
5884,1471,0,17,3,17,23,16,15,False,False,False,0.00983938667923212,other,14
5885,1471,0,10,10,10,16,23,15,True,True,False,0.012561241164803505,correct,0
5886,1471,1,10,3,10,23,16,0,False,False,False,0.006819417700171471,other,7
5887,1471,1,17,3,17,16,23,27,False,False,False,0.010693729855120182,other,14
5888,1472,0,18,10,18,16,15,15,False,False,False,0.015431426465511322,other,8
5889,1472,0,29,13,29,15,16,17,False,False,False,0.026054196059703827,other,16
5890,1472,1,29,11,29,16,15,15,False,False,False,0.020116187632083893,other,18
5891,1472,1,18,3,18,15,16,15,False,False,False,0.008211555890738964,other,15
5892,1473,0,7,16,7,16,12,15,False,False,False,0.048728954046964645,other,9
5893,1473,0,0,13,0,12,16,6,False,False,False,0.026623884215950966,other,13
5894,1473,1,0,10,0,16,12,6,False,False,False,0.028226640075445175,other,10
5895,1473,1,7,7,7,12,16,6,True,True,False,0.04568834975361824,correct,0
5896,1474,0,35,13,35,6,7,6,False,False,False,0.01730211451649666,other,22
5897,1474,0,14,29,14,7,6,6,False,False,False,0.02768046036362648,other,15
5898,1474,1,14,15,14,6,7,6,False,False,True,0.03469381108880043,off_by_one,1
5899,1474,1,35,35,35,7,6,6,True,True,False,0.01399819366633892,correct,0
5900,1475,0,17,45,17,25,18,6,False,False,False,0.05788654461503029,other,28
5901,1475,0,31,13,31,18,25,6,False,False,False,0.03526704013347626,other,18
5902,1475,1,31,3,31,25,18,17,False,False,False,0.02725858986377716,other,28
5903,1475,1,17,0,17,18,25,21,False,False,False,0.03644490987062454,other,17
5904,1476,0,46,3,46,7,18,39,False,False,False,0.036319442093372345,other,43
5905,1476,0,35,13,35,18,7,6,False,False,False,0.021729541942477226,other,22
5906,1476,1,35,35,35,7,18,17,True,True,False,0.01396145485341549,correct,0
5907,1476,1,46,3,46,18,7,30,False,False,False,0.03581150248646736,other,43
5908,1477,0,44,24,44,14,6,38,False,False,False,0.03687285631895065,other,20
5909,1477,0,26,35,26,6,14,6,False,False,False,0.02649153210222721,other,9
5910,1477,1,26,35,26,14,6,6,False,False,False,0.03693818673491478,other,9
5911,1477,1,44,0,44,6,14,6,False,False,False,0.04054161533713341,other,44
5912,1478,0,26,35,26,15,18,18,False,False,False,0.02680291421711445,other,9
5913,1478,0,11,10,11,18,15,4,False,False,True,0.018712380900979042,off_by_one,1
5914,1478,1,11,10,11,15,18,16,False,False,True,0.00958751980215311,off_by_one,1
5915,1478,1,26,35,26,18,15,6,False,False,False,0.01798207312822342,other,9
5916,1479,0,41,41,41,8,12,22,True,True,False,0.01799469254910946,correct,0
5917,1479,0,21,21,21,12,8,6,True,True,False,0.021760243922472,correct,0
5918,1479,1,21,21,21,8,12,6,True,True,False,0.024429982528090477,correct,0
5919,1479,1,41,15,41,12,8,22,False,False,False,0.016978152096271515,other,26
5920,1480,0,48,3,48,6,26,6,False,False,False,0.018406718969345093,other,45
5921,1480,0,23,35,23,26,6,26,False,False,False,0.06218421459197998,other,12
5922,1480,1,23,41,23,6,26,6,False,False,False,0.04510350897908211,other,18
5923,1480,1,48,13,48,26,6,6,False,False,False,0.0341189019382,other,35
5924,1481,0,28,8,28,7,18,6,False,False,False,0.0872189998626709,other,20
5925,1481,0,39,13,39,18,7,6,False,False,False,0.0248421523720026,other,26
5926,1481,1,39,13,39,7,18,15,False,False,False,0.02162129245698452,other,26
5927,1481,1,28,29,28,18,7,4,False,False,True,0.09720951318740845,off_by_one,1
5928,1482,0,39,13,39,7,11,6,False,False,False,0.016463281586766243,other,26
5929,1482,0,1,35,1,11,7,15,False,False,False,0.02625407464802265,other,34
5930,1482,1,1,3,1,7,11,17,False,False,False,0.026154479011893272,other,2
5931,1482,1,39,13,39,11,7,15,False,False,False,0.027530593797564507,other,26
5932,1483,0,0,13,0,6,7,17,False,False,False,0.05993269756436348,other,13
5933,1483,0,11,35,11,7,6,7,False,False,False,0.012567891739308834,other,24
5934,1483,1,11,13,11,6,7,6,False,False,False,0.014914690516889095,other,2
5935,1483,1,0,2,0,7,6,6,False,False,False,0.07288124412298203,other,2
5936,1484,0,36,0,36,17,6,15,False,False,False,0.033488139510154724,other,36
5937,1484,0,4,35,4,6,17,6,False,False,False,0.012553098611533642,other,31
5938,1484,1,4,35,4,17,6,17,False,False,False,0.015414195135235786,other,31
5939,1484,1,36,12,36,6,17,6,False,False,False,0.03945977985858917,other,24
5940,1485,0,19,3,19,26,18,6,False,False,False,0.036201413720846176,other,16
5941,1485,0,38,12,38,18,26,8,False,False,False,0.007094607222825289,other,26
5942,1485,1,38,13,38,26,18,4,False,False,False,0.00861628632992506,other,25
5943,1485,1,19,3,19,18,26,8,False,False,False,0.03757235035300255,other,16
5944,1486,0,23,13,23,18,14,6,False,False,False,0.02048443630337715,other,10
5945,1486,0,1,10,1,14,18,6,False,False,False,0.042268700897693634,other,9
5946,1486,1,1,48,1,18,14,6,False,False,False,0.04085195064544678,other,47
5947,1486,1,23,35,23,14,18,6,False,False,False,0.02022111415863037,other,12
5948,1487,0,40,35,40,19,2,21,False,False,False,0.016657447442412376,other,5
5949,1487,0,26,45,26,2,19,4,False,False,False,0.027251042425632477,other,19
5950,1487,1,26,35,26,19,2,6,False,False,False,0.04388969764113426,other,9
5951,1487,1,40,29,40,2,19,6,False,False,False,0.01803554594516754,other,11
5952,1488,0,42,15,42,18,36,6,False,False,False,0.03499951586127281,other,27
5953,1488,0,36,13,36,36,18,6,False,False,False,0.027851652354002,other,23
5954,1488,1,36,3,36,18,36,17,False,False,False,0.017030183225870132,other,33
5955,1488,1,42,42,42,36,18,6,True,True,False,0.04088342562317848,correct,0
5956,1489,0,3,13,3,6,7,6,False,False,False,0.04963193088769913,other,10
5957,1489,0,35,35,35,7,6,8,True,True,False,0.011580558493733406,correct,0
5958,1489,1,35,13,35,6,7,6,False,False,False,0.020405715331435204,other,22
5959,1489,1,3,3,3,7,6,6,True,True,False,0.0734165757894516,correct,0
5960,1490,0,44,24,44,24,35,21,False,False,False,0.014240260235965252,other,20
5961,1490,0,30,3,30,35,24,6,False,False,False,0.015608231537044048,other,27
5962,1490,1,30,3,30,24,35,6,False,False,False,0.03477504849433899,other,27
5963,1490,1,44,13,44,35,24,7,False,False,False,0.02111487090587616,other,31
5964,1491,0,25,13,25,7,23,6,False,False,False,0.018671046942472458,other,12
5965,1491,0,8,8,8,23,7,12,True,True,False,0.08420675247907639,correct,0
5966,1491,1,8,8,8,7,23,24,True,True,False,0.06609770655632019,correct,0
5967,1491,1,25,13,25,23,7,6,False,False,False,0.028032680973410606,other,12
5968,1492,0,26,15,26,16,7,6,False,False,False,0.019638197496533394,other,11
5969,1492,0,27,13,27,7,16,16,False,False,False,0.03643183410167694,other,14
5970,1492,1,27,16,27,16,7,22,False,False,False,0.05561724305152893,other,11
5971,1492,1,26,13,26,7,16,17,False,False,False,0.029034944251179695,other,13
5972,1493,0,6,13,6,6,16,6,False,False,False,0.053205735981464386,other,7
5973,1493,0,12,11,12,16,6,2,False,False,True,0.06025439128279686,off_by_one,1
5974,1493,1,12,12,12,6,16,6,True,True,False,0.05741697922348976,correct,0
5975,1493,1,6,13,6,16,6,6,False,False,False,0.08336008340120316,other,7
5976,1494,0,23,35,23,7,15,18,False,False,False,0.04485622048377991,other,12
5977,1494,0,38,13,38,15,7,15,False,False,False,0.023764103651046753,other,25
5978,1494,1,38,13,38,7,15,0,False,False,False,0.022140569984912872,other,25
5979,1494,1,23,35,23,15,7,6,False,False,False,0.053011175245046616,other,12
5980,1495,0,41,15,41,6,39,6,False,False,False,0.03972002491354942,other,26
5981,1495,0,0,48,0,39,6,7,False,False,False,0.013752320781350136,other,48
5982,1495,1,0,3,0,6,39,6,False,False,False,0.00867464393377304,other,3
5983,1495,1,41,41,41,39,6,6,True,True,False,0.03451550006866455,correct,0
5984,1496,0,1,3,1,24,15,4,False,False,False,0.016299540176987648,other,2
5985,1496,0,43,11,43,15,24,21,False,False,False,0.03686443343758583,other,32
5986,1496,1,43,13,43,24,15,17,False,False,False,0.030861133709549904,other,30
5987,1496,1,1,45,1,15,24,34,False,False,False,0.019065964967012405,other,44
5988,1497,0,21,21,21,15,26,6,True,True,False,0.028439180925488472,correct,0
5989,1497,0,33,29,33,26,15,4,False,False,False,0.019563136622309685,other,4
5990,1497,1,33,10,33,15,26,19,False,False,False,0.024796919897198677,other,23
5991,1497,1,21,13,21,26,15,6,False,False,False,0.05863149091601372,other,8
5992,1498,0,18,1,18,0,6,19,False,False,False,0.05022992193698883,other,17
5993,1498,0,7,42,7,6,0,6,False,False,False,0.04301539063453674,other,35
5994,1498,1,7,7,7,0,6,17,True,True,False,0.04691842198371887,correct,0
5995,1498,1,18,2,18,6,0,6,False,False,False,0.056315530091524124,other,16
5996,1499,0,40,13,40,16,6,6,False,False,False,0.02836477942764759,other,27
5997,1499,0,35,15,35,6,16,6,False,False,False,0.04145282506942749,other,20
5998,1499,1,35,35,35,16,6,15,True,True,False,0.028286181390285492,correct,0
5999,1499,1,40,13,40,6,16,6,False,False,False,0.017806965857744217,other,27
6000,1500,0,8,8,8,1,4,12,True,True,False,0.029760269448161125,correct,0
6001,1500,0,28,13,28,4,1,6,False,False,False,0.06143258512020111,other,15
6002,1500,1,28,35,28,1,4,6,False,False,False,0.05966397002339363,other,7
6003,1500,1,8,13,8,4,1,6,False,False,False,0.034966498613357544,other,5
6004,1501,0,31,12,31,6,1,6,False,False,False,0.07482349127531052,other,19
6005,1501,0,47,13,47,1,6,6,False,False,False,0.020284172147512436,other,34
6006,1501,1,47,24,47,6,1,6,False,False,False,0.015075532719492912,other,23
6007,1501,1,31,22,31,1,6,17,False,False,False,0.07030923664569855,other,9
6008,1502,0,45,8,45,7,2,6,False,False,False,0.04766348376870155,other,37
6009,1502,0,12,13,12,2,7,6,False,False,True,0.020128536969423294,off_by_one,1
6010,1502,1,12,10,12,7,2,18,False,False,False,0.01644193008542061,other,2
6011,1502,1,45,35,45,2,7,17,False,False,False,0.030195726081728935,other,10
6012,1503,0,33,13,33,14,7,38,False,False,False,0.023693010210990906,other,20
6013,1503,0,20,12,20,7,14,6,False,False,False,0.03423022851347923,other,8
6014,1503,1,20,8,20,14,7,7,False,False,False,0.048372533172369,other,12
6015,1503,1,33,13,33,7,14,6,False,False,False,0.022379718720912933,other,20
6016,1504,0,36,13,36,3,0,17,False,False,False,0.022274572402238846,other,23
6017,1504,0,9,10,9,0,3,19,False,False,True,0.023484284058213234,off_by_one,1
6018,1504,1,9,3,9,3,0,6,False,False,False,0.016315393149852753,other,6
6019,1504,1,36,0,36,0,3,15,False,False,False,0.010567212477326393,other,36
6020,1505,0,30,6,30,18,17,4,False,False,False,0.04337569326162338,other,24
6021,1505,0,39,11,39,17,18,21,False,False,False,0.016566021367907524,other,28
6022,1505,1,39,12,39,18,17,6,False,False,False,0.011634241789579391,other,27
6023,1505,1,30,48,30,17,18,17,False,False,False,0.03487321361899376,other,18
6024,1506,0,40,10,40,2,5,18,False,False,False,0.031702421605587006,other,30
6025,1506,0,3,13,3,5,2,6,False,False,False,0.05573135241866112,other,10
6026,1506,1,3,3,3,2,5,8,True,True,False,0.042170729488134384,correct,0
6027,1506,1,40,13,40,5,2,6,False,False,False,0.019180873408913612,other,27
6028,1507,0,5,7,5,18,6,18,False,False,False,0.02847983129322529,other,2
6029,1507,0,4,41,4,6,18,26,False,False,False,0.01456502266228199,other,37
6030,1507,1,4,35,4,18,6,4,False,False,False,0.019341928884387016,other,31
6031,1507,1,5,7,5,6,18,17,False,False,False,0.018426571041345596,other,2
6032,1508,0,42,42,42,6,15,26,True,True,False,0.1030132919549942,correct,0
6033,1508,0,21,3,21,15,6,7,False,False,False,0.07323160022497177,other,18
6034,1508,1,21,13,21,6,15,6,False,False,False,0.08341607451438904,other,8
6035,1508,1,42,7,42,15,6,34,False,False,False,0.08926723152399063,other,35
6036,1509,0,16,11,16,1,16,27,False,False,False,0.04612858593463898,other,5
6037,1509,0,24,35,24,16,1,17,False,False,False,0.016176853328943253,other,11
6038,1509,1,24,35,24,1,16,17,False,False,False,0.014670594595372677,other,11
6039,1509,1,16,16,16,16,1,31,True,True,False,0.032796915620565414,correct,0
6040,1510,0,23,13,23,19,6,6,False,False,False,0.035616885870695114,other,10
6041,1510,0,16,15,16,6,19,6,False,False,True,0.1720443069934845,off_by_one,1
6042,1510,1,16,7,16,19,6,35,False,False,False,0.15047122538089752,other,9
6043,1510,1,23,35,23,6,19,6,False,False,False,0.01959218643605709,other,12
6044,1511,0,46,6,46,26,24,6,False,False,False,0.055186837911605835,other,40
6045,1511,0,42,42,42,24,26,6,True,True,False,0.14750486612319946,correct,0
6046,1511,1,42,42,42,26,24,6,True,True,False,0.20189285278320312,correct,0
6047,1511,1,46,8,46,24,26,22,False,False,False,0.07731166481971741,other,38
6048,1512,0,48,11,48,14,24,27,False,False,False,0.03873568773269653,other,37
6049,1512,0,45,13,45,24,14,6,False,False,False,0.01928303949534893,other,32
6050,1512,1,45,35,45,14,24,15,False,False,False,0.024831775575876236,other,10
6051,1512,1,48,22,48,24,14,30,False,False,False,0.034850332885980606,other,26
6052,1513,0,11,3,11,17,14,14,False,False,False,0.043803416192531586,other,8
6053,1513,0,43,3,43,14,17,38,False,False,False,0.012730837799608707,other,40
6054,1513,1,43,13,43,17,14,17,False,False,False,0.028854040428996086,other,30
6055,1513,1,11,16,11,14,17,18,False,False,False,0.05481249466538429,other,5
6056,1514,0,10,15,10,0,34,12,False,False,False,0.057519812136888504,other,5
6057,1514,0,0,13,0,34,0,17,False,False,False,0.02243921533226967,other,13
6058,1514,1,0,35,0,0,34,15,False,False,False,0.007351659703999758,other,35
6059,1514,1,10,29,10,34,0,10,False,False,False,0.04394298419356346,other,19
6060,1515,0,48,13,48,36,26,18,False,False,False,0.020504198968410492,other,35
6061,1515,0,42,42,42,26,36,6,True,True,False,0.09494028985500336,correct,0
6062,1515,1,42,7,42,36,26,6,False,False,False,0.08638900518417358,other,35
6063,1515,1,48,13,48,26,36,6,False,False,False,0.024624157696962357,other,35
6064,1516,0,4,13,4,2,19,6,False,False,False,0.02652078866958618,other,9
6065,1516,0,8,8,8,19,2,6,True,True,False,0.10721003264188766,correct,0
6066,1516,1,8,8,8,2,19,6,True,True,False,0.10075139254331589,correct,0
6067,1516,1,4,13,4,19,2,6,False,False,False,0.026379844173789024,other,9
6068,1517,0,7,7,7,18,6,20,True,True,False,0.06901001185178757,correct,0
6069,1517,0,48,13,48,6,18,6,False,False,False,0.03426429256796837,other,35
6070,1517,1,48,3,48,18,6,7,False,False,False,0.028380950912833214,other,45
6071,1517,1,7,41,7,6,18,6,False,False,False,0.043838705867528915,other,34
6072,1518,0,33,10,33,3,5,8,False,False,False,0.007329638581722975,other,23
6073,1518,0,14,13,14,5,3,6,False,False,True,0.016897547990083694,off_by_one,1
6074,1518,1,14,35,14,3,5,6,False,False,False,0.0162042248994112,other,21
6075,1518,1,33,10,33,5,3,4,False,False,False,0.010193729773163795,other,23
6076,1519,0,13,13,13,26,25,6,True,True,False,0.028026217594742775,correct,0
6077,1519,0,25,35,25,25,26,6,False,False,False,0.005975479260087013,other,10
6078,1519,1,25,35,25,26,25,6,False,False,False,0.011816455982625484,other,10
6079,1519,1,13,10,13,25,26,15,False,False,False,0.041625529527664185,other,3
6080,1520,0,26,35,26,36,15,30,False,False,False,0.022907165810465813,other,9
6081,1520,0,15,34,15,15,36,31,False,False,False,0.02869829721748829,other,19
6082,1520,1,15,25,15,36,15,6,False,False,False,0.034006718546152115,other,10
6083,1520,1,26,35,26,15,36,15,False,False,False,0.022977208718657494,other,9
6084,1521,0,6,13,6,36,26,6,False,False,False,0.09357159584760666,other,7
6085,1521,0,15,7,15,26,36,12,False,False,False,0.04871909320354462,other,8
6086,1521,1,15,35,15,36,26,15,False,False,False,0.0677560344338417,other,20
6087,1521,1,6,41,6,26,36,6,False,False,False,0.10179643332958221,other,35
6088,1522,0,2,13,2,14,16,16,False,False,False,0.017016887664794922,other,11
6089,1522,0,25,35,25,16,14,6,False,False,False,0.10182235389947891,other,10
6090,1522,1,25,15,25,14,16,36,False,False,False,0.08241575956344604,other,10
6091,1522,1,2,3,2,16,14,16,False,False,True,0.017591770738363266,off_by_one,1
6092,1523,0,8,8,8,7,8,22,True,True,False,0.06602870672941208,correct,0
6093,1523,0,1,13,1,8,7,6,False,False,False,0.03299340233206749,other,12
6094,1523,1,1,13,1,7,8,6,False,False,False,0.02428855560719967,other,12
6095,1523,1,8,8,8,8,7,12,True,True,False,0.06528379768133163,correct,0
6096,1524,0,4,35,4,19,2,6,False,False,False,0.02198360674083233,other,31
6097,1524,0,34,35,34,2,19,15,False,False,True,0.009988905861973763,off_by_one,1
6098,1524,1,34,41,34,19,2,6,False,False,False,0.009165594354271889,other,7
6099,1524,1,4,35,4,2,19,6,False,False,False,0.02411252073943615,other,31
6100,1525,0,22,12,22,16,17,22,False,False,False,0.03798958659172058,other,10
6101,1525,0,44,35,44,17,16,17,False,False,False,0.021510647609829903,other,9
6102,1525,1,44,8,44,16,17,22,False,False,False,0.03096645697951317,other,36
6103,1525,1,22,13,22,17,16,17,False,False,False,0.03621608763933182,other,9
6104,1526,0,40,35,40,0,15,17,False,False,False,0.05547672137618065,other,5
6105,1526,0,47,29,47,15,0,15,False,False,False,0.016485877335071564,other,18
6106,1526,1,47,45,47,0,15,23,False,False,False,0.02284083142876625,other,2
6107,1526,1,40,15,40,15,0,22,False,False,False,0.05297093838453293,other,25
6108,1527,0,30,45,30,36,26,6,False,False,False,0.06206805631518364,other,15
6109,1527,0,47,45,47,26,36,6,False,False,False,0.014421782456338406,other,2
6110,1527,1,47,24,47,36,26,6,False,False,False,0.011420907452702522,other,23
6111,1527,1,30,22,30,26,36,26,False,False,False,0.06036899611353874,other,8
6112,1528,0,4,35,4,17,14,17,False,False,False,0.004783840384334326,other,31
6113,1528,0,5,16,5,14,17,25,False,False,False,0.015214456245303154,other,11
6114,1528,1,5,16,5,17,14,25,False,False,False,0.019934775307774544,other,11
6115,1528,1,4,35,4,14,17,17,False,False,False,0.006849455181509256,other,31
6116,1529,0,33,12,33,0,6,19,False,False,False,0.03323052078485489,other,21
6117,1529,0,44,45,44,6,0,6,False,False,True,0.015761857852339745,off_by_one,1
6118,1529,1,44,35,44,0,6,17,False,False,False,0.014582323841750622,other,9
6119,1529,1,33,12,33,6,0,6,False,False,False,0.0445731021463871,other,21
6120,1530,0,2,3,2,7,6,17,False,False,True,0.05190206691622734,off_by_one,1
6121,1530,0,41,41,41,6,7,6,True,True,False,0.06706280261278152,correct,0
6122,1530,1,41,41,41,7,6,6,True,True,False,0.03672299161553383,correct,0
6123,1530,1,2,12,2,6,7,6,False,False,False,0.05649294704198837,other,10
6124,1531,0,41,15,41,14,36,6,False,False,False,0.17981486022472382,other,26
6125,1531,0,16,13,16,36,14,7,False,False,False,0.06643123924732208,other,3
6126,1531,1,16,11,16,14,36,22,False,False,False,0.053670477122068405,other,5
6127,1531,1,41,13,41,36,14,6,False,False,False,0.20026305317878723,other,28
6128,1532,0,13,13,13,12,16,6,True,True,False,0.058771952986717224,correct,0
6129,1532,0,16,10,16,16,12,34,False,False,False,0.029575541615486145,other,6
6130,1532,1,16,15,16,12,16,16,False,False,True,0.03859260678291321,off_by_one,1
6131,1532,1,13,0,13,16,12,14,False,False,False,0.03649696335196495,other,13
6132,1533,0,32,13,32,15,20,18,False,False,False,0.03461160510778427,other,19
6133,1533,0,10,3,10,20,15,17,False,False,False,0.010432690382003784,other,7
6134,1533,1,10,28,10,15,20,15,False,False,False,0.007337547373026609,other,18
6135,1533,1,32,3,32,20,15,15,False,False,False,0.027377154678106308,other,29
6136,1534,0,19,13,19,16,17,16,False,False,False,0.019155209884047508,other,6
6137,1534,0,40,35,40,17,16,17,False,False,False,0.013010757975280285,other,5
6138,1534,1,40,35,40,16,17,27,False,False,False,0.016761936247348785,other,5
6139,1534,1,19,13,19,17,16,0,False,False,False,0.01957765221595764,other,6
6140,1535,0,8,8,8,16,17,22,True,True,False,0.058305054903030396,correct,0
6141,1535,0,23,13,23,17,16,17,False,False,False,0.045799024403095245,other,10
6142,1535,1,23,15,23,16,17,14,False,False,False,0.03375789150595665,other,8
6143,1535,1,8,8,8,17,16,6,True,True,False,0.05754465237259865,correct,0
6144,1536,0,45,35,45,38,7,38,False,False,False,0.010777701623737812,other,10
6145,1536,0,3,31,3,7,38,7,False,False,False,0.050006963312625885,other,28
6146,1536,1,3,3,3,38,7,38,True,True,False,0.04661688953638077,correct,0
6147,1536,1,45,45,45,7,38,6,True,True,False,0.02262282744050026,correct,0
6148,1537,0,27,2,27,39,6,22,False,False,False,0.061715397983789444,other,25
6149,1537,0,35,13,35,6,39,6,False,False,False,0.031162157654762268,other,22
6150,1537,1,35,35,35,39,6,26,True,True,False,0.018844306468963623,correct,0
6151,1537,1,27,13,27,6,39,4,False,False,False,0.03422178328037262,other,14
6152,1538,0,23,35,23,17,18,7,False,False,False,0.09011825919151306,other,12
6153,1538,0,4,35,4,18,17,36,False,False,False,0.011973346583545208,other,31
6154,1538,1,4,35,4,17,18,17,False,False,False,0.013217619620263577,other,31
6155,1538,1,23,4,23,18,17,22,False,False,False,0.06336413323879242,other,19
6156,1539,0,39,13,39,26,18,4,False,False,False,0.024410126730799675,other,26
6157,1539,0,26,13,26,18,26,5,False,False,False,0.024845272302627563,other,13
6158,1539,1,26,45,26,26,18,6,False,False,False,0.023612039163708687,other,19
6159,1539,1,39,13,39,18,26,6,False,False,False,0.0215345099568367,other,26
6160,1540,0,3,45,3,16,6,6,False,False,False,0.08432827144861221,other,42
6161,1540,0,11,13,11,6,16,6,False,False,False,0.05761247128248215,other,2
6162,1540,1,11,13,11,16,6,6,False,False,False,0.05436185374855995,other,2
6163,1540,1,3,12,3,6,16,6,False,False,False,0.07451223582029343,other,9
6164,1541,0,29,8,29,0,6,18,False,False,False,0.07763034850358963,other,21
6165,1541,0,17,13,17,6,0,6,False,False,False,0.05571846663951874,other,4
6166,1541,1,17,45,17,0,6,6,False,False,False,0.05224655196070671,other,28
6167,1541,1,29,13,29,6,0,6,False,False,False,0.057071782648563385,other,16
6168,1542,0,25,13,25,26,16,6,False,False,False,0.025184866040945053,other,12
6169,1542,0,7,7,7,16,26,6,True,True,False,0.07354289293289185,correct,0
6170,1542,1,7,42,7,26,16,6,False,False,False,0.07010205090045929,other,35
6171,1542,1,25,0,25,16,26,15,False,False,False,0.01753537543118,other,25
6172,1543,0,20,35,20,24,18,17,False,False,False,0.054251529276371,other,15
6173,1543,0,10,10,10,18,24,18,True,True,False,0.00350895244628191,correct,0
6174,1543,1,10,13,10,24,18,6,False,False,False,0.012347356416285038,other,3
6175,1543,1,20,12,20,18,24,6,False,False,False,0.06573720276355743,other,8
6176,1544,0,25,35,25,36,16,6,False,False,False,0.02336636371910572,other,10
6177,1544,0,28,11,28,16,36,27,False,False,False,0.0045679714530706406,other,17
6178,1544,1,28,13,28,36,16,17,False,False,False,0.014110776595771313,other,15
6179,1544,1,25,15,25,16,36,6,False,False,False,0.02681637369096279,other,10
6180,1545,0,33,13,33,36,18,15,False,False,False,0.02551218681037426,other,20
6181,1545,0,9,13,9,18,36,18,False,False,False,0.031744252890348434,other,4
6182,1545,1,9,3,9,36,18,15,False,False,False,0.039964061230421066,other,6
6183,1545,1,33,10,33,18,36,18,False,False,False,0.022451622411608696,other,23
6184,1546,0,27,13,27,19,14,17,False,False,False,0.11157813668251038,other,14
6185,1546,0,48,10,48,14,19,18,False,False,False,0.04111957922577858,other,38
6186,1546,1,48,13,48,19,14,7,False,False,False,0.03246155381202698,other,35
6187,1546,1,27,8,27,14,19,7,False,False,False,0.10958568751811981,other,19
6188,1547,0,7,7,7,26,27,12,True,True,False,0.017286306247115135,correct,0
6189,1547,0,15,7,15,27,26,16,False,False,False,0.043908677995204926,other,8
6190,1547,1,15,42,15,26,27,6,False,False,False,0.038993529975414276,other,27
6191,1547,1,7,7,7,27,26,0,True,True,False,0.02975335530936718,correct,0
6192,1548,0,13,13,13,12,11,6,True,True,False,0.029699042439460754,correct,0
6193,1548,0,48,10,48,11,12,6,False,False,False,0.06450455635786057,other,38
6194,1548,1,48,13,48,12,11,6,False,False,False,0.049686744809150696,other,35
6195,1548,1,13,12,13,11,12,19,False,False,True,0.03373435512185097,off_by_one,1
6196,1549,0,7,7,7,18,15,7,True,True,False,0.03282945230603218,correct,0
6197,1549,0,48,45,48,15,18,34,False,False,False,0.018368419259786606,other,3
6198,1549,1,48,13,48,18,15,17,False,False,False,0.01515596080571413,other,35
6199,1549,1,7,7,7,15,18,20,True,True,False,0.033303383737802505,correct,0
6200,1550,0,38,13,38,6,7,6,False,False,False,0.012673355638980865,other,25
6201,1550,0,42,15,42,7,6,22,False,False,False,0.056934598833322525,other,27
6202,1550,1,42,15,42,6,7,22,False,False,False,0.05364934355020523,other,27
6203,1550,1,38,13,38,7,6,17,False,False,False,0.012447789311408997,other,25
6204,1551,0,16,5,16,24,16,6,False,False,False,0.15218418836593628,other,11
6205,1551,0,24,11,24,16,24,22,False,False,False,0.0372237004339695,other,13
6206,1551,1,24,13,24,24,16,17,False,False,False,0.029093598946928978,other,11
6207,1551,1,16,10,16,16,24,34,False,False,False,0.1529226154088974,other,6
6208,1552,0,40,13,40,6,23,6,False,False,False,0.30046987533569336,other,27
6209,1552,0,32,13,32,23,6,15,False,False,False,0.012384275905787945,other,19
6210,1552,1,32,35,32,6,23,6,False,False,False,0.011160836555063725,other,3
6211,1552,1,40,11,40,23,6,24,False,False,False,0.21131359040737152,other,29
6212,1553,0,29,8,29,2,6,5,False,False,False,0.027045221999287605,other,21
6213,1553,0,44,13,44,6,2,6,False,False,False,0.02171631157398224,other,31
6214,1553,1,44,13,44,2,6,6,False,False,False,0.01616363227367401,other,31
6215,1553,1,29,8,29,6,2,22,False,False,False,0.03337189182639122,other,21
6216,1554,0,19,8,19,6,14,6,False,False,False,0.05845491588115692,other,11
6217,1554,0,42,5,42,14,6,6,False,False,False,0.08669013530015945,other,37
6218,1554,1,42,13,42,6,14,6,False,False,False,0.06185077503323555,other,29
6219,1554,1,19,12,19,14,6,34,False,False,False,0.041515473276376724,other,7
6220,1555,0,7,7,7,0,7,7,True,True,False,0.0408821664750576,correct,0
6221,1555,0,16,15,16,7,0,18,False,False,True,0.07401075214147568,off_by_one,1
6222,1555,1,16,15,16,0,7,12,False,False,True,0.059279970824718475,off_by_one,1
6223,1555,1,7,7,7,7,0,7,True,True,False,0.026671476662158966,correct,0
6224,1556,0,12,11,12,17,18,17,False,False,True,0.014290123246610165,off_by_one,1
6225,1556,0,23,8,23,18,17,22,False,False,False,0.05694134905934334,other,15
6226,1556,1,23,35,23,17,18,15,False,False,False,0.06934817880392075,other,12
6227,1556,1,12,10,12,18,17,4,False,False,False,0.020234527066349983,other,2
6228,1557,0,30,8,30,3,20,6,False,False,False,0.057553451508283615,other,22
6229,1557,0,25,13,25,20,3,6,False,False,False,0.01827944815158844,other,12
6230,1557,1,25,35,25,3,20,6,False,False,False,0.022357620298862457,other,10
6231,1557,1,30,48,30,20,3,6,False,False,False,0.038235824555158615,other,18
6232,1558,0,36,29,36,24,36,4,False,False,False,0.02722456306219101,other,7
6233,1558,0,34,41,34,36,24,15,False,False,False,0.01977652683854103,other,7
6234,1558,1,34,7,34,24,36,6,False,False,False,0.023058095946907997,other,27
6235,1558,1,36,45,36,36,24,34,False,False,False,0.029775209724903107,other,9
6236,1559,0,29,9,29,9,17,6,False,False,False,0.04790131002664566,other,20
6237,1559,0,32,13,32,17,9,6,False,False,False,0.04177211970090866,other,19
6238,1559,1,32,8,32,9,17,6,False,False,False,0.06570415943861008,other,24
6239,1559,1,29,13,29,17,9,17,False,False,False,0.043142616748809814,other,16
6240,1560,0,7,7,7,24,32,0,True,True,False,0.02634974755346775,correct,0
6241,1560,0,6,48,6,32,24,6,False,False,False,0.017262447625398636,other,42
6242,1560,1,6,45,6,24,32,6,False,False,False,0.0253966823220253,other,39
6243,1560,1,7,7,7,32,24,15,True,True,False,0.03134673833847046,correct,0
6244,1561,0,16,8,16,6,36,22,False,False,False,0.1206827163696289,other,8
6245,1561,0,17,13,17,36,6,6,False,False,False,0.03462589904665947,other,4
6246,1561,1,17,8,17,6,36,6,False,False,False,0.04291877895593643,other,9
6247,1561,1,16,34,16,36,6,6,False,False,False,0.05679810047149658,other,18
6248,1562,0,48,13,48,12,14,6,False,False,False,0.0363493412733078,other,35
6249,1562,0,12,10,12,14,12,34,False,False,False,0.038168419152498245,other,2
6250,1562,1,12,13,12,12,14,17,False,False,True,0.04261592775583267,off_by_one,1
6251,1562,1,48,10,48,14,12,15,False,False,False,0.039913274347782135,other,38
6252,1563,0,42,42,42,16,6,7,True,True,False,0.07058096677064896,correct,0
6253,1563,0,32,15,32,6,16,6,False,False,False,0.04174533858895302,other,17
6254,1563,1,32,13,32,16,6,6,False,False,False,0.03351152688264847,other,19
6255,1563,1,42,15,42,6,16,22,False,False,False,0.0489671565592289,other,27
6256,1564,0,40,45,40,15,26,8,False,False,False,0.01254797913134098,other,5
6257,1564,0,48,13,48,26,15,6,False,False,False,0.034516841173172,other,35
6258,1564,1,48,45,48,15,26,6,False,False,False,0.042143452912569046,other,3
6259,1564,1,40,13,40,26,15,6,False,False,False,0.01907765306532383,other,27
6260,1565,0,31,3,31,24,18,6,False,False,False,0.033860720694065094,other,28
6261,1565,0,20,13,20,18,24,6,False,False,False,0.05613353103399277,other,7
6262,1565,1,20,8,20,24,18,6,False,False,False,0.06472479552030563,other,12
6263,1565,1,31,13,31,18,24,6,False,False,False,0.020700905472040176,other,18
6264,1566,0,2,8,2,24,14,6,False,False,False,0.051032792776823044,other,6
6265,1566,0,13,13,13,14,24,17,True,True,False,0.028935590758919716,correct,0
6266,1566,1,13,13,13,24,14,15,True,True,False,0.013626078143715858,correct,0
6267,1566,1,2,36,2,14,24,17,False,False,False,0.028180213645100594,other,34
6268,1567,0,25,35,25,2,19,6,False,False,False,0.02411923184990883,other,10
6269,1567,0,40,35,40,19,2,17,False,False,False,0.029605118557810783,other,5
6270,1567,1,40,24,40,2,19,6,False,False,False,0.029140615835785866,other,16
6271,1567,1,25,13,25,19,2,6,False,False,False,0.02629147469997406,other,12
6272,1568,0,48,3,48,12,17,4,False,False,False,0.0228777714073658,other,45
6273,1568,0,11,29,11,17,12,15,False,False,False,0.03200644999742508,other,18
6274,1568,1,11,8,11,12,17,6,False,False,False,0.054892875254154205,other,3
6275,1568,1,48,13,48,17,12,6,False,False,False,0.03415791690349579,other,35
6276,1569,0,33,3,33,17,14,17,False,False,False,0.004481734707951546,other,30
6277,1569,0,25,35,25,14,17,16,False,False,False,0.01716913841664791,other,10
6278,1569,1,25,35,25,17,14,15,False,False,False,0.01830749399960041,other,10
6279,1569,1,33,3,33,14,17,14,False,False,False,0.005442741792649031,other,30
6280,1570,0,7,7,7,24,6,6,True,True,False,0.07007899880409241,correct,0
6281,1570,0,9,8,9,6,24,6,False,False,True,0.06981398165225983,off_by_one,1
6282,1570,1,9,48,9,24,6,6,False,False,False,0.041996344923973083,other,39
6283,1570,1,7,7,7,6,24,6,True,True,False,0.059598732739686966,correct,0
6284,1571,0,3,3,3,19,2,39,True,True,False,0.040807001292705536,correct,0
6285,1571,0,12,10,12,2,19,10,False,False,False,0.044990476220846176,other,2
6286,1571,1,12,10,12,19,2,6,False,False,False,0.039483848959207535,other,2
6287,1571,1,3,3,3,2,19,19,True,True,False,0.029064107686281204,correct,0
6288,1572,0,20,3,20,20,38,7,False,False,False,0.02180367149412632,other,17
6289,1572,0,19,3,19,38,20,7,False,False,False,0.011527488939464092,other,16
6290,1572,1,19,3,19,20,38,7,False,False,False,0.01698802225291729,other,16
6291,1572,1,20,29,20,38,20,7,False,False,False,0.016337618231773376,other,9
6292,1573,0,10,13,10,7,2,7,False,False,False,0.02897341363132,other,3
6293,1573,0,41,15,41,2,7,26,False,False,False,0.06389614194631577,other,26
6294,1573,1,41,15,41,7,2,22,False,False,False,0.04663914442062378,other,26
6295,1573,1,10,13,10,2,7,17,False,False,False,0.018154939636588097,other,3
6296,1574,0,41,35,41,24,15,6,False,False,False,0.06175696849822998,other,6
6297,1574,0,45,35,45,15,24,21,False,False,False,0.013031204231083393,other,10
6298,1574,1,45,45,45,24,15,6,True,True,False,0.011315256357192993,correct,0
6299,1574,1,41,41,41,15,24,18,True,True,False,0.0510597750544548,correct,0
6300,1575,0,28,13,28,7,6,7,False,False,False,0.03343973681330681,other,15
6301,1575,0,13,12,13,6,7,22,False,False,True,0.049795862287282944,off_by_one,1
6302,1575,1,13,12,13,7,6,8,False,False,True,0.04650996997952461,off_by_one,1
6303,1575,1,28,13,28,6,7,6,False,False,False,0.023661034181714058,other,15
6304,1576,0,30,13,30,12,16,6,False,False,False,0.08383700996637344,other,17
6305,1576,0,38,12,38,16,12,34,False,False,False,0.02316872403025627,other,26
6306,1576,1,38,3,38,12,16,6,False,False,False,0.01404163520783186,other,35
6307,1576,1,30,22,30,16,12,6,False,False,False,0.07205995172262192,other,8
6308,1577,0,12,12,12,6,15,6,True,True,False,0.06562259048223495,correct,0
6309,1577,0,41,13,41,15,6,6,False,False,False,0.027914367616176605,other,28
6310,1577,1,41,41,41,6,15,6,True,True,False,0.027243100106716156,correct,0
6311,1577,1,12,36,12,15,6,17,False,False,False,0.06012837216258049,other,24
6312,1578,0,26,13,26,30,33,4,False,False,False,0.04560824856162071,other,13
6313,1578,0,11,10,11,33,30,27,False,False,True,0.026616593822836876,off_by_one,1
6314,1578,1,11,13,11,30,33,6,False,False,False,0.030735181644558907,other,2
6315,1578,1,26,8,26,33,30,6,False,False,False,0.07449774444103241,other,18
6316,1579,0,43,13,43,26,6,6,False,False,False,0.04616572707891464,other,30
6317,1579,0,10,8,10,6,26,6,False,False,False,0.10835041105747223,other,2
6318,1579,1,10,13,10,26,6,6,False,False,False,0.05058455839753151,other,3
6319,1579,1,43,8,43,6,26,6,False,False,False,0.08296462893486023,other,35
6320,1580,0,45,15,45,7,24,34,False,False,False,0.013769135810434818,other,30
6321,1580,0,38,13,38,24,7,17,False,False,False,0.02019408531486988,other,25
6322,1580,1,38,3,38,7,24,10,False,False,False,0.01410519890487194,other,35
6323,1580,1,45,15,45,24,7,21,False,False,False,0.00818599108606577,other,30
6324,1581,0,0,10,0,17,15,17,False,False,False,0.007914899848401546,other,10
6325,1581,0,2,35,2,15,17,16,False,False,False,0.01391509361565113,other,33
6326,1581,1,2,3,2,17,15,17,False,False,True,0.013862423598766327,off_by_one,1
6327,1581,1,0,11,0,15,17,0,False,False,False,0.0036571586970239878,other,11
6328,1582,0,34,13,34,36,16,17,False,False,False,0.04294700548052788,other,21
6329,1582,0,38,10,38,16,36,12,False,False,False,0.06354460120201111,other,28
6330,1582,1,38,13,38,36,16,6,False,False,False,0.04155176877975464,other,25
6331,1582,1,34,10,34,16,36,22,False,False,False,0.06449034065008163,other,24
6332,1583,0,13,13,13,6,7,6,True,True,False,0.03522339463233948,correct,0
6333,1583,0,23,35,23,7,6,15,False,False,False,0.02811838872730732,other,12
6334,1583,1,23,23,23,6,7,6,True,True,False,0.03506385162472725,correct,0
6335,1583,1,13,0,13,7,6,8,False,False,False,0.04299421235918999,other,13
6336,1584,0,20,32,20,18,26,6,False,False,False,0.0574118047952652,other,12
6337,1584,0,47,13,47,26,18,6,False,False,False,0.019409479573369026,other,34
6338,1584,1,47,10,47,18,26,6,False,False,False,0.023541349917650223,other,37
6339,1584,1,20,13,20,26,18,6,False,False,False,0.05047525465488434,other,7
6340,1585,0,43,36,43,14,15,0,False,False,False,0.02113959938287735,other,7
6341,1585,0,37,3,37,15,14,0,False,False,False,0.014189616777002811,other,34
6342,1585,1,37,45,37,14,15,27,False,False,False,0.02612966299057007,other,8
6343,1585,1,43,46,43,15,14,17,False,False,False,0.02378641813993454,other,3
6344,1586,0,23,35,23,16,24,15,False,False,False,0.06209069490432739,other,12
6345,1586,0,4,35,4,24,16,17,False,False,False,0.022495383396744728,other,31
6346,1586,1,4,35,4,16,24,16,False,False,False,0.011218721978366375,other,31
6347,1586,1,23,45,23,24,16,6,False,False,False,0.03721984103322029,other,22
6348,1587,0,46,13,46,8,12,6,False,False,False,0.03594750538468361,other,33
6349,1587,0,37,45,37,12,8,6,False,False,False,0.014874211512506008,other,8
6350,1587,1,37,21,37,8,12,6,False,False,False,0.018718739971518517,other,16
6351,1587,1,46,45,46,12,8,18,False,False,True,0.0323500819504261,off_by_one,1
6352,1588,0,25,35,25,17,1,15,False,False,False,0.00876010861247778,other,10
6353,1588,0,7,7,7,1,17,7,True,True,False,0.019550351426005363,correct,0
6354,1588,1,7,7,7,17,1,7,True,True,False,0.015769846737384796,correct,0
6355,1588,1,25,35,25,1,17,15,False,False,False,0.00974270049482584,other,10
6356,1589,0,14,45,14,12,16,6,False,False,False,0.021868743002414703,other,31
6357,1589,0,17,10,17,16,12,34,False,False,False,0.07367575913667679,other,7
6358,1589,1,17,15,17,12,16,6,False,False,False,0.0814734622836113,other,2
6359,1589,1,14,13,14,16,12,6,False,False,True,0.036301594227552414,off_by_one,1
6360,1590,0,9,13,9,27,24,14,False,False,False,0.0268939808011055,other,4
6361,1590,0,32,12,32,24,27,6,False,False,False,0.023425215855240822,other,20
6362,1590,1,32,11,32,27,24,22,False,False,False,0.03697920963168144,other,21
6363,1590,1,9,13,9,24,27,6,False,False,False,0.04694375768303871,other,4
6364,1591,0,5,41,5,2,14,6,False,False,False,0.0479290597140789,other,36
6365,1591,0,31,10,31,14,2,8,False,False,False,0.04311811923980713,other,21
6366,1591,1,31,10,31,2,14,18,False,False,False,0.058363769203424454,other,21
6367,1591,1,5,15,5,14,2,17,False,False,False,0.04847700148820877,other,10
6368,1592,0,37,13,37,7,16,17,False,False,False,0.025807229802012444,other,24
6369,1592,0,12,8,12,16,7,12,False,False,False,0.029447222128510475,other,4
6370,1592,1,12,32,12,7,16,6,False,False,False,0.03058519959449768,other,20
6371,1592,1,37,13,37,16,7,6,False,False,False,0.031456559896469116,other,24
6372,1593,0,6,35,6,27,24,7,False,False,False,0.024948718026280403,other,29
6373,1593,0,19,13,19,24,27,6,False,False,False,0.03254343196749687,other,6
6374,1593,1,19,45,19,27,24,7,False,False,False,0.019848398864269257,other,26
6375,1593,1,6,35,6,24,27,30,False,False,False,0.0352584570646286,other,29
6376,1594,0,38,3,38,29,14,6,False,False,False,0.01892097108066082,other,35
6377,1594,0,30,31,30,14,29,17,False,False,True,0.01510306354612112,off_by_one,1
6378,1594,1,30,13,30,29,14,6,False,False,False,0.02242489531636238,other,17
6379,1594,1,38,32,38,14,29,34,False,False,False,0.029323387891054153,other,6
6380,1595,0,4,13,4,3,7,6,False,False,False,0.030890509486198425,other,9
6381,1595,0,14,11,14,7,3,18,False,False,False,0.07740476727485657,other,3
6382,1595,1,14,35,14,3,7,17,False,False,False,0.06560016423463821,other,21
6383,1595,1,4,35,4,7,3,18,False,False,False,0.028975728899240494,other,31
6384,1596,0,1,13,1,0,1,17,False,False,False,0.021504104137420654,other,12
6385,1596,0,8,8,8,1,0,12,True,True,False,0.03933236747980118,correct,0
6386,1596,1,8,8,8,0,1,12,True,True,False,0.03538281098008156,correct,0
6387,1596,1,1,13,1,1,0,17,False,False,False,0.023463524878025055,other,12
6388,1597,0,40,12,40,6,26,6,False,False,False,0.037153493613004684,other,28
6389,1597,0,5,41,5,26,6,6,False,False,False,0.03552348539233208,other,36
6390,1597,1,5,7,5,6,26,6,False,False,False,0.024754811078310013,other,2
6391,1597,1,40,45,40,26,6,6,False,False,False,0.030713099986314774,other,5
6392,1598,0,7,7,7,0,6,34,True,True,False,0.022664399817585945,correct,0
6393,1598,0,46,13,46,6,0,6,False,False,False,0.020356150344014168,other,33
6394,1598,1,46,45,46,0,6,34,False,False,True,0.024038022384047508,off_by_one,1
6395,1598,1,7,7,7,6,0,6,True,True,False,0.01918623223900795,correct,0
6396,1599,0,6,41,6,6,17,6,False,False,False,0.09292159229516983,other,35
6397,1599,0,26,35,26,17,6,15,False,False,False,0.0585671104490757,other,9
6398,1599,1,26,13,26,6,17,6,False,False,False,0.046022869646549225,other,13
6399,1599,1,6,35,6,17,6,7,False,False,False,0.17337127029895782,other,29
6400,1600,0,42,42,42,39,20,6,True,True,False,0.17790207266807556,correct,0
6401,1600,0,33,11,33,20,39,7,False,False,False,0.014461411163210869,other,22
6402,1600,1,33,13,33,39,20,17,False,False,False,0.017832931131124496,other,20
6403,1600,1,42,42,42,20,39,6,True,True,False,0.14923153817653656,correct,0
6404,1601,0,22,3,22,6,4,6,False,False,False,0.0854695737361908,other,19
6405,1601,0,35,6,35,4,6,6,False,False,False,0.011629553511738777,other,29
6406,1601,1,35,35,35,6,4,26,True,True,False,0.007373078726232052,correct,0
6407,1601,1,22,22,22,4,6,6,True,True,False,0.05209716036915779,correct,0
6408,1602,0,10,29,10,24,6,4,False,False,False,0.05818025767803192,other,19
6409,1602,0,37,13,37,6,24,6,False,False,False,0.021910447627305984,other,24
6410,1602,1,37,13,37,24,6,6,False,False,False,0.03595307841897011,other,24
6411,1602,1,10,8,10,6,24,6,False,False,False,0.08125025779008865,other,2
6412,1603,0,31,13,31,17,16,6,False,False,False,0.07051724195480347,other,18
6413,1603,0,17,8,17,16,17,6,False,False,False,0.053700849413871765,other,9
6414,1603,1,17,13,17,17,16,17,False,False,False,0.04459380730986595,other,4
6415,1603,1,31,3,31,16,17,6,False,False,False,0.05285917595028877,other,28
6416,1604,0,26,35,26,3,16,6,False,False,False,0.01746201515197754,other,9
6417,1604,0,2,45,2,16,3,32,False,False,False,0.013798488304018974,other,43
6418,1604,1,2,6,2,3,16,30,False,False,False,0.008698524907231331,other,4
6419,1604,1,26,35,26,16,3,15,False,False,False,0.012271163985133171,other,9
6420,1605,0,10,10,10,36,26,34,True,True,False,0.02150587923824787,correct,0
6421,1605,0,14,13,14,26,36,6,False,False,True,0.02233460731804371,off_by_one,1
6422,1605,1,14,24,14,36,26,8,False,False,False,0.011821120977401733,other,10
6423,1605,1,10,13,10,26,36,6,False,False,False,0.02116483449935913,other,3
6424,1606,0,11,13,11,6,24,6,False,False,False,0.058349303901195526,other,2
6425,1606,0,7,7,7,24,6,15,True,True,False,0.020762937143445015,correct,0
6426,1606,1,7,7,7,6,24,26,True,True,False,0.040646716952323914,correct,0
6427,1606,1,11,16,11,24,6,5,False,False,False,0.08395999670028687,other,5
6428,1607,0,17,8,17,14,9,22,False,False,False,0.08367370069026947,other,9
6429,1607,0,28,13,28,9,14,6,False,False,False,0.014617668464779854,other,15
6430,1607,1,28,13,28,14,9,17,False,False,False,0.012139320373535156,other,15
6431,1607,1,17,29,17,9,14,6,False,False,False,0.0678272470831871,other,12
6432,1608,0,7,7,7,17,6,17,True,True,False,0.017619473859667778,correct,0
6433,1608,0,40,10,40,6,17,6,False,False,False,0.023746903985738754,other,30
6434,1608,1,40,45,40,17,6,32,False,False,False,0.026536064222455025,other,5
6435,1608,1,7,7,7,6,17,6,True,True,False,0.022740423679351807,correct,0
6436,1609,0,2,6,2,36,27,17,False,False,False,0.018056176602840424,other,4
6437,1609,0,45,15,45,27,36,34,False,False,False,0.023643560707569122,other,30
6438,1609,1,45,35,45,36,27,17,False,False,False,0.014547972939908504,other,10
6439,1609,1,2,2,2,27,36,27,True,True,False,0.006166200619190931,correct,0
6440,1610,0,45,35,45,14,9,7,False,False,False,0.011224772781133652,other,10
6441,1610,0,6,35,6,9,14,6,False,False,False,0.03150563687086105,other,29
6442,1610,1,6,35,6,14,9,16,False,False,False,0.0250262301415205,other,29
6443,1610,1,45,35,45,9,14,6,False,False,False,0.010933713987469673,other,10
6444,1611,0,16,15,16,38,24,22,False,False,True,0.04891437664628029,off_by_one,1
6445,1611,0,42,42,42,24,38,6,True,True,False,0.04392634704709053,correct,0
6446,1611,1,42,7,42,38,24,6,False,False,False,0.0491463728249073,other,35
6447,1611,1,16,10,16,24,38,6,False,False,False,0.04715405032038689,other,6
6448,1612,0,36,12,36,2,3,6,False,False,False,0.02735603041946888,other,24
6449,1612,0,33,13,33,3,2,17,False,False,False,0.06342556327581406,other,20
6450,1612,1,33,9,33,2,3,6,False,False,False,0.07335315644741058,other,24
6451,1612,1,36,13,36,3,2,6,False,False,False,0.015788577497005463,other,23
6452,1613,0,32,29,32,37,0,14,False,False,False,0.043557438999414444,other,3
6453,1613,0,9,36,9,0,37,14,False,False,False,0.015271618962287903,other,27
6454,1613,1,9,13,9,37,0,17,False,False,False,0.02275535650551319,other,4
6455,1613,1,32,8,32,0,37,22,False,False,False,0.06891699135303497,other,24
6456,1614,0,5,7,5,15,26,6,False,False,False,0.048612210899591446,other,2
6457,1614,0,4,13,4,26,15,6,False,False,False,0.019261809065937996,other,9
6458,1614,1,4,15,4,15,26,34,False,False,False,0.021423285827040672,other,11
6459,1614,1,5,41,5,26,15,6,False,False,False,0.044849179685115814,other,36
6460,1615,0,45,13,45,2,9,18,False,False,False,0.03573709353804588,other,32
6461,1615,0,30,6,30,9,2,6,False,False,False,0.05486292392015457,other,24
6462,1615,1,30,22,30,2,9,6,False,False,False,0.06029065325856209,other,8
6463,1615,1,45,45,45,9,2,6,True,True,False,0.02805190160870552,correct,0
6464,1616,0,21,13,21,15,6,6,False,False,False,0.05245281755924225,other,8
6465,1616,0,8,8,8,6,15,26,True,True,False,0.1490156352519989,correct,0
6466,1616,1,8,8,8,15,6,6,True,True,False,0.11359450966119766,correct,0
6467,1616,1,21,12,21,6,15,6,False,False,False,0.04740935191512108,other,9
6468,1617,0,12,13,12,15,9,17,False,False,True,0.023203132674098015,off_by_one,1
6469,1617,0,5,41,5,9,15,18,False,False,False,0.058371640741825104,other,36
6470,1617,1,5,15,5,15,9,15,False,False,False,0.06367126107215881,other,10
6471,1617,1,12,29,12,9,15,6,False,False,False,0.025504162535071373,other,17
6472,1618,0,12,13,12,18,6,6,False,False,True,0.04027099907398224,off_by_one,1
6473,1618,0,9,8,9,6,18,26,False,False,True,0.05135737732052803,off_by_one,1
6474,1618,1,9,13,9,18,6,6,False,False,False,0.04936404898762703,other,4
6475,1618,1,12,8,12,6,18,6,False,False,False,0.04379970580339432,other,4
6476,1619,0,30,48,30,0,7,17,False,False,False,0.02932550385594368,other,18
6477,1619,0,24,35,24,7,0,7,False,False,False,0.007293612230569124,other,11
6478,1619,1,24,13,24,0,7,17,False,False,False,0.013868225738406181,other,11
6479,1619,1,30,22,30,7,0,6,False,False,False,0.05213866010308266,other,8
6480,1620,0,26,35,26,7,2,7,False,False,False,0.02101118490099907,other,9
6481,1620,0,37,3,37,2,7,6,False,False,False,0.005720076151192188,other,34
6482,1620,1,37,3,37,7,2,30,False,False,False,0.008678763173520565,other,34
6483,1620,1,26,35,26,2,7,29,False,False,False,0.022808611392974854,other,9
6484,1621,0,38,3,38,0,23,0,False,False,False,0.010187055915594101,other,35
6485,1621,0,35,35,35,23,0,15,True,True,False,0.016151277348399162,correct,0
6486,1621,1,35,35,35,0,23,17,True,True,False,0.022075526416301727,correct,0
6487,1621,1,38,13,38,23,0,15,False,False,False,0.011631583794951439,other,25
6488,1622,0,28,10,28,14,6,15,False,False,False,0.0185644943267107,other,18
6489,1622,0,36,13,36,6,14,6,False,False,False,0.0222322978079319,other,23
6490,1622,1,36,11,36,14,6,38,False,False,False,0.008981992490589619,other,25
6491,1622,1,28,35,28,6,14,6,False,False,False,0.01867641508579254,other,7
6492,1623,0,8,8,8,18,7,7,True,True,False,0.040050435811281204,correct,0
6493,1623,0,11,15,11,7,18,6,False,False,False,0.055886734277009964,other,4
6494,1623,1,11,13,11,18,7,6,False,False,False,0.06101541593670845,other,2
6495,1623,1,8,15,8,7,18,12,False,False,False,0.0356157161295414,other,7
6496,1624,0,39,13,39,26,7,6,False,False,False,0.06186489760875702,other,26
6497,1624,0,11,8,11,7,26,6,False,False,False,0.06337672472000122,other,3
6498,1624,1,11,13,11,26,7,6,False,False,False,0.04089314118027687,other,2
6499,1624,1,39,12,39,7,26,6,False,False,False,0.047265853732824326,other,27
6500,1625,0,29,11,29,15,24,18,False,False,False,0.050331391394138336,other,18
6501,1625,0,39,13,39,24,15,6,False,False,False,0.023843489587306976,other,26
6502,1625,1,39,13,39,15,24,6,False,False,False,0.029957950115203857,other,26
6503,1625,1,29,15,29,24,15,6,False,False,False,0.04726206138730049,other,14
6504,1626,0,8,8,8,19,2,6,True,True,False,0.10894465446472168,correct,0
6505,1626,0,27,13,27,2,19,6,False,False,False,0.012600132264196873,other,14
6506,1626,1,27,13,27,19,2,6,False,False,False,0.012738694436848164,other,14
6507,1626,1,8,8,8,2,19,6,True,True,False,0.10288652777671814,correct,0
6508,1627,0,38,13,38,26,0,6,False,False,False,0.013898337259888649,other,25
6509,1627,0,39,12,39,0,26,6,False,False,False,0.02633858099579811,other,27
6510,1627,1,39,13,39,26,0,6,False,False,False,0.02417697012424469,other,26
6511,1627,1,38,35,38,0,26,15,False,False,False,0.01912519708275795,other,3
6512,1628,0,47,10,47,7,19,6,False,False,False,0.04914501681923866,other,37
6513,1628,0,38,13,38,19,7,6,False,False,False,0.01645849086344242,other,25
6514,1628,1,38,29,38,7,19,15,False,False,False,0.013207088224589825,other,9
6515,1628,1,47,47,47,19,7,6,True,True,False,0.029792768880724907,correct,0
6516,1629,0,29,13,29,19,6,4,False,False,False,0.08428937196731567,other,16
6517,1629,0,21,12,21,6,19,6,False,False,False,0.08682570606470108,other,9
6518,1629,1,21,13,21,19,6,6,False,False,False,0.13667668402194977,other,8
6519,1629,1,29,8,29,6,19,6,False,False,False,0.13341763615608215,other,21
6520,1630,0,36,13,36,38,18,17,False,False,False,0.025792919099330902,other,23
6521,1630,0,17,8,17,18,38,6,False,False,False,0.08228298276662827,other,9
6522,1630,1,17,11,17,38,18,8,False,False,False,0.05231276899576187,other,6
6523,1630,1,36,6,36,18,38,6,False,False,False,0.01579746976494789,other,30
6524,1631,0,19,13,19,26,18,6,False,False,False,0.0286013912409544,other,6
6525,1631,0,32,13,32,18,26,18,False,False,False,0.024537034332752228,other,19
6526,1631,1,32,13,32,26,18,26,False,False,False,0.01748041808605194,other,19
6527,1631,1,19,3,19,18,26,6,False,False,False,0.021134482696652412,other,16
6528,1632,0,4,13,4,18,0,6,False,False,False,0.04476732015609741,other,9
6529,1632,0,16,15,16,0,18,6,False,False,True,0.01883555017411709,off_by_one,1
6530,1632,1,16,11,16,18,0,6,False,False,False,0.04167795553803444,other,5
6531,1632,1,4,13,4,0,18,17,False,False,False,0.037004005163908005,other,9
6532,1633,0,22,48,22,6,18,6,False,False,False,0.025804609060287476,other,26
6533,1633,0,9,3,9,18,6,39,False,False,False,0.020651133731007576,other,6
6534,1633,1,9,10,9,6,18,6,False,False,True,0.019176241010427475,off_by_one,1
6535,1633,1,22,48,22,18,6,6,False,False,False,0.01967453397810459,other,26
6536,1634,0,34,34,34,6,24,6,True,True,False,0.02350797690451145,correct,0
6537,1634,0,19,3,19,24,6,6,False,False,False,0.0626688152551651,other,16
6538,1634,1,19,8,19,6,24,22,False,False,False,0.07800733298063278,other,11
6539,1634,1,34,13,34,24,6,6,False,False,False,0.032433655112981796,other,21
6540,1635,0,48,45,48,15,20,34,False,False,False,0.023896852508187294,other,3
6541,1635,0,28,3,28,20,15,17,False,False,False,0.017906906083226204,other,25
6542,1635,1,28,10,28,15,20,15,False,False,False,0.012338035739958286,other,18
6543,1635,1,48,3,48,20,15,7,False,False,False,0.019126974046230316,other,45
6544,1636,0,39,13,39,6,17,6,False,False,False,0.022171739488840103,other,26
6545,1636,0,19,0,19,17,6,17,False,False,False,0.043037623167037964,other,19
6546,1636,1,19,45,19,6,17,6,False,False,False,0.06151645630598068,other,26
6547,1636,1,39,13,39,17,6,6,False,False,False,0.03307395800948143,other,26
6548,1637,0,40,46,40,15,19,27,False,False,False,0.02113267593085766,other,6
6549,1637,0,32,29,32,19,15,15,False,False,False,0.023235546424984932,other,3
6550,1637,1,32,11,32,15,19,8,False,False,False,0.0237139705568552,other,21
6551,1637,1,40,45,40,19,15,15,False,False,False,0.023072391748428345,other,5
6552,1638,0,12,10,12,14,3,1,False,False,False,0.04217256233096123,other,2
6553,1638,0,39,13,39,3,14,36,False,False,False,0.011238470673561096,other,26
6554,1638,1,39,13,39,14,3,6,False,False,False,0.022275075316429138,other,26
6555,1638,1,12,8,12,3,14,6,False,False,False,0.06548970192670822,other,4
6556,1639,0,31,15,31,9,16,6,False,False,False,0.07471359521150589,other,16
6557,1639,0,7,7,7,16,9,7,True,True,False,0.04088438302278519,correct,0
6558,1639,1,7,7,7,9,16,7,True,True,False,0.040113501250743866,correct,0
6559,1639,1,31,22,31,16,9,16,False,False,False,0.0753525123000145,other,9
6560,1640,0,0,13,0,17,37,17,False,False,False,0.027347952127456665,other,13
6561,1640,0,20,2,20,37,17,6,False,False,False,0.04923056438565254,other,18
6562,1640,1,20,13,20,17,37,17,False,False,False,0.036481376737356186,other,7
6563,1640,1,0,35,0,37,17,27,False,False,False,0.027240335941314697,other,35
6564,1641,0,3,6,3,12,15,6,False,False,False,0.03758607059717178,other,3
6565,1641,0,34,15,34,15,12,34,False,False,False,0.02124619111418724,other,19
6566,1641,1,34,41,34,12,15,6,False,False,False,0.012956866063177586,other,7
6567,1641,1,3,12,3,15,12,6,False,False,False,0.038321927189826965,other,9
6568,1642,0,27,32,27,14,29,34,False,False,False,0.030982108786702156,other,5
6569,1642,0,37,21,37,29,14,6,False,False,False,0.02169356495141983,other,16
6570,1642,1,37,2,37,14,29,27,False,False,False,0.017607269808650017,other,35
6571,1642,1,27,6,27,29,14,29,False,False,False,0.020897570997476578,other,21
6572,1643,0,9,13,9,6,15,6,False,False,False,0.04913916811347008,other,4
6573,1643,0,20,45,20,15,6,7,False,False,False,0.020685523748397827,other,25
6574,1643,1,20,8,20,6,15,6,False,False,False,0.038240689784288406,other,12
6575,1643,1,9,13,9,15,6,17,False,False,False,0.07145482301712036,other,4
6576,1644,0,7,7,7,6,13,6,True,True,False,0.05554473400115967,correct,0
6577,1644,0,9,12,9,13,6,6,False,False,False,0.027108360081911087,other,3
6578,1644,1,9,32,9,6,13,6,False,False,False,0.042739808559417725,other,23
6579,1644,1,7,7,7,13,6,6,True,True,False,0.044487424194812775,correct,0
6580,1645,0,43,8,43,9,14,7,False,False,False,0.0805472657084465,other,35
6581,1645,0,28,13,28,14,9,17,False,False,False,0.014366613700985909,other,15
6582,1645,1,28,45,28,9,14,17,False,False,False,0.011407979764044285,other,17
6583,1645,1,43,3,43,14,9,15,False,False,False,0.057215653359889984,other,40
6584,1646,0,10,13,10,17,14,15,False,False,False,0.03379642590880394,other,3
6585,1646,0,47,46,47,14,17,27,False,False,True,0.02039867639541626,off_by_one,1
6586,1646,1,47,13,47,17,14,6,False,False,False,0.03220686689019203,other,34
6587,1646,1,10,12,10,14,17,6,False,False,False,0.033600665628910065,other,2
6588,1647,0,14,35,14,15,25,17,False,False,False,0.005536925978958607,other,21
6589,1647,0,3,36,3,25,15,17,False,False,False,0.048906318843364716,other,33
6590,1647,1,3,45,3,15,25,6,False,False,False,0.0543828085064888,other,42
6591,1647,1,14,13,14,25,15,17,False,False,True,0.01415556576102972,off_by_one,1
6592,1648,0,27,13,27,2,6,6,False,False,False,0.027258869260549545,other,14
6593,1648,0,1,12,1,6,2,6,False,False,False,0.050773244351148605,other,11
6594,1648,1,1,8,1,2,6,6,False,False,False,0.07705322653055191,other,7
6595,1648,1,27,13,27,6,2,6,False,False,False,0.03071647696197033,other,14
6596,1649,0,1,13,1,39,18,7,False,False,False,0.0212139543145895,other,12
6597,1649,0,25,35,25,18,39,6,False,False,False,0.009992632083594799,other,10
6598,1649,1,25,15,25,39,18,18,False,False,False,0.01154886744916439,other,10
6599,1649,1,1,36,1,18,39,17,False,False,False,0.02602320723235607,other,35
6600,1650,0,37,3,37,38,36,15,False,False,False,0.008613481186330318,other,34
6601,1650,0,16,35,16,36,38,15,False,False,False,0.08619333058595657,other,19
6602,1650,1,16,11,16,38,36,22,False,False,False,0.09876809269189835,other,5
6603,1650,1,37,13,37,36,38,17,False,False,False,0.022912658751010895,other,24
6604,1651,0,5,34,5,26,14,6,False,False,False,0.03614431247115135,other,29
6605,1651,0,18,29,18,14,26,6,False,False,False,0.05430809035897255,other,11
6606,1651,1,18,13,18,26,14,6,False,False,False,0.057069264352321625,other,5
6607,1651,1,5,10,5,14,26,32,False,False,False,0.03655786067247391,other,5
6608,1652,0,4,35,4,19,7,18,False,False,False,0.01984356716275215,other,31
6609,1652,0,6,3,6,7,19,15,False,False,False,0.026299890130758286,other,3
6610,1652,1,6,22,6,19,7,30,False,False,False,0.02972734533250332,other,16
6611,1652,1,4,35,4,7,19,17,False,False,False,0.02135646902024746,other,31
6612,1653,0,19,3,19,20,17,6,False,False,False,0.029421532526612282,other,16
6613,1653,0,33,3,33,17,20,17,False,False,False,0.015675166621804237,other,30
6614,1653,1,33,35,33,20,17,6,False,False,False,0.02041034959256649,other,2
6615,1653,1,19,3,19,17,20,15,False,False,False,0.0313238687813282,other,16
6616,1654,0,23,41,23,6,16,7,False,False,False,0.16156834363937378,other,18
6617,1654,0,6,15,6,16,6,22,False,False,False,0.21691706776618958,other,9
6618,1654,1,6,13,6,6,16,6,False,False,False,0.1433238685131073,other,7
6619,1654,1,23,15,23,16,6,6,False,False,False,0.2005425989627838,other,8
6620,1655,0,36,6,36,7,14,17,False,False,False,0.014777109958231449,other,30
6621,1655,0,15,15,15,14,7,22,True,True,False,0.043124955147504807,correct,0
6622,1655,1,15,15,15,7,14,18,True,True,False,0.034656498581171036,correct,0
6623,1655,1,36,13,36,14,7,7,False,False,False,0.011524057015776634,other,23
6624,1656,0,27,35,27,7,33,6,False,False,False,0.05840393155813217,other,8
6625,1656,0,47,34,47,33,7,6,False,False,False,0.06245800107717514,other,13
6626,1656,1,47,15,47,7,33,6,False,False,False,0.07495758682489395,other,32
6627,1656,1,27,13,27,33,7,6,False,False,False,0.062398701906204224,other,14
6628,1657,0,2,21,2,0,14,17,False,False,False,0.03237364441156387,other,19
6629,1657,0,9,45,9,14,0,15,False,False,False,0.0342097170650959,other,36
6630,1657,1,9,29,9,0,14,7,False,False,False,0.02594040334224701,other,20
6631,1657,1,2,36,2,14,0,10,False,False,False,0.023024238646030426,other,34
6632,1658,0,35,35,35,12,24,4,True,True,False,0.011895495466887951,correct,0
6633,1658,0,27,29,27,24,12,4,False,False,False,0.025849729776382446,other,2
6634,1658,1,27,36,27,12,24,6,False,False,False,0.021383237093687057,other,9
6635,1658,1,35,35,35,24,12,18,True,True,False,0.01792900450527668,correct,0
6636,1659,0,22,0,22,1,7,28,False,False,False,0.04287174344062805,other,22
6637,1659,0,39,0,39,7,1,17,False,False,False,0.02462266944348812,other,39
6638,1659,1,39,13,39,1,7,6,False,False,False,0.02532525546848774,other,26
6639,1659,1,22,45,22,7,1,6,False,False,False,0.0666993111371994,other,23
6640,1660,0,31,13,31,18,6,6,False,False,False,0.13859349489212036,other,18
6641,1660,0,32,8,32,6,18,6,False,False,False,0.11818571388721466,other,24
6642,1660,1,32,13,32,18,6,6,False,False,False,0.09739044308662415,other,19
6643,1660,1,31,12,31,6,18,6,False,False,False,0.10455237329006195,other,19
6644,1661,0,21,3,21,24,7,6,False,False,False,0.03346340358257294,other,18
6645,1661,0,43,13,43,7,24,17,False,False,False,0.058312080800533295,other,30
6646,1661,1,43,45,43,24,7,6,False,False,False,0.06884639710187912,other,2
6647,1661,1,21,13,21,7,24,6,False,False,False,0.03599447384476662,other,8
6648,1662,0,4,35,4,7,20,17,False,False,False,0.017694424837827682,other,31
6649,1662,0,13,10,13,20,7,36,False,False,False,0.05721045285463333,other,3
6650,1662,1,13,12,13,7,20,6,False,False,True,0.08391547203063965,off_by_one,1
6651,1662,1,4,13,4,20,7,6,False,False,False,0.020177440717816353,other,9
6652,1663,0,31,0,31,39,38,22,False,False,False,0.06383217126131058,other,31
6653,1663,0,38,13,38,38,39,0,False,False,False,0.01557567622512579,other,25
6654,1663,1,38,13,38,39,38,17,False,False,False,0.036057766526937485,other,25
6655,1663,1,31,8,31,38,39,18,False,False,False,0.06223089247941971,other,23
6656,1664,0,25,35,25,6,18,6,False,False,False,0.020477790385484695,other,10
6657,1664,0,42,42,42,18,6,6,True,True,False,0.061157308518886566,correct,0
6658,1664,1,42,42,42,6,18,6,True,True,False,0.04095658287405968,correct,0
6659,1664,1,25,23,25,18,6,6,False,False,False,0.02674834243953228,other,2
6660,1665,0,1,13,1,18,24,17,False,False,False,0.055120933800935745,other,12
6661,1665,0,17,2,17,24,18,22,False,False,False,0.05966075882315636,other,15
6662,1665,1,17,13,17,18,24,6,False,False,False,0.05420529842376709,other,4
6663,1665,1,1,9,1,24,18,22,False,False,False,0.05755322799086571,other,8
6664,1666,0,44,13,44,24,6,6,False,False,False,0.017482543364167213,other,31
6665,1666,0,29,15,29,6,24,6,False,False,False,0.0708172619342804,other,14
6666,1666,1,29,8,29,24,6,5,False,False,False,0.11234918236732483,other,21
6667,1666,1,44,13,44,6,24,17,False,False,False,0.02831203117966652,other,31
6668,1667,0,30,48,30,7,6,2,False,False,False,0.03264309838414192,other,18
6669,1667,0,32,24,32,6,7,6,False,False,False,0.03645305335521698,other,8
6670,1667,1,32,10,32,7,6,7,False,False,False,0.03586813062429428,other,22
6671,1667,1,30,13,30,6,7,6,False,False,False,0.03417886421084404,other,17
6672,1668,0,11,11,11,11,8,8,True,True,False,0.06307432055473328,correct,0
6673,1668,0,4,13,4,8,11,6,False,False,False,0.035951677709817886,other,9
6674,1668,1,4,13,4,11,8,17,False,False,False,0.020502522587776184,other,9
6675,1668,1,11,10,11,8,11,6,False,False,True,0.051068466156721115,off_by_one,1
6676,1669,0,36,28,36,23,15,15,False,False,False,0.019676724448800087,other,8
6677,1669,0,24,35,24,15,23,17,False,False,False,0.017653677612543106,other,11
6678,1669,1,24,1,24,23,15,0,False,False,False,0.017084401100873947,other,23
6679,1669,1,36,13,36,15,23,17,False,False,False,0.011634770780801773,other,23
6680,1670,0,31,10,31,0,7,6,False,False,False,0.0444989837706089,other,21
6681,1670,0,9,13,9,7,0,6,False,False,False,0.042130496352910995,other,4
6682,1670,1,9,32,9,0,7,7,False,False,False,0.049421656876802444,other,23
6683,1670,1,31,13,31,7,0,6,False,False,False,0.04857989028096199,other,18
6684,1671,0,17,10,17,14,6,34,False,False,False,0.05206936597824097,other,7
6685,1671,0,35,13,35,6,14,6,False,False,False,0.010724502615630627,other,22
6686,1671,1,35,35,35,14,6,6,True,True,False,0.012541987001895905,correct,0
6687,1671,1,17,12,17,6,14,6,False,False,False,0.05105955898761749,other,5
6688,1672,0,47,47,47,14,0,7,True,True,False,0.02919829450547695,correct,0
6689,1672,0,10,11,10,0,14,6,False,False,True,0.025037841871380806,off_by_one,1
6690,1672,1,10,3,10,14,0,15,False,False,False,0.022306600585579872,other,7
6691,1672,1,47,47,47,0,14,25,True,True,False,0.02621517889201641,correct,0
6692,1673,0,16,15,16,29,24,6,False,False,True,0.06847093999385834,off_by_one,1
6693,1673,0,0,13,0,24,29,6,False,False,False,0.05844324082136154,other,13
6694,1673,1,0,6,0,29,24,17,False,False,False,0.06680276244878769,other,6
6695,1673,1,16,15,16,24,29,18,False,False,True,0.0518769696354866,off_by_one,1
6696,1674,0,21,3,21,39,7,6,False,False,False,0.04244023188948631,other,18
6697,1674,0,30,13,30,7,39,6,False,False,False,0.053648415952920914,other,17
6698,1674,1,30,12,30,39,7,6,False,False,False,0.05459902435541153,other,18
6699,1674,1,21,21,21,7,39,7,True,True,False,0.025687551125884056,correct,0
6700,1675,0,23,13,23,7,0,6,False,False,False,0.03608635440468788,other,10
6701,1675,0,14,29,14,0,7,6,False,False,False,0.027324972674250603,other,15
6702,1675,1,14,15,14,7,0,6,False,False,True,0.04092743620276451,off_by_one,1
6703,1675,1,23,13,23,0,7,17,False,False,False,0.05401970446109772,other,10
6704,1676,0,16,15,16,17,20,17,False,False,True,0.08687381446361542,off_by_one,1
6705,1676,0,30,48,30,20,17,6,False,False,False,0.010705874301493168,other,18
6706,1676,1,30,13,30,17,20,17,False,False,False,0.022027412429451942,other,17
6707,1676,1,16,15,16,20,17,6,False,False,True,0.1264096349477768,off_by_one,1
6708,1677,0,6,45,6,38,26,32,False,False,False,0.05492287501692772,other,39
6709,1677,0,21,13,21,26,38,6,False,False,False,0.027156217023730278,other,8
6710,1677,1,21,3,21,38,26,39,False,False,False,0.01988893374800682,other,18
6711,1677,1,6,41,6,26,38,6,False,False,False,0.0497872568666935,other,35
6712,1678,0,43,3,43,1,27,17,False,False,False,0.02790766768157482,other,40
6713,1678,0,38,28,38,27,1,38,False,False,False,0.015156882815063,other,10
6714,1678,1,38,3,38,1,27,15,False,False,False,0.015091813169419765,other,35
6715,1678,1,43,3,43,27,1,27,False,False,False,0.021628087386488914,other,40
6716,1679,0,43,15,43,7,24,6,False,False,False,0.0489615760743618,other,28
6717,1679,0,7,7,7,24,7,6,True,True,False,0.035445116460323334,correct,0
6718,1679,1,7,7,7,7,24,7,True,True,False,0.03579479083418846,correct,0
6719,1679,1,43,45,43,24,7,6,False,False,False,0.0486077181994915,other,2
6720,1680,0,45,35,45,18,20,18,False,False,False,0.014270015992224216,other,10
6721,1680,0,11,11,11,20,18,17,True,True,False,0.0036419203970581293,correct,0
6722,1680,1,11,29,11,18,20,17,False,False,False,0.004538896027952433,other,18
6723,1680,1,45,35,45,20,18,7,False,False,False,0.0134000638499856,other,10
6724,1681,0,47,10,47,1,6,15,False,False,False,0.0190040972083807,other,37
6725,1681,0,48,31,48,6,1,6,False,False,False,0.021752508357167244,other,17
6726,1681,1,48,35,48,1,6,15,False,False,False,0.030632801353931427,other,13
6727,1681,1,47,45,47,6,1,6,False,False,False,0.017467349767684937,other,2
6728,1682,0,11,36,11,19,6,17,False,False,False,0.04639756307005882,other,25
6729,1682,0,19,11,19,6,19,6,False,False,False,0.07708892226219177,other,8
6730,1682,1,19,13,19,19,6,6,False,False,False,0.06993678957223892,other,6
6731,1682,1,11,16,11,6,19,6,False,False,False,0.048224832862615585,other,5
6732,1683,0,10,12,10,6,14,6,False,False,False,0.029027629643678665,other,2
6733,1683,0,30,48,30,14,6,17,False,False,False,0.015423825941979885,other,18
6734,1683,1,30,13,30,6,14,6,False,False,False,0.020659709349274635,other,17
6735,1683,1,10,15,10,14,6,22,False,False,False,0.03872716799378395,other,5
6736,1684,0,6,13,6,27,6,17,False,False,False,0.20099171996116638,other,7
6737,1684,0,31,3,31,6,27,12,False,False,False,0.03991071879863739,other,28
6738,1684,1,31,3,31,27,6,32,False,False,False,0.06498192995786667,other,28
6739,1684,1,6,13,6,6,27,6,False,False,False,0.1262393593788147,other,7
6740,1685,0,31,22,31,8,6,6,False,False,False,0.007767937146127224,other,9
6741,1685,0,17,3,17,6,8,6,False,False,False,0.04673480615019798,other,14
6742,1685,1,17,8,17,8,6,18,False,False,False,0.06681191176176071,other,9
6743,1685,1,31,13,31,6,8,6,False,False,False,0.03133890777826309,other,18
6744,1686,0,29,45,29,6,0,18,False,False,False,0.036869410425424576,other,16
6745,1686,0,21,13,21,0,6,6,False,False,False,0.060311153531074524,other,8
6746,1686,1,21,13,21,6,0,6,False,False,False,0.04779694229364395,other,8
6747,1686,1,29,15,29,0,6,6,False,False,False,0.02770417183637619,other,14
6748,1687,0,38,13,38,3,1,17,False,False,False,0.020876213908195496,other,25
6749,1687,0,23,15,23,1,3,34,False,False,False,0.014326578937470913,other,8
6750,1687,1,23,35,23,3,1,6,False,False,False,0.012149471789598465,other,12
6751,1687,1,38,10,38,1,3,15,False,False,False,0.024812323972582817,other,28
6752,1688,0,27,10,27,14,18,27,False,False,False,0.00884273648262024,other,17
6753,1688,0,44,41,44,18,14,6,False,False,False,0.02495712973177433,other,3
6754,1688,1,44,10,44,14,18,18,False,False,False,0.024607166647911072,other,34
6755,1688,1,27,45,27,18,14,6,False,False,False,0.010247541591525078,other,18
6756,1689,0,15,15,15,16,19,6,True,True,False,0.11381800472736359,correct,0
6757,1689,0,0,13,0,19,16,7,False,False,False,0.03491281345486641,other,13
6758,1689,1,0,12,0,16,19,6,False,False,False,0.05305555835366249,other,12
6759,1689,1,15,7,15,19,16,6,False,False,False,0.0826711505651474,other,8
6760,1690,0,41,13,41,19,2,6,False,False,False,0.037633683532476425,other,28
6761,1690,0,22,45,22,2,19,6,False,False,False,0.09640330821275711,other,23
6762,1690,1,22,3,22,19,2,6,False,False,False,0.06734585016965866,other,19
6763,1690,1,41,35,41,2,19,6,False,False,False,0.02618812769651413,other,6
6764,1691,0,22,13,22,19,2,17,False,False,False,0.07836460322141647,other,9
6765,1691,0,5,15,5,2,19,20,False,False,False,0.07743154466152191,other,10
6766,1691,1,5,13,5,19,2,6,False,False,False,0.06141819804906845,other,8
6767,1691,1,22,45,22,2,19,6,False,False,False,0.10460157692432404,other,23
6768,1692,0,0,36,0,2,0,7,False,False,False,0.04595428332686424,other,36
6769,1692,0,40,35,40,0,2,7,False,False,False,0.007455442100763321,other,5
6770,1692,1,40,35,40,2,0,6,False,False,False,0.005329626612365246,other,5
6771,1692,1,0,35,0,0,2,20,False,False,False,0.04859759658575058,other,35
6772,1693,0,12,29,12,36,26,18,False,False,False,0.01350434124469757,other,17
6773,1693,0,44,24,44,26,36,21,False,False,False,0.007827723398804665,other,20
6774,1693,1,44,13,44,36,26,18,False,False,False,0.02446507103741169,other,31
6775,1693,1,12,13,12,26,36,6,False,False,True,0.016625046730041504,off_by_one,1
6776,1694,0,18,33,18,26,0,8,False,False,False,0.049628447741270065,other,15
6777,1694,0,5,15,5,0,26,27,False,False,False,0.042945440858602524,other,10
6778,1694,1,5,13,5,26,0,6,False,False,False,0.04310936480760574,other,8
6779,1694,1,18,9,18,0,26,22,False,False,False,0.05579380691051483,other,9
6780,1695,0,18,13,18,26,38,6,False,False,False,0.024513423442840576,other,5
6781,1695,0,5,7,5,38,26,27,False,False,False,0.04772939532995224,other,2
6782,1695,1,5,5,5,26,38,6,True,True,False,0.04255308955907822,correct,0
6783,1695,1,18,12,18,38,26,34,False,False,False,0.028356902301311493,other,6
6784,1696,0,19,13,19,16,14,17,False,False,False,0.04016705974936485,other,6
6785,1696,0,20,10,20,14,16,0,False,False,False,0.016957808285951614,other,10
6786,1696,1,20,13,20,16,14,6,False,False,False,0.02292471192777157,other,7
6787,1696,1,19,32,19,14,16,6,False,False,False,0.05339215695858002,other,13
6788,1697,0,24,35,24,7,16,17,False,False,False,0.006696975324302912,other,11
6789,1697,0,11,3,11,16,7,17,False,False,False,0.04509921371936798,other,8
6790,1697,1,11,15,11,7,16,6,False,False,False,0.0597221739590168,other,4
6791,1697,1,24,13,24,16,7,17,False,False,False,0.011856762692332268,other,11
6792,1698,0,48,13,48,18,6,6,False,False,False,0.05717049911618233,other,35
6793,1698,0,8,15,8,6,18,26,False,False,False,0.21681152284145355,other,7
6794,1698,1,8,8,8,18,6,12,True,True,False,0.16685988008975983,correct,0
6795,1698,1,48,13,48,6,18,6,False,False,False,0.030141767114400864,other,35
6796,1699,0,6,13,6,26,16,6,False,False,False,0.08491518348455429,other,7
6797,1699,0,32,15,32,16,26,6,False,False,False,0.047890692949295044,other,17
6798,1699,1,32,13,32,26,16,17,False,False,False,0.060777448117733,other,19
6799,1699,1,6,15,6,16,26,22,False,False,False,0.07980329543352127,other,9
6800,1700,0,33,10,33,36,24,18,False,False,False,0.015465576201677322,other,23
6801,1700,0,35,35,35,24,36,6,True,True,False,0.025456054136157036,correct,0
6802,1700,1,35,13,35,36,24,18,False,False,False,0.014208130538463593,other,22
6803,1700,1,33,45,33,24,36,6,False,False,False,0.014653797261416912,other,12
6804,1701,0,44,35,44,0,24,6,False,False,False,0.0437856987118721,other,9
6805,1701,0,37,11,37,24,0,6,False,False,False,0.06319560110569,other,26
6806,1701,1,37,13,37,0,24,17,False,False,False,0.052000656723976135,other,24
6807,1701,1,44,15,44,24,0,6,False,False,False,0.029395001009106636,other,29
6808,1702,0,0,13,0,27,16,17,False,False,False,0.03725245222449303,other,13
6809,1702,0,39,12,39,16,27,7,False,False,False,0.035969920456409454,other,27
6810,1702,1,39,13,39,27,16,17,False,False,False,0.03983111307024956,other,26
6811,1702,1,0,11,0,16,27,12,False,False,False,0.03966192901134491,other,11
6812,1703,0,20,8,20,14,19,18,False,False,False,0.07346364110708237,other,12
6813,1703,0,6,13,6,19,14,6,False,False,False,0.03904757648706436,other,7
6814,1703,1,6,12,6,14,19,18,False,False,False,0.03768911957740784,other,6
6815,1703,1,20,13,20,19,14,6,False,False,False,0.07079914212226868,other,7
6816,1704,0,17,48,17,21,18,6,False,False,False,0.03302217647433281,other,31
6817,1704,0,10,15,10,18,21,7,False,False,False,0.036565735936164856,other,5
6818,1704,1,10,13,10,21,18,17,False,False,False,0.03646361827850342,other,3
6819,1704,1,17,8,17,18,21,6,False,False,False,0.04521568864583969,other,9
6820,1705,0,35,22,35,7,24,17,False,False,False,0.0328679196536541,other,13
6821,1705,0,45,15,45,24,7,21,False,False,False,0.008870759978890419,other,30
6822,1705,1,45,15,45,7,24,34,False,False,False,0.01375342532992363,other,30
6823,1705,1,35,35,35,24,7,17,True,True,False,0.03826987370848656,correct,0
6824,1706,0,30,41,30,26,24,26,False,False,False,0.08151350915431976,other,11
6825,1706,0,4,35,4,24,26,6,False,False,False,0.007009779568761587,other,31
6826,1706,1,4,35,4,26,24,26,False,False,False,0.009493054822087288,other,31
6827,1706,1,30,48,30,24,26,6,False,False,False,0.07623910903930664,other,18
6828,1707,0,39,13,39,0,1,15,False,False,False,0.020045330747961998,other,26
6829,1707,0,25,8,25,1,0,32,False,False,False,0.06270819157361984,other,17
6830,1707,1,25,45,25,0,1,6,False,False,False,0.06597936153411865,other,20
6831,1707,1,39,13,39,1,0,17,False,False,False,0.01877826452255249,other,26
6832,1708,0,40,13,40,6,24,6,False,False,False,0.04606001451611519,other,27
6833,1708,0,47,24,47,24,6,6,False,False,False,0.025643112137913704,other,23
6834,1708,1,47,24,47,6,24,6,False,False,False,0.031943682581186295,other,23
6835,1708,1,40,13,40,24,6,6,False,False,False,0.03935622051358223,other,27
6836,1709,0,11,13,11,38,7,7,False,False,False,0.017191806808114052,other,2
6837,1709,0,20,0,20,7,38,18,False,False,False,0.07717113196849823,other,20
6838,1709,1,20,3,20,38,7,23,False,False,False,0.05876145511865616,other,17
6839,1709,1,11,35,11,7,38,17,False,False,False,0.018798228353261948,other,24
6840,1710,0,36,3,36,15,20,17,False,False,False,0.013691159896552563,other,33
6841,1710,0,42,42,42,20,15,7,True,True,False,0.04782235994935036,correct,0
6842,1710,1,42,15,42,15,20,6,False,False,False,0.06459611654281616,other,27
6843,1710,1,36,13,36,20,15,17,False,False,False,0.017937682569026947,other,23
6844,1711,0,15,15,15,17,14,16,True,True,False,0.06781139969825745,correct,0
6845,1711,0,17,12,17,14,17,27,False,False,False,0.03090209700167179,other,5
6846,1711,1,17,13,17,17,14,6,False,False,False,0.042462993413209915,other,4
6847,1711,1,15,8,15,14,17,24,False,False,False,0.09052612632513046,other,7
6848,1712,0,45,35,45,18,32,6,False,False,False,0.026172420009970665,other,10
6849,1712,0,0,13,0,32,18,17,False,False,False,0.04108739271759987,other,13
6850,1712,1,0,6,0,18,32,6,False,False,False,0.03611733019351959,other,6
6851,1712,1,45,13,45,32,18,34,False,False,False,0.03145545721054077,other,32
6852,1713,0,3,3,3,7,12,17,True,True,False,0.04874655231833458,correct,0
6853,1713,0,13,3,13,12,7,6,False,False,False,0.024596886709332466,other,10
6854,1713,1,13,12,13,7,12,6,False,False,True,0.03582804277539253,off_by_one,1
6855,1713,1,3,13,3,12,7,6,False,False,False,0.05105869472026825,other,10
6856,1714,0,47,16,47,16,24,6,False,False,False,0.058655332773923874,other,31
6857,1714,0,42,42,42,24,16,6,True,True,False,0.18917816877365112,correct,0
6858,1714,1,42,7,42,16,24,22,False,False,False,0.1646600067615509,other,35
6859,1714,1,47,41,47,24,16,6,False,False,False,0.04498399794101715,other,6
6860,1715,0,23,15,23,24,17,6,False,False,False,0.036758240312337875,other,8
6861,1715,0,33,13,33,17,24,17,False,False,False,0.00921357236802578,other,20
6862,1715,1,33,13,33,24,17,17,False,False,False,0.01194466557353735,other,20
6863,1715,1,23,35,23,17,24,7,False,False,False,0.03977494686841965,other,12
6864,1716,0,41,41,41,26,18,6,True,True,False,0.03212385252118111,correct,0
6865,1716,0,6,35,6,18,26,6,False,False,False,0.04549563676118851,other,29
6866,1716,1,6,41,6,26,18,6,False,False,False,0.042500823736190796,other,35
6867,1716,1,41,41,41,18,26,6,True,True,False,0.037902768701314926,correct,0
6868,1717,0,10,8,10,7,2,22,False,False,False,0.0802064910531044,other,2
6869,1717,0,32,13,32,2,7,6,False,False,False,0.036714307963848114,other,19
6870,1717,1,32,10,32,7,2,15,False,False,False,0.03843969479203224,other,22
6871,1717,1,10,45,10,2,7,4,False,False,False,0.061791133135557175,other,35
6872,1718,0,13,13,13,18,6,6,True,True,False,0.06882162392139435,correct,0
6873,1718,0,14,15,14,6,18,6,False,False,True,0.061828430742025375,off_by_one,1
6874,1718,1,14,13,14,18,6,6,False,False,True,0.06479649245738983,off_by_one,1
6875,1718,1,13,12,13,6,18,6,False,False,True,0.0625244677066803,off_by_one,1
6876,1719,0,37,3,37,2,6,17,False,False,False,0.01670665666460991,other,34
6877,1719,0,12,1,12,6,2,6,False,False,False,0.030363241210579872,other,11
6878,1719,1,12,12,12,2,6,18,True,True,False,0.059223320335149765,correct,0
6879,1719,1,37,13,37,6,2,6,False,False,False,0.021111110225319862,other,24
6880,1720,0,47,13,47,20,24,7,False,False,False,0.07707755267620087,other,34
6881,1720,0,29,16,29,24,20,22,False,False,False,0.024002492427825928,other,13
6882,1720,1,29,15,29,20,24,6,False,False,False,0.019263634458184242,other,14
6883,1720,1,47,47,47,24,20,6,True,True,False,0.05589928850531578,correct,0
6884,1721,0,39,12,39,16,14,7,False,False,False,0.041991982609033585,other,27
6885,1721,0,27,13,27,14,16,17,False,False,False,0.03075682930648327,other,14
6886,1721,1,27,11,27,16,14,7,False,False,False,0.03543858602643013,other,16
6887,1721,1,39,13,39,14,16,17,False,False,False,0.04306154325604439,other,26
6888,1722,0,20,13,20,18,7,4,False,False,False,0.05919039994478226,other,7
6889,1722,0,36,36,36,7,18,1,True,True,False,0.009003092534840107,correct,0
6890,1722,1,36,13,36,18,7,6,False,False,False,0.023068981245160103,other,23
6891,1722,1,20,32,20,7,18,6,False,False,False,0.07579955458641052,other,12
6892,1723,0,7,15,7,16,38,7,False,False,False,0.02986772172152996,other,8
6893,1723,0,43,13,43,38,16,17,False,False,False,0.028173595666885376,other,30
6894,1723,1,43,12,43,16,38,6,False,False,False,0.04670184478163719,other,31
6895,1723,1,7,7,7,38,16,7,True,True,False,0.03968772292137146,correct,0
6896,1724,0,46,13,46,18,7,6,False,False,False,0.06742259860038757,other,33
6897,1724,0,19,2,19,7,18,6,False,False,False,0.06855849921703339,other,17
6898,1724,1,19,13,19,18,7,6,False,False,False,0.08941318839788437,other,6
6899,1724,1,46,13,46,7,18,22,False,False,False,0.09641532599925995,other,33
6900,1725,0,17,3,17,19,7,6,False,False,False,0.02157902531325817,other,14
6901,1725,0,2,3,2,7,19,7,False,False,True,0.018199803307652473,off_by_one,1
6902,1725,1,2,13,2,19,7,6,False,False,False,0.020729368552565575,other,11
6903,1725,1,17,10,17,7,19,6,False,False,False,0.04935814440250397,other,7
6904,1726,0,40,11,40,7,6,15,False,False,False,0.037731241434812546,other,29
6905,1726,0,4,41,4,6,7,6,False,False,False,0.025270024314522743,other,37
6906,1726,1,4,45,4,7,6,6,False,False,False,0.03358792886137962,other,41
6907,1726,1,40,13,40,6,7,6,False,False,False,0.05020524188876152,other,27
6908,1727,0,37,35,37,21,6,21,False,False,False,0.017879990860819817,other,2
6909,1727,0,34,23,34,6,21,6,False,False,False,0.022729652002453804,other,11
6910,1727,1,34,45,34,21,6,34,False,False,False,0.03181663528084755,other,11
6911,1727,1,37,45,37,6,21,6,False,False,False,0.017529411241412163,other,8
6912,1728,0,6,41,6,26,14,6,False,False,False,0.049218349158763885,other,35
6913,1728,0,39,12,39,14,26,7,False,False,False,0.024874523282051086,other,27
6914,1728,1,39,13,39,26,14,6,False,False,False,0.03927323594689369,other,26
6915,1728,1,6,10,6,14,26,15,False,False,False,0.0585918053984642,other,4
6916,1729,0,12,12,12,7,12,6,True,True,False,0.07978278398513794,correct,0
6917,1729,0,22,13,22,12,7,6,False,False,False,0.08767320960760117,other,9
6918,1729,1,22,8,22,7,12,6,False,False,False,0.11281248927116394,other,14
6919,1729,1,12,13,12,12,7,6,False,False,True,0.08558648079633713,off_by_one,1
6920,1730,0,34,13,34,20,7,12,False,False,False,0.046547435224056244,other,21
6921,1730,0,20,8,20,7,20,6,False,False,False,0.10343515872955322,other,12
6922,1730,1,20,35,20,20,7,6,False,False,False,0.07600637525320053,other,15
6923,1730,1,34,35,34,7,20,32,False,False,True,0.022233014926314354,off_by_one,1
6924,1731,0,39,3,39,24,38,17,False,False,False,0.023709433153271675,other,36
6925,1731,0,35,24,35,38,24,8,False,False,False,0.010983900167047977,other,11
6926,1731,1,35,35,35,24,38,6,True,True,False,0.019663576036691666,correct,0
6927,1731,1,39,12,39,38,24,39,False,False,False,0.022805212065577507,other,27
6928,1732,0,10,13,10,38,7,17,False,False,False,0.015888376161456108,other,3
6929,1732,0,9,8,9,7,38,6,False,False,True,0.05505509674549103,off_by_one,1
6930,1732,1,9,11,9,38,7,38,False,False,False,0.03749150410294533,other,2
6931,1732,1,10,35,10,7,38,17,False,False,False,0.01860831491649151,other,25
6932,1733,0,18,29,18,8,14,7,False,False,False,0.032187022268772125,other,11
6933,1733,0,34,7,34,14,8,16,False,False,False,0.060982152819633484,other,27
6934,1733,1,34,13,34,8,14,7,False,False,False,0.10412868112325668,other,21
6935,1733,1,18,8,18,14,8,22,False,False,False,0.07326352596282959,other,10
6936,1734,0,7,7,7,14,16,27,True,True,False,0.045726194977760315,correct,0
6937,1734,0,32,13,32,16,14,17,False,False,False,0.0235361997038126,other,19
6938,1734,1,32,11,32,14,16,34,False,False,False,0.026641041040420532,other,21
6939,1734,1,7,7,7,16,14,7,True,True,False,0.05049271509051323,correct,0
6940,1735,0,40,35,40,7,39,10,False,False,False,0.04017871990799904,other,5
6941,1735,0,44,7,44,39,7,7,False,False,False,0.01647239923477173,other,37
6942,1735,1,44,35,44,7,39,15,False,False,False,0.017755690962076187,other,9
6943,1735,1,40,45,40,39,7,17,False,False,False,0.04340033233165741,other,5
6944,1736,0,37,45,37,14,15,23,False,False,False,0.01717107556760311,other,8
6945,1736,0,48,13,48,15,14,17,False,False,False,0.012466521002352238,other,35
6946,1736,1,48,0,48,14,15,15,False,False,False,0.017366088926792145,other,48
6947,1736,1,37,3,37,15,14,17,False,False,False,0.018111251294612885,other,34
6948,1737,0,25,8,25,20,17,24,False,False,False,0.029520343989133835,other,17
6949,1737,0,29,13,29,17,20,17,False,False,False,0.04742070287466049,other,16
6950,1737,1,29,15,29,20,17,6,False,False,False,0.05905413255095482,other,14
6951,1737,1,25,13,25,17,20,6,False,False,False,0.05036335065960884,other,12
6952,1738,0,15,5,15,18,36,6,False,False,False,0.03591474890708923,other,10
6953,1738,0,42,42,42,36,18,6,True,True,False,0.05632251873612404,correct,0
6954,1738,1,42,7,42,18,36,6,False,False,False,0.06837493181228638,other,35
6955,1738,1,15,13,15,36,18,6,False,False,False,0.04197145625948906,other,2
6956,1739,0,23,35,23,36,24,6,False,False,False,0.030501073226332664,other,12
6957,1739,0,48,3,48,24,36,6,False,False,False,0.03024490363895893,other,45
6958,1739,1,48,13,48,36,24,4,False,False,False,0.02727605774998665,other,35
6959,1739,1,23,15,23,24,36,34,False,False,False,0.02297276444733143,other,8
6960,1740,0,15,8,15,2,6,6,False,False,False,0.10576403141021729,other,7
6961,1740,0,39,13,39,6,2,6,False,False,False,0.041327059268951416,other,26
6962,1740,1,39,13,39,2,6,6,False,False,False,0.034647081047296524,other,26
6963,1740,1,15,15,15,6,2,6,True,True,False,0.06881421059370041,correct,0
6964,1741,0,27,35,27,14,16,15,False,False,False,0.01195573527365923,other,8
6965,1741,0,9,13,9,16,14,15,False,False,False,0.015145479701459408,other,4
6966,1741,1,9,29,9,14,16,0,False,False,False,0.016834845766425133,other,20
6967,1741,1,27,13,27,16,14,17,False,False,False,0.007039439864456654,other,14
6968,1742,0,41,4,41,15,26,22,False,False,False,0.14845001697540283,other,37
6969,1742,0,20,13,20,26,15,6,False,False,False,0.06903199106454849,other,7
6970,1742,1,20,8,20,15,26,12,False,False,False,0.09044458717107773,other,12
6971,1742,1,41,13,41,26,15,6,False,False,False,0.09472325444221497,other,28
6972,1743,0,18,12,18,7,6,6,False,False,False,0.04743310436606407,other,6
6973,1743,0,45,13,45,6,7,6,False,False,False,0.024924261495471,other,32
6974,1743,1,45,13,45,7,6,17,False,False,False,0.024181729182600975,other,32
6975,1743,1,18,45,18,6,7,6,False,False,False,0.04790182039141655,other,27
6976,1744,0,18,13,18,16,6,16,False,False,False,0.07078230381011963,other,5
6977,1744,0,44,45,44,6,16,6,False,False,True,0.0309365876019001,off_by_one,1
6978,1744,1,44,13,44,16,6,17,False,False,False,0.029500024393200874,other,31
6979,1744,1,18,10,18,6,16,6,False,False,False,0.09901250153779984,other,8
6980,1745,0,15,7,15,31,34,27,False,False,False,0.03598121926188469,other,8
6981,1745,0,47,34,47,34,31,6,False,False,False,0.017767207697033882,other,13
6982,1745,1,47,10,47,31,34,25,False,False,False,0.015358162112534046,other,37
6983,1745,1,15,35,15,34,31,6,False,False,False,0.041387028992176056,other,20
6984,1746,0,30,12,30,7,5,6,False,False,False,0.046526964753866196,other,18
6985,1746,0,17,13,17,5,7,6,False,False,False,0.054415199905633926,other,4
6986,1746,1,17,8,17,7,5,6,False,False,False,0.09814798831939697,other,9
6987,1746,1,30,13,30,5,7,6,False,False,False,0.05607582628726959,other,17
6988,1747,0,4,23,4,19,7,17,False,False,False,0.02416520193219185,other,19
6989,1747,0,36,8,36,7,19,6,False,False,False,0.06332358717918396,other,28
6990,1747,1,36,36,36,19,7,36,True,True,False,0.03226601704955101,correct,0
6991,1747,1,4,35,4,7,19,17,False,False,False,0.021517790853977203,other,31
6992,1748,0,19,13,19,26,17,6,False,False,False,0.03587469086050987,other,6
6993,1748,0,26,10,26,17,26,34,False,False,False,0.03626099228858948,other,16
6994,1748,1,26,35,26,26,17,6,False,False,False,0.03429220989346504,other,9
6995,1748,1,19,3,19,17,26,15,False,False,False,0.02045288123190403,other,16
6996,1749,0,43,8,43,9,16,7,False,False,False,0.07300759106874466,other,35
6997,1749,0,33,13,33,16,9,6,False,False,False,0.0370086245238781,other,20
6998,1749,1,33,8,33,9,16,6,False,False,False,0.04925034940242767,other,25
6999,1749,1,43,13,43,16,9,6,False,False,False,0.06404884904623032,other,30
7000,1750,0,7,7,7,6,14,6,True,True,False,0.024835633113980293,correct,0
7001,1750,0,1,45,1,14,6,34,False,False,False,0.05569774657487869,other,44
7002,1750,1,1,13,1,6,14,6,False,False,False,0.050064634531736374,other,12
7003,1750,1,7,16,7,14,6,15,False,False,False,0.020913034677505493,other,9
7004,1751,0,45,45,45,26,37,6,True,True,False,0.018925579264760017,correct,0
7005,1751,0,23,15,23,37,26,34,False,False,False,0.02365945465862751,other,8
7006,1751,1,23,35,23,26,37,6,False,False,False,0.016792595386505127,other,12
7007,1751,1,45,35,45,37,26,15,False,False,False,0.020294325426220894,other,10
7008,1752,0,18,16,18,15,16,24,False,False,False,0.03295647352933884,other,2
7009,1752,0,32,13,32,16,15,6,False,False,False,0.02613072097301483,other,19
7010,1752,1,32,13,32,15,16,17,False,False,False,0.04345057159662247,other,19
7011,1752,1,18,8,18,16,15,6,False,False,False,0.026792386546730995,other,10
7012,1753,0,43,3,43,20,16,6,False,False,False,0.003753121243789792,other,40
7013,1753,0,22,3,22,16,20,23,False,False,False,0.0107587780803442,other,19
7014,1753,1,22,21,22,20,16,6,False,False,True,0.01715649478137493,off_by_one,1
7015,1753,1,43,45,43,16,20,34,False,False,False,0.01985394023358822,other,2
7016,1754,0,16,15,16,11,8,6,False,False,True,0.06584271788597107,off_by_one,1
7017,1754,0,11,13,11,8,11,6,False,False,False,0.04908239096403122,other,2
7018,1754,1,11,16,11,11,8,12,False,False,False,0.0686320960521698,other,5
7019,1754,1,16,13,16,8,11,6,False,False,False,0.061017781496047974,other,3
7020,1755,0,38,13,38,16,6,17,False,False,False,0.024105584248900414,other,25
7021,1755,0,44,15,44,6,16,6,False,False,False,0.09947951138019562,other,29
7022,1755,1,44,12,44,16,6,19,False,False,False,0.06546179205179214,other,32
7023,1755,1,38,13,38,6,16,6,False,False,False,0.023488791659474373,other,25
7024,1756,0,47,47,47,7,20,17,True,True,False,0.030647875741124153,correct,0
7025,1756,0,43,3,43,20,7,6,False,False,False,0.041668955236673355,other,40
7026,1756,1,43,13,43,7,20,17,False,False,False,0.045258186757564545,other,30
7027,1756,1,47,47,47,20,7,7,True,True,False,0.04612848535180092,correct,0
7028,1757,0,45,35,45,36,18,21,False,False,False,0.01346743293106556,other,10
7029,1757,0,12,13,12,18,36,18,False,False,True,0.012556016445159912,off_by_one,1
7030,1757,1,12,10,12,36,18,18,False,False,False,0.011793946847319603,other,2
7031,1757,1,45,35,45,18,36,6,False,False,False,0.010894102975726128,other,10
7032,1758,0,16,16,16,36,7,20,True,True,False,0.03581655025482178,correct,0
7033,1758,0,40,35,40,7,36,17,False,False,False,0.013882530853152275,other,5
7034,1758,1,40,13,40,36,7,17,False,False,False,0.02351166494190693,other,27
7035,1758,1,16,15,16,7,36,22,False,False,True,0.06619580835103989,off_by_one,1
7036,1759,0,19,12,19,17,18,8,False,False,False,0.021314481273293495,other,7
7037,1759,0,34,41,34,18,17,6,False,False,False,0.018278788775205612,other,7
7038,1759,1,34,35,34,17,18,15,False,False,True,0.022976234555244446,off_by_one,1
7039,1759,1,19,3,19,18,17,20,False,False,False,0.012685204856097698,other,16
7040,1760,0,44,13,44,15,0,6,False,False,False,0.02642815001308918,other,31
7041,1760,0,41,8,41,0,15,6,False,False,False,0.2876279354095459,other,33
7042,1760,1,41,41,41,15,0,7,True,True,False,0.35658133029937744,correct,0
7043,1760,1,44,35,44,0,15,32,False,False,False,0.028491869568824768,other,9
7044,1761,0,32,13,32,21,15,17,False,False,False,0.030148327350616455,other,19
7045,1761,0,23,35,23,15,21,6,False,False,False,0.008926578797399998,other,12
7046,1761,1,23,35,23,21,15,6,False,False,False,0.010212921537458897,other,12
7047,1761,1,32,13,32,15,21,6,False,False,False,0.02637576498091221,other,19
7048,1762,0,48,45,48,7,6,6,False,False,False,0.08039827644824982,other,3
7049,1762,0,29,13,29,6,7,6,False,False,False,0.05994332581758499,other,16
7050,1762,1,29,8,29,7,6,22,False,False,False,0.07636895775794983,other,21
7051,1762,1,48,13,48,6,7,6,False,False,False,0.10226478427648544,other,35
7052,1763,0,39,9,39,24,6,15,False,False,False,0.031283702701330185,other,30
7053,1763,0,40,3,40,6,24,7,False,False,False,0.01855750009417534,other,37
7054,1763,1,40,3,40,24,6,17,False,False,False,0.024468421936035156,other,37
7055,1763,1,39,3,39,6,24,39,False,False,False,0.02775724045932293,other,36
7056,1764,0,27,0,27,14,17,27,False,False,False,0.017654050141572952,other,27
7057,1764,0,1,29,1,17,14,17,False,False,False,0.02285090647637844,other,28
7058,1764,1,1,45,1,14,17,34,False,False,False,0.030739303678274155,other,44
7059,1764,1,27,13,27,17,14,17,False,False,False,0.02318481169641018,other,14
7060,1765,0,47,47,47,6,2,6,True,True,False,0.056507498025894165,correct,0
7061,1765,0,7,7,7,2,6,20,True,True,False,0.07920441031455994,correct,0
7062,1765,1,7,41,7,6,2,6,False,False,False,0.07386010885238647,other,34
7063,1765,1,47,24,47,2,6,6,False,False,False,0.04881679639220238,other,23
7064,1766,0,0,13,0,2,16,6,False,False,False,0.040730781853199005,other,13
7065,1766,0,11,16,11,16,2,12,False,False,False,0.07116197794675827,other,5
7066,1766,1,11,13,11,2,16,6,False,False,False,0.05495326966047287,other,2
7067,1766,1,0,22,0,16,2,22,False,False,False,0.03643465042114258,other,22
7068,1767,0,2,0,2,15,19,7,False,False,False,0.02252284251153469,other,2
7069,1767,0,43,45,43,19,15,7,False,False,False,0.04437291994690895,other,2
7070,1767,1,43,12,43,15,19,6,False,False,False,0.04866628721356392,other,31
7071,1767,1,2,13,2,19,15,6,False,False,False,0.028206542134284973,other,11
7072,1768,0,40,45,40,16,17,34,False,False,False,0.018945179879665375,other,5
7073,1768,0,45,45,45,17,16,17,True,True,False,0.008315871469676495,correct,0
7074,1768,1,45,35,45,16,17,0,False,False,False,0.004300324711948633,other,10
7075,1768,1,40,35,40,17,16,17,False,False,False,0.017238911241292953,other,5
7076,1769,0,11,16,11,16,36,22,False,False,False,0.06293962150812149,other,5
7077,1769,0,0,13,0,36,16,6,False,False,False,0.036360159516334534,other,13
7078,1769,1,0,3,0,16,36,27,False,False,False,0.03414654731750488,other,3
7079,1769,1,11,10,11,36,16,17,False,False,True,0.03662495315074921,off_by_one,1
7080,1770,0,30,8,30,14,27,18,False,False,False,0.06344564259052277,other,22
7081,1770,0,32,13,32,27,14,17,False,False,False,0.04174512252211571,other,19
7082,1770,1,32,8,32,14,27,22,False,False,False,0.05411507934331894,other,24
7083,1770,1,30,13,30,27,14,17,False,False,False,0.05574527755379677,other,17
7084,1771,0,19,13,19,17,14,20,False,False,False,0.04002834111452103,other,6
7085,1771,0,11,11,11,14,17,27,True,True,False,0.007799371145665646,correct,0
7086,1771,1,11,13,11,17,14,17,False,False,False,0.017617564648389816,other,2
7087,1771,1,19,8,19,14,17,12,False,False,False,0.06448349356651306,other,11
7088,1772,0,12,8,12,18,0,6,False,False,False,0.07107249647378922,other,4
7089,1772,0,24,13,24,0,18,17,False,False,False,0.01531444676220417,other,11
7090,1772,1,24,35,24,18,0,17,False,False,False,0.011489307507872581,other,11
7091,1772,1,12,28,12,0,18,19,False,False,False,0.0427495501935482,other,16
7092,1773,0,38,13,38,18,37,17,False,False,False,0.013931029476225376,other,25
7093,1773,0,28,11,28,37,18,32,False,False,False,0.01354178600013256,other,17
7094,1773,1,28,45,28,18,37,17,False,False,False,0.01413416676223278,other,17
7095,1773,1,38,10,38,37,18,19,False,False,False,0.016157427802681923,other,28
7096,1774,0,25,13,25,36,14,6,False,False,False,0.14035753905773163,other,12
7097,1774,0,42,7,42,14,36,16,False,False,False,0.05381416901946068,other,35
7098,1774,1,42,13,42,36,14,6,False,False,False,0.09877125918865204,other,29
7099,1774,1,25,15,25,14,36,6,False,False,False,0.1396232396364212,other,10
7100,1775,0,37,13,37,18,7,6,False,False,False,0.028698958456516266,other,24
7101,1775,0,20,15,20,7,18,8,False,False,False,0.09704502671957016,other,5
7102,1775,1,20,13,20,18,7,8,False,False,False,0.05393000319600105,other,7
7103,1775,1,37,3,37,7,18,17,False,False,False,0.009660456329584122,other,34
7104,1776,0,37,13,37,15,6,17,False,False,False,0.05431561917066574,other,24
7105,1776,0,20,45,20,6,15,6,False,False,False,0.056451015174388885,other,25
7106,1776,1,20,8,20,15,6,22,False,False,False,0.07547617703676224,other,12
7107,1776,1,37,13,37,6,15,6,False,False,False,0.04995056614279747,other,24
7108,1777,0,41,41,41,18,7,4,True,True,False,0.0734136626124382,correct,0
7109,1777,0,14,35,14,7,18,7,False,False,False,0.02595517784357071,other,21
7110,1777,1,14,13,14,18,7,7,False,False,True,0.02143818512558937,off_by_one,1
7111,1777,1,41,15,41,7,18,15,False,False,False,0.05039553344249725,other,26
7112,1778,0,36,13,36,7,16,17,False,False,False,0.01052925456315279,other,23
7113,1778,0,10,11,10,16,7,38,False,False,True,0.03238590806722641,off_by_one,1
7114,1778,1,10,8,10,7,16,6,False,False,False,0.058866292238235474,other,2
7115,1778,1,36,13,36,16,7,6,False,False,False,0.013556055724620819,other,23
7116,1779,0,46,13,46,6,14,6,False,False,False,0.04035436734557152,other,33
7117,1779,0,34,15,34,14,6,7,False,False,False,0.04247734695672989,other,19
7118,1779,1,34,7,34,6,14,6,False,False,False,0.03219703212380409,other,27
7119,1779,1,46,13,46,14,6,8,False,False,False,0.03314993903040886,other,33
7120,1780,0,27,11,27,16,6,34,False,False,False,0.026798725128173828,other,16
7121,1780,0,0,6,0,6,16,6,False,False,False,0.06525709480047226,other,6
7122,1780,1,0,15,0,16,6,22,False,False,False,0.06792813539505005,other,15
7123,1780,1,27,13,27,6,16,6,False,False,False,0.01980474777519703,other,14
7124,1781,0,6,13,6,16,14,17,False,False,False,0.020010799169540405,other,7
7125,1781,0,23,35,23,14,16,6,False,False,False,0.034250494092702866,other,12
7126,1781,1,23,15,23,16,14,34,False,False,False,0.025038421154022217,other,8
7127,1781,1,6,45,6,14,16,17,False,False,False,0.028873370960354805,other,39
7128,1782,0,8,8,8,17,26,6,True,True,False,0.05258035287261009,correct,0
7129,1782,0,45,13,45,26,17,6,False,False,False,0.017649713903665543,other,32
7130,1782,1,45,35,45,17,26,17,False,False,False,0.016008593142032623,other,10
7131,1782,1,8,8,8,26,17,6,True,True,False,0.06415652483701706,correct,0
7132,1783,0,1,13,1,6,16,6,False,False,False,0.053360212594270706,other,12
7133,1783,0,11,13,11,16,6,34,False,False,False,0.034554027020931244,other,2
7134,1783,1,11,15,11,6,16,6,False,False,False,0.02634013071656227,other,4
7135,1783,1,1,3,1,16,6,16,False,False,False,0.04403544217348099,other,2
7136,1784,0,10,8,10,24,26,26,False,False,False,0.0885683074593544,other,2
7137,1784,0,42,42,42,26,24,6,True,True,False,0.09092376381158829,correct,0
7138,1784,1,42,42,42,24,26,6,True,True,False,0.058215364813804626,correct,0
7139,1784,1,10,13,10,26,24,4,False,False,False,0.05739722400903702,other,3
7140,1785,0,0,45,0,14,6,34,False,False,False,0.04991472139954567,other,45
7141,1785,0,37,13,37,6,14,6,False,False,False,0.028369052335619926,other,24
7142,1785,1,37,13,37,14,6,6,False,False,False,0.02765912003815174,other,24
7143,1785,1,0,10,0,6,14,6,False,False,False,0.06954509764909744,other,10
7144,1786,0,33,13,33,16,24,17,False,False,False,0.041008029133081436,other,20
7145,1786,0,15,10,15,24,16,18,False,False,False,0.10927221924066544,other,5
7146,1786,1,15,13,15,16,24,7,False,False,False,0.06478945165872574,other,2
7147,1786,1,33,45,33,24,16,6,False,False,False,0.04818179830908775,other,12
7148,1787,0,3,22,3,16,27,27,False,False,False,0.028039144352078438,other,19
7149,1787,0,37,31,37,27,16,7,False,False,False,0.0076238736510276794,other,6
7150,1787,1,37,3,37,16,27,27,False,False,False,0.012122471816837788,other,34
7151,1787,1,3,3,3,27,16,15,True,True,False,0.02352508157491684,correct,0
7152,1788,0,8,8,8,7,14,6,True,True,False,0.05011971667408943,correct,0
7153,1788,0,38,13,38,14,7,17,False,False,False,0.015822168439626694,other,25
7154,1788,1,38,13,38,7,14,17,False,False,False,0.013252667151391506,other,25
7155,1788,1,8,8,8,14,7,24,True,True,False,0.03599001094698906,correct,0
7156,1789,0,5,41,5,17,6,6,False,False,False,0.04976353794336319,other,36
7157,1789,0,0,24,0,6,17,6,False,False,False,0.03808148205280304,other,24
7158,1789,1,0,13,0,17,6,17,False,False,False,0.038228590041399,other,13
7159,1789,1,5,7,5,6,17,6,False,False,False,0.03111562691628933,other,2
7160,1790,0,2,6,2,6,1,6,False,False,False,0.017634468153119087,other,4
7161,1790,0,23,15,23,1,6,34,False,False,False,0.017470387741923332,other,8
7162,1790,1,23,35,23,6,1,4,False,False,False,0.01533027645200491,other,12
7163,1790,1,2,0,2,1,6,16,False,False,False,0.016069089993834496,other,2
7164,1791,0,28,28,28,20,24,27,True,True,False,0.014012276194989681,correct,0
7165,1791,0,41,41,41,24,20,18,True,True,False,0.02874109521508217,correct,0
7166,1791,1,41,15,41,20,24,6,False,False,False,0.027545945718884468,other,26
7167,1791,1,28,13,28,24,20,17,False,False,False,0.020884456112980843,other,15
7168,1792,0,14,13,14,0,1,17,False,False,True,0.019037721678614616,off_by_one,1
7169,1792,0,44,0,44,1,0,6,False,False,False,0.04193608835339546,other,44
7170,1792,1,44,35,44,0,1,0,False,False,False,0.03295015171170235,other,9
7171,1792,1,14,45,14,1,0,20,False,False,False,0.010419008322060108,other,31
7172,1793,0,44,35,44,17,6,34,False,False,False,0.018168477341532707,other,9
7173,1793,0,2,6,2,6,17,6,False,False,False,0.013081049546599388,other,4
7174,1793,1,2,3,2,17,6,6,False,False,True,0.007542395498603582,off_by_one,1
7175,1793,1,44,24,44,6,17,6,False,False,False,0.007094806060194969,other,20
7176,1794,0,17,13,17,9,6,7,False,False,False,0.02098337560892105,other,4
7177,1794,0,10,11,10,6,9,6,False,False,True,0.05313020944595337,off_by_one,1
7178,1794,1,10,8,10,9,6,6,False,False,False,0.061383798718452454,other,2
7179,1794,1,17,13,17,6,9,6,False,False,False,0.0438690111041069,other,4
7180,1795,0,36,13,36,16,21,15,False,False,False,0.009158337488770485,other,23
7181,1795,0,4,35,4,21,16,17,False,False,False,0.011705748736858368,other,31
7182,1795,1,4,35,4,16,21,18,False,False,False,0.02478552609682083,other,31
7183,1795,1,36,3,36,21,16,17,False,False,False,0.010792624205350876,other,33
7184,1796,0,19,13,19,19,7,6,False,False,False,0.019257960841059685,other,6
7185,1796,0,33,12,33,7,19,6,False,False,False,0.014521333388984203,other,21
7186,1796,1,33,13,33,19,7,17,False,False,False,0.01932946778833866,other,20
7187,1796,1,19,45,19,7,19,34,False,False,False,0.032871343195438385,other,26
7188,1797,0,23,41,23,6,27,6,False,False,False,0.1362239122390747,other,18
7189,1797,0,1,10,1,27,6,15,False,False,False,0.0676802471280098,other,9
7190,1797,1,1,8,1,6,27,6,False,False,False,0.06698058545589447,other,7
7191,1797,1,23,13,23,27,6,7,False,False,False,0.20946411788463593,other,10
7192,1798,0,12,8,12,2,6,6,False,False,False,0.08155344426631927,other,4
7193,1798,0,39,13,39,6,2,6,False,False,False,0.056229494512081146,other,26
7194,1798,1,39,13,39,2,6,6,False,False,False,0.020637130364775658,other,26
7195,1798,1,12,12,12,6,2,6,True,True,False,0.05342791974544525,correct,0
7196,1799,0,18,9,18,27,17,7,False,False,False,0.041665758937597275,other,9
7197,1799,0,31,6,31,17,27,17,False,False,False,0.04423898085951805,other,25
7198,1799,1,31,12,31,27,17,6,False,False,False,0.03746984153985977,other,19
7199,1799,1,18,13,18,17,27,17,False,False,False,0.040291670709848404,other,5
7200,1800,0,7,7,7,27,6,7,True,True,False,0.057023271918296814,correct,0
7201,1800,0,3,12,3,6,27,6,False,False,False,0.045420680195093155,other,9
7202,1800,1,3,32,3,27,6,34,False,False,False,0.05835229158401489,other,29
7203,1800,1,7,7,7,6,27,6,True,True,False,0.05188772827386856,correct,0
7204,1801,0,37,45,37,16,12,34,False,False,False,0.023695161566138268,other,8
7205,1801,0,9,13,9,12,16,6,False,False,False,0.022652368992567062,other,4
7206,1801,1,9,10,9,16,12,34,False,False,True,0.0207180455327034,off_by_one,1
7207,1801,1,37,45,37,12,16,6,False,False,False,0.025641528889536858,other,8
7208,1802,0,43,15,43,18,35,6,False,False,False,0.07536144554615021,other,28
7209,1802,0,34,34,34,35,18,6,True,True,False,0.026250749826431274,correct,0
7210,1802,1,34,7,34,18,35,6,False,False,False,0.025806693360209465,other,27
7211,1802,1,43,3,43,35,18,21,False,False,False,0.05441581830382347,other,40
7212,1803,0,7,7,7,15,25,7,True,True,False,0.022815080359578133,correct,0
7213,1803,0,46,13,46,25,15,15,False,False,False,0.03667126223444939,other,33
7214,1803,1,46,3,46,15,25,17,False,False,False,0.03319081664085388,other,43
7215,1803,1,7,7,7,25,15,7,True,True,False,0.021771499887108803,correct,0
7216,1804,0,12,13,12,30,33,6,False,False,True,0.022970562800765038,off_by_one,1
7217,1804,0,41,15,41,33,30,15,False,False,False,0.09132927656173706,other,26
7218,1804,1,41,13,41,30,33,6,False,False,False,0.09164994210004807,other,28
7219,1804,1,12,12,12,33,30,33,True,True,False,0.010633174329996109,correct,0
7220,1805,0,4,35,4,14,24,17,False,False,False,0.012293092906475067,other,31
7221,1805,0,33,10,33,24,14,4,False,False,False,0.009680998511612415,other,23
7222,1805,1,33,45,33,14,24,34,False,False,False,0.02399839647114277,other,12
7223,1805,1,4,35,4,24,14,6,False,False,False,0.02004743181169033,other,31
7224,1806,0,48,48,48,15,23,24,True,True,False,0.019010167568922043,correct,0
7225,1806,0,38,12,38,23,15,0,False,False,False,0.00968344509601593,other,26
7226,1806,1,38,29,38,15,23,16,False,False,False,0.00929668266326189,other,9
7227,1806,1,48,36,48,23,15,17,False,False,False,0.017305223271250725,other,12
7228,1807,0,23,35,23,7,2,6,False,False,False,0.040328577160835266,other,12
7229,1807,0,37,3,37,2,7,6,False,False,False,0.006669892463833094,other,34
7230,1807,1,37,3,37,7,2,6,False,False,False,0.008997282944619656,other,34
7231,1807,1,23,25,23,2,7,24,False,False,False,0.024057596921920776,other,2
7232,1808,0,20,13,20,18,16,6,False,False,False,0.04926717281341553,other,7
7233,1808,0,21,10,21,16,18,7,False,False,False,0.1121913269162178,other,11
7234,1808,1,21,13,21,18,16,6,False,False,False,0.10856013000011444,other,8
7235,1808,1,20,16,20,16,18,22,False,False,False,0.06698159873485565,other,4
7236,1809,0,5,34,5,9,2,17,False,False,False,0.021683799102902412,other,29
7237,1809,0,22,3,22,2,9,6,False,False,False,0.02708810195326805,other,19
7238,1809,1,22,8,22,9,2,6,False,False,False,0.06049291044473648,other,14
7239,1809,1,5,13,5,2,9,6,False,False,False,0.043640173971652985,other,8
7240,1810,0,19,3,19,31,6,14,False,False,False,0.052788734436035156,other,16
7241,1810,0,13,12,13,6,31,6,False,False,True,0.032877374440431595,off_by_one,1
7242,1810,1,13,13,13,31,6,6,True,True,False,0.05889522656798363,correct,0
7243,1810,1,19,45,19,6,31,6,False,False,False,0.0548824705183506,other,26
7244,1811,0,18,29,18,24,34,4,False,False,False,0.020995968952775,other,11
7245,1811,0,2,3,2,34,24,6,False,False,True,0.006186423357576132,off_by_one,1
7246,1811,1,2,3,2,24,34,6,False,False,True,0.00707161333411932,off_by_one,1
7247,1811,1,18,10,18,34,24,18,False,False,False,0.0322004072368145,other,8
7248,1812,0,17,11,17,31,34,0,False,False,False,0.018120119348168373,other,6
7249,1812,0,9,13,9,34,31,17,False,False,False,0.0065518515184521675,other,4
7250,1812,1,9,3,9,31,34,15,False,False,False,0.0038684734608978033,other,6
7251,1812,1,17,3,17,34,31,20,False,False,False,0.01358550414443016,other,14
7252,1813,0,23,35,23,17,24,17,False,False,False,0.04026419669389725,other,12
7253,1813,0,25,15,25,24,17,6,False,False,False,0.014568873681128025,other,10
7254,1813,1,25,15,25,17,24,34,False,False,False,0.014726298861205578,other,10
7255,1813,1,23,1,23,24,17,6,False,False,False,0.019273336976766586,other,22
7256,1814,0,25,35,25,26,18,4,False,False,False,0.01527323853224516,other,10
7257,1814,0,3,3,3,18,26,6,True,True,False,0.04777668043971062,correct,0
7258,1814,1,3,13,3,26,18,6,False,False,False,0.051356133073568344,other,10
7259,1814,1,25,15,25,18,26,34,False,False,False,0.014053684659302235,other,10
7260,1815,0,4,15,4,7,6,26,False,False,False,0.015845369547605515,other,11
7261,1815,0,11,24,11,6,7,6,False,False,False,0.009700036607682705,other,13
7262,1815,1,11,10,11,7,6,6,False,False,True,0.004827747121453285,off_by_one,1
7263,1815,1,4,34,4,6,7,6,False,False,False,0.01628594473004341,other,30
7264,1816,0,10,10,10,7,14,7,True,True,False,0.017667215317487717,correct,0
7265,1816,0,25,35,25,14,7,17,False,False,False,0.011063328012824059,other,10
7266,1816,1,25,15,25,7,14,6,False,False,False,0.017828665673732758,other,10
7267,1816,1,10,13,10,14,7,17,False,False,False,0.027099307626485825,other,3
7268,1817,0,43,13,43,0,18,6,False,False,False,0.0398554801940918,other,30
7269,1817,0,33,8,33,18,0,6,False,False,False,0.04888083040714264,other,25
7270,1817,1,33,3,33,0,18,17,False,False,False,0.026423193514347076,other,30
7271,1817,1,43,3,43,18,0,6,False,False,False,0.046114202588796616,other,40
7272,1818,0,11,10,11,17,7,14,False,False,True,0.0517272874712944,off_by_one,1
7273,1818,0,25,8,25,7,17,6,False,False,False,0.01384519599378109,other,17
7274,1818,1,25,13,25,17,7,6,False,False,False,0.02461583912372589,other,12
7275,1818,1,11,29,11,7,17,6,False,False,False,0.05557925999164581,other,18
7276,1819,0,32,10,32,20,24,18,False,False,False,0.03448166698217392,other,22
7277,1819,0,12,3,12,24,20,4,False,False,False,0.024462031200528145,other,9
7278,1819,1,12,1,12,20,24,30,False,False,False,0.02807765267789364,other,11
7279,1819,1,32,35,32,24,20,36,False,False,False,0.032691627740859985,other,3
7280,1820,0,19,8,19,14,7,12,False,False,False,0.07318338751792908,other,11
7281,1820,0,40,13,40,7,14,17,False,False,False,0.16849511861801147,other,27
7282,1820,1,40,15,40,14,7,6,False,False,False,0.127207413315773,other,25
7283,1820,1,19,13,19,7,14,17,False,False,False,0.058906007558107376,other,6
7284,1821,0,40,13,40,22,23,6,False,False,False,0.024563046172261238,other,27
7285,1821,0,26,8,26,23,22,34,False,False,False,0.025423144921660423,other,18
7286,1821,1,26,35,26,22,23,4,False,False,False,0.018802441656589508,other,9
7287,1821,1,40,35,40,23,22,23,False,False,False,0.026575854048132896,other,5
7288,1822,0,9,10,9,7,2,6,False,False,True,0.033317193388938904,off_by_one,1
7289,1822,0,8,8,8,2,7,6,True,True,False,0.023731203749775887,correct,0
7290,1822,1,8,8,8,7,2,6,True,True,False,0.035126879811286926,correct,0
7291,1822,1,9,13,9,2,7,6,False,False,False,0.03933604806661606,other,4
7292,1823,0,15,35,15,36,26,6,False,False,False,0.06670104712247849,other,20
7293,1823,0,7,7,7,26,36,15,True,True,False,0.050972964614629745,correct,0
7294,1823,1,7,7,7,36,26,0,True,True,False,0.047171276062726974,correct,0
7295,1823,1,15,15,15,26,36,6,True,True,False,0.05141391232609749,correct,0
7296,1824,0,27,13,27,18,15,17,False,False,False,0.025027064606547356,other,14
7297,1824,0,25,15,25,15,18,34,False,False,False,0.01983453519642353,other,10
7298,1824,1,25,15,25,18,15,15,False,False,False,0.017510734498500824,other,10
7299,1824,1,27,36,27,15,18,38,False,False,False,0.015005725435912609,other,9
7300,1825,0,20,13,20,19,2,4,False,False,False,0.07410329580307007,other,7
7301,1825,0,14,45,14,2,19,6,False,False,False,0.019680451601743698,other,31
7302,1825,1,14,13,14,19,2,6,False,False,True,0.02497411146759987,off_by_one,1
7303,1825,1,20,8,20,2,19,6,False,False,False,0.10373746603727341,other,12
7304,1826,0,16,7,16,16,1,31,False,False,False,0.03828119486570358,other,9
7305,1826,0,45,45,45,1,16,17,True,True,False,0.009832758456468582,correct,0
7306,1826,1,45,13,45,16,1,16,False,False,False,0.012300923466682434,other,32
7307,1826,1,16,15,16,1,16,29,False,False,True,0.05882079899311066,off_by_one,1
7308,1827,0,12,13,12,36,16,6,False,False,True,0.019285911694169044,off_by_one,1
7309,1827,0,42,15,42,16,36,6,False,False,False,0.046818822622299194,other,27
7310,1827,1,42,42,42,36,16,6,True,True,False,0.032454006373882294,correct,0
7311,1827,1,12,10,12,16,36,27,False,False,False,0.01331119704991579,other,2
7312,1828,0,40,45,40,26,6,6,False,False,False,0.04103899747133255,other,5
7313,1828,0,9,10,9,6,26,26,False,False,True,0.005114710424095392,off_by_one,1
7314,1828,1,9,10,9,26,6,4,False,False,True,0.006530619692057371,off_by_one,1
7315,1828,1,40,13,40,6,26,39,False,False,False,0.0355483740568161,other,27
7316,1829,0,12,13,12,12,17,6,False,False,True,0.04348010942339897,off_by_one,1
7317,1829,0,8,8,8,17,12,18,True,True,False,0.03241528198122978,correct,0
7318,1829,1,8,8,8,12,17,26,True,True,False,0.02541719190776348,correct,0
7319,1829,1,12,13,12,17,12,17,False,False,True,0.03949730843305588,off_by_one,1
7320,1830,0,40,6,40,20,24,17,False,False,False,0.020917627960443497,other,34
7321,1830,0,42,41,42,24,20,6,False,False,True,0.0475819855928421,off_by_one,1
7322,1830,1,42,42,42,20,24,6,True,True,False,0.05454264208674431,correct,0
7323,1830,1,40,35,40,24,20,17,False,False,False,0.02656073123216629,other,5
7324,1831,0,47,13,47,2,3,6,False,False,False,0.016345664858818054,other,34
7325,1831,0,17,12,17,3,2,6,False,False,False,0.021215450018644333,other,5
7326,1831,1,17,12,17,2,3,6,False,False,False,0.03725344315171242,other,5
7327,1831,1,47,13,47,3,2,6,False,False,False,0.019331932067871094,other,34
7328,1832,0,4,35,4,7,2,7,False,False,False,0.01534197200089693,other,31
7329,1832,0,31,10,31,2,7,7,False,False,False,0.06127770617604256,other,21
7330,1832,1,31,41,31,7,2,7,False,False,False,0.06368511915206909,other,10
7331,1832,1,4,35,4,2,7,6,False,False,False,0.022046731784939766,other,31
7332,1833,0,42,42,42,8,6,6,True,True,False,0.20961473882198334,correct,0
7333,1833,0,22,13,22,6,8,6,False,False,False,0.13905419409275055,other,9
7334,1833,1,22,3,22,8,6,8,False,False,False,0.12976251542568207,other,19
7335,1833,1,42,42,42,6,8,26,True,True,False,0.2331007421016693,correct,0
7336,1834,0,7,7,7,7,24,20,True,True,False,0.021483909338712692,correct,0
7337,1834,0,12,45,12,24,7,6,False,False,False,0.07070636004209518,other,33
7338,1834,1,12,12,12,7,24,6,True,True,False,0.0664428174495697,correct,0
7339,1834,1,7,7,7,24,7,6,True,True,False,0.02789796143770218,correct,0
7340,1835,0,29,8,29,29,33,6,False,False,False,0.018847541883587837,other,21
7341,1835,0,4,13,4,33,29,6,False,False,False,0.031032562255859375,other,9
7342,1835,1,4,13,4,29,33,6,False,False,False,0.04039279371500015,other,9
7343,1835,1,29,8,29,33,29,6,False,False,False,0.018615566194057465,other,21
7344,1836,0,48,4,48,1,18,16,False,False,False,0.011774973943829536,other,44
7345,1836,0,23,35,23,18,1,17,False,False,False,0.03779339790344238,other,12
7346,1836,1,23,35,23,1,18,17,False,False,False,0.04050394147634506,other,12
7347,1836,1,48,0,48,18,1,15,False,False,False,0.008124533109366894,other,48
7348,1837,0,42,42,42,16,26,12,True,True,False,0.17182624340057373,correct,0
7349,1837,0,15,5,15,26,16,6,False,False,False,0.061587855219841,other,10
7350,1837,1,15,15,15,16,26,22,True,True,False,0.12138219177722931,correct,0
7351,1837,1,42,7,42,26,16,6,False,False,False,0.15363766252994537,other,35
7352,1838,0,29,25,29,7,19,6,False,False,False,0.09577170014381409,other,4
7353,1838,0,21,13,21,19,7,6,False,False,False,0.042719751596450806,other,8
7354,1838,1,21,3,21,7,19,6,False,False,False,0.021734368056058884,other,18
7355,1838,1,29,13,29,19,7,6,False,False,False,0.06818801909685135,other,16
7356,1839,0,1,9,1,16,15,7,False,False,False,0.03166792541742325,other,8
7357,1839,0,47,13,47,15,16,0,False,False,False,0.030061902478337288,other,34
7358,1839,1,47,45,47,16,15,23,False,False,False,0.029857760295271873,other,2
7359,1839,1,1,1,1,15,16,16,True,True,False,0.018543321639299393,correct,0
7360,1840,0,11,8,11,24,37,6,False,False,False,0.022631175816059113,other,3
7361,1840,0,36,13,36,37,24,17,False,False,False,0.04198835417628288,other,23
7362,1840,1,36,29,36,24,37,38,False,False,False,0.042084138840436935,other,7
7363,1840,1,11,29,11,37,24,7,False,False,False,0.009780907072126865,other,18
7364,1841,0,23,11,23,16,27,22,False,False,False,0.04145548492670059,other,12
7365,1841,0,17,13,17,27,16,17,False,False,False,0.035441018640995026,other,4
7366,1841,1,17,12,17,16,27,6,False,False,False,0.050205353647470474,other,5
7367,1841,1,23,13,23,27,16,6,False,False,False,0.03303295373916626,other,10
7368,1842,0,2,0,2,24,18,6,False,False,False,0.03926966339349747,other,2
7369,1842,0,38,13,38,18,24,6,False,False,False,0.0237133726477623,other,25
7370,1842,1,38,13,38,24,18,15,False,False,False,0.010201290249824524,other,25
7371,1842,1,2,36,2,18,24,6,False,False,False,0.042723871767520905,other,34
7372,1843,0,5,7,5,14,7,25,False,False,False,0.021430689841508865,other,2
7373,1843,0,13,13,13,7,14,6,True,True,False,0.05017668753862381,correct,0
7374,1843,1,13,35,13,14,7,17,False,False,False,0.047778017818927765,other,22
7375,1843,1,5,16,5,7,14,17,False,False,False,0.016826936975121498,other,11
7376,1844,0,34,34,34,38,16,7,True,True,False,0.039752062410116196,correct,0
7377,1844,0,44,15,44,16,38,6,False,False,False,0.02684192918241024,other,29
7378,1844,1,44,13,44,38,16,6,False,False,False,0.01972922869026661,other,31
7379,1844,1,34,15,34,16,38,6,False,False,False,0.04181290417909622,other,19
7380,1845,0,32,13,32,6,11,6,False,False,False,0.0551358163356781,other,19
7381,1845,0,42,15,42,11,6,6,False,False,False,0.06676676124334335,other,27
7382,1845,1,42,42,42,6,11,6,True,True,False,0.07947776466608047,correct,0
7383,1845,1,32,16,32,11,6,22,False,False,False,0.07747706025838852,other,16
7384,1846,0,30,13,30,14,16,16,False,False,False,0.04108276218175888,other,17
7385,1846,0,9,10,9,16,14,12,False,False,True,0.05575725436210632,off_by_one,1
7386,1846,1,9,13,9,14,16,17,False,False,False,0.03978683054447174,other,4
7387,1846,1,30,12,30,16,14,18,False,False,False,0.04712230712175369,other,18
7388,1847,0,43,36,43,15,6,17,False,False,False,0.029588069766759872,other,7
7389,1847,0,48,0,48,6,15,6,False,False,False,0.05357110872864723,other,48
7390,1847,1,48,45,48,15,6,6,False,False,False,0.05257905647158623,other,3
7391,1847,1,43,13,43,6,15,6,False,False,False,0.03415747359395027,other,30
7392,1848,0,32,10,32,14,6,15,False,False,False,0.04675427824258804,other,22
7393,1848,0,28,45,28,6,14,6,False,False,False,0.019491948187351227,other,17
7394,1848,1,28,3,28,14,6,27,False,False,False,0.014045479707419872,other,25
7395,1848,1,32,35,32,6,14,6,False,False,False,0.035398218780756,other,3
7396,1849,0,34,41,34,7,6,17,False,False,False,0.018812108784914017,other,7
7397,1849,0,37,45,37,6,7,6,False,False,False,0.024539422243833542,other,8
7398,1849,1,37,45,37,7,6,6,False,False,False,0.02111886814236641,other,8
7399,1849,1,34,41,34,6,7,6,False,False,False,0.03157443180680275,other,7
7400,1850,0,7,7,7,24,18,7,True,True,False,0.05451180785894394,correct,0
7401,1850,0,10,15,10,18,24,6,False,False,False,0.0356830470263958,other,5
7402,1850,1,10,15,10,24,18,12,False,False,False,0.025200368836522102,other,5
7403,1850,1,7,7,7,18,24,24,True,True,False,0.06279212981462479,correct,0
7404,1851,0,21,12,21,24,17,6,False,False,False,0.10343614220619202,other,9
7405,1851,0,2,13,2,17,24,17,False,False,False,0.04613787680864334,other,11
7406,1851,1,2,12,2,24,17,6,False,False,False,0.0491463728249073,other,10
7407,1851,1,21,13,21,17,24,17,False,False,False,0.08203771710395813,other,8
7408,1852,0,25,15,25,16,36,22,False,False,False,0.03543449565768242,other,10
7409,1852,0,46,13,46,36,16,6,False,False,False,0.03714757785201073,other,33
7410,1852,1,46,10,46,16,36,6,False,False,False,0.04824948310852051,other,36
7411,1852,1,25,13,25,36,16,6,False,False,False,0.023467790335416794,other,12
7412,1853,0,35,35,35,10,13,18,True,True,False,0.012487581931054592,correct,0
7413,1853,0,6,45,6,13,10,6,False,False,False,0.02192775346338749,other,39
7414,1853,1,6,35,6,10,13,15,False,False,False,0.03105304017663002,other,29
7415,1853,1,35,35,35,13,10,6,True,True,False,0.01352954562753439,correct,0
7416,1854,0,39,13,39,15,1,15,False,False,False,0.008266807533800602,other,26
7417,1854,0,0,36,0,1,15,17,False,False,False,0.008385960012674332,other,36
7418,1854,1,0,36,0,15,1,15,False,False,False,0.009824194945394993,other,36
7419,1854,1,39,3,39,1,15,15,False,False,False,0.004379173740744591,other,36
7420,1855,0,38,13,38,27,6,17,False,False,False,0.021153099834918976,other,25
7421,1855,0,27,8,27,6,27,6,False,False,False,0.06751038879156113,other,19
7422,1855,1,27,45,27,27,6,27,False,False,False,0.05206433683633804,other,18
7423,1855,1,38,13,38,6,27,6,False,False,False,0.0200932789593935,other,25
7424,1856,0,5,41,5,26,15,6,False,False,False,0.07587561011314392,other,36
7425,1856,0,38,35,38,15,26,15,False,False,False,0.02255297265946865,other,3
7426,1856,1,38,13,38,26,15,6,False,False,False,0.020405422896146774,other,25
7427,1856,1,5,15,5,15,26,32,False,False,False,0.09104080498218536,other,10
7428,1857,0,39,13,39,24,18,6,False,False,False,0.013985834084451199,other,26
7429,1857,0,26,35,26,18,24,26,False,False,False,0.01994234323501587,other,9
7430,1857,1,26,35,26,24,18,30,False,False,False,0.025539793074131012,other,9
7431,1857,1,39,3,39,18,24,6,False,False,False,0.01675088331103325,other,36
7432,1858,0,47,10,47,16,15,27,False,False,False,0.022206516936421394,other,37
7433,1858,0,45,45,45,15,16,17,True,True,False,0.015172854997217655,correct,0
7434,1858,1,45,45,45,16,15,17,True,True,False,0.009763622656464577,correct,0
7435,1858,1,47,44,47,15,16,27,False,False,False,0.028889453038573265,other,3
7436,1859,0,30,3,30,14,32,17,False,False,False,0.02823079749941826,other,27
7437,1859,0,26,45,26,32,14,6,False,False,False,0.02594241127371788,other,19
7438,1859,1,26,35,26,14,32,15,False,False,False,0.04717148095369339,other,9
7439,1859,1,30,22,30,32,14,30,False,False,False,0.041625697165727615,other,8
7440,1860,0,7,7,7,6,1,7,True,True,False,0.02949073165655136,correct,0
7441,1860,0,39,3,39,1,6,6,False,False,False,0.05063028261065483,other,36
7442,1860,1,39,13,39,6,1,6,False,False,False,0.061285413801670074,other,26
7443,1860,1,7,7,7,1,6,0,True,True,False,0.030235707759857178,correct,0
7444,1861,0,9,8,9,7,34,6,False,False,True,0.06843998283147812,off_by_one,1
7445,1861,0,11,13,11,34,7,7,False,False,False,0.10717814415693283,other,2
7446,1861,1,11,29,11,7,34,6,False,False,False,0.07248451560735703,other,18
7447,1861,1,9,13,9,34,7,6,False,False,False,0.0718567967414856,other,4
7448,1862,0,9,0,9,10,7,6,False,False,False,0.07538366317749023,other,9
7449,1862,0,32,13,32,7,10,17,False,False,False,0.03973449766635895,other,19
7450,1862,1,32,0,32,10,7,6,False,False,False,0.04436822980642319,other,32
7451,1862,1,9,13,9,7,10,6,False,False,False,0.08665113151073456,other,4
7452,1863,0,32,13,32,25,27,15,False,False,False,0.04469209164381027,other,19
7453,1863,0,37,6,37,27,25,17,False,False,False,0.011962280608713627,other,31
7454,1863,1,37,21,37,25,27,17,False,False,False,0.01567956432700157,other,16
7455,1863,1,32,35,32,27,25,33,False,False,False,0.0369127094745636,other,3
7456,1864,0,13,35,13,15,14,17,False,False,False,0.021973103284835815,other,22
7457,1864,0,37,3,37,14,15,23,False,False,False,0.0056477743200957775,other,34
7458,1864,1,37,3,37,15,14,30,False,False,False,0.006278881803154945,other,34
7459,1864,1,13,4,13,14,15,31,False,False,False,0.021005786955356598,other,9
7460,1865,0,17,13,17,9,8,6,False,False,False,0.031121492385864258,other,4
7461,1865,0,9,12,9,8,9,6,False,False,False,0.044317424297332764,other,3
7462,1865,1,9,8,9,9,8,26,False,False,True,0.06495554000139236,off_by_one,1
7463,1865,1,17,13,17,8,9,6,False,False,False,0.03896383196115494,other,4
7464,1866,0,22,21,22,20,17,6,False,False,True,0.018479719758033752,off_by_one,1
7465,1866,0,26,35,26,17,20,15,False,False,False,0.04118943586945534,other,9
7466,1866,1,26,13,26,20,17,6,False,False,False,0.009808985516428947,other,13
7467,1866,1,22,35,22,17,20,17,False,False,False,0.014308401383459568,other,13
7468,1867,0,10,2,10,6,18,6,False,False,False,0.05691388621926308,other,8
7469,1867,0,13,13,13,18,6,17,True,True,False,0.09267524629831314,correct,0
7470,1867,1,13,8,13,6,18,22,False,False,False,0.08594176918268204,other,5
7471,1867,1,10,13,10,18,6,6,False,False,False,0.07386816293001175,other,3
7472,1868,0,41,15,41,18,24,8,False,False,False,0.02788912132382393,other,26
7473,1868,0,28,13,28,24,18,17,False,False,False,0.007643640972673893,other,15
7474,1868,1,28,29,28,18,24,17,False,False,True,0.0038949435111135244,off_by_one,1
7475,1868,1,41,15,41,24,18,6,False,False,False,0.030328957363963127,other,26
7476,1869,0,8,8,8,0,3,12,True,True,False,0.06724213063716888,correct,0
7477,1869,0,11,13,11,3,0,7,False,False,False,0.019979026168584824,other,2
7478,1869,1,11,13,11,0,3,17,False,False,False,0.024794287979602814,other,2
7479,1869,1,8,15,8,3,0,22,False,False,False,0.10315379500389099,other,7
7480,1870,0,35,35,35,0,34,15,True,True,False,0.014370178803801537,correct,0
7481,1870,0,11,13,11,34,0,6,False,False,False,0.026229869574308395,other,2
7482,1870,1,11,28,11,0,34,7,False,False,False,0.022939380258321762,other,17
7483,1870,1,35,35,35,34,0,17,True,True,False,0.01202892791479826,correct,0
7484,1871,0,46,35,46,30,24,15,False,False,False,0.03888976201415062,other,11
7485,1871,0,1,29,1,24,30,6,False,False,False,0.04456343129277229,other,28
7486,1871,1,1,3,1,30,24,4,False,False,False,0.051767922937870026,other,2
7487,1871,1,46,35,46,24,30,24,False,False,False,0.04004913195967674,other,11
7488,1872,0,30,10,30,7,6,34,False,False,False,0.0800759494304657,other,20
7489,1872,0,6,13,6,6,7,6,False,False,False,0.1764904260635376,other,7
7490,1872,1,6,4,6,7,6,16,False,False,False,0.18404416739940643,other,2
7491,1872,1,30,13,30,6,7,6,False,False,False,0.08250701427459717,other,17
7492,1873,0,32,8,32,6,18,6,False,False,False,0.06476821005344391,other,24
7493,1873,0,15,13,15,18,6,6,False,False,False,0.062174733728170395,other,2
7494,1873,1,15,8,15,6,18,22,False,False,False,0.09343566745519638,other,7
7495,1873,1,32,13,32,18,6,6,False,False,False,0.05715605989098549,other,19
7496,1874,0,17,8,17,11,9,6,False,False,False,0.06148330867290497,other,9
7497,1874,0,43,13,43,9,11,17,False,False,False,0.019456950947642326,other,30
7498,1874,1,43,35,43,11,9,17,False,False,False,0.005520980339497328,other,8
7499,1874,1,17,13,17,9,11,20,False,False,False,0.033781733363866806,other,4
7500,1875,0,32,10,32,7,11,7,False,False,False,0.01988707296550274,other,22
7501,1875,0,6,31,6,11,7,14,False,False,False,0.03575444594025612,other,25
7502,1875,1,6,22,6,7,11,6,False,False,False,0.031248824670910835,other,16
7503,1875,1,32,24,32,11,7,20,False,False,False,0.02296621724963188,other,8
7504,1876,0,25,13,25,24,14,6,False,False,False,0.022659026086330414,other,12
7505,1876,0,8,8,8,14,24,18,True,True,False,0.0315818190574646,correct,0
7506,1876,1,8,8,8,24,14,6,True,True,False,0.019264936447143555,correct,0
7507,1876,1,25,35,25,14,24,17,False,False,False,0.02003202773630619,other,10
7508,1877,0,18,3,18,18,14,6,False,False,False,0.0369722843170166,other,15
7509,1877,0,1,10,1,14,18,15,False,False,False,0.025952182710170746,other,9
7510,1877,1,1,0,1,18,14,0,False,False,True,0.02653960883617401,off_by_one,1
7511,1877,1,18,29,18,14,18,7,False,False,False,0.03944479301571846,other,11
7512,1878,0,10,29,10,36,18,4,False,False,False,0.039070188999176025,other,19
7513,1878,0,42,42,42,18,36,12,True,True,False,0.11488257348537445,correct,0
7514,1878,1,42,42,42,36,18,6,True,True,False,0.13724151253700256,correct,0
7515,1878,1,10,9,10,18,36,22,False,False,True,0.05791996046900749,off_by_one,1
7516,1879,0,16,35,16,7,6,15,False,False,False,0.05876349285244942,other,19
7517,1879,0,32,15,32,6,7,6,False,False,False,0.05478132888674736,other,17
7518,1879,1,32,3,32,7,6,6,False,False,False,0.05755535885691643,other,29
7519,1879,1,16,15,16,6,7,6,False,False,True,0.06708638370037079,off_by_one,1
7520,1880,0,29,45,29,24,26,6,False,False,False,0.045926693826913834,other,16
7521,1880,0,34,13,34,26,24,6,False,False,False,0.04108954966068268,other,21
7522,1880,1,34,16,34,24,26,6,False,False,False,0.0419081449508667,other,18
7523,1880,1,29,13,29,26,24,6,False,False,False,0.05100345239043236,other,16
7524,1881,0,42,42,42,24,30,6,True,True,False,0.13225369155406952,correct,0
7525,1881,0,32,48,32,30,24,4,False,False,False,0.02347273752093315,other,16
7526,1881,1,32,13,32,24,30,6,False,False,False,0.025605827569961548,other,19
7527,1881,1,42,42,42,30,24,12,True,True,False,0.12186503410339355,correct,0
7528,1882,0,15,45,15,2,7,6,False,False,False,0.03047008253633976,other,30
7529,1882,0,28,29,28,7,2,1,False,False,True,0.01094392966479063,off_by_one,1
7530,1882,1,28,13,28,2,7,17,False,False,False,0.013483819551765919,other,15
7531,1882,1,15,15,15,7,2,6,True,True,False,0.03226178139448166,correct,0
7532,1883,0,46,13,46,16,9,6,False,False,False,0.01893594302237034,other,33
7533,1883,0,47,15,47,9,16,6,False,False,False,0.04943816363811493,other,32
7534,1883,1,47,10,47,16,9,0,False,False,False,0.04347115755081177,other,37
7535,1883,1,46,3,46,9,16,30,False,False,False,0.0043582310900092125,other,43
7536,1884,0,47,24,47,6,0,6,False,False,False,0.031081823632121086,other,23
7537,1884,0,12,10,12,0,6,15,False,False,False,0.05377380549907684,other,2
7538,1884,1,12,32,12,6,0,6,False,False,False,0.06070748716592789,other,20
7539,1884,1,47,13,47,0,6,7,False,False,False,0.03167955204844475,other,34
7540,1885,0,20,35,20,14,15,27,False,False,False,0.052320096641778946,other,15
7541,1885,0,6,35,6,15,14,7,False,False,False,0.025066660717129707,other,29
7542,1885,1,6,35,6,14,15,1,False,False,False,0.03658134490251541,other,29
7543,1885,1,20,13,20,15,14,20,False,False,False,0.050151001662015915,other,7
7544,1886,0,47,13,47,12,3,6,False,False,False,0.03287484869360924,other,34
7545,1886,0,31,25,31,3,12,6,False,False,False,0.09686267375946045,other,6
7546,1886,1,31,6,31,12,3,30,False,False,False,0.07293204963207245,other,25
7547,1886,1,47,10,47,3,12,6,False,False,False,0.035475850105285645,other,37
7548,1887,0,19,12,19,0,4,6,False,False,False,0.0797642394900322,other,7
7549,1887,0,29,13,29,4,0,6,False,False,False,0.053726501762866974,other,16
7550,1887,1,29,8,29,0,4,22,False,False,False,0.0659828633069992,other,21
7551,1887,1,19,13,19,4,0,6,False,False,False,0.05077522248029709,other,6
7552,1888,0,5,5,5,15,18,25,True,True,False,0.02440175600349903,correct,0
7553,1888,0,8,8,8,18,15,24,True,True,False,0.03529776260256767,correct,0
7554,1888,1,8,15,8,15,18,18,False,False,False,0.030592113733291626,other,7
7555,1888,1,5,13,5,18,15,7,False,False,False,0.028616365045309067,other,8
7556,1889,0,3,15,3,16,1,22,False,False,False,0.0591854527592659,other,12
7557,1889,0,40,13,40,1,16,17,False,False,False,0.014697808772325516,other,27
7558,1889,1,40,10,40,16,1,27,False,False,False,0.0063889529556035995,other,30
7559,1889,1,3,21,3,1,16,0,False,False,False,0.044561661779880524,other,18
7560,1890,0,34,15,34,14,6,32,False,False,False,0.047469355165958405,other,19
7561,1890,0,4,13,4,6,14,6,False,False,False,0.0530615858733654,other,9
7562,1890,1,4,10,4,14,6,18,False,False,False,0.07309796661138535,other,6
7563,1890,1,34,7,34,6,14,6,False,False,False,0.03704415634274483,other,27
7564,1891,0,2,13,2,36,16,6,False,False,False,0.03458539396524429,other,11
7565,1891,0,23,15,23,16,36,6,False,False,False,0.03794018551707268,other,8
7566,1891,1,23,23,23,36,16,6,True,True,False,0.024926356971263885,correct,0
7567,1891,1,2,2,2,16,36,6,True,True,False,0.031547315418720245,correct,0
7568,1892,0,8,8,8,31,18,6,True,True,False,0.0400162898004055,correct,0
7569,1892,0,48,13,48,18,31,6,False,False,False,0.031157035380601883,other,35
7570,1892,1,48,13,48,31,18,6,False,False,False,0.025103682652115822,other,35
7571,1892,1,8,8,8,18,31,6,True,True,False,0.036196354776620865,correct,0
7572,1893,0,23,35,23,7,1,17,False,False,False,0.01167970523238182,other,12
7573,1893,0,13,12,13,1,7,18,False,False,True,0.04709754139184952,off_by_one,1
7574,1893,1,13,0,13,7,1,6,False,False,False,0.031432125717401505,other,13
7575,1893,1,23,35,23,1,7,15,False,False,False,0.016690772026777267,other,12
7576,1894,0,44,45,44,7,14,6,False,False,True,0.017352044582366943,off_by_one,1
7577,1894,0,41,8,41,14,7,6,False,False,False,0.07524968683719635,other,33
7578,1894,1,41,41,41,7,14,7,True,True,False,0.1062697246670723,correct,0
7579,1894,1,44,10,44,14,7,34,False,False,False,0.011670142412185669,other,34
7580,1895,0,38,13,38,16,24,17,False,False,False,0.0242149718105793,other,25
7581,1895,0,46,11,46,24,16,6,False,False,False,0.04807610064744949,other,35
7582,1895,1,46,3,46,16,24,38,False,False,False,0.03537846356630325,other,43
7583,1895,1,38,13,38,24,16,10,False,False,False,0.0182796660810709,other,25
7584,1896,0,37,13,37,24,14,6,False,False,False,0.04726078361272812,other,24
7585,1896,0,28,29,28,14,24,27,False,False,True,0.016017215326428413,off_by_one,1
7586,1896,1,28,13,28,24,14,4,False,False,False,0.024684319272637367,other,15
7587,1896,1,37,11,37,14,24,28,False,False,False,0.04454847425222397,other,26
7588,1897,0,41,35,41,34,6,6,False,False,False,0.08947597444057465,other,6
7589,1897,0,23,35,23,6,34,6,False,False,False,0.03961710259318352,other,12
7590,1897,1,23,35,23,34,6,17,False,False,False,0.053844694048166275,other,12
7591,1897,1,41,41,41,6,34,6,True,True,False,0.06181580200791359,correct,0
7592,1898,0,41,13,41,18,0,6,False,False,False,0.040139712393283844,other,28
7593,1898,0,15,15,15,0,18,6,True,True,False,0.059008076786994934,correct,0
7594,1898,1,15,34,15,18,0,6,False,False,False,0.06881022453308105,other,19
7595,1898,1,41,8,41,0,18,6,False,False,False,0.03323724865913391,other,33
7596,1899,0,39,13,39,6,7,6,False,False,False,0.047981977462768555,other,26
7597,1899,0,26,35,26,7,6,6,False,False,False,0.011277967132627964,other,9
7598,1899,1,26,35,26,6,7,6,False,False,False,0.019268814474344254,other,9
7599,1899,1,39,12,39,7,6,26,False,False,False,0.027330398559570312,other,27
7600,1900,0,21,13,21,26,18,6,False,False,False,0.13111910223960876,other,8
7601,1900,0,9,1,9,18,26,18,False,False,False,0.0041308715008199215,other,8
7602,1900,1,9,13,9,26,18,4,False,False,False,0.004024364985525608,other,4
7603,1900,1,21,21,21,18,26,22,True,True,False,0.09115171432495117,correct,0
7604,1901,0,36,13,36,17,14,17,False,False,False,0.015531433746218681,other,23
7605,1901,0,27,45,27,14,17,27,False,False,False,0.028216848149895668,other,18
7606,1901,1,27,35,27,17,14,17,False,False,False,0.027285467833280563,other,8
7607,1901,1,36,3,36,14,17,0,False,False,False,0.015138054266571999,other,33
7608,1902,0,20,10,20,16,24,27,False,False,False,0.0519651435315609,other,10
7609,1902,0,3,3,3,24,16,7,True,True,False,0.03700635954737663,correct,0
7610,1902,1,3,10,3,16,24,7,False,False,False,0.04728744179010391,other,7
7611,1902,1,20,13,20,24,16,6,False,False,False,0.06791767477989197,other,7
7612,1903,0,41,35,41,20,3,18,False,False,False,0.030772365629673004,other,6
7613,1903,0,25,35,25,3,20,6,False,False,False,0.0808170810341835,other,10
7614,1903,1,25,8,25,20,3,18,False,False,False,0.060227952897548676,other,17
7615,1903,1,41,41,41,3,20,6,True,True,False,0.03050963394343853,correct,0
7616,1904,0,42,42,42,7,16,6,True,True,False,0.05299552530050278,correct,0
7617,1904,0,31,8,31,16,7,6,False,False,False,0.10016081482172012,other,23
7618,1904,1,31,0,31,7,16,6,False,False,False,0.08397108316421509,other,31
7619,1904,1,42,15,42,16,7,7,False,False,False,0.04756680130958557,other,27
7620,1905,0,30,8,30,38,6,18,False,False,False,0.08709139376878738,other,22
7621,1905,0,1,13,1,6,38,6,False,False,False,0.01695111207664013,other,12
7622,1905,1,1,11,1,38,6,7,False,False,False,0.0174256619066,other,10
7623,1905,1,30,48,30,6,38,6,False,False,False,0.06760621070861816,other,18
7624,1906,0,19,8,19,15,14,7,False,False,False,0.030172375962138176,other,11
7625,1906,0,24,13,24,14,15,17,False,False,False,0.013740411959588528,other,11
7626,1906,1,24,13,24,15,14,17,False,False,False,0.013218424282968044,other,11
7627,1906,1,19,8,19,14,15,34,False,False,False,0.028072770684957504,other,11
7628,1907,0,31,13,31,16,18,16,False,False,False,0.042483557015657425,other,18
7629,1907,0,9,45,9,18,16,6,False,False,False,0.04272589460015297,other,36
7630,1907,1,9,10,9,16,18,15,False,False,True,0.03001607209444046,off_by_one,1
7631,1907,1,31,48,31,18,16,17,False,False,False,0.04220810905098915,other,17
7632,1908,0,25,35,25,6,18,6,False,False,False,0.04227801784873009,other,10
7633,1908,0,15,15,15,18,6,6,True,True,False,0.08132437616586685,correct,0
7634,1908,1,15,8,15,6,18,6,False,False,False,0.11031413823366165,other,7
7635,1908,1,25,13,25,18,6,6,False,False,False,0.050203777849674225,other,12
7636,1909,0,43,24,43,17,15,6,False,False,False,0.0307973250746727,other,19
7637,1909,0,24,45,24,15,17,6,False,False,False,0.018138468265533447,other,21
7638,1909,1,24,35,24,17,15,32,False,False,False,0.02006695047020912,other,11
7639,1909,1,43,6,43,15,17,17,False,False,False,0.02580183744430542,other,37
7640,1910,0,29,16,29,14,0,22,False,False,False,0.08086657524108887,other,13
7641,1910,0,44,13,44,0,14,17,False,False,False,0.014248523861169815,other,31
7642,1910,1,44,13,44,14,0,17,False,False,False,0.008017854765057564,other,31
7643,1910,1,29,35,29,0,14,7,False,False,False,0.049246110022068024,other,6
7644,1911,0,39,3,39,17,15,27,False,False,False,0.011791426688432693,other,36
7645,1911,0,6,3,6,15,17,6,False,False,False,0.01090005598962307,other,3
7646,1911,1,6,3,6,17,15,15,False,False,False,0.014238137751817703,other,3
7647,1911,1,39,21,39,15,17,15,False,False,False,0.010613562539219856,other,18
7648,1912,0,28,8,28,7,12,26,False,False,False,0.09692931175231934,other,20
7649,1912,0,37,13,37,12,7,17,False,False,False,0.028532279655337334,other,24
7650,1912,1,37,45,37,7,12,34,False,False,False,0.010969388298690319,other,8
7651,1912,1,28,13,28,12,7,6,False,False,False,0.07181734591722488,other,15
7652,1913,0,3,13,3,6,9,6,False,False,False,0.05266677960753441,other,10
7653,1913,0,21,12,21,9,6,6,False,False,False,0.09888629615306854,other,9
7654,1913,1,21,13,21,6,9,6,False,False,False,0.05616755783557892,other,8
7655,1913,1,3,2,3,9,6,6,False,False,True,0.04273383319377899,off_by_one,1
7656,1914,0,46,13,46,22,18,6,False,False,False,0.06234366074204445,other,33
7657,1914,0,40,15,40,18,22,22,False,False,False,0.039711806923151016,other,25
7658,1914,1,40,13,40,22,18,6,False,False,False,0.0173503365367651,other,27
7659,1914,1,46,8,46,18,22,6,False,False,False,0.08732368797063828,other,38
7660,1915,0,11,29,11,0,2,17,False,False,False,0.007998058572411537,other,18
7661,1915,0,19,3,19,2,0,19,False,False,False,0.010625340044498444,other,16
7662,1915,1,19,3,19,0,2,19,False,False,False,0.010679610073566437,other,16
7663,1915,1,11,11,11,2,0,19,True,True,False,0.00802632700651884,correct,0
7664,1916,0,17,13,17,18,21,17,False,False,False,0.05555616319179535,other,4
7665,1916,0,18,45,18,21,18,7,False,False,False,0.060510121285915375,other,27
7666,1916,1,18,13,18,18,21,6,False,False,False,0.05000387877225876,other,5
7667,1916,1,17,12,17,21,18,6,False,False,False,0.05540827289223671,other,5
7668,1917,0,45,35,45,24,18,6,False,False,False,0.00717614172026515,other,10
7669,1917,0,28,29,28,18,24,4,False,False,True,0.010801488533616066,off_by_one,1
7670,1917,1,28,35,28,24,18,4,False,False,False,0.012577765621244907,other,7
7671,1917,1,45,35,45,18,24,6,False,False,False,0.008678968995809555,other,10
7672,1918,0,46,36,46,13,9,6,False,False,False,0.014899120666086674,other,10
7673,1918,0,1,35,1,9,13,6,False,False,False,0.010981946252286434,other,34
7674,1918,1,1,13,1,13,9,4,False,False,False,0.01381752360612154,other,12
7675,1918,1,46,0,46,9,13,6,False,False,False,0.012906678020954132,other,46
7676,1919,0,26,45,26,27,26,34,False,False,False,0.03255128860473633,other,19
7677,1919,0,4,13,4,26,27,6,False,False,False,0.02102653682231903,other,9
7678,1919,1,4,15,4,27,26,34,False,False,False,0.01932298205792904,other,11
7679,1919,1,26,35,26,26,27,6,False,False,False,0.023068895563483238,other,9
7680,1920,0,16,7,16,17,24,31,False,False,False,0.01955227181315422,other,9
7681,1920,0,6,13,6,24,17,6,False,False,False,0.0409732423722744,other,7
7682,1920,1,6,35,6,17,24,17,False,False,False,0.03810613229870796,other,29
7683,1920,1,16,5,16,24,17,6,False,False,False,0.03056907281279564,other,11
7684,1921,0,32,13,32,16,6,6,False,False,False,0.017955992370843887,other,19
7685,1921,0,13,45,13,6,16,6,False,False,False,0.05163997784256935,other,32
7686,1921,1,13,12,13,16,6,34,False,False,True,0.05522850528359413,off_by_one,1
7687,1921,1,32,13,32,6,16,6,False,False,False,0.022731777280569077,other,19
7688,1922,0,14,45,14,10,8,22,False,False,False,0.03165776655077934,other,31
7689,1922,0,48,6,48,8,10,6,False,False,False,0.017234329134225845,other,42
7690,1922,1,48,0,48,10,8,34,False,False,False,0.012850811704993248,other,48
7691,1922,1,14,13,14,8,10,6,False,False,True,0.025304678827524185,off_by_one,1
7692,1923,0,38,13,38,26,16,6,False,False,False,0.026917893439531326,other,25
7693,1923,0,37,45,37,16,26,32,False,False,False,0.06673702597618103,other,8
7694,1923,1,37,13,37,26,16,6,False,False,False,0.057516541332006454,other,24
7695,1923,1,38,12,38,16,26,32,False,False,False,0.026768483221530914,other,26
7696,1924,0,25,35,25,7,6,6,False,False,False,0.019485361874103546,other,10
7697,1924,0,44,13,44,6,7,30,False,False,False,0.007661845535039902,other,31
7698,1924,1,44,35,44,7,6,34,False,False,False,0.01361090037971735,other,9
7699,1924,1,25,45,25,6,7,6,False,False,False,0.02767709456384182,other,20
7700,1925,0,8,8,8,18,6,12,True,True,False,0.026478366926312447,correct,0
7701,1925,0,2,3,2,6,18,9,False,False,True,0.037270016968250275,off_by_one,1
7702,1925,1,2,13,2,18,6,17,False,False,False,0.046295374631881714,other,11
7703,1925,1,8,8,8,6,18,26,True,True,False,0.0615263357758522,correct,0
7704,1926,0,22,8,22,0,7,7,False,False,False,0.056589845567941666,other,14
7705,1926,0,42,13,42,7,0,6,False,False,False,0.07758598029613495,other,29
7706,1926,1,42,42,42,0,7,16,True,True,False,0.07771333307027817,correct,0
7707,1926,1,22,31,22,7,0,30,False,False,False,0.03867629915475845,other,9
7708,1927,0,6,41,6,6,24,6,False,False,False,0.11935903131961823,other,35
7709,1927,0,16,15,16,24,6,18,False,False,True,0.07080646604299545,off_by_one,1
7710,1927,1,16,15,16,6,24,6,False,False,True,0.09020624309778214,off_by_one,1
7711,1927,1,6,13,6,24,6,6,False,False,False,0.15129230916500092,other,7
7712,1928,0,26,13,26,35,30,6,False,False,False,0.02216155268251896,other,13
7713,1928,0,46,35,46,30,35,6,False,False,False,0.05722480267286301,other,11
7714,1928,1,46,35,46,35,30,17,False,False,False,0.04838496819138527,other,11
7715,1928,1,26,35,26,30,35,30,False,False,False,0.018596388399600983,other,9
7716,1929,0,25,13,25,7,39,6,False,False,False,0.024388546124100685,other,12
7717,1929,0,13,12,13,39,7,7,False,False,True,0.0317767858505249,off_by_one,1
7718,1929,1,13,0,13,7,39,8,False,False,False,0.03840125352144241,other,13
7719,1929,1,25,13,25,39,7,6,False,False,False,0.014722547493875027,other,12
7720,1930,0,23,13,23,23,18,17,False,False,False,0.06683656573295593,other,10
7721,1930,0,15,15,15,18,23,6,True,True,False,0.08685599267482758,correct,0
7722,1930,1,15,16,15,23,18,27,False,False,True,0.060089875012636185,off_by_one,1
7723,1930,1,23,13,23,18,23,6,False,False,False,0.05146641656756401,other,10
7724,1931,0,20,8,20,38,24,18,False,False,False,0.03349747136235237,other,12
7725,1931,0,4,13,4,24,38,17,False,False,False,0.014785478822886944,other,9
7726,1931,1,4,13,4,38,24,17,False,False,False,0.014511672779917717,other,9
7727,1931,1,20,8,20,24,38,6,False,False,False,0.047487542033195496,other,12
7728,1932,0,42,13,42,6,7,6,False,False,False,0.06219373643398285,other,29
7729,1932,0,11,15,11,7,6,22,False,False,False,0.034950632601976395,other,4
7730,1932,1,11,8,11,6,7,6,False,False,False,0.03730861842632294,other,3
7731,1932,1,42,13,42,7,6,6,False,False,False,0.07793685793876648,other,29
7732,1933,0,45,8,45,2,12,34,False,False,False,0.022392407059669495,other,37
7733,1933,0,22,6,22,12,2,6,False,False,False,0.024394452571868896,other,16
7734,1933,1,22,3,22,2,12,6,False,False,False,0.016549402847886086,other,19
7735,1933,1,45,45,45,12,2,6,True,True,False,0.015290104784071445,correct,0
7736,1934,0,24,35,24,7,17,6,False,False,False,0.020153209567070007,other,11
7737,1934,0,21,29,21,17,7,17,False,False,False,0.07544881105422974,other,8
7738,1934,1,21,12,21,7,17,6,False,False,False,0.10473635047674179,other,9
7739,1934,1,24,13,24,17,7,17,False,False,False,0.016528859734535217,other,11
7740,1935,0,9,13,9,12,16,6,False,False,False,0.04242705926299095,other,4
7741,1935,0,22,3,22,16,12,22,False,False,False,0.07679026573896408,other,19
7742,1935,1,22,13,22,12,16,6,False,False,False,0.06590302288532257,other,9
7743,1935,1,9,11,9,16,12,7,False,False,False,0.04561012610793114,other,2
7744,1936,0,42,42,42,6,9,6,True,True,False,0.07118075340986252,correct,0
7745,1936,0,18,35,18,9,6,17,False,False,False,0.027079401537775993,other,17
7746,1936,1,18,13,18,6,9,6,False,False,False,0.025228118523955345,other,5
7747,1936,1,42,13,42,9,6,6,False,False,False,0.06540825963020325,other,29
7748,1937,0,40,45,40,8,7,6,False,False,False,0.017130117863416672,other,5
7749,1937,0,3,3,3,7,8,39,True,True,False,0.014156586490571499,correct,0
7750,1937,1,3,13,3,8,7,6,False,False,False,0.024852093309164047,other,10
7751,1937,1,40,35,40,7,8,34,False,False,False,0.022807257249951363,other,5
7752,1938,0,27,13,27,4,2,6,False,False,False,0.020296860486268997,other,14
7753,1938,0,19,41,19,2,4,6,False,False,False,0.08809656649827957,other,22
7754,1938,1,19,13,19,4,2,6,False,False,False,0.07080262899398804,other,6
7755,1938,1,27,10,27,2,4,6,False,False,False,0.031140461564064026,other,17
7756,1939,0,15,5,15,17,37,16,False,False,False,0.0882408618927002,other,10
7757,1939,0,37,0,37,37,17,16,False,False,False,0.008817090652883053,other,37
7758,1939,1,37,13,37,17,37,7,False,False,False,0.015172814019024372,other,24
7759,1939,1,15,15,15,37,17,22,True,True,False,0.1397383064031601,correct,0
7760,1940,0,19,13,19,6,16,6,False,False,False,0.07363040745258331,other,6
7761,1940,0,5,15,5,16,6,22,False,False,False,0.07913948595523834,other,10
7762,1940,1,5,7,5,6,16,26,False,False,False,0.08711999654769897,other,2
7763,1940,1,19,11,19,16,6,22,False,False,False,0.07612771540880203,other,8
7764,1941,0,10,13,10,17,14,17,False,False,False,0.022740839049220085,other,3
7765,1941,0,31,12,31,14,17,15,False,False,False,0.0475274920463562,other,19
7766,1941,1,31,13,31,17,14,17,False,False,False,0.044661033898591995,other,18
7767,1941,1,10,10,10,14,17,34,True,True,False,0.027343012392520905,correct,0
7768,1942,0,19,8,19,20,6,6,False,False,False,0.0601067915558815,other,11
7769,1942,0,44,13,44,6,20,6,False,False,False,0.02232142724096775,other,31
7770,1942,1,44,45,44,20,6,7,False,False,True,0.01104405615478754,off_by_one,1
7771,1942,1,19,3,19,6,20,6,False,False,False,0.03298398107290268,other,16
7772,1943,0,37,3,37,17,14,17,False,False,False,0.047173187136650085,other,34
7773,1943,0,38,12,38,14,17,38,False,False,False,0.008288039825856686,other,26
7774,1943,1,38,13,38,17,14,0,False,False,False,0.007418408989906311,other,25
7775,1943,1,37,3,37,14,17,0,False,False,False,0.04735963046550751,other,34
7776,1944,0,32,13,32,5,2,6,False,False,False,0.06956078857183456,other,19
7777,1944,0,36,12,36,2,5,6,False,False,False,0.0336524173617363,other,24
7778,1944,1,36,13,36,5,2,6,False,False,False,0.026870934292674065,other,23
7779,1944,1,32,32,32,2,5,6,True,True,False,0.07842335850000381,correct,0
7780,1945,0,35,35,35,26,15,4,True,True,False,0.05679449811577797,correct,0
7781,1945,0,48,10,48,15,26,15,False,False,False,0.025664743036031723,other,38
7782,1945,1,48,13,48,26,15,6,False,False,False,0.022458510473370552,other,35
7783,1945,1,35,0,35,15,26,22,False,False,False,0.06435935944318771,other,35
7784,1946,0,40,45,40,24,18,6,False,False,False,0.026898689568042755,other,5
7785,1946,0,41,4,41,18,24,18,False,False,False,0.01918092556297779,other,37
7786,1946,1,41,41,41,24,18,6,True,True,False,0.01734493300318718,correct,0
7787,1946,1,40,10,40,18,24,21,False,False,False,0.038099322468042374,other,30
7788,1947,0,9,13,9,24,15,6,False,False,False,0.03030676767230034,other,4
7789,1947,0,8,8,8,15,24,12,True,True,False,0.07902420312166214,correct,0
7790,1947,1,8,8,8,24,15,6,True,True,False,0.1139761358499527,correct,0
7791,1947,1,9,13,9,15,24,17,False,False,False,0.02621595375239849,other,4
7792,1948,0,4,35,4,9,13,17,False,False,False,0.008661630563437939,other,31
7793,1948,0,7,7,7,13,9,6,True,True,False,0.020892513915896416,correct,0
7794,1948,1,7,7,7,9,13,27,True,True,False,0.019572602584958076,correct,0
7795,1948,1,4,35,4,13,9,6,False,False,False,0.018621470779180527,other,31
7796,1949,0,21,21,21,24,18,6,True,True,False,0.034589383751153946,correct,0
7797,1949,0,43,13,43,18,24,4,False,False,False,0.02671886421740055,other,30
7798,1949,1,43,48,43,24,18,6,False,False,False,0.024728862568736076,other,5
7799,1949,1,21,21,21,18,24,18,True,True,False,0.02501649223268032,correct,0
7800,1950,0,14,13,14,17,16,17,False,False,True,0.03854738920927048,off_by_one,1
7801,1950,0,1,29,1,16,17,22,False,False,False,0.05378548800945282,other,28
7802,1950,1,1,13,1,17,16,17,False,False,False,0.058028534054756165,other,12
7803,1950,1,14,16,14,16,17,22,False,False,False,0.044041309505701065,other,2
7804,1951,0,22,3,22,7,15,17,False,False,False,0.06867904961109161,other,19
7805,1951,0,44,35,44,15,7,6,False,False,False,0.018102966248989105,other,9
7806,1951,1,44,24,44,7,15,17,False,False,False,0.013170093297958374,other,20
7807,1951,1,22,3,22,15,7,15,False,False,False,0.07574308663606644,other,19
7808,1952,0,8,8,8,24,18,12,True,True,False,0.01963147707283497,correct,0
7809,1952,0,12,13,12,18,24,4,False,False,True,0.03331180289387703,off_by_one,1
7810,1952,1,12,13,12,24,18,6,False,False,True,0.023275721818208694,off_by_one,1
7811,1952,1,8,8,8,18,24,18,True,True,False,0.028318382799625397,correct,0
7812,1953,0,43,13,43,24,6,8,False,False,False,0.06265086680650711,other,30
7813,1953,0,27,3,27,6,24,6,False,False,False,0.018262160941958427,other,24
7814,1953,1,27,13,27,24,6,7,False,False,False,0.022931281477212906,other,14
7815,1953,1,43,11,43,6,24,6,False,False,False,0.059503223747015,other,32
7816,1954,0,45,13,45,2,7,6,False,False,False,0.014832570217549801,other,32
7817,1954,0,21,12,21,7,2,6,False,False,False,0.0796983614563942,other,9
7818,1954,1,21,12,21,2,7,6,False,False,False,0.08348565548658371,other,9
7819,1954,1,45,23,45,7,2,17,False,False,False,0.016182826831936836,other,22
7820,1955,0,23,35,23,5,3,6,False,False,False,0.027534110471606255,other,12
7821,1955,0,40,36,40,3,5,6,False,False,False,0.0403534397482872,other,4
7822,1955,1,40,45,40,5,3,6,False,False,False,0.04184867814183235,other,5
7823,1955,1,23,35,23,3,5,6,False,False,False,0.024533884599804878,other,12
7824,1956,0,10,10,10,7,36,6,True,True,False,0.058338463306427,correct,0
7825,1956,0,11,13,11,36,7,17,False,False,False,0.04674151539802551,other,2
7826,1956,1,11,10,11,7,36,6,False,False,True,0.04404781013727188,off_by_one,1
7827,1956,1,10,13,10,36,7,6,False,False,False,0.04833181947469711,other,3
7828,1957,0,11,13,11,4,2,6,False,False,False,0.018859436735510826,other,2
7829,1957,0,1,12,1,2,4,6,False,False,False,0.020387539640069008,other,11
7830,1957,1,1,13,1,4,2,4,False,False,False,0.02149844728410244,other,12
7831,1957,1,11,10,11,2,4,18,False,False,True,0.014702895656228065,off_by_one,1
7832,1958,0,28,48,28,7,24,15,False,False,False,0.04880741983652115,other,20
7833,1958,0,48,45,48,24,7,6,False,False,False,0.00949772633612156,other,3
7834,1958,1,48,45,48,7,24,6,False,False,False,0.029020849615335464,other,3
7835,1958,1,28,13,28,24,7,17,False,False,False,0.06109427660703659,other,15
7836,1959,0,22,13,22,18,7,6,False,False,False,0.07475239783525467,other,9
7837,1959,0,8,8,8,7,18,6,True,True,False,0.0400649830698967,correct,0
7838,1959,1,8,8,8,18,7,6,True,True,False,0.029450010508298874,correct,0
7839,1959,1,22,15,22,7,18,7,False,False,False,0.07556807994842529,other,7
7840,1960,0,12,13,12,15,14,17,False,False,True,0.051836393773555756,off_by_one,1
7841,1960,0,14,15,14,14,15,6,False,False,True,0.12492203712463379,off_by_one,1
7842,1960,1,14,13,14,15,14,17,False,False,True,0.16697445511817932,off_by_one,1
7843,1960,1,12,16,12,14,15,12,False,False,False,0.0447872094810009,other,4
7844,1961,0,44,24,44,37,17,17,False,False,False,0.010192864574491978,other,20
7845,1961,0,7,7,7,17,37,31,True,True,False,0.021766168996691704,correct,0
7846,1961,1,7,7,7,37,17,31,True,True,False,0.020011983811855316,correct,0
7847,1961,1,44,45,44,17,37,17,False,False,True,0.018092218786478043,off_by_one,1
7848,1962,0,6,48,6,35,14,17,False,False,False,0.014625967480242252,other,42
7849,1962,0,9,29,9,14,35,0,False,False,False,0.010349428281188011,other,20
7850,1962,1,9,13,9,35,14,17,False,False,False,0.006625484675168991,other,4
7851,1962,1,6,35,6,14,35,17,False,False,False,0.024469709023833275,other,29
7852,1963,0,34,15,34,16,24,25,False,False,False,0.016930516809225082,other,19
7853,1963,0,46,13,46,24,16,4,False,False,False,0.029332619160413742,other,33
7854,1963,1,46,11,46,16,24,34,False,False,False,0.035456061363220215,other,35
7855,1963,1,34,34,34,24,16,6,True,True,False,0.016086051240563393,correct,0
7856,1964,0,10,15,10,7,15,22,False,False,False,0.05046682432293892,other,5
7857,1964,0,11,13,11,15,7,17,False,False,False,0.013309060595929623,other,2
7858,1964,1,11,1,11,7,15,15,False,False,False,0.009472154080867767,other,10
7859,1964,1,10,29,10,15,7,15,False,False,False,0.0422886423766613,other,19
7860,1965,0,30,15,30,0,14,7,False,False,False,0.04575703665614128,other,15
7861,1965,0,46,35,46,14,0,17,False,False,False,0.02059667371213436,other,11
7862,1965,1,46,13,46,0,14,17,False,False,False,0.01895030401647091,other,33
7863,1965,1,30,45,30,14,0,6,False,False,False,0.04306234419345856,other,15
7864,1966,0,37,3,37,4,6,6,False,False,False,0.00805335957556963,other,34
7865,1966,0,38,10,38,6,4,4,False,False,False,0.009918789379298687,other,28
7866,1966,1,38,3,38,4,6,4,False,False,False,0.010727419517934322,other,35
7867,1966,1,37,3,37,6,4,6,False,False,False,0.005343245342373848,other,34
7868,1967,0,25,15,25,18,0,6,False,False,False,0.019656583666801453,other,10
7869,1967,0,28,13,28,0,18,17,False,False,False,0.012351163662970066,other,15
7870,1967,1,28,11,28,18,0,6,False,False,False,0.012045028619468212,other,17
7871,1967,1,25,35,25,0,18,15,False,False,False,0.02258061058819294,other,10
7872,1968,0,17,13,17,28,31,16,False,False,False,0.03446631506085396,other,4
7873,1968,0,1,35,1,31,28,16,False,False,False,0.02417573519051075,other,34
7874,1968,1,1,11,1,28,31,28,False,False,False,0.0189957357943058,other,10
7875,1968,1,17,3,17,31,28,14,False,False,False,0.026553262025117874,other,14
7876,1969,0,10,8,10,38,18,7,False,False,False,0.04217229038476944,other,2
7877,1969,0,28,13,28,18,38,17,False,False,False,0.03160650283098221,other,15
7878,1969,1,28,28,28,38,18,16,True,True,False,0.021905753761529922,correct,0
7879,1969,1,10,10,10,18,38,20,True,True,False,0.03657457232475281,correct,0
7880,1970,0,35,32,35,17,18,6,False,False,False,0.00497529236599803,other,3
7881,1970,0,22,22,22,18,17,17,True,True,False,0.012945166788995266,correct,0
7882,1970,1,22,3,22,17,18,17,False,False,False,0.012532942928373814,other,19
7883,1970,1,35,35,35,18,17,15,True,True,False,0.00446868222206831,correct,0
7884,1971,0,26,35,26,15,16,17,False,False,False,0.024695754051208496,other,9
7885,1971,0,36,10,36,16,15,33,False,False,False,0.01049506850540638,other,26
7886,1971,1,36,13,36,15,16,15,False,False,False,0.011291664093732834,other,23
7887,1971,1,26,35,26,16,15,15,False,False,False,0.015644444152712822,other,9
7888,1972,0,33,13,33,19,2,6,False,False,False,0.04862115904688835,other,20
7889,1972,0,1,8,1,2,19,6,False,False,False,0.04911334067583084,other,7
7890,1972,1,1,13,1,19,2,6,False,False,False,0.04580674320459366,other,12
7891,1972,1,33,8,33,2,19,6,False,False,False,0.06625927239656448,other,25
7892,1973,0,42,42,42,17,14,25,True,True,False,0.026380930095911026,correct,0
7893,1973,0,11,3,11,14,17,15,False,False,False,0.013390885666012764,other,8
7894,1973,1,11,13,11,17,14,17,False,False,False,0.018540287390351295,other,2
7895,1973,1,42,15,42,14,17,6,False,False,False,0.02468079701066017,other,27
7896,1974,0,11,15,11,14,18,18,False,False,False,0.0522310696542263,other,4
7897,1974,0,20,13,20,18,14,6,False,False,False,0.05524954944849014,other,7
7898,1974,1,20,3,20,14,18,16,False,False,False,0.05040568858385086,other,17
7899,1974,1,11,11,11,18,14,7,True,True,False,0.06792041659355164,correct,0
7900,1975,0,38,13,38,7,6,18,False,False,False,0.020625142380595207,other,25
7901,1975,0,24,45,24,6,7,6,False,False,False,0.0192538034170866,other,21
7902,1975,1,24,35,24,7,6,7,False,False,False,0.021210113540291786,other,11
7903,1975,1,38,13,38,6,7,4,False,False,False,0.02683854103088379,other,25
7904,1976,0,46,35,46,7,8,39,False,False,False,0.031951263546943665,other,11
7905,1976,0,48,3,48,8,7,17,False,False,False,0.026710905134677887,other,45
7906,1976,1,48,35,48,7,8,39,False,False,False,0.027647504583001137,other,13
7907,1976,1,46,41,46,8,7,6,False,False,False,0.029782524332404137,other,5
7908,1977,0,11,11,11,15,12,36,True,True,False,0.038504693657159805,correct,0
7909,1977,0,41,41,41,12,15,6,True,True,False,0.0852234736084938,correct,0
7910,1977,1,41,41,41,15,12,6,True,True,False,0.08341827988624573,correct,0
7911,1977,1,11,29,11,12,15,6,False,False,False,0.03760800138115883,other,18
7912,1978,0,17,13,17,26,18,6,False,False,False,0.03672703355550766,other,4
7913,1978,0,11,10,11,18,26,8,False,False,True,0.00969256553798914,off_by_one,1
7914,1978,1,11,33,11,26,18,4,False,False,False,0.009314512833952904,other,22
7915,1978,1,17,13,17,18,26,6,False,False,False,0.03238048031926155,other,4
7916,1979,0,3,36,3,24,15,21,False,False,False,0.021786142140626907,other,33
7917,1979,0,32,35,32,15,24,4,False,False,False,0.013083189725875854,other,3
7918,1979,1,32,13,32,24,15,6,False,False,False,0.014778080396354198,other,19
7919,1979,1,3,45,3,15,24,34,False,False,False,0.045827917754650116,other,42
7920,1980,0,42,42,42,18,0,6,True,True,False,0.10025028884410858,correct,0
7921,1980,0,3,3,3,0,18,0,True,True,False,0.024653106927871704,correct,0
7922,1980,1,3,13,3,18,0,6,False,False,False,0.02710137702524662,other,10
7923,1980,1,42,7,42,0,18,34,False,False,False,0.11063802242279053,other,35
7924,1981,0,13,27,13,14,15,17,False,False,False,0.03545936569571495,other,14
7925,1981,0,41,41,41,15,14,6,True,True,False,0.12556816637516022,correct,0
7926,1981,1,41,41,41,14,15,17,True,True,False,0.15090571343898773,correct,0
7927,1981,1,13,35,13,15,14,15,False,False,False,0.04882366582751274,other,22
7928,1982,0,40,36,40,16,18,16,False,False,False,0.028545869514346123,other,4
7929,1982,0,43,3,43,18,16,6,False,False,False,0.05678833648562431,other,40
7930,1982,1,43,13,43,16,18,17,False,False,False,0.04627571254968643,other,30
7931,1982,1,40,8,40,18,16,6,False,False,False,0.055612463504076004,other,32
7932,1983,0,42,42,42,7,12,7,True,True,False,0.13444970548152924,correct,0
7933,1983,0,14,35,14,12,7,6,False,False,False,0.0579180084168911,other,21
7934,1983,1,14,15,14,7,12,6,False,False,True,0.0916515365242958,off_by_one,1
7935,1983,1,42,42,42,12,7,6,True,True,False,0.16160598397254944,correct,0
7936,1984,0,25,1,25,0,15,15,False,False,False,0.022323284298181534,other,24
7937,1984,0,5,15,5,15,0,16,False,False,False,0.031095856800675392,other,10
7938,1984,1,5,24,5,0,15,23,False,False,False,0.03748215362429619,other,19
7939,1984,1,25,35,25,15,0,16,False,False,False,0.028388315811753273,other,10
7940,1985,0,34,35,34,2,7,15,False,False,True,0.018492501229047775,off_by_one,1
7941,1985,0,42,42,42,7,2,7,True,True,False,0.14222656190395355,correct,0
7942,1985,1,42,41,42,2,7,6,False,False,True,0.1532941311597824,off_by_one,1
7943,1985,1,34,34,34,7,2,6,True,True,False,0.012661882676184177,correct,0
7944,1986,0,16,7,16,36,6,20,False,False,False,0.08209516853094101,other,9
7945,1986,0,5,41,5,6,36,6,False,False,False,0.09650693833827972,other,36
7946,1986,1,5,13,5,36,6,6,False,False,False,0.09347414970397949,other,8
7947,1986,1,16,0,16,6,36,22,False,False,False,0.10657861083745956,other,16
7948,1987,0,26,45,26,22,0,6,False,False,False,0.06270477175712585,other,19
7949,1987,0,36,45,36,0,22,8,False,False,False,0.02008424699306488,other,9
7950,1987,1,36,13,36,22,0,6,False,False,False,0.018914716318249702,other,23
7951,1987,1,26,8,26,0,22,34,False,False,False,0.046910107135772705,other,18
7952,1988,0,23,13,23,26,24,6,False,False,False,0.04904581978917122,other,10
7953,1988,0,16,11,16,24,26,6,False,False,False,0.12260879576206207,other,5
7954,1988,1,16,42,16,26,24,6,False,False,False,0.09924734383821487,other,26
7955,1988,1,23,41,23,24,26,6,False,False,False,0.03501052036881447,other,18
7956,1989,0,33,10,33,2,4,18,False,False,False,0.016175199300050735,other,23
7957,1989,0,38,13,38,4,2,6,False,False,False,0.01298077404499054,other,25
7958,1989,1,38,32,38,2,4,18,False,False,False,0.014894407242536545,other,6
7959,1989,1,33,13,33,4,2,6,False,False,False,0.01309111900627613,other,20
7960,1990,0,25,8,25,27,17,23,False,False,False,0.020321136340498924,other,17
7961,1990,0,28,29,28,17,27,17,False,False,True,0.0029542327392846346,off_by_one,1
7962,1990,1,28,29,28,27,17,38,False,False,True,0.003122698049992323,off_by_one,1
7963,1990,1,25,1,25,17,27,7,False,False,False,0.028318919241428375,other,24
7964,1991,0,27,45,27,6,15,6,False,False,False,0.045813459903001785,other,18
7965,1991,0,11,10,11,15,6,15,False,False,True,0.06626368314027786,off_by_one,1
7966,1991,1,11,32,11,6,15,6,False,False,False,0.059757307171821594,other,21
7967,1991,1,27,13,27,15,6,17,False,False,False,0.0539311021566391,other,14
7968,1992,0,47,11,47,14,7,38,False,False,False,0.05964081361889839,other,36
7969,1992,0,17,32,17,7,14,6,False,False,False,0.021300597116351128,other,15
7970,1992,1,17,13,17,14,7,6,False,False,False,0.022979173809289932,other,4
7971,1992,1,47,44,47,7,14,6,False,False,False,0.06135537475347519,other,3
7972,1993,0,12,10,12,1,7,7,False,False,False,0.03286667540669441,other,2
7973,1993,0,32,13,32,7,1,20,False,False,False,0.02362268604338169,other,19
7974,1993,1,32,35,32,1,7,17,False,False,False,0.018901308998465538,other,3
7975,1993,1,12,10,12,7,1,2,False,False,False,0.047524381428956985,other,2
7976,1994,0,34,7,34,24,39,17,False,False,False,0.02697235345840454,other,27
7977,1994,0,44,24,44,39,24,6,False,False,False,0.0410614050924778,other,20
7978,1994,1,44,10,44,24,39,6,False,False,False,0.05661815032362938,other,34
7979,1994,1,34,23,34,39,24,7,False,False,False,0.028465544804930687,other,11
7980,1995,0,6,11,6,38,7,27,False,False,False,0.08271031826734543,other,5
7981,1995,0,14,34,14,7,38,7,False,False,False,0.04733800143003464,other,20
7982,1995,1,14,8,14,38,7,6,False,False,False,0.06080962345004082,other,6
7983,1995,1,6,13,6,7,38,6,False,False,False,0.07659120857715607,other,7
7984,1996,0,18,8,18,16,26,22,False,False,False,0.07386934012174606,other,10
7985,1996,0,47,13,47,26,16,6,False,False,False,0.03318512812256813,other,34
7986,1996,1,47,10,47,16,26,34,False,False,False,0.03326728194952011,other,37
7987,1996,1,18,6,18,26,16,6,False,False,False,0.048411931842565536,other,12
7988,1997,0,11,13,11,29,7,6,False,False,False,0.11020909994840622,other,2
7989,1997,0,15,15,15,7,29,22,True,True,False,0.07964227348566055,correct,0
7990,1997,1,15,13,15,29,7,6,False,False,False,0.05307168886065483,other,2
7991,1997,1,11,29,11,7,29,6,False,False,False,0.07702845335006714,other,18
7992,1998,0,34,15,34,16,15,34,False,False,False,0.012697761878371239,other,19
7993,1998,0,45,35,45,15,16,17,False,False,False,0.014835686422884464,other,10
7994,1998,1,45,35,45,16,15,35,False,False,False,0.012521657161414623,other,10
7995,1998,1,34,41,34,15,16,15,False,False,False,0.013152949512004852,other,7
7996,1999,0,27,10,27,2,19,2,False,False,False,0.01253341231495142,other,17
7997,1999,0,26,35,26,19,2,17,False,False,False,0.047633830457925797,other,9
7998,1999,1,26,15,26,2,19,8,False,False,False,0.0317218191921711,other,11
7999,1999,1,27,3,27,19,2,17,False,False,False,0.018803801387548447,other,24
