idx,batch_idx,pair_idx,true_action,pred_action,dummy_action,orig_actor,ret_actor,pred_actor,is_correct_action,is_dummy_action,is_off_by_one,mse,prediction_category,abs_error
0,0,0,7,7,7,6,9,26,True,True,False,0.020116599276661873,correct,0
1,0,0,46,43,46,9,6,7,False,False,False,0.06709844619035721,other,3
2,0,1,46,46,46,6,9,26,True,True,False,0.06354346871376038,correct,0
3,0,1,7,7,7,9,6,7,True,True,False,0.022127004340291023,correct,0
4,1,0,0,0,0,6,15,6,True,True,False,0.013392319902777672,correct,0
5,1,0,20,14,20,15,6,1,False,False,False,0.03241715207695961,other,6
6,1,1,20,12,20,6,15,26,False,False,False,0.026252318173646927,other,8
7,1,1,0,0,0,15,6,17,True,True,False,0.01868945173919201,correct,0
8,2,0,45,0,45,31,33,23,False,False,False,0.03675178065896034,other,45
9,2,0,3,17,3,33,31,14,False,False,False,0.02520356886088848,other,14
10,2,1,3,2,3,31,33,23,False,False,True,0.025365203619003296,off_by_one,1
11,2,1,45,24,45,33,31,31,False,False,False,0.03790131211280823,other,21
12,3,0,38,1,38,18,0,18,False,False,False,0.017300890758633614,other,37
13,3,0,28,27,28,0,18,16,False,False,True,0.007337817456573248,off_by_one,1
14,3,1,28,27,28,18,0,3,False,False,True,0.008404246531426907,off_by_one,1
15,3,1,38,27,38,0,18,20,False,False,False,0.01949499361217022,other,11
16,4,0,18,18,18,15,6,11,True,True,False,0.029781704768538475,correct,0
17,4,0,0,0,0,6,15,6,True,True,False,0.04848777875304222,correct,0
18,4,1,0,32,0,15,6,11,False,False,False,0.046438705176115036,other,32
19,4,1,18,18,18,6,15,6,True,True,False,0.033632323145866394,correct,0
20,5,0,37,0,37,32,29,7,False,False,False,0.02079588733613491,other,37
21,5,0,24,24,24,29,32,7,True,True,False,0.022988945245742798,correct,0
22,5,1,24,35,24,32,29,15,False,False,False,0.021616237238049507,other,11
23,5,1,37,31,37,29,32,26,False,False,False,0.023971138522028923,other,6
24,6,0,30,31,30,24,15,18,False,False,True,0.07417318224906921,off_by_one,1
25,6,0,29,27,29,15,24,15,False,False,False,0.04397960007190704,other,2
26,6,1,29,11,29,24,15,7,False,False,False,0.042356494814157486,other,18
27,6,1,30,30,30,15,24,18,True,True,False,0.07365822046995163,correct,0
28,7,0,13,3,13,16,37,15,False,False,False,0.03933900222182274,other,10
29,7,0,9,1,9,37,16,27,False,False,False,0.03815661370754242,other,8
30,7,1,9,12,9,16,37,23,False,False,False,0.036259930580854416,other,3
31,7,1,13,3,13,37,16,27,False,False,False,0.04596267640590668,other,10
32,8,0,19,3,19,27,26,14,False,False,False,0.031533773988485336,other,16
33,8,0,16,42,16,26,27,26,False,False,False,0.042899977415800095,other,26
34,8,1,16,16,16,27,26,38,True,True,False,0.0415801964700222,correct,0
35,8,1,19,3,19,26,27,30,False,False,False,0.03124714270234108,other,16
36,9,0,39,31,39,39,7,36,False,False,False,0.006469329819083214,other,8
37,9,0,32,24,32,7,39,7,False,False,False,0.020487649366259575,other,8
38,9,1,32,32,32,39,7,18,True,True,False,0.021648800000548363,correct,0
39,9,1,39,39,39,7,39,2,True,True,False,0.004794636275619268,correct,0
40,10,0,25,35,25,15,16,15,False,False,False,0.016869474202394485,other,10
41,10,0,30,30,30,16,15,16,True,True,False,0.04597241058945656,correct,0
42,10,1,30,31,30,15,16,19,False,False,True,0.0450279526412487,off_by_one,1
43,10,1,25,4,25,16,15,14,False,False,False,0.015027650631964207,other,21
44,11,0,21,21,21,18,20,6,True,True,False,0.053186722099781036,correct,0
45,11,0,29,15,29,20,18,1,False,False,False,0.026336530223488808,other,14
46,11,1,29,24,29,18,20,1,False,False,False,0.027075665071606636,other,5
47,11,1,21,17,21,20,18,8,False,False,False,0.05524356663227081,other,4
48,12,0,33,1,33,26,27,6,False,False,False,0.006741037592291832,other,32
49,12,0,45,24,45,27,26,0,False,False,False,0.022576838731765747,other,21
50,12,1,45,24,45,26,27,26,False,False,False,0.02089431695640087,other,21
51,12,1,33,28,33,27,26,14,False,False,False,0.005750165320932865,other,5
52,13,0,21,3,21,36,6,6,False,False,False,0.05349258333444595,other,18
53,13,0,2,0,2,6,36,6,False,False,False,0.09293308854103088,other,2
54,13,1,2,2,2,36,6,36,True,True,False,0.09007801860570908,correct,0
55,13,1,21,3,21,6,36,6,False,False,False,0.05673769488930702,other,18
56,14,0,26,35,26,16,36,14,False,False,False,0.013514203950762749,other,9
57,14,0,19,43,19,36,16,18,False,False,False,0.02818010002374649,other,24
58,14,1,19,46,19,16,36,14,False,False,False,0.026144668459892273,other,27
59,14,1,26,24,26,36,16,24,False,False,False,0.011366911232471466,other,2
60,15,0,19,17,19,24,26,30,False,False,False,0.011073729954659939,other,2
61,15,0,14,44,14,26,24,26,False,False,False,0.018728462979197502,other,30
62,15,1,14,24,14,24,26,24,False,False,False,0.021766263991594315,other,10
63,15,1,19,1,19,26,24,4,False,False,False,0.012156550772488117,other,18
64,16,0,31,31,31,14,24,23,True,True,False,0.03180995583534241,correct,0
65,16,0,19,0,19,24,14,4,False,False,False,0.02316856011748314,other,19
66,16,1,19,24,19,14,24,15,False,False,False,0.02256617695093155,other,5
67,16,1,31,31,31,24,14,24,True,True,False,0.03456491604447365,correct,0
68,17,0,18,17,18,24,18,18,False,False,True,0.009430255740880966,off_by_one,1
69,17,0,36,17,36,18,24,36,False,False,False,0.056728262454271317,other,19
70,17,1,36,24,36,24,18,0,False,False,False,0.05384717136621475,other,12
71,17,1,18,17,18,18,24,7,False,False,True,0.009908483363687992,off_by_one,1
72,18,0,38,18,38,7,15,21,False,False,False,0.016391633078455925,other,20
73,18,0,25,35,25,15,7,16,False,False,False,0.026854470372200012,other,10
74,18,1,25,8,25,7,15,7,False,False,False,0.026643803343176842,other,17
75,18,1,38,4,38,15,7,0,False,False,False,0.013890509493649006,other,34
76,19,0,0,0,0,18,38,21,True,True,False,0.017419127747416496,correct,0
77,19,0,38,28,38,38,18,14,False,False,False,0.008060859516263008,other,10
78,19,1,38,17,38,18,38,21,False,False,False,0.007047781255096197,other,21
79,19,1,0,17,0,38,18,38,False,False,False,0.014716454781591892,other,17
80,20,0,12,14,12,39,7,15,False,False,False,0.012826066464185715,other,2
81,20,0,22,31,22,7,39,7,False,False,False,0.07509604841470718,other,9
82,20,1,22,31,22,39,7,1,False,False,False,0.07567043602466583,other,9
83,20,1,12,12,12,7,39,7,True,True,False,0.020635923370718956,correct,0
84,21,0,13,3,13,6,17,36,False,False,False,0.04877043142914772,other,10
85,21,0,37,1,37,17,6,28,False,False,False,0.011098753660917282,other,36
86,21,1,37,37,37,6,17,6,True,True,False,0.00815553404390812,correct,0
87,21,1,13,12,13,17,6,28,False,False,True,0.05217074230313301,off_by_one,1
88,22,0,42,42,42,6,0,8,True,True,False,0.028587156906723976,correct,0
89,22,0,24,35,24,0,6,14,False,False,False,0.008890599012374878,other,11
90,22,1,24,35,24,6,0,5,False,False,False,0.009401079267263412,other,11
91,22,1,42,42,42,0,6,0,True,True,False,0.03607146069407463,correct,0
92,23,0,37,43,37,15,18,15,False,False,False,0.006301316432654858,other,6
93,23,0,28,28,28,18,15,21,True,True,False,0.011664538644254208,correct,0
94,23,1,28,38,28,15,18,16,False,False,False,0.013675964437425137,other,10
95,23,1,37,3,37,18,15,18,False,False,False,0.003980601672083139,other,34
96,24,0,17,17,17,16,6,16,True,True,False,0.051262710243463516,correct,0
97,24,0,18,17,18,6,16,26,False,False,True,0.05749715119600296,off_by_one,1
98,24,1,18,44,18,16,6,14,False,False,False,0.0522405281662941,other,26
99,24,1,17,17,17,6,16,26,True,True,False,0.050279650837183,correct,0
100,25,0,10,28,10,17,36,0,False,False,False,0.008658811450004578,other,18
101,25,0,30,30,30,36,17,20,True,True,False,0.012724521569907665,correct,0
102,25,1,30,4,30,17,36,14,False,False,False,0.01220688410103321,other,26
103,25,1,10,29,10,36,17,21,False,False,False,0.005765718407928944,other,19
104,26,0,36,43,36,26,0,26,False,False,False,0.022859778255224228,other,7
105,26,0,25,44,25,0,26,25,False,False,False,0.020852159708738327,other,19
106,26,1,25,35,25,26,0,12,False,False,False,0.01838519796729088,other,10
107,26,1,36,32,36,0,26,0,False,False,False,0.024370405822992325,other,4
108,27,0,4,24,4,8,2,24,False,False,False,0.018024299293756485,other,20
109,27,0,43,17,43,2,8,26,False,False,False,0.021424688398838043,other,26
110,27,1,43,43,43,8,2,38,True,True,False,0.020317846909165382,correct,0
111,27,1,4,24,4,2,8,7,False,False,False,0.021303832530975342,other,20
112,28,0,0,0,0,6,12,6,True,True,False,0.05440426617860794,correct,0
113,28,0,16,29,16,12,6,18,False,False,False,0.013568880036473274,other,13
114,28,1,16,15,16,6,12,6,False,False,True,0.013468850404024124,off_by_one,1
115,28,1,0,3,0,12,6,6,False,False,False,0.05640125274658203,other,3
116,29,0,21,21,21,23,21,38,True,True,False,0.030887586995959282,correct,0
117,29,0,19,46,19,21,23,15,False,False,False,0.05371763929724693,other,27
118,29,1,19,0,19,23,21,14,False,False,False,0.04974694177508354,other,19
119,29,1,21,3,21,21,23,21,False,False,False,0.03028424270451069,other,18
120,30,0,24,24,24,36,6,6,True,True,False,0.010263373143970966,correct,0
121,30,0,14,45,14,6,36,38,False,False,False,0.038637734949588776,other,31
122,30,1,14,24,14,36,6,20,False,False,False,0.03952787443995476,other,10
123,30,1,24,24,24,6,36,7,True,True,False,0.012142946012318134,correct,0
124,31,0,38,0,38,20,7,19,False,False,False,0.016814153641462326,other,38
125,31,0,26,24,26,7,20,15,False,False,False,0.041288815438747406,other,2
126,31,1,26,41,26,20,7,0,False,False,False,0.03166080638766289,other,15
127,31,1,38,38,38,7,20,20,True,True,False,0.02111622877418995,correct,0
128,32,0,30,31,30,35,18,0,False,False,True,0.012488081119954586,off_by_one,1
129,32,0,8,8,8,18,35,10,True,True,False,0.013644585385918617,correct,0
130,32,1,8,8,8,35,18,17,True,True,False,0.014220689423382282,correct,0
131,32,1,30,31,30,18,35,1,False,False,True,0.010944824665784836,off_by_one,1
132,33,0,11,24,11,6,16,6,False,False,False,0.045239660888910294,other,13
133,33,0,38,28,38,16,6,14,False,False,False,0.03114486299455166,other,10
134,33,1,38,28,38,6,16,6,False,False,False,0.030938053503632545,other,10
135,33,1,11,29,11,16,6,16,False,False,False,0.037551313638687134,other,18
136,34,0,47,15,47,7,19,20,False,False,False,0.030330892652273178,other,32
137,34,0,10,27,10,19,7,21,False,False,False,0.06415404379367828,other,17
138,34,1,10,29,10,7,19,7,False,False,False,0.058852940797805786,other,19
139,34,1,47,47,47,19,7,18,True,True,False,0.031560108065605164,correct,0
140,35,0,4,35,4,15,17,16,False,False,False,0.005727971438318491,other,31
141,35,0,28,27,28,17,15,0,False,False,True,0.02485487423837185,off_by_one,1
142,35,1,28,29,28,15,17,0,False,False,True,0.026242617517709732,off_by_one,1
143,35,1,4,35,4,17,15,17,False,False,False,0.005984879564493895,other,31
144,36,0,25,15,25,26,18,6,False,False,False,0.021601129323244095,other,10
145,36,0,7,7,7,18,26,7,True,True,False,0.046348199248313904,correct,0
146,36,1,7,7,7,26,18,26,True,True,False,0.04548600688576698,correct,0
147,36,1,25,1,25,18,26,15,False,False,False,0.01896807737648487,other,24
148,37,0,30,31,30,17,36,18,False,False,True,0.028544006869196892,off_by_one,1
149,37,0,41,41,41,36,17,7,True,True,False,0.05114741250872612,correct,0
150,37,1,41,41,41,17,36,15,True,True,False,0.06327470391988754,correct,0
151,37,1,30,31,30,36,17,18,False,False,True,0.02856525406241417,off_by_one,1
152,38,0,35,35,35,23,15,0,True,True,False,0.007612484507262707,correct,0
153,38,0,38,38,38,15,23,16,True,True,False,0.004781214985996485,correct,0
154,38,1,38,38,38,23,15,0,True,True,False,0.005273593124002218,correct,0
155,38,1,35,35,35,15,23,16,True,True,False,0.008182978257536888,correct,0
156,39,0,34,45,34,17,12,0,False,False,False,0.024750152602791786,other,11
157,39,0,35,35,35,12,17,30,True,True,False,0.003928447142243385,correct,0
158,39,1,35,35,35,17,12,2,True,True,False,0.004510870669037104,correct,0
159,39,1,34,34,34,12,17,21,True,True,False,0.019071070477366447,correct,0
160,40,0,1,3,1,24,6,24,False,False,False,0.008874600753188133,other,2
161,40,0,35,29,35,6,24,6,False,False,False,0.03643081709742546,other,6
162,40,1,35,35,35,24,6,18,True,True,False,0.03551727905869484,correct,0
163,40,1,1,0,1,6,24,8,False,False,True,0.008086012676358223,off_by_one,1
164,41,0,33,17,33,7,6,6,False,False,False,0.053031761199235916,other,16
165,41,0,1,1,1,6,7,7,True,True,False,0.040234897285699844,correct,0
166,41,1,1,28,1,7,6,7,False,False,False,0.038645412772893906,other,27
167,41,1,33,28,33,6,7,6,False,False,False,0.05405288562178612,other,5
168,42,0,7,7,7,15,17,7,True,True,False,0.025092503055930138,correct,0
169,42,0,20,3,20,17,15,15,False,False,False,0.018939631059765816,other,17
170,42,1,20,3,20,15,17,6,False,False,False,0.010203231126070023,other,17
171,42,1,7,7,7,17,15,37,True,True,False,0.03014872595667839,correct,0
172,43,0,29,29,29,11,2,14,True,True,False,0.008892040699720383,correct,0
173,43,0,16,15,16,2,11,7,False,False,True,0.05121802166104317,off_by_one,1
174,43,1,16,16,16,11,2,0,True,True,False,0.04969948157668114,correct,0
175,43,1,29,15,29,2,11,2,False,False,False,0.009296800941228867,other,14
176,44,0,34,34,34,17,6,21,True,True,False,0.03921675309538841,correct,0
177,44,0,4,34,4,6,17,3,False,False,False,0.00829397700726986,other,30
178,44,1,4,35,4,17,6,7,False,False,False,0.009675863198935986,other,31
179,44,1,34,5,34,6,17,26,False,False,False,0.027089595794677734,other,29
180,45,0,8,8,8,36,24,31,True,True,False,0.03694909065961838,correct,0
181,45,0,21,31,21,24,36,18,False,False,False,0.01427357830107212,other,10
182,45,1,21,31,21,36,24,18,False,False,False,0.010799849405884743,other,10
183,45,1,8,8,8,24,36,0,True,True,False,0.04478470981121063,correct,0
184,46,0,3,0,3,7,15,7,False,False,False,0.0402727909386158,other,3
185,46,0,0,0,0,15,7,16,True,True,False,0.05063456669449806,correct,0
186,46,1,0,0,0,7,15,7,True,True,False,0.044792577624320984,correct,0
187,46,1,3,24,3,15,7,17,False,False,False,0.036054786294698715,other,21
188,47,0,2,30,2,6,7,6,False,False,False,0.008885083720088005,other,28
189,47,0,23,15,23,7,6,15,False,False,False,0.025641174986958504,other,8
190,47,1,23,16,23,6,7,6,False,False,False,0.022417301312088966,other,7
191,47,1,2,2,2,7,6,6,True,True,False,0.00984460860490799,correct,0
192,48,0,0,0,0,31,6,0,True,True,False,0.04336429387331009,correct,0
193,48,0,5,5,5,6,31,21,True,True,False,0.044691357761621475,correct,0
194,48,1,5,5,5,31,6,31,True,True,False,0.054895978420972824,correct,0
195,48,1,0,40,0,6,31,21,False,False,False,0.03973693028092384,other,40
196,49,0,1,1,1,7,2,3,True,True,False,0.03257392719388008,correct,0
197,49,0,18,18,18,2,7,7,True,True,False,0.045875512063503265,correct,0
198,49,1,18,18,18,7,2,6,True,True,False,0.048048119992017746,correct,0
199,49,1,1,17,1,2,7,7,False,False,False,0.03048860840499401,other,16
200,50,0,32,32,32,17,12,1,True,True,False,0.021226176992058754,correct,0
201,50,0,25,35,25,12,17,15,False,False,False,0.009054675698280334,other,10
202,50,1,25,45,25,17,12,0,False,False,False,0.01101707387715578,other,20
203,50,1,32,32,32,12,17,12,True,True,False,0.02175850421190262,correct,0
204,51,0,48,3,48,19,2,18,False,False,False,0.02474554441869259,other,45
205,51,0,0,0,0,2,19,6,True,True,False,0.02323865331709385,correct,0
206,51,1,0,0,0,19,2,21,True,True,False,0.015070009045302868,correct,0
207,51,1,48,3,48,2,19,21,False,False,False,0.02361004240810871,other,45
208,52,0,2,2,2,7,15,7,True,True,False,0.05314208194613457,correct,0
209,52,0,32,0,32,15,7,0,False,False,False,0.043997712433338165,other,32
210,52,1,32,29,32,7,15,20,False,False,False,0.05053738132119179,other,3
211,52,1,2,0,2,15,7,7,False,False,False,0.050517622381448746,other,2
212,53,0,26,41,26,12,2,26,False,False,False,0.028436679393053055,other,15
213,53,0,43,0,43,2,12,7,False,False,False,0.04167318344116211,other,43
214,53,1,43,43,43,12,2,6,True,True,False,0.040187735110521317,correct,0
215,53,1,26,17,26,2,12,6,False,False,False,0.029339268803596497,other,9
216,54,0,16,15,16,0,26,14,False,False,True,0.14199139177799225,off_by_one,1
217,54,0,33,28,33,26,0,26,False,False,False,0.03942020609974861,other,5
218,54,1,33,1,33,0,26,0,False,False,False,0.038579829037189484,other,32
219,54,1,16,15,16,26,0,15,False,False,True,0.13128146529197693,off_by_one,1
220,55,0,43,2,43,2,11,2,False,False,False,0.0033562148455530405,other,41
221,55,0,23,15,23,11,2,14,False,False,False,0.04958123341202736,other,8
222,55,1,23,41,23,2,11,20,False,False,False,0.04206271469593048,other,18
223,55,1,43,46,43,11,2,23,False,False,False,0.005100659094750881,other,3
224,56,0,1,40,1,30,18,21,False,False,False,0.01987135224044323,other,39
225,56,0,2,0,2,18,30,26,False,False,False,0.07048828154802322,other,2
226,56,1,2,0,2,30,18,4,False,False,False,0.06589852273464203,other,2
227,56,1,1,1,1,18,30,30,True,True,False,0.01874796487390995,correct,0
228,57,0,46,3,46,6,18,18,False,False,False,0.04506954550743103,other,43
229,57,0,1,1,1,18,6,18,True,True,False,0.02816275879740715,correct,0
230,57,1,1,1,1,6,18,7,True,True,False,0.028326785191893578,correct,0
231,57,1,46,3,46,18,6,6,False,False,False,0.04258612170815468,other,43
232,58,0,2,3,2,7,5,30,False,False,True,0.028736362233757973,off_by_one,1
233,58,0,47,44,47,5,7,6,False,False,False,0.023841354995965958,other,3
234,58,1,47,47,47,7,5,0,True,True,False,0.022932928055524826,correct,0
235,58,1,2,2,2,5,7,7,True,True,False,0.026904555037617683,correct,0
236,59,0,24,24,24,14,7,15,True,True,False,0.004033694043755531,correct,0
237,59,0,10,16,10,7,14,7,False,False,False,0.05086596682667732,other,6
238,59,1,10,28,10,14,7,14,False,False,False,0.053184498101472855,other,18
239,59,1,24,35,24,7,14,21,False,False,False,0.004684755112975836,other,11
240,60,0,25,15,25,2,1,15,False,False,False,0.008296345360577106,other,10
241,60,0,41,41,41,1,2,20,True,True,False,0.15197350084781647,correct,0
242,60,1,41,41,41,2,1,7,True,True,False,0.17327269911766052,correct,0
243,60,1,25,35,25,1,2,28,False,False,False,0.0069973706267774105,other,10
244,61,0,45,24,45,7,18,7,False,False,False,0.04724305495619774,other,21
245,61,0,18,1,18,18,7,12,False,False,False,0.07648146152496338,other,17
246,61,1,18,18,18,7,18,14,True,True,False,0.06601433455944061,correct,0
247,61,1,45,24,45,18,7,12,False,False,False,0.050206929445266724,other,21
248,62,0,44,24,44,6,8,6,False,False,False,0.02202087640762329,other,20
249,62,0,33,44,33,8,6,7,False,False,False,0.005149506032466888,other,11
250,62,1,33,28,33,6,8,6,False,False,False,0.0052224937826395035,other,5
251,62,1,44,47,44,8,6,4,False,False,False,0.014117441140115261,other,3
252,63,0,1,0,1,29,18,18,False,False,True,0.016050932928919792,off_by_one,1
253,63,0,22,31,22,18,29,6,False,False,False,0.015557684935629368,other,9
254,63,1,22,31,22,29,18,13,False,False,False,0.017186300829052925,other,9
255,63,1,1,1,1,18,29,18,True,True,False,0.017711490392684937,correct,0
256,64,0,4,35,4,17,16,0,False,False,False,0.006713928189128637,other,31
257,64,0,32,24,32,16,17,14,False,False,False,0.03937899321317673,other,8
258,64,1,32,32,32,17,16,27,True,True,False,0.043515101075172424,correct,0
259,64,1,4,35,4,16,17,28,False,False,False,0.006144997198134661,other,31
260,65,0,3,0,3,3,5,26,False,False,False,0.08046776801347733,other,3
261,65,0,9,32,9,5,3,2,False,False,False,0.035440683364868164,other,23
262,65,1,9,38,9,3,5,26,False,False,False,0.03261354938149452,other,29
263,65,1,3,2,3,5,3,7,False,False,True,0.08649180084466934,off_by_one,1
264,66,0,19,32,19,3,16,1,False,False,False,0.04318429157137871,other,13
265,66,0,36,17,36,16,3,0,False,False,False,0.024647144600749016,other,19
266,66,1,36,0,36,3,16,21,False,False,False,0.018472159281373024,other,36
267,66,1,19,43,19,16,3,25,False,False,False,0.05565233901143074,other,24
268,67,0,4,35,4,18,24,18,False,False,False,0.003062969073653221,other,31
269,67,0,48,0,48,24,18,24,False,False,False,0.011822494678199291,other,48
270,67,1,48,2,48,18,24,18,False,False,False,0.016098808497190475,other,46
271,67,1,4,35,4,24,18,21,False,False,False,0.0017562240827828646,other,31
272,68,0,30,30,30,24,6,3,True,True,False,0.09447696805000305,correct,0
273,68,0,7,7,7,6,24,20,True,True,False,0.04541055113077164,correct,0
274,68,1,7,7,7,24,6,24,True,True,False,0.058652330189943314,correct,0
275,68,1,30,31,30,6,24,6,False,False,True,0.08491510152816772,off_by_one,1
276,69,0,27,17,27,2,0,7,False,False,False,0.021889204159379005,other,10
277,69,0,39,43,39,0,2,0,False,False,False,0.00863911584019661,other,4
278,69,1,39,39,39,2,0,7,True,True,False,0.009577600285410881,correct,0
279,69,1,27,0,27,0,2,0,False,False,False,0.022846024483442307,other,27
280,70,0,13,21,13,6,7,7,False,False,False,0.047131676226854324,other,8
281,70,0,39,3,39,7,6,30,False,False,False,0.026811208575963974,other,36
282,70,1,39,33,39,6,7,6,False,False,False,0.032538942992687225,other,6
283,70,1,13,17,13,7,6,7,False,False,False,0.04965996742248535,other,4
284,71,0,47,47,47,18,15,2,True,True,False,0.026945022866129875,correct,0
285,71,0,38,44,38,15,18,15,False,False,False,0.00956420786678791,other,6
286,71,1,38,38,38,18,15,15,True,True,False,0.007667247671633959,correct,0
287,71,1,47,47,47,15,18,7,True,True,False,0.02403503656387329,correct,0
288,72,0,27,1,27,36,16,20,False,False,False,0.04264802858233452,other,26
289,72,0,43,43,43,16,36,14,True,True,False,0.04381251707673073,correct,0
290,72,1,43,17,43,36,16,21,False,False,False,0.044476449489593506,other,26
291,72,1,27,17,27,16,36,14,False,False,False,0.036952272057533264,other,10
292,73,0,18,17,18,14,22,14,False,False,True,0.042136210948228836,off_by_one,1
293,73,0,12,27,12,22,14,18,False,False,False,0.011959423311054707,other,15
294,73,1,12,12,12,14,22,0,True,True,False,0.010593433864414692,correct,0
295,73,1,18,17,18,22,14,16,False,False,True,0.04022460803389549,off_by_one,1
296,74,0,37,1,37,6,0,18,False,False,False,0.026223015040159225,other,36
297,74,0,0,0,0,0,6,0,True,True,False,0.021374408155679703,correct,0
298,74,1,0,0,0,6,0,18,True,True,False,0.02139212191104889,correct,0
299,74,1,37,43,37,0,6,28,False,False,False,0.026509810239076614,other,6
300,75,0,4,35,4,38,7,14,False,False,False,0.013422473333775997,other,31
301,75,0,21,3,21,7,38,17,False,False,False,0.011421567760407925,other,18
302,75,1,21,21,21,38,7,14,True,True,False,0.01198736671358347,correct,0
303,75,1,4,24,4,7,38,15,False,False,False,0.01291666179895401,other,20
304,76,0,17,3,17,6,30,6,False,False,False,0.0499272458255291,other,14
305,76,0,47,15,47,30,6,7,False,False,False,0.02143086865544319,other,32
306,76,1,47,15,47,6,30,6,False,False,False,0.01941949501633644,other,32
307,76,1,17,17,17,30,6,12,True,True,False,0.04843765124678612,correct,0
308,77,0,41,41,41,6,35,26,True,True,False,0.036851461976766586,correct,0
309,77,0,12,17,12,35,6,15,False,False,False,0.04249224811792374,other,5
310,77,1,12,31,12,6,35,6,False,False,False,0.036143455654382706,other,19
311,77,1,41,41,41,35,6,0,True,True,False,0.04222051426768303,correct,0
312,78,0,32,24,32,16,14,14,False,False,False,0.028866831213235855,other,8
313,78,0,0,0,0,14,16,0,True,True,False,0.020365629345178604,correct,0
314,78,1,0,0,0,16,14,38,True,True,False,0.018278788775205612,correct,0
315,78,1,32,32,32,14,16,14,True,True,False,0.0277972761541605,correct,0
316,79,0,15,16,15,14,15,37,False,False,True,0.014331785961985588,off_by_one,1
317,79,0,40,17,40,15,14,17,False,False,False,0.023649264127016068,other,23
318,79,1,40,24,40,14,15,14,False,False,False,0.021926725283265114,other,16
319,79,1,15,15,15,15,14,7,True,True,False,0.023399127647280693,correct,0
320,80,0,11,10,11,6,2,7,False,False,True,0.11136695742607117,off_by_one,1
321,80,0,17,17,17,2,6,6,True,True,False,0.004920458886772394,correct,0
322,80,1,17,17,17,6,2,6,True,True,False,0.004705336876213551,correct,0
323,80,1,11,35,11,2,6,6,False,False,False,0.10567149519920349,other,24
324,81,0,44,44,44,7,16,21,True,True,False,0.003788021858781576,correct,0
325,81,0,43,2,43,16,7,16,False,False,False,0.00800849124789238,other,41
326,81,1,43,2,43,7,16,20,False,False,False,0.009086031466722488,other,41
327,81,1,44,24,44,16,7,16,False,False,False,0.003701769048348069,other,20
328,82,0,41,41,41,2,19,6,True,True,False,0.04740777239203453,correct,0
329,82,0,40,18,40,19,2,30,False,False,False,0.013198676519095898,other,22
330,82,1,40,47,40,2,19,18,False,False,False,0.011312938295304775,other,7
331,82,1,41,41,41,19,2,20,True,True,False,0.05237872526049614,correct,0
332,83,0,47,47,47,2,6,6,True,True,False,0.0359138548374176,correct,0
333,83,0,22,30,22,6,2,6,False,False,False,0.033081550151109695,other,8
334,83,1,22,31,22,2,6,6,False,False,False,0.034500304609537125,other,9
335,83,1,47,47,47,6,2,6,True,True,False,0.03434848040342331,correct,0
336,84,0,9,28,9,22,14,4,False,False,False,0.013332987204194069,other,19
337,84,0,32,27,32,14,22,7,False,False,False,0.016933713108301163,other,5
338,84,1,32,17,32,22,14,7,False,False,False,0.01687859743833542,other,15
339,84,1,9,10,9,14,22,0,False,False,True,0.013829002156853676,off_by_one,1
340,85,0,21,3,21,16,15,36,False,False,False,0.027323996648192406,other,18
341,85,0,10,27,10,15,16,21,False,False,False,0.0064766365103423595,other,17
342,85,1,10,1,10,16,15,16,False,False,False,0.006236919201910496,other,9
343,85,1,21,21,21,15,16,21,True,True,False,0.02642960473895073,correct,0
344,86,0,2,0,2,17,14,0,False,False,False,0.017385490238666534,other,2
345,86,0,16,16,16,14,17,14,True,True,False,0.11499282717704773,correct,0
346,86,1,16,15,16,17,14,17,False,False,True,0.10293354839086533,off_by_one,1
347,86,1,2,43,2,14,17,27,False,False,False,0.017531227320432663,other,41
348,87,0,7,7,7,7,16,9,True,True,False,0.02513613924384117,correct,0
349,87,0,25,15,25,16,7,0,False,False,False,0.012394544668495655,other,10
350,87,1,25,35,25,7,16,17,False,False,False,0.010712259449064732,other,10
351,87,1,7,7,7,16,7,20,True,True,False,0.03439207002520561,correct,0
352,88,0,21,21,21,16,14,15,True,True,False,0.02481118217110634,correct,0
353,88,0,38,1,38,14,16,23,False,False,False,0.010243218392133713,other,37
354,88,1,38,17,38,16,14,28,False,False,False,0.008577837608754635,other,21
355,88,1,21,21,21,14,16,14,True,True,False,0.02551923505961895,correct,0
356,89,0,31,31,31,15,16,17,True,True,False,0.0428338460624218,correct,0
357,89,0,23,24,23,16,15,16,False,False,True,0.011293538846075535,off_by_one,1
358,89,1,23,35,23,15,16,15,False,False,False,0.009575587697327137,other,12
359,89,1,31,31,31,16,15,15,True,True,False,0.04627577215433121,correct,0
360,90,0,23,41,23,6,17,18,False,False,False,0.11099989712238312,other,18
361,90,0,45,23,45,17,6,0,False,False,False,0.032164186239242554,other,22
362,90,1,45,45,45,6,17,1,True,True,False,0.028633877635002136,correct,0
363,90,1,23,35,23,17,6,14,False,False,False,0.15941165387630463,other,12
364,91,0,44,47,44,12,6,6,False,False,False,0.024691591039299965,other,3
365,91,0,8,8,8,6,12,6,True,True,False,0.023454802110791206,correct,0
366,91,1,8,8,8,12,6,7,True,True,False,0.01996399089694023,correct,0
367,91,1,44,44,44,6,12,8,True,True,False,0.030466601252555847,correct,0
368,92,0,0,0,0,14,1,14,True,True,False,0.011213351041078568,correct,0
369,92,0,44,35,44,1,14,0,False,False,False,0.01157540362328291,other,9
370,92,1,44,4,44,14,1,14,False,False,False,0.011196762323379517,other,40
371,92,1,0,0,0,1,14,1,True,True,False,0.012605391442775726,correct,0
372,93,0,1,1,1,14,18,14,True,True,False,0.030237214639782906,correct,0
373,93,0,30,31,30,18,14,18,False,False,True,0.0548083633184433,off_by_one,1
374,93,1,30,30,30,14,18,23,True,True,False,0.06108296662569046,correct,0
375,93,1,1,17,1,18,14,9,False,False,False,0.02862175926566124,other,16
376,94,0,43,43,43,15,7,15,True,True,False,0.033861931413412094,correct,0
377,94,0,1,32,1,7,15,14,False,False,False,0.04577132686972618,other,31
378,94,1,1,0,1,15,7,0,False,False,True,0.0559362918138504,off_by_one,1
379,94,1,43,43,43,7,15,19,True,True,False,0.031022878363728523,correct,0
380,95,0,30,31,30,26,25,18,False,False,True,0.06358926743268967,off_by_one,1
381,95,0,37,2,37,25,26,16,False,False,False,0.04602499306201935,other,35
382,95,1,37,43,37,26,25,26,False,False,False,0.04573996365070343,other,6
383,95,1,30,30,30,25,26,27,True,True,False,0.06976325809955597,correct,0
384,96,0,36,43,36,5,0,6,False,False,False,0.015935854986310005,other,7
385,96,0,16,43,16,0,5,10,False,False,False,0.06066872179508209,other,27
386,96,1,16,16,16,5,0,8,True,True,False,0.05810097977519035,correct,0
387,96,1,36,1,36,0,5,0,False,False,False,0.01776031032204628,other,35
388,97,0,48,2,48,32,31,9,False,False,False,0.0037255394272506237,other,46
389,97,0,29,15,29,31,32,23,False,False,False,0.011737357825040817,other,14
390,97,1,29,15,29,32,31,23,False,False,False,0.008180965669453144,other,14
391,97,1,48,0,48,31,32,23,False,False,False,0.004509322810918093,other,48
392,98,0,25,35,25,16,2,14,False,False,False,0.03524650260806084,other,10
393,98,0,45,45,45,2,16,36,True,True,False,0.02174437791109085,correct,0
394,98,1,45,35,45,16,2,14,False,False,False,0.02292824350297451,other,10
395,98,1,25,15,25,2,16,17,False,False,False,0.03735007718205452,other,10
396,99,0,31,31,31,36,7,7,True,True,False,0.03735774755477905,correct,0
397,99,0,47,15,47,7,36,7,False,False,False,0.053696244955062866,other,32
398,99,1,47,44,47,36,7,21,False,False,False,0.0570228211581707,other,3
399,99,1,31,17,31,7,36,15,False,False,False,0.04150582477450371,other,14
400,100,0,14,0,14,17,15,0,False,False,False,0.011450614780187607,other,14
401,100,0,46,0,46,15,17,0,False,False,False,0.03999907150864601,other,46
402,100,1,46,2,46,17,15,0,False,False,False,0.03557783365249634,other,44
403,100,1,14,4,14,15,17,0,False,False,False,0.011925813741981983,other,10
404,101,0,43,46,43,18,36,8,False,False,False,0.024604354053735733,other,3
405,101,0,34,7,34,36,18,15,False,False,False,0.02116708643734455,other,27
406,101,1,34,34,34,18,36,4,True,True,False,0.019849462434649467,correct,0
407,101,1,43,43,43,36,18,36,True,True,False,0.02989543043076992,correct,0
408,102,0,41,15,41,24,38,15,False,False,False,0.019076623022556305,other,26
409,102,0,32,0,32,38,24,14,False,False,False,0.00952792726457119,other,32
410,102,1,32,45,32,24,38,7,False,False,False,0.011843444779515266,other,13
411,102,1,41,15,41,38,24,38,False,False,False,0.02016643062233925,other,26
412,103,0,27,27,27,16,14,14,True,True,False,0.017590539529919624,correct,0
413,103,0,24,24,24,14,16,31,True,True,False,0.004912618547677994,correct,0
414,103,1,24,35,24,16,14,14,False,False,False,0.0056336564011871815,other,11
415,103,1,27,27,27,14,16,38,True,True,False,0.016920728608965874,correct,0
416,104,0,15,15,15,6,29,15,True,True,False,0.03200053051114082,correct,0
417,104,0,28,28,28,29,6,7,True,True,False,0.04704378917813301,correct,0
418,104,1,28,15,28,6,29,2,False,False,False,0.046822573989629745,other,13
419,104,1,15,15,15,29,6,6,True,True,False,0.03189077973365784,correct,0
420,105,0,20,32,20,12,15,7,False,False,False,0.0494985431432724,other,12
421,105,0,16,15,16,15,12,15,False,False,True,0.06554997712373734,off_by_one,1
422,105,1,16,15,16,12,15,0,False,False,True,0.05979368835687637,off_by_one,1
423,105,1,20,3,20,15,12,24,False,False,False,0.05481218919157982,other,17
424,106,0,34,44,34,14,1,23,False,False,False,0.011290092021226883,other,10
425,106,0,25,35,25,1,14,7,False,False,False,0.0107237808406353,other,10
426,106,1,25,35,25,14,1,14,False,False,False,0.015301232226192951,other,10
427,106,1,34,34,34,1,14,15,True,True,False,0.010744545608758926,correct,0
428,107,0,46,0,46,14,7,14,False,False,False,0.05969375744462013,other,46
429,107,0,39,39,39,7,14,7,True,True,False,0.03438890352845192,correct,0
430,107,1,39,1,39,14,7,14,False,False,False,0.03320712223649025,other,38
431,107,1,46,46,46,7,14,0,True,True,False,0.05919568985700607,correct,0
432,108,0,47,47,47,7,31,2,True,True,False,0.055755119770765305,correct,0
433,108,0,46,29,46,31,7,0,False,False,False,0.032022953033447266,other,17
434,108,1,46,46,46,7,31,7,True,True,False,0.031612057238817215,correct,0
435,108,1,47,15,47,31,7,0,False,False,False,0.061625443398952484,other,32
436,109,0,4,4,4,7,17,10,True,True,False,0.028359461575746536,correct,0
437,109,0,5,5,5,17,7,0,True,True,False,0.025089701637625694,correct,0
438,109,1,5,15,5,7,17,10,False,False,False,0.02488403208553791,other,10
439,109,1,4,4,4,17,7,17,True,True,False,0.025565460324287415,correct,0
440,110,0,33,28,33,6,24,6,False,False,False,0.04343370348215103,other,5
441,110,0,4,35,4,24,6,21,False,False,False,0.01700412668287754,other,31
442,110,1,4,24,4,6,24,6,False,False,False,0.012414377182722092,other,20
443,110,1,33,1,33,24,6,18,False,False,False,0.041531674563884735,other,32
444,111,0,35,35,35,2,5,2,True,True,False,0.003931424580514431,correct,0
445,111,0,39,38,39,5,2,5,False,False,True,0.027076056227087975,off_by_one,1
446,111,1,39,39,39,2,5,20,True,True,False,0.023066777735948563,correct,0
447,111,1,35,35,35,5,2,6,True,True,False,0.003948981408029795,correct,0
448,112,0,45,44,45,17,6,0,False,False,True,0.01975059136748314,off_by_one,1
449,112,0,40,17,40,6,17,24,False,False,False,0.007075122091919184,other,23
450,112,1,40,24,40,17,6,2,False,False,False,0.007507945876568556,other,16
451,112,1,45,45,45,6,17,5,True,True,False,0.02246285229921341,correct,0
452,113,0,23,35,23,17,27,14,False,False,False,0.01073132548481226,other,12
453,113,0,34,34,34,27,17,14,True,True,False,0.01428914349526167,correct,0
454,113,1,34,34,34,17,27,0,True,True,False,0.023522276431322098,correct,0
455,113,1,23,35,23,27,17,38,False,False,False,0.008836423978209496,other,12
456,114,0,16,7,16,31,0,0,False,False,False,0.04784829914569855,other,9
457,114,0,29,11,29,0,31,0,False,False,False,0.04137085750699043,other,18
458,114,1,29,15,29,31,0,31,False,False,False,0.04333748668432236,other,14
459,114,1,16,16,16,0,31,38,True,True,False,0.0381714403629303,correct,0
460,115,0,2,2,2,34,35,1,True,True,False,0.027125438675284386,correct,0
461,115,0,46,43,46,35,34,10,False,False,False,0.017736567184329033,other,3
462,115,1,46,38,46,34,35,15,False,False,False,0.01676606386899948,other,8
463,115,1,2,0,2,35,34,20,False,False,False,0.02764313295483589,other,2
464,116,0,26,35,26,19,8,36,False,False,False,0.012463962659239769,other,9
465,116,0,47,47,47,8,19,7,True,True,False,0.02953202649950981,correct,0
466,116,1,47,47,47,19,8,5,True,True,False,0.020505767315626144,correct,0
467,116,1,26,34,26,8,19,15,False,False,False,0.013049036264419556,other,8
468,117,0,32,44,32,7,11,7,False,False,False,0.019345443695783615,other,12
469,117,0,43,43,43,11,7,23,True,True,False,0.04858104884624481,correct,0
470,117,1,43,43,43,7,11,7,True,True,False,0.04766128957271576,correct,0
471,117,1,32,32,32,11,7,1,True,True,False,0.020428897812962532,correct,0
472,118,0,20,3,20,18,17,18,False,False,False,0.024282658472657204,other,17
473,118,0,14,14,14,17,18,16,True,True,False,0.020608780905604362,correct,0
474,118,1,14,41,14,18,17,21,False,False,False,0.01730780489742756,other,27
475,118,1,20,47,20,17,18,17,False,False,False,0.02346331812441349,other,27
476,119,0,41,41,41,15,6,16,True,True,False,0.16019460558891296,correct,0
477,119,0,37,6,37,6,15,6,False,False,False,0.01914505660533905,other,31
478,119,1,37,37,37,15,6,0,True,True,False,0.017075220122933388,correct,0
479,119,1,41,41,41,6,15,24,True,True,False,0.1606297492980957,correct,0
480,120,0,9,16,9,16,20,16,False,False,False,0.04805123805999756,other,7
481,120,0,26,26,26,20,16,7,True,True,False,0.04146983474493027,correct,0
482,120,1,26,35,26,16,20,14,False,False,False,0.05832995846867561,other,9
483,120,1,9,1,9,20,16,20,False,False,False,0.05360683426260948,other,8
484,121,0,40,24,40,19,6,6,False,False,False,0.01899864710867405,other,16
485,121,0,20,3,20,6,19,6,False,False,False,0.05272115021944046,other,17
486,121,1,20,43,20,19,6,36,False,False,False,0.056503478437662125,other,23
487,121,1,40,17,40,6,19,6,False,False,False,0.018392514437437057,other,23
488,122,0,14,24,14,16,18,15,False,False,False,0.007116522639989853,other,10
489,122,0,47,47,47,18,16,18,True,True,False,0.03549214079976082,correct,0
490,122,1,47,47,47,16,18,16,True,True,False,0.034927308559417725,correct,0
491,122,1,14,24,14,18,16,24,False,False,False,0.004865129943937063,other,10
492,123,0,7,7,7,14,6,0,True,True,False,0.04447412118315697,correct,0
493,123,0,27,27,27,6,14,6,True,True,False,0.013012602925300598,correct,0
494,123,1,27,4,27,14,6,0,False,False,False,0.016700753942131996,other,23
495,123,1,7,7,7,6,14,6,True,True,False,0.04828715696930885,correct,0
496,124,0,6,6,6,2,6,30,True,True,False,0.11711356788873672,correct,0
497,124,0,4,4,4,6,2,6,True,True,False,0.00961839035153389,correct,0
498,124,1,4,24,4,2,6,2,False,False,False,0.015124757774174213,other,20
499,124,1,6,6,6,6,2,6,True,True,False,0.11232703924179077,correct,0
500,125,0,9,31,9,18,16,24,False,False,False,0.06198429688811302,other,22
501,125,0,6,21,6,16,18,16,False,False,False,0.1528848260641098,other,15
502,125,1,6,6,6,18,16,18,True,True,False,0.1401587724685669,correct,0
503,125,1,9,24,9,16,18,38,False,False,False,0.06798487156629562,other,15
504,126,0,11,15,11,6,15,15,False,False,False,0.027039077132940292,other,4
505,126,0,40,1,40,15,6,0,False,False,False,0.017105575650930405,other,39
506,126,1,40,40,40,6,15,18,True,True,False,0.017980894073843956,correct,0
507,126,1,11,28,11,15,6,0,False,False,False,0.026387518271803856,other,17
508,127,0,8,8,8,18,15,34,True,True,False,0.012467234395444393,correct,0
509,127,0,36,17,36,15,18,15,False,False,False,0.03868505731225014,other,19
510,127,1,36,46,36,18,15,30,False,False,False,0.03895680606365204,other,10
511,127,1,8,8,8,15,18,37,True,True,False,0.010516263544559479,correct,0
512,128,0,7,7,7,6,2,6,True,True,False,0.023013778030872345,correct,0
513,128,0,23,15,23,2,6,6,False,False,False,0.14995834231376648,other,8
514,128,1,23,41,23,6,2,18,False,False,False,0.15465524792671204,other,18
515,128,1,7,7,7,2,6,12,True,True,False,0.025889230892062187,correct,0
516,129,0,0,17,0,16,37,14,False,False,False,0.013676611706614494,other,17
517,129,0,20,18,20,37,16,16,False,False,False,0.019021516665816307,other,2
518,129,1,20,17,20,16,37,0,False,False,False,0.016828292980790138,other,3
519,129,1,0,0,0,37,16,14,True,True,False,0.013878815807402134,correct,0
520,130,0,37,0,37,38,18,14,False,False,False,0.006849856581538916,other,37
521,130,0,27,1,27,18,38,15,False,False,False,0.01675187237560749,other,26
522,130,1,27,0,27,38,18,38,False,False,False,0.011356456205248833,other,27
523,130,1,37,43,37,18,38,7,False,False,False,0.005698733497411013,other,6
524,131,0,0,0,0,38,18,38,True,True,False,0.032841652631759644,correct,0
525,131,0,23,41,23,18,38,6,False,False,False,0.041664451360702515,other,18
526,131,1,23,35,23,38,18,14,False,False,False,0.05123007297515869,other,12
527,131,1,0,0,0,18,38,21,True,True,False,0.03336666524410248,correct,0
528,132,0,42,42,42,0,7,17,True,True,False,0.05103374645113945,correct,0
529,132,0,30,30,30,7,0,7,True,True,False,0.028969310224056244,correct,0
530,132,1,30,31,30,0,7,0,False,False,True,0.028828589245676994,off_by_one,1
531,132,1,42,42,42,7,0,15,True,True,False,0.048400409519672394,correct,0
532,133,0,21,3,21,26,6,26,False,False,False,0.028840528801083565,other,18
533,133,0,18,17,18,6,26,6,False,False,True,0.08838766813278198,off_by_one,1
534,133,1,18,36,18,26,6,6,False,False,False,0.08630291372537613,other,18
535,133,1,21,21,21,6,26,6,True,True,False,0.03158360347151756,correct,0
536,134,0,39,9,39,6,15,6,False,False,False,0.03417768329381943,other,30
537,134,0,22,3,22,15,6,1,False,False,False,0.0998399630188942,other,19
538,134,1,22,22,22,6,15,7,True,True,False,0.0979040116071701,correct,0
539,134,1,39,31,39,15,6,17,False,False,False,0.035570427775382996,other,8
540,135,0,33,1,33,26,7,6,False,False,False,0.05146535113453865,other,32
541,135,0,14,0,14,7,26,7,False,False,False,0.04340431094169617,other,14
542,135,1,14,24,14,26,7,26,False,False,False,0.04597918689250946,other,10
543,135,1,33,31,33,7,26,37,False,False,False,0.05437184497714043,other,2
544,136,0,36,43,36,18,24,21,False,False,False,0.012189081870019436,other,7
545,136,0,34,24,34,24,18,36,False,False,False,0.017195256426930428,other,10
546,136,1,34,34,34,18,24,17,True,True,False,0.02187647670507431,correct,0
547,136,1,36,46,36,24,18,18,False,False,False,0.010371411219239235,other,10
548,137,0,47,43,47,18,6,18,False,False,False,0.06580967456102371,other,4
549,137,0,14,24,14,6,18,26,False,False,False,0.017987607046961784,other,10
550,137,1,14,14,14,18,6,21,True,True,False,0.017304223030805588,correct,0
551,137,1,47,47,47,6,18,21,True,True,False,0.059157226234674454,correct,0
552,138,0,6,3,6,31,28,17,False,False,False,0.08687123656272888,other,3
553,138,0,47,24,47,28,31,28,False,False,False,0.01259312592446804,other,23
554,138,1,47,44,47,31,28,28,False,False,False,0.015066182240843773,other,3
555,138,1,6,34,6,28,31,27,False,False,False,0.08953773230314255,other,28
556,139,0,9,46,9,18,24,15,False,False,False,0.03170357272028923,other,37
557,139,0,7,7,7,24,18,20,True,True,False,0.03391529247164726,correct,0
558,139,1,7,7,7,18,24,21,True,True,False,0.03631538897752762,correct,0
559,139,1,9,33,9,24,18,24,False,False,False,0.030456267297267914,other,24
560,140,0,27,27,27,6,14,6,True,True,False,0.044345077127218246,correct,0
561,140,0,26,35,26,14,6,14,False,False,False,0.03331794589757919,other,9
562,140,1,26,25,26,6,14,12,False,False,True,0.02602354809641838,off_by_one,1
563,140,1,27,0,27,14,6,14,False,False,False,0.05597041919827461,other,27
564,141,0,13,0,13,19,2,18,False,False,False,0.011533636599779129,other,13
565,141,0,45,45,45,2,19,18,True,True,False,0.030053917318582535,correct,0
566,141,1,45,24,45,19,2,21,False,False,False,0.027573417872190475,other,21
567,141,1,13,32,13,2,19,21,False,False,False,0.01048619020730257,other,19
568,142,0,45,24,45,6,14,6,False,False,False,0.023877311497926712,other,21
569,142,0,23,35,23,14,6,14,False,False,False,0.05370255187153816,other,12
570,142,1,23,41,23,6,14,18,False,False,False,0.0467965267598629,other,18
571,142,1,45,24,45,14,6,14,False,False,False,0.030074970796704292,other,21
572,143,0,37,17,37,12,10,36,False,False,False,0.008784743025898933,other,20
573,143,0,36,1,36,10,12,7,False,False,False,0.009320179000496864,other,35
574,143,1,36,18,36,12,10,18,False,False,False,0.01573898456990719,other,18
575,143,1,37,30,37,10,12,16,False,False,False,0.006238254718482494,other,7
576,144,0,14,14,14,6,24,6,True,True,False,0.015703773126006126,correct,0
577,144,0,16,15,16,24,6,7,False,False,True,0.018138671293854713,off_by_one,1
578,144,1,16,15,16,6,24,6,False,False,True,0.018479134887456894,off_by_one,1
579,144,1,14,24,14,24,6,6,False,False,False,0.017500469461083412,other,10
580,145,0,34,34,34,18,7,15,True,True,False,0.0195911917835474,correct,0
581,145,0,43,0,43,7,18,18,False,False,False,0.01652006059885025,other,43
582,145,1,43,46,43,18,7,7,False,False,False,0.014025411568582058,other,3
583,145,1,34,34,34,7,18,21,True,True,False,0.019518399611115456,correct,0
584,146,0,25,41,25,20,24,15,False,False,False,0.027615496888756752,other,16
585,146,0,17,0,17,24,20,1,False,False,False,0.0117324935272336,other,17
586,146,1,17,17,17,20,24,37,True,True,False,0.012269510887563229,correct,0
587,146,1,25,15,25,24,20,39,False,False,False,0.03398679569363594,other,10
588,147,0,44,44,44,22,15,18,True,True,False,0.01495122630149126,correct,0
589,147,0,4,35,4,15,22,15,False,False,False,0.008958720602095127,other,31
590,147,1,4,4,4,22,15,22,True,True,False,0.008292111568152905,correct,0
591,147,1,44,35,44,15,22,0,False,False,False,0.014034854248166084,other,9
592,148,0,31,31,31,15,20,21,True,True,False,0.036854811012744904,correct,0
593,148,0,38,17,38,20,15,1,False,False,False,0.01208650041371584,other,21
594,148,1,38,1,38,15,20,21,False,False,False,0.014964008703827858,other,37
595,148,1,31,31,31,20,15,18,True,True,False,0.04108812287449837,correct,0
596,149,0,27,0,27,22,15,4,False,False,False,0.02097134292125702,other,27
597,149,0,26,35,26,15,22,15,False,False,False,0.019848646596074104,other,9
598,149,1,26,35,26,22,15,24,False,False,False,0.021930450573563576,other,9
599,149,1,27,27,27,15,22,16,True,True,False,0.026442773640155792,correct,0
600,150,0,8,8,8,6,0,6,True,True,False,0.10287773609161377,correct,0
601,150,0,14,0,14,0,6,19,False,False,False,0.040294989943504333,other,14
602,150,1,14,45,14,6,0,1,False,False,False,0.03953368961811066,other,31
603,150,1,8,8,8,0,6,0,True,True,False,0.10678604245185852,correct,0
604,151,0,8,8,8,7,18,0,True,True,False,0.10784655064344406,correct,0
605,151,0,5,5,5,18,7,24,True,True,False,0.027363048866391182,correct,0
606,151,1,5,5,5,7,18,0,True,True,False,0.026874179020524025,correct,0
607,151,1,8,8,8,18,7,14,True,True,False,0.11878067255020142,correct,0
608,152,0,11,28,11,7,6,0,False,False,False,0.03456040844321251,other,17
609,152,0,38,38,38,6,7,18,True,True,False,0.006793731823563576,correct,0
610,152,1,38,28,38,7,6,20,False,False,False,0.007125828415155411,other,10
611,152,1,11,12,11,6,7,6,False,False,True,0.03377301245927811,off_by_one,1
612,153,0,22,31,22,18,17,6,False,False,False,0.010641491040587425,other,9
613,153,0,0,0,0,17,18,17,True,True,False,0.009067360311746597,correct,0
614,153,1,0,0,0,18,17,19,True,True,False,0.009544450789690018,correct,0
615,153,1,22,2,22,17,18,6,False,False,False,0.015073128044605255,other,20
616,154,0,47,15,47,24,6,21,False,False,False,0.027294326573610306,other,32
617,154,0,7,7,7,6,24,26,True,True,False,0.030380811542272568,correct,0
618,154,1,7,7,7,24,6,21,True,True,False,0.029362093657255173,correct,0
619,154,1,47,44,47,6,24,24,False,False,False,0.02631516009569168,other,3
620,155,0,10,10,10,37,16,14,True,True,False,0.047366913408041,correct,0
621,155,0,28,28,28,16,37,11,True,True,False,0.03658638149499893,correct,0
622,155,1,28,28,28,37,16,14,True,True,False,0.03815541788935661,correct,0
623,155,1,10,28,10,16,37,11,False,False,False,0.043610647320747375,other,18
624,156,0,33,28,33,6,18,6,False,False,False,0.01625862903892994,other,5
625,156,0,41,41,41,18,6,26,True,True,False,0.0632454976439476,correct,0
626,156,1,41,15,41,6,18,20,False,False,False,0.059979744255542755,other,26
627,156,1,33,31,33,18,6,6,False,False,False,0.01732771471142769,other,2
628,157,0,31,31,31,22,23,6,True,True,False,0.06029945984482765,correct,0
629,157,0,18,40,18,23,22,14,False,False,False,0.03427131474018097,other,22
630,157,1,18,17,18,22,23,16,False,False,True,0.03938257694244385,off_by_one,1
631,157,1,31,31,31,23,22,0,True,True,False,0.06538437306880951,correct,0
632,158,0,27,0,27,26,24,26,False,False,False,0.014422545209527016,other,27
633,158,0,29,27,29,24,26,0,False,False,False,0.008845559321343899,other,2
634,158,1,29,27,29,26,24,24,False,False,False,0.007378766313195229,other,2
635,158,1,27,28,27,24,26,21,False,False,True,0.018618863075971603,off_by_one,1
636,159,0,35,35,35,19,6,21,True,True,False,0.03836383670568466,correct,0
637,159,0,41,41,41,6,19,6,True,True,False,0.05224921554327011,correct,0
638,159,1,41,41,41,19,6,7,True,True,False,0.05890343338251114,correct,0
639,159,1,35,45,35,6,19,2,False,False,False,0.04010433331131935,other,10
640,160,0,29,15,29,22,6,6,False,False,False,0.0084349000826478,other,14
641,160,0,8,8,8,6,22,6,True,True,False,0.04111218824982643,correct,0
642,160,1,8,8,8,22,6,17,True,True,False,0.05031071975827217,correct,0
643,160,1,29,35,29,6,22,6,False,False,False,0.007968565449118614,other,6
644,161,0,15,15,15,14,2,38,True,True,False,0.05549922212958336,correct,0
645,161,0,44,44,44,2,14,6,True,True,False,0.019350945949554443,correct,0
646,161,1,44,44,44,14,2,14,True,True,False,0.018260573968291283,correct,0
647,161,1,15,45,15,2,14,2,False,False,False,0.06417136639356613,other,30
648,162,0,48,24,48,14,6,15,False,False,False,0.01982595957815647,other,24
649,162,0,5,5,5,6,14,8,True,True,False,0.027387745678424835,correct,0
650,162,1,5,5,5,14,6,16,True,True,False,0.02675861120223999,correct,0
651,162,1,48,43,48,6,14,6,False,False,False,0.014872287400066853,other,5
652,163,0,41,41,41,16,18,15,True,True,False,0.14880599081516266,correct,0
653,163,0,13,0,13,18,16,18,False,False,False,0.03939070925116539,other,13
654,163,1,13,12,13,16,18,0,False,False,True,0.03622683510184288,off_by_one,1
655,163,1,41,41,41,18,16,18,True,True,False,0.15607096254825592,correct,0
656,164,0,8,8,8,27,16,11,True,True,False,0.010954799130558968,correct,0
657,164,0,22,30,22,16,27,14,False,False,False,0.008989140391349792,other,8
658,164,1,22,3,22,27,16,38,False,False,False,0.005349357612431049,other,19
659,164,1,8,8,8,16,27,14,True,True,False,0.011308136396110058,correct,0
660,165,0,40,40,40,24,14,18,True,True,False,0.03591807931661606,correct,0
661,165,0,19,3,19,14,24,0,False,False,False,0.05568429455161095,other,16
662,165,1,19,43,19,24,14,13,False,False,False,0.060202840715646744,other,24
663,165,1,40,17,40,14,24,23,False,False,False,0.03333621844649315,other,23
664,166,0,7,7,7,7,15,37,True,True,False,0.05333683639764786,correct,0
665,166,0,3,46,3,15,7,39,False,False,False,0.05251438915729523,other,43
666,166,1,3,3,3,7,15,7,True,True,False,0.0577753446996212,correct,0
667,166,1,7,7,7,15,7,14,True,True,False,0.06030894070863724,correct,0
668,167,0,34,34,34,18,24,0,True,True,False,0.026040060445666313,correct,0
669,167,0,12,28,12,24,18,24,False,False,False,0.028544485569000244,other,16
670,167,1,12,31,12,18,24,19,False,False,False,0.02371525764465332,other,19
671,167,1,34,34,34,24,18,0,True,True,False,0.025211339816451073,correct,0
672,168,0,11,27,11,24,7,21,False,False,False,0.05239824205636978,other,16
673,168,0,13,2,13,7,24,7,False,False,False,0.052807506173849106,other,11
674,168,1,13,13,13,24,7,24,True,True,False,0.06408391892910004,correct,0
675,168,1,11,15,11,7,24,7,False,False,False,0.05453316867351532,other,4
676,169,0,19,43,19,12,11,24,False,False,False,0.01558381412178278,other,24
677,169,0,25,31,25,11,12,14,False,False,False,0.03294447064399719,other,6
678,169,1,25,35,25,12,11,12,False,False,False,0.03609966114163399,other,10
679,169,1,19,0,19,11,12,14,False,False,False,0.019110482186079025,other,19
680,170,0,43,43,43,14,2,14,True,True,False,0.018206724897027016,correct,0
681,170,0,20,6,20,2,14,24,False,False,False,0.05371646210551262,other,14
682,170,1,20,17,20,14,2,14,False,False,False,0.05400718003511429,other,3
683,170,1,43,17,43,2,14,6,False,False,False,0.017833681777119637,other,26
684,171,0,19,43,19,24,38,6,False,False,False,0.026493771001696587,other,24
685,171,0,9,17,9,38,24,14,False,False,False,0.029421892017126083,other,8
686,171,1,9,31,9,24,38,6,False,False,False,0.029079779982566833,other,22
687,171,1,19,0,19,38,24,38,False,False,False,0.025402169674634933,other,19
688,172,0,31,31,31,26,17,6,True,True,False,0.01246144063770771,correct,0
689,172,0,4,35,4,17,26,16,False,False,False,0.016917331144213676,other,31
690,172,1,4,4,4,26,17,6,True,True,False,0.013775854371488094,correct,0
691,172,1,31,0,31,17,26,0,False,False,False,0.012075396254658699,other,31
692,173,0,23,41,23,6,0,18,False,False,False,0.09976782649755478,other,18
693,173,0,34,23,34,0,6,16,False,False,False,0.016476107761263847,other,11
694,173,1,34,34,34,6,0,4,True,True,False,0.010030386038124561,correct,0
695,173,1,23,24,23,0,6,7,False,False,True,0.13013538718223572,off_by_one,1
696,174,0,33,17,33,10,2,0,False,False,False,0.02040501870214939,other,16
697,174,0,0,0,0,2,10,6,True,True,False,0.05469286069273949,correct,0
698,174,1,0,0,0,10,2,15,True,True,False,0.05087992176413536,correct,0
699,174,1,33,0,33,2,10,6,False,False,False,0.020717626437544823,other,33
700,175,0,11,11,11,31,18,33,True,True,False,0.030074506998062134,correct,0
701,175,0,21,21,21,18,31,6,True,True,False,0.107884980738163,correct,0
702,175,1,21,0,21,31,18,15,False,False,False,0.13366594910621643,other,21
703,175,1,11,1,11,18,31,0,False,False,False,0.02651291713118553,other,10
704,176,0,30,30,30,15,6,15,True,True,False,0.02467033639550209,correct,0
705,176,0,47,47,47,6,15,5,True,True,False,0.021026020869612694,correct,0
706,176,1,47,43,47,15,6,16,False,False,False,0.020327605307102203,other,4
707,176,1,30,30,30,6,15,6,True,True,False,0.026944570243358612,correct,0
708,177,0,21,3,21,7,19,15,False,False,False,0.04684929922223091,other,18
709,177,0,5,5,5,19,7,21,True,True,False,0.04165653511881828,correct,0
710,177,1,5,5,5,7,19,0,True,True,False,0.051322925835847855,correct,0
711,177,1,21,3,21,19,7,4,False,False,False,0.041374556720256805,other,18
712,178,0,2,2,2,6,14,6,True,True,False,0.013569447211921215,correct,0
713,178,0,3,43,3,14,6,23,False,False,False,0.04402884468436241,other,40
714,178,1,3,3,3,6,14,2,True,True,False,0.036719050258398056,correct,0
715,178,1,2,2,2,14,6,14,True,True,False,0.013924693688750267,correct,0
716,179,0,44,44,44,14,15,14,True,True,False,0.00909933727234602,correct,0
717,179,0,3,24,3,15,14,16,False,False,False,0.020513242110610008,other,21
718,179,1,3,43,3,14,15,23,False,False,False,0.024072306230664253,other,40
719,179,1,44,44,44,15,14,0,True,True,False,0.010767504572868347,correct,0
720,180,0,33,38,33,15,6,15,False,False,False,0.04149145260453224,other,5
721,180,0,17,17,17,6,15,6,True,True,False,0.03535044565796852,correct,0
722,180,1,17,17,17,15,6,0,True,True,False,0.03633716702461243,correct,0
723,180,1,33,28,33,6,15,6,False,False,False,0.04026101529598236,other,5
724,181,0,35,35,35,15,6,15,True,True,False,0.02570001222193241,correct,0
725,181,0,25,45,25,6,15,6,False,False,False,0.012196359224617481,other,20
726,181,1,25,35,25,15,6,21,False,False,False,0.010514015331864357,other,10
727,181,1,35,35,35,6,15,1,True,True,False,0.0240252073854208,correct,0
728,182,0,30,31,30,2,6,18,False,False,True,0.07761795818805695,off_by_one,1
729,182,0,0,0,0,6,2,6,True,True,False,0.07024923712015152,correct,0
730,182,1,0,31,0,2,6,2,False,False,False,0.07486027479171753,other,31
731,182,1,30,32,30,6,2,6,False,False,False,0.07375345379114151,other,2
732,183,0,24,35,24,7,18,7,False,False,False,0.011718172580003738,other,11
733,183,0,13,31,13,18,7,24,False,False,False,0.05411843582987785,other,18
734,183,1,13,0,13,7,18,7,False,False,False,0.04958733916282654,other,13
735,183,1,24,24,24,18,7,34,True,True,False,0.011047367937862873,correct,0
736,184,0,47,47,47,15,16,20,True,True,False,0.02846003882586956,correct,0
737,184,0,4,35,4,16,15,25,False,False,False,0.00262365210801363,other,31
738,184,1,4,35,4,15,16,0,False,False,False,0.002420977456495166,other,31
739,184,1,47,44,47,16,15,16,False,False,False,0.030564654618501663,other,3
740,185,0,34,34,34,5,0,8,True,True,False,0.01956043764948845,correct,0
741,185,0,35,35,35,0,5,0,True,True,False,0.006367006804794073,correct,0
742,185,1,35,35,35,5,0,8,True,True,False,0.005363134667277336,correct,0
743,185,1,34,34,34,0,5,0,True,True,False,0.016993790864944458,correct,0
744,186,0,45,43,45,13,8,8,False,False,False,0.024923840537667274,other,2
745,186,0,39,36,39,8,13,4,False,False,False,0.012645350769162178,other,3
746,186,1,39,39,39,13,8,4,True,True,False,0.016031229868531227,correct,0
747,186,1,45,45,45,8,13,18,True,True,False,0.02299320697784424,correct,0
748,187,0,28,28,28,7,2,21,True,True,False,0.03111840970814228,correct,0
749,187,0,9,38,9,2,7,18,False,False,False,0.007994318380951881,other,29
750,187,1,9,27,9,7,2,7,False,False,False,0.009221378713846207,other,18
751,187,1,28,1,28,2,7,6,False,False,False,0.024570362642407417,other,27
752,188,0,22,18,22,14,15,15,False,False,False,0.05369672179222107,other,4
753,188,0,30,31,30,15,14,16,False,False,True,0.0213478896766901,off_by_one,1
754,188,1,30,30,30,14,15,16,True,True,False,0.02391991578042507,correct,0
755,188,1,22,31,22,15,14,15,False,False,False,0.04956882447004318,other,9
756,189,0,16,15,16,39,38,0,False,False,True,0.0472334660589695,off_by_one,1
757,189,0,1,44,1,38,39,14,False,False,False,0.021255919709801674,other,43
758,189,1,1,24,1,39,38,17,False,False,False,0.01296999678015709,other,23
759,189,1,16,24,16,38,39,17,False,False,False,0.056533265858888626,other,8
760,190,0,40,47,40,18,26,24,False,False,False,0.013702476397156715,other,7
761,190,0,43,3,43,26,18,26,False,False,False,0.042806752026081085,other,40
762,190,1,43,43,43,18,26,18,True,True,False,0.045778803527355194,correct,0
763,190,1,40,24,40,26,18,4,False,False,False,0.012779103592038155,other,16
764,191,0,18,18,18,35,0,0,True,True,False,0.026324622333049774,correct,0
765,191,0,40,44,40,0,35,0,False,False,False,0.006796295754611492,other,4
766,191,1,40,1,40,35,0,0,False,False,False,0.008706853725016117,other,39
767,191,1,18,18,18,0,35,27,True,True,False,0.026927664875984192,correct,0
768,192,0,4,4,4,7,15,2,True,True,False,0.007273918017745018,correct,0
769,192,0,11,4,11,15,7,0,False,False,False,0.024824677035212517,other,7
770,192,1,11,28,11,7,15,7,False,False,False,0.02268284559249878,other,17
771,192,1,4,29,4,15,7,15,False,False,False,0.009146180003881454,other,25
772,193,0,34,34,34,16,7,7,True,True,False,0.008962663821876049,correct,0
773,193,0,26,35,26,7,16,7,False,False,False,0.008019390515983105,other,9
774,193,1,26,24,26,16,7,7,False,False,False,0.008651727810502052,other,2
775,193,1,34,34,34,7,16,7,True,True,False,0.006833213847130537,correct,0
776,194,0,25,41,25,20,15,17,False,False,False,0.06447204202413559,other,16
777,194,0,24,24,24,15,20,15,True,True,False,0.012703058309853077,correct,0
778,194,1,24,24,24,20,15,7,True,True,False,0.013233339414000511,correct,0
779,194,1,25,35,25,15,20,15,False,False,False,0.07643067836761475,other,10
780,195,0,26,45,26,16,14,6,False,False,False,0.014766816981136799,other,19
781,195,0,34,15,34,14,16,23,False,False,False,0.1546252965927124,other,19
782,195,1,34,34,34,16,14,27,True,True,False,0.21950991451740265,correct,0
783,195,1,26,45,26,14,16,16,False,False,False,0.010705716907978058,other,19
784,196,0,17,17,17,0,22,0,True,True,False,0.03306610509753227,correct,0
785,196,0,44,44,44,22,0,12,True,True,False,0.01519775390625,correct,0
786,196,1,44,44,44,0,22,0,True,True,False,0.01687929406762123,correct,0
787,196,1,17,17,17,22,0,0,True,True,False,0.03461877256631851,correct,0
788,197,0,46,17,46,24,14,20,False,False,False,0.025714177638292313,other,29
789,197,0,32,32,32,14,24,11,True,True,False,0.06250204890966415,correct,0
790,197,1,32,32,32,24,14,6,True,True,False,0.06387197971343994,correct,0
791,197,1,46,31,46,14,24,14,False,False,False,0.028887882828712463,other,15
792,198,0,13,2,13,23,16,14,False,False,False,0.02666587010025978,other,11
793,198,0,4,35,4,16,23,15,False,False,False,0.018563173711299896,other,31
794,198,1,4,24,4,23,16,0,False,False,False,0.015101086348295212,other,20
795,198,1,13,0,13,16,23,23,False,False,False,0.032950881868600845,other,13
796,199,0,1,1,1,2,6,20,True,True,False,0.017440956085920334,correct,0
797,199,0,37,3,37,6,2,18,False,False,False,0.023781131953001022,other,34
798,199,1,37,43,37,2,6,6,False,False,False,0.02375893108546734,other,6
799,199,1,1,1,1,6,2,6,True,True,False,0.016679562628269196,correct,0
800,200,0,27,43,27,36,24,17,False,False,False,0.015515592880547047,other,16
801,200,0,47,15,47,24,36,0,False,False,False,0.055031776428222656,other,32
802,200,1,47,44,47,36,24,24,False,False,False,0.060190703719854355,other,3
803,200,1,27,1,27,24,36,18,False,False,False,0.013108199462294579,other,26
804,201,0,7,7,7,24,6,20,True,True,False,0.011963251046836376,correct,0
805,201,0,24,15,24,6,24,26,False,False,False,0.015664389356970787,other,9
806,201,1,24,24,24,24,6,6,True,True,False,0.015336758457124233,correct,0
807,201,1,7,7,7,6,24,20,True,True,False,0.013169691897928715,correct,0
808,202,0,32,32,32,33,6,14,True,True,False,0.028206532821059227,correct,0
809,202,0,37,24,37,6,33,6,False,False,False,0.018809018656611443,other,13
810,202,1,37,2,37,33,6,17,False,False,False,0.021459849551320076,other,35
811,202,1,32,32,32,6,33,14,True,True,False,0.02742636390030384,correct,0
812,203,0,7,7,7,7,21,36,True,True,False,0.037086907774209976,correct,0
813,203,0,26,26,26,21,7,17,True,True,False,0.02714787796139717,correct,0
814,203,1,26,25,26,7,21,4,False,False,True,0.02710738219320774,off_by_one,1
815,203,1,7,7,7,21,7,0,True,True,False,0.04089253768324852,correct,0
816,204,0,17,17,17,16,0,14,True,True,False,0.017614714801311493,correct,0
817,204,0,11,29,11,0,16,11,False,False,False,0.028114598244428635,other,18
818,204,1,11,31,11,16,0,28,False,False,False,0.025900812819600105,other,20
819,204,1,17,18,17,0,16,27,False,False,True,0.018763668835163116,off_by_one,1
820,205,0,5,15,5,2,12,18,False,False,False,0.03562527522444725,other,10
821,205,0,6,6,6,12,2,24,True,True,False,0.06932610273361206,correct,0
822,205,1,6,6,6,2,12,29,True,True,False,0.06702782213687897,correct,0
823,205,1,5,5,5,12,2,24,True,True,False,0.03169723227620125,correct,0
824,206,0,37,2,37,26,17,6,False,False,False,0.05743570998311043,other,35
825,206,0,0,0,0,17,26,17,True,True,False,0.039718229323625565,correct,0
826,206,1,0,2,0,26,17,26,False,False,False,0.04161005839705467,other,2
827,206,1,37,3,37,17,26,25,False,False,False,0.056918125599622726,other,34
828,207,0,37,27,37,24,15,24,False,False,False,0.05309983342885971,other,10
829,207,0,18,0,18,15,24,14,False,False,False,0.01696108840405941,other,18
830,207,1,18,17,18,24,15,18,False,False,True,0.0151109853759408,off_by_one,1
831,207,1,37,43,37,15,24,15,False,False,False,0.057518258690834045,other,6
832,208,0,31,31,31,27,7,38,True,True,False,0.06200622394680977,correct,0
833,208,0,32,24,32,7,27,7,False,False,False,0.03731990233063698,other,8
834,208,1,32,2,32,27,7,27,False,False,False,0.03711749240756035,other,30
835,208,1,31,31,31,7,27,7,True,True,False,0.05991923809051514,correct,0
836,209,0,3,1,3,27,17,0,False,False,False,0.028819305822253227,other,2
837,209,0,28,4,28,17,27,0,False,False,False,0.021884620189666748,other,24
838,209,1,28,28,28,27,17,0,True,True,False,0.019448915496468544,correct,0
839,209,1,3,2,3,17,27,0,False,False,True,0.026152735576033592,off_by_one,1
840,210,0,12,15,12,16,2,14,False,False,False,0.040428727865219116,other,3
841,210,0,17,17,17,2,16,7,True,True,False,0.03323445841670036,correct,0
842,210,1,17,0,17,16,2,14,False,False,False,0.03329724818468094,other,17
843,210,1,12,12,12,2,16,7,True,True,False,0.04383730888366699,correct,0
844,211,0,18,1,18,17,14,0,False,False,False,0.04184838756918907,other,17
845,211,0,46,2,46,14,17,14,False,False,False,0.01844232715666294,other,44
846,211,1,46,30,46,17,14,17,False,False,False,0.016518618911504745,other,16
847,211,1,18,3,18,14,17,14,False,False,False,0.04095187038183212,other,15
848,212,0,44,44,44,6,2,18,True,True,False,0.02157582715153694,correct,0
849,212,0,27,0,27,2,6,2,False,False,False,0.026272697374224663,other,27
850,212,1,27,0,27,6,2,6,False,False,False,0.027655357494950294,other,27
851,212,1,44,44,44,2,6,20,True,True,False,0.01887568086385727,correct,0
852,213,0,1,3,1,16,7,14,False,False,False,0.021227512508630753,other,2
853,213,0,26,35,26,7,16,26,False,False,False,0.013095260597765446,other,9
854,213,1,26,35,26,16,7,31,False,False,False,0.012828812934458256,other,9
855,213,1,1,0,1,7,16,7,False,False,True,0.023756060749292374,off_by_one,1
856,214,0,29,29,29,18,17,14,True,True,False,0.026674801483750343,correct,0
857,214,0,6,30,6,17,18,17,False,False,False,0.03708330914378166,other,24
858,214,1,6,31,6,18,17,26,False,False,False,0.022390887141227722,other,25
859,214,1,29,24,29,17,18,0,False,False,False,0.02667645364999771,other,5
860,215,0,28,28,28,27,14,38,True,True,False,0.008991277776658535,correct,0
861,215,0,34,34,34,14,27,14,True,True,False,0.011969600804150105,correct,0
862,215,1,34,34,34,27,14,14,True,True,False,0.010921248234808445,correct,0
863,215,1,28,28,28,14,27,0,True,True,False,0.0077326553873717785,correct,0
864,216,0,29,29,29,16,6,14,True,True,False,0.049702052026987076,correct,0
865,216,0,31,31,31,6,16,24,True,True,False,0.06788117438554764,correct,0
866,216,1,31,31,31,16,6,16,True,True,False,0.06431326270103455,correct,0
867,216,1,29,12,29,6,16,6,False,False,False,0.05250237509608269,other,17
868,217,0,44,44,44,21,6,25,True,True,False,0.007461546920239925,correct,0
869,217,0,2,0,2,6,21,6,False,False,False,0.04613649472594261,other,2
870,217,1,2,2,2,21,6,21,True,True,False,0.04703845828771591,correct,0
871,217,1,44,24,44,6,21,18,False,False,False,0.007034136448055506,other,20
872,218,0,45,45,45,7,18,31,True,True,False,0.04632231965661049,correct,0
873,218,0,10,12,10,18,7,6,False,False,False,0.05624007433652878,other,2
874,218,1,10,24,10,7,18,14,False,False,False,0.05736629664897919,other,14
875,218,1,45,24,45,18,7,18,False,False,False,0.04314270615577698,other,21
876,219,0,12,28,12,17,18,17,False,False,False,0.03085067681968212,other,16
877,219,0,9,28,9,18,17,9,False,False,False,0.03365004062652588,other,19
878,219,1,9,1,9,17,18,15,False,False,False,0.03219073265790939,other,8
879,219,1,12,31,12,18,17,18,False,False,False,0.031844452023506165,other,19
880,220,0,17,0,17,24,16,19,False,False,False,0.05330687388777733,other,17
881,220,0,28,0,28,16,24,11,False,False,False,0.05433928221464157,other,28
882,220,1,28,27,28,24,16,21,False,False,True,0.057296331971883774,off_by_one,1
883,220,1,17,17,17,16,24,25,True,True,False,0.05763043835759163,correct,0
884,221,0,3,43,3,19,14,19,False,False,False,0.006500042509287596,other,40
885,221,0,35,15,35,14,19,15,False,False,False,0.09535223990678787,other,20
886,221,1,35,35,35,19,14,20,True,True,False,0.10348956286907196,correct,0
887,221,1,3,1,3,14,19,14,False,False,False,0.007570492569357157,other,2
888,222,0,25,8,25,39,7,15,False,False,False,0.007567339111119509,other,17
889,222,0,8,8,8,7,39,38,True,True,False,0.032359395176172256,correct,0
890,222,1,8,8,8,39,7,18,True,True,False,0.025677204132080078,correct,0
891,222,1,25,35,25,7,39,1,False,False,False,0.010470149107277393,other,10
892,223,0,38,38,38,11,9,14,True,True,False,0.003512565279379487,correct,0
893,223,0,0,0,0,9,11,16,True,True,False,0.024794045835733414,correct,0
894,223,1,0,0,0,11,9,14,True,True,False,0.01715949736535549,correct,0
895,223,1,38,18,38,9,11,6,False,False,False,0.004586775321513414,other,20
896,224,0,21,21,21,18,7,18,True,True,False,0.014815724454820156,correct,0
897,224,0,44,44,44,7,18,16,True,True,False,0.015580685809254646,correct,0
898,224,1,44,44,44,18,7,16,True,True,False,0.01638573221862316,correct,0
899,224,1,21,3,21,7,18,15,False,False,False,0.016437871381640434,other,18
900,225,0,29,1,29,17,20,0,False,False,False,0.019106179475784302,other,28
901,225,0,32,10,32,20,17,7,False,False,False,0.052192673087120056,other,22
902,225,1,32,0,32,17,20,20,False,False,False,0.04833080619573593,other,32
903,225,1,29,0,29,20,17,20,False,False,False,0.018769236281514168,other,29
904,226,0,40,17,40,15,36,0,False,False,False,0.03713487088680267,other,23
905,226,0,32,28,32,36,15,21,False,False,False,0.019210129976272583,other,4
906,226,1,32,32,32,15,36,0,True,True,False,0.018503623083233833,correct,0
907,226,1,40,0,40,36,15,21,False,False,False,0.030372295528650284,other,40
908,227,0,39,0,39,7,15,7,False,False,False,0.059273477643728256,other,39
909,227,0,29,35,29,15,7,23,False,False,False,0.0393807478249073,other,6
910,227,1,29,24,29,7,15,10,False,False,False,0.04227183014154434,other,5
911,227,1,39,43,39,15,7,14,False,False,False,0.06209326535463333,other,4
912,228,0,1,17,1,11,9,38,False,False,False,0.037405986338853836,other,16
913,228,0,45,44,45,9,11,0,False,False,True,0.016604190692305565,off_by_one,1
914,228,1,45,44,45,11,9,0,False,False,True,0.01711319573223591,off_by_one,1
915,228,1,1,37,1,9,11,6,False,False,False,0.03785325214266777,other,36
916,229,0,29,28,29,18,36,1,False,False,True,0.06790757924318314,off_by_one,1
917,229,0,6,6,6,36,18,18,True,True,False,0.10533696413040161,correct,0
918,229,1,6,6,6,18,36,18,True,True,False,0.09833492338657379,correct,0
919,229,1,29,15,29,36,18,7,False,False,False,0.06409339606761932,other,14
920,230,0,29,1,29,0,15,0,False,False,False,0.005672532133758068,other,28
921,230,0,43,43,43,15,0,16,True,True,False,0.00436462601646781,correct,0
922,230,1,43,0,43,0,15,23,False,False,False,0.003607513615861535,other,43
923,230,1,29,28,29,15,0,0,False,False,True,0.006835353560745716,off_by_one,1
924,231,0,18,24,18,16,2,14,False,False,False,0.055607568472623825,other,6
925,231,0,25,15,25,2,16,15,False,False,False,0.013499749824404716,other,10
926,231,1,25,35,25,16,2,14,False,False,False,0.016565879806876183,other,10
927,231,1,18,1,18,2,16,4,False,False,False,0.049044184386730194,other,17
928,232,0,7,7,7,37,26,14,True,True,False,0.027483751997351646,correct,0
929,232,0,39,3,39,26,37,6,False,False,False,0.008240320719778538,other,36
930,232,1,39,3,39,37,26,17,False,False,False,0.008778464049100876,other,36
931,232,1,7,7,7,26,37,24,True,True,False,0.02331782691180706,correct,0
932,233,0,47,24,47,16,14,16,False,False,False,0.034671150147914886,other,23
933,233,0,45,24,45,14,16,15,False,False,False,0.02052791230380535,other,21
934,233,1,45,35,45,16,14,14,False,False,False,0.020775504410266876,other,10
935,233,1,47,34,47,14,16,0,False,False,False,0.041390616446733475,other,13
936,234,0,42,42,42,33,14,17,True,True,False,0.03063174895942211,correct,0
937,234,0,10,24,10,14,33,16,False,False,False,0.01793145015835762,other,14
938,234,1,10,1,10,33,14,33,False,False,False,0.019137445837259293,other,9
939,234,1,42,42,42,14,33,27,True,True,False,0.044615913182497025,correct,0
940,235,0,21,3,21,7,20,38,False,False,False,0.03632920980453491,other,18
941,235,0,32,17,32,20,7,7,False,False,False,0.011416316032409668,other,15
942,235,1,32,0,32,7,20,7,False,False,False,0.011408920399844646,other,32
943,235,1,21,2,21,20,7,20,False,False,False,0.03829784318804741,other,19
944,236,0,47,47,47,15,18,25,True,True,False,0.0073436410166323185,correct,0
945,236,0,44,44,44,18,15,15,True,True,False,0.008284653536975384,correct,0
946,236,1,44,24,44,15,18,15,False,False,False,0.0074348896741867065,other,20
947,236,1,47,44,47,18,15,18,False,False,False,0.009077799506485462,other,3
948,237,0,11,35,11,14,36,31,False,False,False,0.048371002078056335,other,24
949,237,0,13,13,13,36,14,24,True,True,False,0.027518335729837418,correct,0
950,237,1,13,0,13,14,36,14,False,False,False,0.03121265396475792,other,13
951,237,1,11,27,11,36,14,7,False,False,False,0.051823366433382034,other,16
952,238,0,25,24,25,17,27,14,False,False,True,0.02902916818857193,off_by_one,1
953,238,0,21,3,21,27,17,17,False,False,False,0.0478225015103817,other,18
954,238,1,21,18,21,17,27,14,False,False,False,0.04468126222491264,other,3
955,238,1,25,15,25,27,17,38,False,False,False,0.02772039733827114,other,10
956,239,0,13,32,13,2,7,18,False,False,False,0.05179658159613609,other,19
957,239,0,22,31,22,7,2,32,False,False,False,0.06568385660648346,other,9
958,239,1,22,31,22,2,7,21,False,False,False,0.06520257890224457,other,9
959,239,1,13,16,13,7,2,7,False,False,False,0.04660189151763916,other,3
960,240,0,39,21,39,7,5,30,False,False,False,0.040788523852825165,other,18
961,240,0,12,1,12,5,7,8,False,False,False,0.04285040497779846,other,11
962,240,1,12,31,12,7,5,7,False,False,False,0.04076257720589638,other,19
963,240,1,39,9,39,5,7,6,False,False,False,0.04568539187312126,other,30
964,241,0,26,1,26,18,14,15,False,False,False,0.16447536647319794,other,25
965,241,0,5,5,5,14,18,31,True,True,False,0.03278801590204239,correct,0
966,241,1,5,15,5,18,14,18,False,False,False,0.04138174653053284,other,10
967,241,1,26,16,26,14,18,6,False,False,False,0.1297575980424881,other,10
968,242,0,16,16,16,15,7,14,True,True,False,0.034428417682647705,correct,0
969,242,0,43,43,43,7,15,21,True,True,False,0.02392840012907982,correct,0
970,242,1,43,17,43,15,7,21,False,False,False,0.02445046789944172,other,26
971,242,1,16,15,16,7,15,7,False,False,True,0.03484431654214859,off_by_one,1
972,243,0,3,43,3,8,10,7,False,False,False,0.05042673274874687,other,40
973,243,0,20,18,20,10,8,14,False,False,False,0.054130371659994125,other,2
974,243,1,20,20,20,8,10,6,True,True,False,0.05586832016706467,correct,0
975,243,1,3,24,3,10,8,0,False,False,False,0.04677289351820946,other,21
976,244,0,47,44,47,9,20,20,False,False,False,0.04285668209195137,other,3
977,244,0,25,41,25,20,9,10,False,False,False,0.019329305738210678,other,16
978,244,1,25,41,25,9,20,21,False,False,False,0.026593603193759918,other,16
979,244,1,47,47,47,20,9,18,True,True,False,0.04398182034492493,correct,0
980,245,0,43,43,43,2,19,20,True,True,False,0.011102917604148388,correct,0
981,245,0,25,35,25,19,2,15,False,False,False,0.02290189638733864,other,10
982,245,1,25,15,25,2,19,15,False,False,False,0.020319946110248566,other,10
983,245,1,43,0,43,19,2,7,False,False,False,0.010839889757335186,other,43
984,246,0,38,17,38,16,26,14,False,False,False,0.00800227653235197,other,21
985,246,0,43,3,43,26,16,24,False,False,False,0.0366697795689106,other,40
986,246,1,43,43,43,16,26,38,True,True,False,0.0363137312233448,correct,0
987,246,1,38,38,38,26,16,8,True,True,False,0.007630891632288694,correct,0
988,247,0,14,14,14,14,6,38,True,True,False,0.015334946103394032,correct,0
989,247,0,9,17,9,6,14,6,False,False,False,0.03274878114461899,other,8
990,247,1,9,0,9,14,6,14,False,False,False,0.021839983761310577,other,9
991,247,1,14,24,14,6,14,6,False,False,False,0.016183070838451385,other,10
992,248,0,23,15,23,10,7,15,False,False,False,0.014567122794687748,other,8
993,248,0,40,2,40,7,10,7,False,False,False,0.009504583664238453,other,38
994,248,1,40,1,40,10,7,10,False,False,False,0.009136132895946503,other,39
995,248,1,23,23,23,7,10,36,True,True,False,0.011920331977307796,correct,0
996,249,0,22,31,22,17,27,16,False,False,False,0.0037884055636823177,other,9
997,249,0,11,28,11,27,17,0,False,False,False,0.009182462468743324,other,17
998,249,1,11,28,11,17,27,16,False,False,False,0.007394606247544289,other,17
999,249,1,22,31,22,27,17,27,False,False,False,0.0036367240827530622,other,9
1000,250,0,25,24,25,0,15,0,False,False,True,0.02203119918704033,off_by_one,1
1001,250,0,14,24,14,15,0,0,False,False,False,0.021169012412428856,other,10
1002,250,1,14,24,14,0,15,11,False,False,False,0.018748145550489426,other,10
1003,250,1,25,24,25,15,0,27,False,False,True,0.01771414652466774,off_by_one,1
1004,251,0,14,24,14,21,23,15,False,False,False,0.023654824122786522,other,10
1005,251,0,21,43,21,23,21,0,False,False,False,0.04641074314713478,other,22
1006,251,1,21,21,21,21,23,21,True,True,False,0.046180106699466705,correct,0
1007,251,1,14,14,14,23,21,1,True,True,False,0.0231926292181015,correct,0
1008,252,0,9,17,9,32,35,2,False,False,False,0.014393419958651066,other,8
1009,252,0,19,43,19,35,32,21,False,False,False,0.039754074066877365,other,24
1010,252,1,19,0,19,32,35,2,False,False,False,0.04023613780736923,other,19
1011,252,1,9,18,9,35,32,0,False,False,False,0.013125351630151272,other,9
1012,253,0,30,30,30,7,18,30,True,True,False,0.018674258142709732,correct,0
1013,253,0,12,31,12,18,7,7,False,False,False,0.02063782699406147,other,19
1014,253,1,12,31,12,7,18,7,False,False,False,0.020075879991054535,other,19
1015,253,1,30,31,30,18,7,24,False,False,True,0.017188966274261475,off_by_one,1
1016,254,0,26,26,26,6,7,7,True,True,False,0.022493885830044746,correct,0
1017,254,0,4,4,4,7,6,7,True,True,False,0.00837808195501566,correct,0
1018,254,1,4,24,4,6,7,36,False,False,False,0.005459490232169628,other,20
1019,254,1,26,35,26,7,6,7,False,False,False,0.03635535016655922,other,9
1020,255,0,48,28,48,18,26,6,False,False,False,0.03704404458403587,other,20
1021,255,0,25,35,25,26,18,24,False,False,False,0.01728426292538643,other,10
1022,255,1,25,35,25,18,26,15,False,False,False,0.0163747388869524,other,10
1023,255,1,48,3,48,26,18,26,False,False,False,0.03389455005526543,other,45
1024,256,0,26,35,26,1,14,16,False,False,False,0.01130672451108694,other,9
1025,256,0,39,31,39,14,1,14,False,False,False,0.005804163869470358,other,8
1026,256,1,39,3,39,1,14,1,False,False,False,0.004649225156754255,other,36
1027,256,1,26,24,26,14,1,16,False,False,False,0.0116262910887599,other,2
1028,257,0,43,17,43,6,14,6,False,False,False,0.039563681930303574,other,26
1029,257,0,45,2,45,14,6,14,False,False,False,0.027718625962734222,other,43
1030,257,1,45,31,45,6,14,21,False,False,False,0.026375291869044304,other,14
1031,257,1,43,2,43,14,6,0,False,False,False,0.042499661445617676,other,41
1032,258,0,32,32,32,18,6,2,True,True,False,0.025673501193523407,correct,0
1033,258,0,41,15,41,6,18,10,False,False,False,0.05787832289934158,other,26
1034,258,1,41,41,41,18,6,26,True,True,False,0.06715904921293259,correct,0
1035,258,1,32,24,32,6,18,2,False,False,False,0.02130737714469433,other,8
1036,259,0,0,0,0,26,0,26,True,True,False,0.04103711619973183,correct,0
1037,259,0,19,2,19,0,26,14,False,False,False,0.06601335853338242,other,17
1038,259,1,19,3,19,26,0,26,False,False,False,0.06437089294195175,other,16
1039,259,1,0,10,0,0,26,27,False,False,False,0.03873132914304733,other,10
1040,260,0,14,24,14,17,12,7,False,False,False,0.009966425597667694,other,10
1041,260,0,34,34,34,12,17,26,True,True,False,0.023918187245726585,correct,0
1042,260,1,34,34,34,17,12,0,True,True,False,0.026108693331480026,correct,0
1043,260,1,14,4,14,12,17,6,False,False,False,0.009249245747923851,other,10
1044,261,0,24,4,24,7,8,0,False,False,False,0.013581154868006706,other,20
1045,261,0,27,17,27,8,7,24,False,False,False,0.028666846454143524,other,10
1046,261,1,27,0,27,7,8,7,False,False,False,0.031101200729608536,other,27
1047,261,1,24,24,24,8,7,4,True,True,False,0.011982817202806473,correct,0
1048,262,0,4,4,4,26,15,18,True,True,False,0.019486524164676666,correct,0
1049,262,0,31,31,31,15,26,15,True,True,False,0.10083369165658951,correct,0
1050,262,1,31,31,31,26,15,6,True,True,False,0.1045413687825203,correct,0
1051,262,1,4,24,4,15,26,21,False,False,False,0.020609818398952484,other,20
1052,263,0,0,0,0,27,18,0,True,True,False,0.014751847833395004,correct,0
1053,263,0,11,28,11,18,27,19,False,False,False,0.02596469596028328,other,17
1054,263,1,11,28,11,27,18,27,False,False,False,0.023046910762786865,other,17
1055,263,1,0,0,0,18,27,6,True,True,False,0.012249743565917015,correct,0
1056,264,0,31,31,31,7,24,15,True,True,False,0.10456327348947525,correct,0
1057,264,0,33,27,33,24,7,4,False,False,False,0.07451914250850677,other,6
1058,264,1,33,31,33,7,24,16,False,False,False,0.07718130201101303,other,2
1059,264,1,31,31,31,24,7,18,True,True,False,0.10570710897445679,correct,0
1060,265,0,18,18,18,26,36,26,True,True,False,0.0084308423101902,correct,0
1061,265,0,20,18,20,36,26,21,False,False,False,0.036654919385910034,other,2
1062,265,1,20,6,20,26,36,6,False,False,False,0.03614173084497452,other,14
1063,265,1,18,18,18,36,26,17,True,True,False,0.00804122630506754,correct,0
1064,266,0,15,15,15,2,1,1,True,True,False,0.03680272400379181,correct,0
1065,266,0,32,32,32,1,2,18,True,True,False,0.040537018328905106,correct,0
1066,266,1,32,32,32,2,1,6,True,True,False,0.03698330000042915,correct,0
1067,266,1,15,15,15,1,2,37,True,True,False,0.033479269593954086,correct,0
1068,267,0,15,7,15,15,6,15,False,False,False,0.1323842704296112,other,8
1069,267,0,12,12,12,6,15,2,True,True,False,0.046134818345308304,correct,0
1070,267,1,12,10,12,15,6,6,False,False,False,0.04192057251930237,other,2
1071,267,1,15,15,15,6,15,15,True,True,False,0.14342035353183746,correct,0
1072,268,0,7,7,7,2,14,6,True,True,False,0.012926705181598663,correct,0
1073,268,0,21,3,21,14,2,11,False,False,False,0.07904480397701263,other,18
1074,268,1,21,31,21,2,14,6,False,False,False,0.10841159522533417,other,10
1075,268,1,7,7,7,14,2,10,True,True,False,0.01278793066740036,correct,0
1076,269,0,28,28,28,6,8,26,True,True,False,0.00631070276722312,correct,0
1077,269,0,40,47,40,8,6,4,False,False,False,0.019100742414593697,other,7
1078,269,1,40,18,40,6,8,4,False,False,False,0.01624603196978569,other,22
1079,269,1,28,28,28,8,6,24,True,True,False,0.007186740171164274,correct,0
1080,270,0,18,17,18,14,35,27,False,False,True,0.03866267204284668,off_by_one,1
1081,270,0,37,43,37,35,14,0,False,False,False,0.018545983359217644,other,6
1082,270,1,37,43,37,14,35,0,False,False,False,0.01714988611638546,other,6
1083,270,1,18,18,18,35,14,17,True,True,False,0.0360429547727108,correct,0
1084,271,0,47,47,47,6,24,17,True,True,False,0.09880069643259048,correct,0
1085,271,0,21,3,21,24,6,7,False,False,False,0.014618574641644955,other,18
1086,271,1,21,31,21,6,24,6,False,False,False,0.012333134189248085,other,10
1087,271,1,47,11,47,24,6,24,False,False,False,0.1035231277346611,other,36
1088,272,0,8,8,8,17,26,17,True,True,False,0.02708638459444046,correct,0
1089,272,0,14,24,14,26,17,6,False,False,False,0.01821615733206272,other,10
1090,272,1,14,24,14,17,26,19,False,False,False,0.020036952570080757,other,10
1091,272,1,8,8,8,26,17,15,True,True,False,0.022017259150743484,correct,0
1092,273,0,5,5,5,16,24,11,True,True,False,0.16421811282634735,correct,0
1093,273,0,13,0,13,24,16,6,False,False,False,0.025335602462291718,other,13
1094,273,1,13,31,13,16,24,14,False,False,False,0.032692402601242065,other,18
1095,273,1,5,31,5,24,16,0,False,False,False,0.15254797041416168,other,26
1096,274,0,3,0,3,26,17,6,False,False,False,0.06304673850536346,other,3
1097,274,0,24,24,24,17,26,7,True,True,False,0.017902851104736328,correct,0
1098,274,1,24,24,24,26,17,4,True,True,False,0.01560046523809433,correct,0
1099,274,1,3,2,3,17,26,0,False,False,True,0.058127835392951965,off_by_one,1
1100,275,0,5,5,5,14,9,11,True,True,False,0.04326143115758896,correct,0
1101,275,0,30,30,30,9,14,6,True,True,False,0.03404159098863602,correct,0
1102,275,1,30,30,30,14,9,35,True,True,False,0.035655103623867035,correct,0
1103,275,1,5,5,5,9,14,13,True,True,False,0.035021837800741196,correct,0
1104,276,0,23,35,23,22,18,6,False,False,False,0.03601456433534622,other,12
1105,276,0,20,17,20,18,22,18,False,False,False,0.019769728183746338,other,3
1106,276,1,20,1,20,22,18,1,False,False,False,0.017948806285858154,other,19
1107,276,1,23,15,23,18,22,6,False,False,False,0.039038777351379395,other,8
1108,277,0,12,0,12,38,14,0,False,False,False,0.021695522591471672,other,12
1109,277,0,44,44,44,14,38,33,True,True,False,0.007210899144411087,correct,0
1110,277,1,44,44,44,38,14,14,True,True,False,0.007022520061582327,correct,0
1111,277,1,12,28,12,14,38,14,False,False,False,0.021674152463674545,other,16
1112,278,0,41,41,41,7,39,15,True,True,False,0.044232986867427826,correct,0
1113,278,0,22,31,22,39,7,1,False,False,False,0.03526010736823082,other,9
1114,278,1,22,31,22,7,39,9,False,False,False,0.03020813688635826,other,9
1115,278,1,41,41,41,39,7,26,True,True,False,0.04886314272880554,correct,0
1116,279,0,8,8,8,14,16,23,True,True,False,0.013529548421502113,correct,0
1117,279,0,2,2,2,16,14,14,True,True,False,0.021612726151943207,correct,0
1118,279,1,2,43,2,14,16,25,False,False,False,0.02201489917933941,other,41
1119,279,1,8,8,8,16,14,15,True,True,False,0.013274476863443851,correct,0
1120,280,0,29,10,29,36,27,31,False,False,False,0.03254638984799385,other,19
1121,280,0,21,43,21,27,36,38,False,False,False,0.028671573847532272,other,22
1122,280,1,21,3,21,36,27,24,False,False,False,0.025267429649829865,other,18
1123,280,1,29,17,29,27,36,11,False,False,False,0.03428858518600464,other,12
1124,281,0,5,5,5,30,29,16,True,True,False,0.013223910704255104,correct,0
1125,281,0,48,17,48,29,30,6,False,False,False,0.042366351932287216,other,31
1126,281,1,48,40,48,30,29,7,False,False,False,0.05069991573691368,other,8
1127,281,1,5,5,5,29,30,6,True,True,False,0.011291715316474438,correct,0
1128,282,0,41,41,41,17,37,0,True,True,False,0.0614091232419014,correct,0
1129,282,0,14,24,14,37,17,14,False,False,False,0.01820245385169983,other,10
1130,282,1,14,35,14,17,37,20,False,False,False,0.01615537889301777,other,21
1131,282,1,41,41,41,37,17,0,True,True,False,0.05298125743865967,correct,0
1132,283,0,1,1,1,18,14,15,True,True,False,0.01322502363473177,correct,0
1133,283,0,46,4,46,14,18,14,False,False,False,0.027525605633854866,other,42
1134,283,1,46,46,46,18,14,24,True,True,False,0.02533680573105812,correct,0
1135,283,1,1,4,1,14,18,14,False,False,False,0.013157689943909645,other,3
1136,284,0,24,24,24,14,24,16,True,True,False,0.02782345376908779,correct,0
1137,284,0,13,8,13,24,14,0,False,False,False,0.10043579339981079,other,5
1138,284,1,13,13,13,14,24,15,True,True,False,0.1022481620311737,correct,0
1139,284,1,24,35,24,24,14,14,False,False,False,0.022006837651133537,other,11
1140,285,0,40,18,40,14,12,14,False,False,False,0.010615179315209389,other,22
1141,285,0,14,24,14,12,14,5,False,False,False,0.02340649627149105,other,10
1142,285,1,14,24,14,14,12,23,False,False,False,0.023544374853372574,other,10
1143,285,1,40,40,40,12,14,21,True,True,False,0.01079206820577383,correct,0
1144,286,0,9,38,9,26,36,21,False,False,False,0.015981430187821388,other,29
1145,286,0,3,3,3,36,26,36,True,True,False,0.040279656648635864,correct,0
1146,286,1,3,43,3,26,36,12,False,False,False,0.04205481708049774,other,40
1147,286,1,9,38,9,36,26,4,False,False,False,0.01996377483010292,other,29
1148,287,0,23,45,23,7,0,20,False,False,False,0.049501895904541016,other,22
1149,287,0,38,3,38,0,7,0,False,False,False,0.01540996041148901,other,35
1150,287,1,38,33,38,7,0,16,False,False,False,0.01067210454493761,other,5
1151,287,1,23,15,23,0,7,15,False,False,False,0.05574047565460205,other,8
1152,288,0,35,35,35,18,24,15,True,True,False,0.028811829164624214,correct,0
1153,288,0,6,1,6,24,18,2,False,False,False,0.0749124214053154,other,5
1154,288,1,6,6,6,18,24,6,True,True,False,0.06297329068183899,correct,0
1155,288,1,35,2,35,24,18,18,False,False,False,0.02262815460562706,other,33
1156,289,0,43,3,43,16,15,28,False,False,False,0.016597522422671318,other,40
1157,289,0,4,44,4,15,16,0,False,False,False,0.010807827115058899,other,40
1158,289,1,4,35,4,16,15,25,False,False,False,0.010037959553301334,other,31
1159,289,1,43,43,43,15,16,28,True,True,False,0.018492689356207848,correct,0
1160,290,0,37,0,37,6,7,6,False,False,False,0.013625790365040302,other,37
1161,290,0,39,43,39,7,6,17,False,False,False,0.02835364080965519,other,4
1162,290,1,39,39,39,6,7,6,True,True,False,0.03106781281530857,correct,0
1163,290,1,37,43,37,7,6,7,False,False,False,0.01709791272878647,other,6
1164,291,0,7,7,7,18,0,4,True,True,False,0.010589566081762314,correct,0
1165,291,0,20,46,20,0,18,23,False,False,False,0.04969512298703194,other,26
1166,291,1,20,18,20,18,0,18,False,False,False,0.04994107782840729,other,2
1167,291,1,7,7,7,0,18,7,True,True,False,0.011936774477362633,correct,0
1168,292,0,28,29,28,9,2,0,False,False,True,0.03161633387207985,off_by_one,1
1169,292,0,18,1,18,2,9,7,False,False,False,0.0667617917060852,other,17
1170,292,1,18,18,18,9,2,7,True,True,False,0.06890615820884705,correct,0
1171,292,1,28,28,28,2,9,20,True,True,False,0.032614707946777344,correct,0
1172,293,0,30,30,30,6,18,10,True,True,False,0.07390173524618149,correct,0
1173,293,0,48,24,48,18,6,4,False,False,False,0.03254156559705734,other,24
1174,293,1,48,27,48,6,18,6,False,False,False,0.03508329764008522,other,21
1175,293,1,30,1,30,18,6,14,False,False,False,0.08103817701339722,other,29
1176,294,0,46,17,46,7,22,0,False,False,False,0.028072576969861984,other,29
1177,294,0,11,1,11,22,7,1,False,False,False,0.013203619047999382,other,10
1178,294,1,11,11,11,7,22,20,True,True,False,0.014959166757762432,correct,0
1179,294,1,46,46,46,22,7,26,True,True,False,0.0280122309923172,correct,0
1180,295,0,20,47,20,16,19,16,False,False,False,0.048838257789611816,other,27
1181,295,0,35,24,35,19,16,36,False,False,False,0.017956934869289398,other,11
1182,295,1,35,35,35,16,19,16,True,True,False,0.019549202173948288,correct,0
1183,295,1,20,0,20,19,16,24,False,False,False,0.053648266941308975,other,20
1184,296,0,3,3,3,7,13,7,True,True,False,0.006135613191872835,correct,0
1185,296,0,16,15,16,13,7,0,False,False,True,0.03313836827874184,off_by_one,1
1186,296,1,16,16,16,7,13,1,True,True,False,0.030129000544548035,correct,0
1187,296,1,3,2,3,13,7,13,False,False,True,0.006472834851592779,off_by_one,1
1188,297,0,45,45,45,15,36,7,True,True,False,0.014111804775893688,correct,0
1189,297,0,44,44,44,36,15,21,True,True,False,0.008800341747701168,correct,0
1190,297,1,44,44,44,15,36,14,True,True,False,0.012916718609631062,correct,0
1191,297,1,45,44,45,36,15,36,False,False,True,0.014351539313793182,off_by_one,1
1192,298,0,36,15,36,24,7,31,False,False,False,0.05947551876306534,other,21
1193,298,0,8,15,8,7,24,7,False,False,False,0.07562606036663055,other,7
1194,298,1,8,8,8,24,7,2,True,True,False,0.08441480249166489,correct,0
1195,298,1,36,3,36,7,24,7,False,False,False,0.057090554386377335,other,33
1196,299,0,34,7,34,14,15,37,False,False,False,0.05007968097925186,other,27
1197,299,0,43,3,43,15,14,7,False,False,False,0.007892862893640995,other,40
1198,299,1,43,43,43,14,15,16,True,True,False,0.0056518386118113995,correct,0
1199,299,1,34,34,34,15,14,0,True,True,False,0.08492271602153778,correct,0
1200,300,0,29,11,29,27,0,27,False,False,False,0.03141417354345322,other,18
1201,300,0,12,10,12,0,27,0,False,False,False,0.008449329994618893,other,2
1202,300,1,12,17,12,27,0,11,False,False,False,0.008269812911748886,other,5
1203,300,1,29,35,29,0,27,23,False,False,False,0.029337864369153976,other,6
1204,301,0,1,1,1,18,24,6,True,True,False,0.07026301324367523,correct,0
1205,301,0,15,15,15,24,18,0,True,True,False,0.049418855458498,correct,0
1206,301,1,15,15,15,18,24,0,True,True,False,0.048191554844379425,correct,0
1207,301,1,1,28,1,24,18,7,False,False,False,0.07154127210378647,other,27
1208,302,0,17,17,17,7,20,7,True,True,False,0.015008159913122654,correct,0
1209,302,0,37,2,37,20,7,7,False,False,False,0.0034163352102041245,other,35
1210,302,1,37,17,37,7,20,7,False,False,False,0.003345667151734233,other,20
1211,302,1,17,0,17,20,7,7,False,False,False,0.01903848722577095,other,17
1212,303,0,2,0,2,7,6,7,False,False,False,0.0502462275326252,other,2
1213,303,0,30,31,30,6,7,6,False,False,True,0.04479925334453583,off_by_one,1
1214,303,1,30,30,30,7,6,6,True,True,False,0.04905286803841591,correct,0
1215,303,1,2,43,2,6,7,18,False,False,False,0.053571540862321854,other,41
1216,304,0,40,2,40,0,23,23,False,False,False,0.23615038394927979,other,38
1217,304,0,24,44,24,23,0,28,False,False,False,0.006628289818763733,other,20
1218,304,1,24,24,24,0,23,7,True,True,False,0.008724032901227474,correct,0
1219,304,1,40,8,40,23,0,7,False,False,False,0.17222005128860474,other,32
1220,305,0,12,1,12,19,15,7,False,False,False,0.02406693808734417,other,11
1221,305,0,33,1,33,15,19,0,False,False,False,0.010225166566669941,other,32
1222,305,1,33,17,33,19,15,15,False,False,False,0.009389979764819145,other,16
1223,305,1,12,12,12,15,19,14,True,True,False,0.02945554442703724,correct,0
1224,306,0,48,31,48,15,18,15,False,False,False,0.041064728051424026,other,17
1225,306,0,14,14,14,18,15,36,True,True,False,0.0322151742875576,correct,0
1226,306,1,14,14,14,15,18,0,True,True,False,0.030071474611759186,correct,0
1227,306,1,48,2,48,18,15,18,False,False,False,0.04163992404937744,other,46
1228,307,0,24,35,24,6,2,6,False,False,False,0.03196676820516586,other,11
1229,307,0,17,17,17,2,6,12,True,True,False,0.06582207977771759,correct,0
1230,307,1,17,17,17,6,2,7,True,True,False,0.062124110758304596,correct,0
1231,307,1,24,1,24,2,6,12,False,False,False,0.026358554139733315,other,23
1232,308,0,34,34,34,15,14,16,True,True,False,0.013516103848814964,correct,0
1233,308,0,40,24,40,14,15,27,False,False,False,0.05342213809490204,other,16
1234,308,1,40,40,40,15,14,15,True,True,False,0.05456932634115219,correct,0
1235,308,1,34,34,34,14,15,27,True,True,False,0.017390042543411255,correct,0
1236,309,0,22,43,22,15,20,18,False,False,False,0.005520979408174753,other,21
1237,309,0,34,34,34,20,15,20,True,True,False,0.023017413914203644,correct,0
1238,309,1,34,34,34,15,20,21,True,True,False,0.018828488886356354,correct,0
1239,309,1,22,30,22,20,15,7,False,False,False,0.004823943600058556,other,8
1240,310,0,15,16,15,27,0,23,False,False,True,0.06851371377706528,off_by_one,1
1241,310,0,20,46,20,0,27,23,False,False,False,0.033836785703897476,other,26
1242,310,1,20,31,20,27,0,27,False,False,False,0.03835568577051163,other,11
1243,310,1,15,15,15,0,27,23,True,True,False,0.06020476669073105,correct,0
1244,311,0,41,41,41,17,18,32,True,True,False,0.029509548097848892,correct,0
1245,311,0,43,43,43,18,17,18,True,True,False,0.04340318217873573,correct,0
1246,311,1,43,0,43,17,18,17,False,False,False,0.03873588517308235,other,43
1247,311,1,41,41,41,18,17,6,True,True,False,0.030527060851454735,correct,0
1248,312,0,13,0,13,20,24,17,False,False,False,0.026362081989645958,other,13
1249,312,0,6,45,6,24,20,17,False,False,False,0.03342055156826973,other,39
1250,312,1,6,31,6,20,24,0,False,False,False,0.029976796358823776,other,25
1251,312,1,13,17,13,24,20,38,False,False,False,0.03210063651204109,other,4
1252,313,0,32,46,32,30,28,7,False,False,False,0.03442615643143654,other,14
1253,313,0,16,15,16,28,30,37,False,False,True,0.04417700320482254,off_by_one,1
1254,313,1,16,16,16,30,28,39,True,True,False,0.04526735842227936,correct,0
1255,313,1,32,12,32,28,30,28,False,False,False,0.029751067981123924,other,20
1256,314,0,4,15,4,16,15,14,False,False,False,0.022042833268642426,other,11
1257,314,0,21,31,21,15,16,16,False,False,False,0.0236355047672987,other,10
1258,314,1,21,31,21,16,15,16,False,False,False,0.01727733202278614,other,10
1259,314,1,4,35,4,15,16,31,False,False,False,0.032266732305288315,other,31
1260,315,0,2,2,2,19,2,30,True,True,False,0.05023856461048126,correct,0
1261,315,0,43,43,43,2,19,7,True,True,False,0.02057138830423355,correct,0
1262,315,1,43,0,43,19,2,21,False,False,False,0.016845248639583588,other,43
1263,315,1,2,0,2,2,19,7,False,False,False,0.04725053533911705,other,2
1264,316,0,40,40,40,6,38,18,True,True,False,0.031830355525016785,correct,0
1265,316,0,41,35,41,38,6,0,False,False,False,0.045055411756038666,other,6
1266,316,1,41,41,41,6,38,4,True,True,False,0.041277315467596054,correct,0
1267,316,1,40,17,40,38,6,14,False,False,False,0.02835671789944172,other,23
1268,317,0,16,15,16,17,26,14,False,False,True,0.04086071997880936,off_by_one,1
1269,317,0,10,28,10,26,17,18,False,False,False,0.007445255760103464,other,18
1270,317,1,10,12,10,17,26,15,False,False,False,0.008313380181789398,other,2
1271,317,1,16,5,16,26,17,24,False,False,False,0.04401563107967377,other,11
1272,318,0,33,17,33,23,0,23,False,False,False,0.014991609379649162,other,16
1273,318,0,28,1,28,0,23,16,False,False,False,0.005694758612662554,other,27
1274,318,1,28,17,28,23,0,0,False,False,False,0.007700781803578138,other,11
1275,318,1,33,38,33,0,23,16,False,False,False,0.011323382146656513,other,5
1276,319,0,6,45,6,2,16,24,False,False,False,0.10371865332126617,other,39
1277,319,0,26,23,26,16,2,16,False,False,False,0.05429407209157944,other,3
1278,319,1,26,24,26,2,16,24,False,False,False,0.040957141667604446,other,2
1279,319,1,6,21,6,16,2,14,False,False,False,0.09708444774150848,other,15
1280,320,0,28,35,28,22,7,21,False,False,False,0.021071232855319977,other,7
1281,320,0,43,17,43,7,22,7,False,False,False,0.039236750453710556,other,26
1282,320,1,43,43,43,22,7,24,True,True,False,0.03823572024703026,correct,0
1283,320,1,28,28,28,7,22,15,True,True,False,0.020669331774115562,correct,0
1284,321,0,6,3,6,15,14,0,False,False,False,0.014103653840720654,other,3
1285,321,0,31,31,31,14,15,16,True,True,False,0.05688058212399483,correct,0
1286,321,1,31,22,31,15,14,15,False,False,False,0.05369493365287781,other,9
1287,321,1,6,6,6,14,15,14,True,True,False,0.01243165135383606,correct,0
1288,322,0,34,34,34,16,17,0,True,True,False,0.019529113546013832,correct,0
1289,322,0,20,45,20,17,16,17,False,False,False,0.03355327993631363,other,25
1290,322,1,20,3,20,16,17,16,False,False,False,0.042044803500175476,other,17
1291,322,1,34,46,34,17,16,0,False,False,False,0.017371421679854393,other,12
1292,323,0,46,28,46,37,0,14,False,False,False,0.04462124779820442,other,18
1293,323,0,23,15,23,0,37,14,False,False,False,0.03510016202926636,other,8
1294,323,1,23,35,23,37,0,14,False,False,False,0.036026280373334885,other,12
1295,323,1,46,2,46,0,37,0,False,False,False,0.0438237227499485,other,44
1296,324,0,33,31,33,6,18,7,False,False,False,0.0513448603451252,other,2
1297,324,0,38,17,38,18,6,4,False,False,False,0.01505901850759983,other,21
1298,324,1,38,38,38,6,18,6,True,True,False,0.01625228300690651,correct,0
1299,324,1,33,28,33,18,6,14,False,False,False,0.05102475732564926,other,5
1300,325,0,18,4,18,32,18,7,False,False,False,0.012015383690595627,other,14
1301,325,0,14,4,14,18,32,18,False,False,False,0.016088686883449554,other,10
1302,325,1,14,14,14,32,18,20,True,True,False,0.018373357132077217,correct,0
1303,325,1,18,3,18,18,32,15,False,False,False,0.013165568001568317,other,15
1304,326,0,38,17,38,36,26,36,False,False,False,0.027293676510453224,other,21
1305,326,0,9,38,9,26,36,6,False,False,False,0.004158672410994768,other,29
1306,326,1,9,33,9,36,26,15,False,False,False,0.005164968315511942,other,24
1307,326,1,38,44,38,26,36,21,False,False,False,0.02668025903403759,other,6
1308,327,0,43,27,43,18,1,10,False,False,False,0.009289000183343887,other,16
1309,327,0,28,2,28,1,18,15,False,False,False,0.022031214088201523,other,26
1310,327,1,28,28,28,18,1,18,True,True,False,0.019474569708108902,correct,0
1311,327,1,43,4,43,1,18,17,False,False,False,0.009179232642054558,other,39
1312,328,0,32,35,32,14,6,27,False,False,False,0.022847183048725128,other,3
1313,328,0,10,10,10,6,14,6,True,True,False,0.04905162379145622,correct,0
1314,328,1,10,28,10,14,6,14,False,False,False,0.054813090711832047,other,18
1315,328,1,32,32,32,6,14,24,True,True,False,0.01857907325029373,correct,0
1316,329,0,8,8,8,6,0,6,True,True,False,0.05659264326095581,correct,0
1317,329,0,33,32,33,0,6,15,False,False,True,0.05901404842734337,off_by_one,1
1318,329,1,33,31,33,6,0,6,False,False,False,0.05467505753040314,other,2
1319,329,1,8,8,8,0,6,14,True,True,False,0.05638710781931877,correct,0
1320,330,0,37,0,37,0,3,0,False,False,False,0.013295924291014671,other,37
1321,330,0,42,42,42,3,0,6,True,True,False,0.11686721444129944,correct,0
1322,330,1,42,42,42,0,3,17,True,True,False,0.10425518453121185,correct,0
1323,330,1,37,0,37,3,0,18,False,False,False,0.01437706034630537,other,37
1324,331,0,9,17,9,2,19,6,False,False,False,0.00904313288629055,other,8
1325,331,0,41,41,41,19,2,21,True,True,False,0.0683981329202652,correct,0
1326,331,1,41,41,41,2,19,20,True,True,False,0.07525616139173508,correct,0
1327,331,1,9,3,9,19,2,4,False,False,False,0.007943437434732914,other,6
1328,332,0,44,44,44,18,14,18,True,True,False,0.014002005569636822,correct,0
1329,332,0,36,36,36,14,18,14,True,True,False,0.006821301765739918,correct,0
1330,332,1,36,43,36,18,14,18,False,False,False,0.005774892400950193,other,7
1331,332,1,44,0,44,14,18,27,False,False,False,0.01576898619532585,other,44
1332,333,0,41,41,41,24,14,24,True,True,False,0.03144843876361847,correct,0
1333,333,0,19,3,19,14,24,14,False,False,False,0.05868556350469589,other,16
1334,333,1,19,43,19,24,14,18,False,False,False,0.05234815180301666,other,24
1335,333,1,41,41,41,14,24,15,True,True,False,0.041972070932388306,correct,0
1336,334,0,25,35,25,15,17,15,False,False,False,0.022625528275966644,other,10
1337,334,0,8,8,8,17,15,14,True,True,False,0.10587986558675766,correct,0
1338,334,1,8,8,8,15,17,15,True,True,False,0.10628202557563782,correct,0
1339,334,1,25,35,25,17,15,23,False,False,False,0.02369612082839012,other,10
1340,335,0,44,44,44,7,19,20,True,True,False,0.026778586208820343,correct,0
1341,335,0,28,27,28,19,7,21,False,False,True,0.010191572830080986,off_by_one,1
1342,335,1,28,28,28,7,19,34,True,True,False,0.016049152240157127,correct,0
1343,335,1,44,44,44,19,7,7,True,True,False,0.01916125975549221,correct,0
1344,336,0,43,43,43,8,11,26,True,True,False,0.03887823969125748,correct,0
1345,336,0,25,31,25,11,8,14,False,False,False,0.04252135753631592,other,6
1346,336,1,25,35,25,8,11,4,False,False,False,0.045694682747125626,other,10
1347,336,1,43,43,43,11,8,11,True,True,False,0.03935260325670242,correct,0
1348,337,0,36,17,36,7,39,7,False,False,False,0.004168202169239521,other,19
1349,337,0,37,43,37,39,7,36,False,False,False,0.0038803648203611374,other,6
1350,337,1,37,17,37,7,39,36,False,False,False,0.0042191981337964535,other,20
1351,337,1,36,17,36,39,7,2,False,False,False,0.004047164227813482,other,19
1352,338,0,8,8,8,24,15,7,True,True,False,0.013382800854742527,correct,0
1353,338,0,32,32,32,15,24,14,True,True,False,0.014072063378989697,correct,0
1354,338,1,32,12,32,24,15,27,False,False,False,0.01666133850812912,other,20
1355,338,1,8,8,8,15,24,7,True,True,False,0.011768757365643978,correct,0
1356,339,0,7,7,7,7,0,21,True,True,False,0.04330093413591385,correct,0
1357,339,0,32,0,32,0,7,0,False,False,False,0.05067024379968643,other,32
1358,339,1,32,31,32,7,0,15,False,False,True,0.04908342286944389,off_by_one,1
1359,339,1,7,7,7,0,7,0,True,True,False,0.048437003046274185,correct,0
1360,340,0,44,44,44,17,6,14,True,True,False,0.05894966796040535,correct,0
1361,340,0,3,0,3,6,17,6,False,False,False,0.05768521502614021,other,3
1362,340,1,3,2,3,17,6,17,False,False,True,0.06227816268801689,off_by_one,1
1363,340,1,44,44,44,6,17,2,True,True,False,0.060125187039375305,correct,0
1364,341,0,44,44,44,6,12,6,True,True,False,0.018691230565309525,correct,0
1365,341,0,1,0,1,12,6,6,False,False,True,0.01989205926656723,off_by_one,1
1366,341,1,1,1,1,6,12,6,True,True,False,0.01905917562544346,correct,0
1367,341,1,44,44,44,12,6,26,True,True,False,0.016313942149281502,correct,0
1368,342,0,38,1,38,6,16,8,False,False,False,0.009553033858537674,other,37
1369,342,0,37,43,37,16,6,28,False,False,False,0.028150564059615135,other,6
1370,342,1,37,24,37,6,16,6,False,False,False,0.026260659098625183,other,13
1371,342,1,38,38,38,16,6,14,True,True,False,0.00986974686384201,correct,0
1372,343,0,9,1,9,14,16,14,False,False,False,0.012256200425326824,other,8
1373,343,0,20,18,20,16,14,28,False,False,False,0.04665545001626015,other,2
1374,343,1,20,3,20,14,16,28,False,False,False,0.046853207051754,other,17
1375,343,1,9,27,9,16,14,28,False,False,False,0.013669900596141815,other,18
1376,344,0,37,2,37,6,7,6,False,False,False,0.020725034177303314,other,35
1377,344,0,25,35,25,7,6,7,False,False,False,0.015023867599666119,other,10
1378,344,1,25,24,25,6,7,15,False,False,True,0.012468037195503712,off_by_one,1
1379,344,1,37,37,37,7,6,17,True,True,False,0.017689738422632217,correct,0
1380,345,0,42,42,42,24,6,26,True,True,False,0.5591872930526733,correct,0
1381,345,0,46,0,46,6,24,17,False,False,False,0.04936346411705017,other,46
1382,345,1,46,45,46,24,6,35,False,False,True,0.05313689261674881,off_by_one,1
1383,345,1,42,42,42,6,24,16,True,True,False,0.5423861742019653,correct,0
1384,346,0,43,43,43,14,36,14,True,True,False,0.014556733891367912,correct,0
1385,346,0,25,15,25,36,14,15,False,False,False,0.00917936209589243,other,10
1386,346,1,25,35,25,14,36,31,False,False,False,0.008229242637753487,other,10
1387,346,1,43,2,43,36,14,4,False,False,False,0.014311223290860653,other,41
1388,347,0,9,33,9,26,7,26,False,False,False,0.031329039484262466,other,24
1389,347,0,15,15,15,7,26,7,True,True,False,0.08060184121131897,correct,0
1390,347,1,15,5,15,26,7,21,False,False,False,0.07747536152601242,other,10
1391,347,1,9,31,9,7,26,7,False,False,False,0.033131226897239685,other,22
1392,348,0,26,26,26,7,1,17,True,True,False,0.03263596072793007,correct,0
1393,348,0,0,0,0,1,7,0,True,True,False,0.03393269330263138,correct,0
1394,348,1,0,43,0,7,1,20,False,False,False,0.03182850033044815,other,43
1395,348,1,26,35,26,1,7,16,False,False,False,0.04478269815444946,other,9
1396,349,0,10,17,10,7,14,0,False,False,False,0.03424093872308731,other,7
1397,349,0,7,7,7,14,7,31,True,True,False,0.09554462134838104,correct,0
1398,349,1,7,32,7,7,14,16,False,False,False,0.07818171381950378,other,25
1399,349,1,10,29,10,14,7,14,False,False,False,0.03424183279275894,other,19
1400,350,0,45,45,45,22,15,8,True,True,False,0.019080238416790962,correct,0
1401,350,0,23,15,23,15,22,20,False,False,False,0.030683737248182297,other,8
1402,350,1,23,24,23,22,15,6,False,False,True,0.03221248462796211,off_by_one,1
1403,350,1,45,24,45,15,22,15,False,False,False,0.021376345306634903,other,21
1404,351,0,28,28,28,7,15,14,True,True,False,0.03540078550577164,correct,0
1405,351,0,33,38,33,15,7,21,False,False,False,0.029791967943310738,other,5
1406,351,1,33,28,33,7,15,18,False,False,False,0.0325143039226532,other,5
1407,351,1,28,28,28,15,7,21,True,True,False,0.035418108105659485,correct,0
1408,352,0,40,24,40,16,27,14,False,False,False,0.035335056483745575,other,16
1409,352,0,24,24,24,27,16,0,True,True,False,0.020273637026548386,correct,0
1410,352,1,24,45,24,16,27,14,False,False,False,0.023237967863678932,other,21
1411,352,1,40,24,40,27,16,14,False,False,False,0.03756025806069374,other,16
1412,353,0,29,35,29,6,24,6,False,False,False,0.022293878719210625,other,6
1413,353,0,6,40,6,24,6,7,False,False,False,0.13133201003074646,other,34
1414,353,1,6,41,6,6,24,8,False,False,False,0.1157088503241539,other,35
1415,353,1,29,24,29,24,6,18,False,False,False,0.022160165011882782,other,5
1416,354,0,15,15,15,6,26,6,True,True,False,0.051494669169187546,correct,0
1417,354,0,3,43,3,26,6,26,False,False,False,0.04630615562200546,other,40
1418,354,1,3,43,3,6,26,6,False,False,False,0.04361981153488159,other,40
1419,354,1,15,5,15,26,6,24,False,False,False,0.05153247341513634,other,10
1420,355,0,23,41,23,6,24,6,False,False,False,0.021891504526138306,other,18
1421,355,0,32,24,32,24,6,37,False,False,False,0.048392992466688156,other,8
1422,355,1,32,2,32,6,24,2,False,False,False,0.04646274819970131,other,30
1423,355,1,23,45,23,24,6,38,False,False,False,0.023294972255825996,other,22
1424,356,0,23,15,23,2,7,6,False,False,False,0.03473267704248428,other,8
1425,356,0,18,3,18,7,2,7,False,False,False,0.0494091659784317,other,15
1426,356,1,18,18,18,2,7,18,True,True,False,0.05014651641249657,correct,0
1427,356,1,23,23,23,7,2,36,True,True,False,0.03513318672776222,correct,0
1428,357,0,47,7,47,36,24,0,False,False,False,0.05614425614476204,other,40
1429,357,0,9,43,9,24,36,24,False,False,False,0.010169086046516895,other,34
1430,357,1,9,28,9,36,24,30,False,False,False,0.011873001232743263,other,19
1431,357,1,47,10,47,24,36,1,False,False,False,0.05553073063492775,other,37
1432,358,0,29,29,29,24,14,31,True,True,False,0.009777851402759552,correct,0
1433,358,0,14,14,14,14,24,15,True,True,False,0.037227194756269455,correct,0
1434,358,1,14,17,14,24,14,14,False,False,False,0.036277513951063156,other,3
1435,358,1,29,35,29,14,24,14,False,False,False,0.015183178707957268,other,6
1436,359,0,37,1,37,14,16,17,False,False,False,0.03882352262735367,other,36
1437,359,0,17,17,17,16,14,16,True,True,False,0.023199517279863358,correct,0
1438,359,1,17,18,17,14,16,16,False,False,True,0.02166696824133396,off_by_one,1
1439,359,1,37,18,37,16,14,16,False,False,False,0.03782116621732712,other,19
1440,360,0,39,31,39,16,6,14,False,False,False,0.05362861603498459,other,8
1441,360,0,36,1,36,6,16,21,False,False,False,0.044226162135601044,other,35
1442,360,1,36,17,36,16,6,16,False,False,False,0.044549718499183655,other,19
1443,360,1,39,17,39,6,16,6,False,False,False,0.053099315613508224,other,22
1444,361,0,34,34,34,27,7,14,True,True,False,0.015386606566607952,correct,0
1445,361,0,32,10,32,7,27,27,False,False,False,0.04750540480017662,other,22
1446,361,1,32,46,32,27,7,14,False,False,False,0.048808541148900986,other,14
1447,361,1,34,34,34,7,27,0,True,True,False,0.022877313196659088,correct,0
1448,362,0,9,31,9,18,6,1,False,False,False,0.08355500549077988,other,22
1449,362,0,18,3,18,6,18,6,False,False,False,0.07035599648952484,other,15
1450,362,1,18,18,18,18,6,15,True,True,False,0.07620224356651306,correct,0
1451,362,1,9,31,9,6,18,18,False,False,False,0.08301091194152832,other,22
1452,363,0,32,32,32,36,14,6,True,True,False,0.11885562539100647,correct,0
1453,363,0,22,16,22,14,36,7,False,False,False,0.15573644638061523,other,6
1454,363,1,22,30,22,36,14,6,False,False,False,0.18274320662021637,other,8
1455,363,1,32,31,32,14,36,37,False,False,True,0.1221187487244606,off_by_one,1
1456,364,0,12,28,12,6,24,6,False,False,False,0.05328387767076492,other,16
1457,364,0,32,27,32,24,6,24,False,False,False,0.023297088220715523,other,5
1458,364,1,32,32,32,6,24,24,True,True,False,0.02627260982990265,correct,0
1459,364,1,12,24,12,24,6,18,False,False,False,0.05662474408745766,other,12
1460,365,0,2,0,2,7,14,6,False,False,False,0.056821878999471664,other,2
1461,365,0,41,41,41,14,7,17,True,True,False,0.24630366265773773,correct,0
1462,365,1,41,41,41,7,14,15,True,True,False,0.23265515267848969,correct,0
1463,365,1,2,2,2,14,7,0,True,True,False,0.05780784785747528,correct,0
1464,366,0,8,8,8,24,6,7,True,True,False,0.03215988725423813,correct,0
1465,366,0,31,31,31,6,24,6,True,True,False,0.016224421560764313,correct,0
1466,366,1,31,31,31,24,6,20,True,True,False,0.014131397940218449,correct,0
1467,366,1,8,8,8,6,24,7,True,True,False,0.041255079209804535,correct,0
1468,367,0,28,28,28,6,18,6,True,True,False,0.03562077879905701,correct,0
1469,367,0,31,31,31,18,6,18,True,True,False,0.08721678704023361,correct,0
1470,367,1,31,31,31,6,18,6,True,True,False,0.08935187757015228,correct,0
1471,367,1,28,27,28,18,6,24,False,False,True,0.037711251527071,off_by_one,1
1472,368,0,27,17,27,18,24,21,False,False,False,0.024690382182598114,other,10
1473,368,0,23,24,23,24,18,4,False,False,True,0.05678711086511612,off_by_one,1
1474,368,1,23,41,23,18,24,18,False,False,False,0.05895073711872101,other,18
1475,368,1,27,24,27,24,18,24,False,False,False,0.03189300000667572,other,3
1476,369,0,30,4,30,14,7,14,False,False,False,0.06427605450153351,other,26
1477,369,0,0,0,0,7,14,16,True,True,False,0.06479978561401367,correct,0
1478,369,1,0,0,0,14,7,0,True,True,False,0.06797075271606445,correct,0
1479,369,1,30,15,30,7,14,7,False,False,False,0.06462876498699188,other,15
1480,370,0,4,35,4,26,16,18,False,False,False,0.037473443895578384,other,31
1481,370,0,36,17,36,16,26,16,False,False,False,0.04406683146953583,other,19
1482,370,1,36,36,36,26,16,6,True,True,False,0.04501209035515785,correct,0
1483,370,1,4,45,4,16,26,16,False,False,False,0.03515753149986267,other,41
1484,371,0,36,28,36,6,14,18,False,False,False,0.022640228271484375,other,8
1485,371,0,11,1,11,14,6,15,False,False,False,0.05342240631580353,other,10
1486,371,1,11,15,11,6,14,16,False,False,False,0.04780265688896179,other,4
1487,371,1,36,1,36,14,6,15,False,False,False,0.022939376533031464,other,35
1488,372,0,2,0,2,9,15,23,False,False,False,0.033238813281059265,other,2
1489,372,0,16,16,16,15,9,15,True,True,False,0.06405434012413025,correct,0
1490,372,1,16,15,16,9,15,9,False,False,True,0.06922560185194016,off_by_one,1
1491,372,1,2,0,2,15,9,1,False,False,False,0.035322677344083786,other,2
1492,373,0,46,17,46,24,15,9,False,False,False,0.03285888582468033,other,29
1493,373,0,20,18,20,15,24,16,False,False,False,0.017041778191924095,other,2
1494,373,1,20,32,20,24,15,18,False,False,False,0.015728535130620003,other,12
1495,373,1,46,43,46,15,24,14,False,False,False,0.028915338218212128,other,3
1496,374,0,48,3,48,12,16,21,False,False,False,0.021562274545431137,other,45
1497,374,0,36,3,36,16,12,23,False,False,False,0.009229404851794243,other,33
1498,374,1,36,36,36,12,16,30,True,True,False,0.010016357526183128,correct,0
1499,374,1,48,2,48,16,12,16,False,False,False,0.023364221677184105,other,46
1500,375,0,9,17,9,0,16,14,False,False,False,0.03250977396965027,other,8
1501,375,0,36,31,36,16,0,16,False,False,False,0.013483810238540173,other,5
1502,375,1,36,44,36,0,16,21,False,False,False,0.015182377770543098,other,8
1503,375,1,9,17,9,16,0,16,False,False,False,0.03777104616165161,other,8
1504,376,0,2,0,2,16,6,14,False,False,False,0.024557609111070633,other,2
1505,376,0,16,24,16,6,16,24,False,False,False,0.10847381502389908,other,8
1506,376,1,16,7,16,16,6,16,False,False,False,0.062292519956827164,other,9
1507,376,1,2,40,2,6,16,24,False,False,False,0.022412706166505814,other,38
1508,377,0,34,34,34,8,6,20,True,True,False,0.025104861706495285,correct,0
1509,377,0,10,1,10,6,8,6,False,False,False,0.04187760874629021,other,9
1510,377,1,10,17,10,8,6,7,False,False,False,0.04088966175913811,other,7
1511,377,1,34,34,34,6,8,6,True,True,False,0.027363399043679237,correct,0
1512,378,0,35,0,35,38,39,0,False,False,False,0.04316344112157822,other,35
1513,378,0,36,24,36,39,38,7,False,False,False,0.03453846648335457,other,12
1514,378,1,36,17,36,38,39,14,False,False,False,0.03835125267505646,other,19
1515,378,1,35,24,35,39,38,21,False,False,False,0.04786263406276703,other,11
1516,379,0,24,4,24,1,7,0,False,False,False,0.011574951000511646,other,20
1517,379,0,31,31,31,7,1,36,True,True,False,0.015971504151821136,correct,0
1518,379,1,31,31,31,1,7,7,True,True,False,0.01680104248225689,correct,0
1519,379,1,24,24,24,7,1,0,True,True,False,0.012845869176089764,correct,0
1520,380,0,1,1,1,18,6,16,True,True,False,0.04698875546455383,correct,0
1521,380,0,0,0,0,6,18,26,True,True,False,0.040899284183979034,correct,0
1522,380,1,0,0,0,18,6,17,True,True,False,0.04443502426147461,correct,0
1523,380,1,1,10,1,6,18,18,False,False,False,0.043407101184129715,other,9
1524,381,0,47,47,47,12,6,12,True,True,False,0.03579431399703026,correct,0
1525,381,0,24,24,24,6,12,6,True,True,False,0.010973896831274033,correct,0
1526,381,1,24,24,24,12,6,30,True,True,False,0.010952009819447994,correct,0
1527,381,1,47,47,47,6,12,24,True,True,False,0.030507797375321388,correct,0
1528,382,0,41,41,41,27,15,14,True,True,False,0.07650985568761826,correct,0
1529,382,0,7,7,7,15,27,37,True,True,False,0.02254987321794033,correct,0
1530,382,1,7,7,7,27,15,37,True,True,False,0.019766174256801605,correct,0
1531,382,1,41,41,41,15,27,7,True,True,False,0.07997280359268188,correct,0
1532,383,0,3,43,3,19,2,18,False,False,False,0.06890840828418732,other,40
1533,383,0,40,17,40,2,19,18,False,False,False,0.01083336677402258,other,23
1534,383,1,40,1,40,19,2,21,False,False,False,0.014046878553926945,other,39
1535,383,1,3,3,3,2,19,7,True,True,False,0.06697023659944534,correct,0
1536,384,0,20,3,20,8,6,7,False,False,False,0.04970979690551758,other,17
1537,384,0,10,28,10,6,8,6,False,False,False,0.010929344221949577,other,18
1538,384,1,10,36,10,8,6,4,False,False,False,0.012587611563503742,other,26
1539,384,1,20,46,20,6,8,26,False,False,False,0.04634617269039154,other,26
1540,385,0,8,8,8,6,14,6,True,True,False,0.11303844302892685,correct,0
1541,385,0,17,24,17,14,6,27,False,False,False,0.05201031640172005,other,7
1542,385,1,17,0,17,6,14,14,False,False,False,0.056689441204071045,other,17
1543,385,1,8,8,8,14,6,14,True,True,False,0.11732758581638336,correct,0
1544,386,0,15,15,15,36,27,7,True,True,False,0.053507525473833084,correct,0
1545,386,0,40,40,40,27,36,11,True,True,False,0.015068389475345612,correct,0
1546,386,1,40,46,40,36,27,21,False,False,False,0.01775137521326542,other,6
1547,386,1,15,16,15,27,36,14,False,False,True,0.04509952664375305,off_by_one,1
1548,387,0,38,38,38,6,26,6,True,True,False,0.004941183142364025,correct,0
1549,387,0,37,43,37,26,6,18,False,False,False,0.04793167859315872,other,6
1550,387,1,37,24,37,6,26,6,False,False,False,0.04466867446899414,other,13
1551,387,1,38,1,38,26,6,8,False,False,False,0.005153718404471874,other,37
1552,388,0,5,5,5,6,7,24,True,True,False,0.030597152188420296,correct,0
1553,388,0,38,24,38,7,6,30,False,False,False,0.005675132852047682,other,14
1554,388,1,38,38,38,6,7,22,True,True,False,0.005301317200064659,correct,0
1555,388,1,5,5,5,7,6,25,True,True,False,0.03051319532096386,correct,0
1556,389,0,48,31,48,7,0,20,False,False,False,0.030024271458387375,other,17
1557,389,0,9,11,9,0,7,0,False,False,False,0.011493746191263199,other,2
1558,389,1,9,29,9,7,0,7,False,False,False,0.013515517115592957,other,20
1559,389,1,48,17,48,0,7,17,False,False,False,0.029673036187887192,other,31
1560,390,0,28,38,28,30,6,18,False,False,False,0.1062425896525383,other,10
1561,390,0,43,17,43,6,30,6,False,False,False,0.046367939561605453,other,26
1562,390,1,43,3,43,30,6,6,False,False,False,0.05012454837560654,other,40
1563,390,1,28,40,28,6,30,33,False,False,False,0.09656231105327606,other,12
1564,391,0,14,24,14,16,15,16,False,False,False,0.00868708174675703,other,10
1565,391,0,44,44,44,15,16,0,True,True,False,0.00626405281946063,correct,0
1566,391,1,44,44,44,16,15,0,True,True,False,0.006082477513700724,correct,0
1567,391,1,14,24,14,15,16,15,False,False,False,0.007706057280302048,other,10
1568,392,0,16,42,16,26,17,18,False,False,False,0.08303526788949966,other,26
1569,392,0,14,45,14,17,26,10,False,False,False,0.02435450814664364,other,31
1570,392,1,14,24,14,26,17,30,False,False,False,0.024490924552083015,other,10
1571,392,1,16,7,16,17,26,31,False,False,False,0.062106285244226456,other,9
1572,393,0,38,17,38,7,14,0,False,False,False,0.004333374090492725,other,21
1573,393,0,27,28,27,14,7,14,False,False,True,0.03250352293252945,off_by_one,1
1574,393,1,27,0,27,7,14,14,False,False,False,0.02726895362138748,other,27
1575,393,1,38,38,38,14,7,38,True,True,False,0.004538228735327721,correct,0
1576,394,0,39,17,39,17,26,0,False,False,False,0.023206161335110664,other,22
1577,394,0,43,43,43,26,17,26,True,True,False,0.01642966829240322,correct,0
1578,394,1,43,36,43,17,26,7,False,False,False,0.01613590493798256,other,7
1579,394,1,39,38,39,26,17,18,False,False,True,0.02340502105653286,off_by_one,1
1580,395,0,11,10,11,14,15,14,False,False,True,0.034766364842653275,off_by_one,1
1581,395,0,8,8,8,15,14,14,True,True,False,0.009096354246139526,correct,0
1582,395,1,8,8,8,14,15,38,True,True,False,0.011922428384423256,correct,0
1583,395,1,11,0,11,15,14,14,False,False,False,0.03164175525307655,other,11
1584,396,0,20,17,20,14,6,14,False,False,False,0.04880085587501526,other,3
1585,396,0,37,37,37,6,14,26,True,True,False,0.05178871750831604,correct,0
1586,396,1,37,0,37,14,6,0,False,False,False,0.055197373032569885,other,37
1587,396,1,20,18,20,6,14,6,False,False,False,0.04952658712863922,other,2
1588,397,0,7,7,7,28,14,0,True,True,False,0.00693615572527051,correct,0
1589,397,0,40,43,40,14,28,0,False,False,False,0.02325489930808544,other,3
1590,397,1,40,34,40,28,14,0,False,False,False,0.025124913081526756,other,6
1591,397,1,7,7,7,14,28,0,True,True,False,0.008152619004249573,correct,0
1592,398,0,13,31,13,38,6,14,False,False,False,0.045766256749629974,other,18
1593,398,0,37,0,37,6,38,6,False,False,False,0.011474116705358028,other,37
1594,398,1,37,43,37,38,6,38,False,False,False,0.01720922812819481,other,6
1595,398,1,13,3,13,6,38,2,False,False,False,0.04217175766825676,other,10
1596,399,0,10,12,10,14,26,11,False,False,False,0.0317307710647583,other,2
1597,399,0,15,15,15,26,14,8,True,True,False,0.0680612176656723,correct,0
1598,399,1,15,15,15,14,26,38,True,True,False,0.06378937512636185,correct,0
1599,399,1,10,28,10,26,14,6,False,False,False,0.0303108599036932,other,18
1600,400,0,20,19,20,5,6,7,False,False,True,0.059654247015714645,off_by_one,1
1601,400,0,32,46,32,6,5,7,False,False,False,0.057802774012088776,other,14
1602,400,1,32,24,32,5,6,6,False,False,False,0.054113224148750305,other,8
1603,400,1,20,18,20,6,5,6,False,False,False,0.057604674249887466,other,2
1604,401,0,34,31,34,14,20,23,False,False,False,0.03964466229081154,other,3
1605,401,0,47,44,47,20,14,25,False,False,False,0.03205440193414688,other,3
1606,401,1,47,1,47,14,20,23,False,False,False,0.02819880098104477,other,46
1607,401,1,34,34,34,20,14,20,True,True,False,0.047071751207113266,correct,0
1608,402,0,8,8,8,26,14,7,True,True,False,0.06769178062677383,correct,0
1609,402,0,5,34,5,14,26,14,False,False,False,0.11221455782651901,other,29
1610,402,1,5,5,5,26,14,26,True,True,False,0.11231040954589844,correct,0
1611,402,1,8,8,8,14,26,17,True,True,False,0.0728047788143158,correct,0
1612,403,0,36,1,36,6,2,2,False,False,False,0.03878850117325783,other,35
1613,403,0,9,3,9,2,6,21,False,False,False,0.02168251760303974,other,6
1614,403,1,9,11,9,6,2,18,False,False,False,0.024415209889411926,other,2
1615,403,1,36,1,36,2,6,13,False,False,False,0.04018458351492882,other,35
1616,404,0,28,10,28,15,7,15,False,False,False,0.04691968113183975,other,18
1617,404,0,7,7,7,7,15,7,True,True,False,0.04468618705868721,correct,0
1618,404,1,7,7,7,15,7,17,True,True,False,0.03851909190416336,correct,0
1619,404,1,28,28,28,7,15,0,True,True,False,0.046745892614126205,correct,0
1620,405,0,36,38,36,12,9,30,False,False,False,0.046019237488508224,other,2
1621,405,0,35,35,35,9,12,1,True,True,False,0.036576736718416214,correct,0
1622,405,1,35,24,35,12,9,6,False,False,False,0.038571398705244064,other,11
1623,405,1,36,17,36,9,12,9,False,False,False,0.05163544788956642,other,19
1624,406,0,8,8,8,20,15,7,True,True,False,0.08708801120519638,correct,0
1625,406,0,36,36,36,15,20,7,True,True,False,0.013371849432587624,correct,0
1626,406,1,36,40,36,20,15,7,False,False,False,0.01442052237689495,other,4
1627,406,1,8,8,8,15,20,14,True,True,False,0.08333221077919006,correct,0
1628,407,0,36,4,36,14,18,14,False,False,False,0.0356856994330883,other,32
1629,407,0,32,44,32,18,14,15,False,False,False,0.02488347887992859,other,12
1630,407,1,32,27,32,14,18,0,False,False,False,0.030087672173976898,other,5
1631,407,1,36,3,36,18,14,1,False,False,False,0.03432231768965721,other,33
1632,408,0,26,35,26,12,17,30,False,False,False,0.006827860604971647,other,9
1633,408,0,1,28,1,17,12,14,False,False,False,0.026446672156453133,other,27
1634,408,1,1,0,1,12,17,6,False,False,True,0.029120516031980515,off_by_one,1
1635,408,1,26,35,26,17,12,17,False,False,False,0.01161939837038517,other,9
1636,409,0,27,1,27,15,18,15,False,False,False,0.015266825444996357,other,26
1637,409,0,40,47,40,18,15,21,False,False,False,0.010075198486447334,other,7
1638,409,1,40,36,40,15,18,0,False,False,False,0.011364934034645557,other,4
1639,409,1,27,2,27,18,15,21,False,False,False,0.015936868265271187,other,25
1640,410,0,32,27,32,17,14,15,False,False,False,0.03064015693962574,other,5
1641,410,0,27,0,27,14,17,14,False,False,False,0.015819890424609184,other,27
1642,410,1,27,28,27,17,14,15,False,False,True,0.02231641858816147,off_by_one,1
1643,410,1,32,31,32,14,17,37,False,False,True,0.029602816328406334,off_by_one,1
1644,411,0,7,7,7,7,18,7,True,True,False,0.054231904447078705,correct,0
1645,411,0,1,24,1,18,7,17,False,False,False,0.044380467385053635,other,23
1646,411,1,1,15,1,7,18,7,False,False,False,0.047457750886678696,other,14
1647,411,1,7,47,7,18,7,8,False,False,False,0.05330909788608551,other,40
1648,412,0,39,31,39,16,24,0,False,False,False,0.005847384687513113,other,8
1649,412,0,15,15,15,24,16,38,True,True,False,0.07550013065338135,correct,0
1650,412,1,15,15,15,16,24,0,True,True,False,0.07766599208116531,correct,0
1651,412,1,39,46,39,24,16,24,False,False,False,0.005105828866362572,other,7
1652,413,0,36,36,36,6,8,30,True,True,False,0.026295946910977364,correct,0
1653,413,0,10,27,10,8,6,7,False,False,False,0.05871434509754181,other,17
1654,413,1,10,15,10,6,8,6,False,False,False,0.05662277713418007,other,5
1655,413,1,36,0,36,8,6,8,False,False,False,0.02252412773668766,other,36
1656,414,0,26,26,26,6,18,6,True,True,False,0.017888149246573448,correct,0
1657,414,0,4,35,4,18,6,15,False,False,False,0.006151215173304081,other,31
1658,414,1,4,35,4,6,18,6,False,False,False,0.005460572429001331,other,31
1659,414,1,26,24,26,18,6,18,False,False,False,0.01721002906560898,other,2
1660,415,0,22,3,22,12,6,6,False,False,False,0.038190700113773346,other,19
1661,415,0,41,41,41,6,12,15,True,True,False,0.018134720623493195,correct,0
1662,415,1,41,41,41,12,6,30,True,True,False,0.024703845381736755,correct,0
1663,415,1,22,31,22,6,12,6,False,False,False,0.0411439873278141,other,9
1664,416,0,15,4,15,2,15,7,False,False,False,0.04893440380692482,other,11
1665,416,0,30,30,30,15,2,7,True,True,False,0.008203860372304916,correct,0
1666,416,1,30,30,30,2,15,36,True,True,False,0.009214409627020359,correct,0
1667,416,1,15,15,15,15,2,28,True,True,False,0.040599334985017776,correct,0
1668,417,0,41,41,41,8,11,26,True,True,False,0.1118415966629982,correct,0
1669,417,0,27,27,27,11,8,38,True,True,False,0.0513494573533535,correct,0
1670,417,1,27,35,27,8,11,18,False,False,False,0.05391108989715576,other,8
1671,417,1,41,41,41,11,8,17,True,True,False,0.11119173467159271,correct,0
1672,418,0,19,43,19,6,38,26,False,False,False,0.033207543194293976,other,24
1673,418,0,38,17,38,38,6,38,False,False,False,0.01987004280090332,other,21
1674,418,1,38,17,38,6,38,30,False,False,False,0.0159971434623003,other,21
1675,418,1,19,0,19,38,6,38,False,False,False,0.03458287939429283,other,19
1676,419,0,4,15,4,8,19,6,False,False,False,0.03539319708943367,other,11
1677,419,0,16,7,16,19,8,27,False,False,False,0.1128036379814148,other,9
1678,419,1,16,1,16,8,19,9,False,False,False,0.11448448151350021,other,15
1679,419,1,4,4,4,19,8,24,True,True,False,0.037026360630989075,correct,0
1680,420,0,21,21,21,18,27,18,True,True,False,0.10344836115837097,correct,0
1681,420,0,12,1,12,27,18,37,False,False,False,0.009445268660783768,other,11
1682,420,1,12,31,12,18,27,19,False,False,False,0.008744870312511921,other,19
1683,420,1,21,3,21,27,18,14,False,False,False,0.12144513428211212,other,18
1684,421,0,17,47,17,14,18,16,False,False,False,0.04645664989948273,other,30
1685,421,0,7,7,7,18,14,6,True,True,False,0.032614566385746,correct,0
1686,421,1,7,7,7,14,18,0,True,True,False,0.02830672636628151,correct,0
1687,421,1,17,24,17,18,14,12,False,False,False,0.046953603625297546,other,7
1688,422,0,17,17,17,18,7,9,True,True,False,0.018746932968497276,correct,0
1689,422,0,38,17,38,7,18,7,False,False,False,0.018926095217466354,other,21
1690,422,1,38,38,38,18,7,20,True,True,False,0.023945067077875137,correct,0
1691,422,1,17,0,17,7,18,7,False,False,False,0.019017983227968216,other,17
1692,423,0,36,2,36,15,8,14,False,False,False,0.004755883943289518,other,34
1693,423,0,0,0,0,8,15,6,True,True,False,0.0289638452231884,correct,0
1694,423,1,0,3,0,15,8,0,False,False,False,0.02533782459795475,other,3
1695,423,1,36,17,36,8,15,0,False,False,False,0.006427190266549587,other,19
1696,424,0,8,8,8,7,27,6,True,True,False,0.07211746275424957,correct,0
1697,424,0,14,45,14,27,7,16,False,False,False,0.020299682393670082,other,31
1698,424,1,14,24,14,7,27,7,False,False,False,0.023932326585054398,other,10
1699,424,1,8,8,8,27,7,14,True,True,False,0.07288019359111786,correct,0
1700,425,0,33,28,33,7,24,14,False,False,False,0.007869639433920383,other,5
1701,425,0,28,28,28,24,7,21,True,True,False,0.03850235790014267,correct,0
1702,425,1,28,15,28,7,24,13,False,False,False,0.04109453037381172,other,13
1703,425,1,33,28,33,24,7,9,False,False,False,0.009137139655649662,other,5
1704,426,0,25,41,25,1,5,15,False,False,False,0.044410061091184616,other,16
1705,426,0,4,35,4,5,1,6,False,False,False,0.01531700324267149,other,31
1706,426,1,4,4,4,1,5,7,True,True,False,0.01646602526307106,correct,0
1707,426,1,25,35,25,5,1,8,False,False,False,0.047257062047719955,other,10
1708,427,0,19,3,19,20,15,6,False,False,False,0.041569676250219345,other,16
1709,427,0,18,18,18,15,20,14,True,True,False,0.032262858003377914,correct,0
1710,427,1,18,18,18,20,15,6,True,True,False,0.03516048938035965,correct,0
1711,427,1,19,18,19,15,20,16,False,False,True,0.040825508534908295,off_by_one,1
1712,428,0,22,31,22,15,16,6,False,False,False,0.051875848323106766,other,9
1713,428,0,43,36,43,16,15,16,False,False,False,0.03323043882846832,other,7
1714,428,1,43,3,43,15,16,6,False,False,False,0.03656161576509476,other,40
1715,428,1,22,31,22,16,15,14,False,False,False,0.045894134789705276,other,9
1716,429,0,47,47,47,6,14,6,True,True,False,0.0364103689789772,correct,0
1717,429,0,42,42,42,14,6,17,True,True,False,0.05378667265176773,correct,0
1718,429,1,42,42,42,6,14,18,True,True,False,0.048603978008031845,correct,0
1719,429,1,47,47,47,14,6,31,True,True,False,0.025142742320895195,correct,0
1720,430,0,6,1,6,24,35,6,False,False,False,0.014997750520706177,other,5
1721,430,0,20,18,20,35,24,15,False,False,False,0.0639369860291481,other,2
1722,430,1,20,3,20,24,35,6,False,False,False,0.057326868176460266,other,17
1723,430,1,6,18,6,35,24,1,False,False,False,0.016117306426167488,other,12
1724,431,0,8,0,8,38,6,14,False,False,False,0.07475266605615616,other,8
1725,431,0,19,0,19,6,38,6,False,False,False,0.07404962927103043,other,19
1726,431,1,19,46,19,38,6,1,False,False,False,0.08164764195680618,other,27
1727,431,1,8,8,8,6,38,24,True,True,False,0.06618895381689072,correct,0
1728,432,0,4,4,4,9,16,7,True,True,False,0.005800311453640461,correct,0
1729,432,0,29,4,29,16,9,17,False,False,False,0.03384429216384888,other,25
1730,432,1,29,29,29,9,16,1,True,True,False,0.03453420475125313,correct,0
1731,432,1,4,4,4,16,9,0,True,True,False,0.008411022834479809,correct,0
1732,433,0,16,45,16,6,38,7,False,False,False,0.01479043997824192,other,29
1733,433,0,10,28,10,38,6,38,False,False,False,0.010856402106583118,other,18
1734,433,1,10,28,10,6,38,6,False,False,False,0.011378977447748184,other,18
1735,433,1,16,4,16,38,6,14,False,False,False,0.01588907465338707,other,12
1736,434,0,36,17,36,7,6,7,False,False,False,0.009323066100478172,other,19
1737,434,0,28,28,28,6,7,6,True,True,False,0.0212263036519289,correct,0
1738,434,1,28,27,28,7,6,14,False,False,True,0.023832619190216064,off_by_one,1
1739,434,1,36,17,36,6,7,6,False,False,False,0.006797580514103174,other,19
1740,435,0,44,44,44,16,20,15,True,True,False,0.014743548817932606,correct,0
1741,435,0,12,24,12,20,16,15,False,False,False,0.02639835886657238,other,12
1742,435,1,12,17,12,16,20,0,False,False,False,0.029906898736953735,other,5
1743,435,1,44,24,44,20,16,20,False,False,False,0.012881368398666382,other,20
1744,436,0,15,35,15,7,6,0,False,False,False,0.0577930212020874,other,20
1745,436,0,40,40,40,6,7,6,True,True,False,0.021502431482076645,correct,0
1746,436,1,40,3,40,7,6,7,False,False,False,0.023242298513650894,other,37
1747,436,1,15,15,15,6,7,6,True,True,False,0.05279172584414482,correct,0
1748,437,0,26,4,26,12,20,18,False,False,False,0.05286512151360512,other,22
1749,437,0,42,42,42,20,12,15,True,True,False,0.2013443112373352,correct,0
1750,437,1,42,42,42,12,20,15,True,True,False,0.184066042304039,correct,0
1751,437,1,26,26,26,20,12,6,True,True,False,0.04633963108062744,correct,0
1752,438,0,17,17,17,27,16,27,True,True,False,0.03150511533021927,correct,0
1753,438,0,38,17,38,16,27,16,False,False,False,0.02285701595246792,other,21
1754,438,1,38,17,38,27,16,17,False,False,False,0.02381051890552044,other,21
1755,438,1,17,17,17,16,27,7,True,True,False,0.0289448332041502,correct,0
1756,439,0,37,20,37,6,7,6,False,False,False,0.02730264700949192,other,17
1757,439,0,47,47,47,7,6,2,True,True,False,0.057509638369083405,correct,0
1758,439,1,47,47,47,6,7,21,True,True,False,0.05989116057753563,correct,0
1759,439,1,37,2,37,7,6,21,False,False,False,0.026282692328095436,other,35
1760,440,0,15,10,15,0,26,15,False,False,False,0.13946513831615448,other,5
1761,440,0,43,3,43,26,0,6,False,False,False,0.015631292015314102,other,40
1762,440,1,43,0,43,0,26,17,False,False,False,0.015570822171866894,other,43
1763,440,1,15,42,15,26,0,6,False,False,False,0.1406903862953186,other,27
1764,441,0,16,15,16,2,19,15,False,False,True,0.13044561445713043,off_by_one,1
1765,441,0,3,43,3,19,2,21,False,False,False,0.033356934785842896,other,40
1766,441,1,3,43,3,2,19,6,False,False,False,0.03203756734728813,other,40
1767,441,1,16,15,16,19,2,25,False,False,True,0.12478113919496536,off_by_one,1
1768,442,0,18,17,18,36,6,21,False,False,True,0.031449563801288605,off_by_one,1
1769,442,0,16,16,16,6,36,15,True,True,False,0.0569283552467823,correct,0
1770,442,1,16,15,16,36,6,20,False,False,True,0.05227632448077202,off_by_one,1
1771,442,1,18,43,18,6,36,6,False,False,False,0.036198731511831284,other,25
1772,443,0,5,5,5,18,15,18,True,True,False,0.021291233599185944,correct,0
1773,443,0,41,41,41,15,18,17,True,True,False,0.03561814874410629,correct,0
1774,443,1,41,41,41,18,15,22,True,True,False,0.03731432929635048,correct,0
1775,443,1,5,5,5,15,18,16,True,True,False,0.021891137585043907,correct,0
1776,444,0,26,26,26,24,6,4,True,True,False,0.025013718754053116,correct,0
1777,444,0,42,42,42,6,24,15,True,True,False,0.06192221865057945,correct,0
1778,444,1,42,42,42,24,6,6,True,True,False,0.06577858328819275,correct,0
1779,444,1,26,26,26,6,24,6,True,True,False,0.023538842797279358,correct,0
1780,445,0,40,44,40,2,6,20,False,False,False,0.009339476004242897,other,4
1781,445,0,45,24,45,6,2,6,False,False,False,0.03374673053622246,other,21
1782,445,1,45,45,45,2,6,20,True,True,False,0.0318535752594471,correct,0
1783,445,1,40,17,40,6,2,6,False,False,False,0.00636881310492754,other,23
1784,446,0,0,0,0,8,7,7,True,True,False,0.023359661921858788,correct,0
1785,446,0,39,0,39,7,8,7,False,False,False,0.017297660931944847,other,39
1786,446,1,39,39,39,8,7,24,True,True,False,0.021821850910782814,correct,0
1787,446,1,0,0,0,7,8,6,True,True,False,0.02465509995818138,correct,0
1788,447,0,22,3,22,12,11,6,False,False,False,0.009415720589458942,other,19
1789,447,0,13,12,13,11,12,23,False,False,True,0.03359302133321762,off_by_one,1
1790,447,1,13,0,13,12,11,24,False,False,False,0.031049776822328568,other,13
1791,447,1,22,22,22,11,12,38,True,True,False,0.009949994273483753,correct,0
1792,448,0,38,0,38,16,15,0,False,False,False,0.01535871997475624,other,38
1793,448,0,12,28,12,15,16,0,False,False,False,0.038395047187805176,other,16
1794,448,1,12,12,12,16,15,37,True,True,False,0.03701323643326759,correct,0
1795,448,1,38,27,38,15,16,0,False,False,False,0.013264473527669907,other,11
1796,449,0,33,11,33,15,0,11,False,False,False,0.043124258518218994,other,22
1797,449,0,40,2,40,0,15,14,False,False,False,0.014422750100493431,other,38
1798,449,1,40,46,40,15,0,7,False,False,False,0.01242201030254364,other,6
1799,449,1,33,3,33,0,15,14,False,False,False,0.04242439568042755,other,30
1800,450,0,18,1,18,7,14,7,False,False,False,0.020173436030745506,other,17
1801,450,0,11,28,11,14,7,38,False,False,False,0.030790796503424644,other,17
1802,450,1,11,46,11,7,14,0,False,False,False,0.026533473283052444,other,35
1803,450,1,18,17,18,14,7,27,False,False,True,0.021465398371219635,off_by_one,1
1804,451,0,39,0,39,15,6,16,False,False,False,0.022153113037347794,other,39
1805,451,0,0,0,0,6,15,6,True,True,False,0.017886800691485405,correct,0
1806,451,1,0,0,0,15,6,21,True,True,False,0.015708602964878082,correct,0
1807,451,1,39,31,39,6,15,4,False,False,False,0.026868347078561783,other,8
1808,452,0,13,0,13,9,3,26,False,False,False,0.025444205850362778,other,13
1809,452,0,10,1,10,3,9,18,False,False,False,0.03515484929084778,other,9
1810,452,1,10,28,10,9,3,0,False,False,False,0.033230043947696686,other,18
1811,452,1,13,12,13,3,9,18,False,False,True,0.026126598939299583,off_by_one,1
1812,453,0,33,1,33,14,16,14,False,False,False,0.024365466088056564,other,32
1813,453,0,37,0,37,16,14,23,False,False,False,0.03403337672352791,other,37
1814,453,1,37,1,37,14,16,17,False,False,False,0.04235723987221718,other,36
1815,453,1,33,31,33,16,14,33,False,False,False,0.02045583724975586,other,2
1816,454,0,1,1,1,15,16,14,True,True,False,0.022584550082683563,correct,0
1817,454,0,16,15,16,16,15,16,False,False,True,0.042331866919994354,off_by_one,1
1818,454,1,16,16,16,15,16,16,True,True,False,0.03194992244243622,correct,0
1819,454,1,1,1,1,16,15,14,True,True,False,0.02395658567547798,correct,0
1820,455,0,1,17,1,22,15,22,False,False,False,0.019828546792268753,other,16
1821,455,0,30,30,30,15,22,16,True,True,False,0.04684114456176758,correct,0
1822,455,1,30,31,30,22,15,14,False,False,True,0.04533298313617706,off_by_one,1
1823,455,1,1,27,1,15,22,15,False,False,False,0.019207673147320747,other,26
1824,456,0,25,24,25,13,10,6,False,False,True,0.018667375668883324,off_by_one,1
1825,456,0,34,16,34,10,13,15,False,False,False,0.02472781017422676,other,18
1826,456,1,34,34,34,13,10,6,True,True,False,0.023739982396364212,correct,0
1827,456,1,25,31,25,10,13,7,False,False,False,0.023000700399279594,other,6
1828,457,0,37,2,37,6,12,26,False,False,False,0.005512669682502747,other,35
1829,457,0,7,7,7,12,6,24,True,True,False,0.03976096957921982,correct,0
1830,457,1,7,7,7,6,12,6,True,True,False,0.040324948728084564,correct,0
1831,457,1,37,0,37,12,6,6,False,False,False,0.0065092286095023155,other,37
1832,458,0,21,3,21,6,26,6,False,False,False,0.03213329240679741,other,18
1833,458,0,6,6,6,26,6,6,True,True,False,0.04313508793711662,correct,0
1834,458,1,6,6,6,6,26,6,True,True,False,0.047450777143239975,correct,0
1835,458,1,21,21,21,26,6,26,True,True,False,0.03433423861861229,correct,0
1836,459,0,21,22,21,2,7,2,False,False,True,0.060268040746450424,off_by_one,1
1837,459,0,45,32,45,7,2,10,False,False,False,0.01731834001839161,other,13
1838,459,1,45,24,45,2,7,7,False,False,False,0.013555805198848248,other,21
1839,459,1,21,21,21,7,2,18,True,True,False,0.06833253055810928,correct,0
1840,460,0,37,43,37,22,0,18,False,False,False,0.022153455764055252,other,6
1841,460,0,0,0,0,0,22,0,True,True,False,0.015135359950363636,correct,0
1842,460,1,0,0,0,22,0,6,True,True,False,0.012751028873026371,correct,0
1843,460,1,37,0,37,0,22,28,False,False,False,0.022157087922096252,other,37
1844,461,0,22,37,22,29,14,9,False,False,False,0.035462480038404465,other,15
1845,461,0,11,24,11,14,29,0,False,False,False,0.05590863525867462,other,13
1846,461,1,11,27,11,29,14,3,False,False,False,0.06513762474060059,other,16
1847,461,1,22,30,22,14,29,0,False,False,False,0.03907964006066322,other,8
1848,462,0,42,42,42,2,19,18,True,True,False,0.14584648609161377,correct,0
1849,462,0,1,24,1,19,2,19,False,False,False,0.015239901840686798,other,23
1850,462,1,1,1,1,2,19,18,True,True,False,0.01325998269021511,correct,0
1851,462,1,42,42,42,19,2,18,True,True,False,0.15478317439556122,correct,0
1852,463,0,18,18,18,14,18,23,True,True,False,0.035931944847106934,correct,0
1853,463,0,33,28,33,18,14,30,False,False,False,0.007980463095009327,other,5
1854,463,1,33,17,33,14,18,0,False,False,False,0.006258040200918913,other,16
1855,463,1,18,18,18,18,14,1,True,True,False,0.03474272042512894,correct,0
1856,464,0,41,41,41,18,38,18,True,True,False,0.07256284356117249,correct,0
1857,464,0,42,42,42,38,18,31,True,True,False,0.021568670868873596,correct,0
1858,464,1,42,42,42,18,38,24,True,True,False,0.019653743132948875,correct,0
1859,464,1,41,41,41,38,18,10,True,True,False,0.0853676125407219,correct,0
1860,465,0,9,1,9,8,7,6,False,False,False,0.023166736587882042,other,8
1861,465,0,32,44,32,7,8,6,False,False,False,0.02811872772872448,other,12
1862,465,1,32,24,32,8,7,24,False,False,False,0.025141960009932518,other,8
1863,465,1,9,17,9,7,8,1,False,False,False,0.021251987665891647,other,8
1864,466,0,26,26,26,6,17,15,True,True,False,0.025796180590987206,correct,0
1865,466,0,2,24,2,17,6,1,False,False,False,0.05497489869594574,other,22
1866,466,1,2,0,2,6,17,7,False,False,False,0.04663453251123428,other,2
1867,466,1,26,35,26,17,6,7,False,False,False,0.04875665158033371,other,9
1868,467,0,44,1,44,0,27,16,False,False,False,0.014432120136916637,other,43
1869,467,0,21,3,21,27,0,14,False,False,False,0.041953641921281815,other,18
1870,467,1,21,18,21,0,27,0,False,False,False,0.035818666219711304,other,3
1871,467,1,44,24,44,27,0,38,False,False,False,0.013521472923457623,other,20
1872,468,0,30,31,30,26,14,26,False,False,True,0.055278290063142776,off_by_one,1
1873,468,0,20,18,20,14,26,14,False,False,False,0.06712675839662552,other,2
1874,468,1,20,18,20,26,14,4,False,False,False,0.062225162982940674,other,2
1875,468,1,30,30,30,14,26,0,True,True,False,0.0545530840754509,correct,0
1876,469,0,21,21,21,24,18,18,True,True,False,0.06144019588828087,correct,0
1877,469,0,13,0,13,18,24,8,False,False,False,0.049435362219810486,other,13
1878,469,1,13,31,13,24,18,27,False,False,False,0.042588356882333755,other,18
1879,469,1,21,21,21,18,24,6,True,True,False,0.049190767109394073,correct,0
1880,470,0,27,27,27,15,27,31,True,True,False,0.010137367062270641,correct,0
1881,470,0,17,17,17,27,15,0,True,True,False,0.006233307532966137,correct,0
1882,470,1,17,17,17,15,27,14,True,True,False,0.006332444958388805,correct,0
1883,470,1,27,17,27,27,15,14,False,False,False,0.013202019967138767,other,10
1884,471,0,20,44,20,15,24,17,False,False,False,0.051230184733867645,other,24
1885,471,0,5,7,5,24,15,18,False,False,False,0.0663071945309639,other,2
1886,471,1,5,5,5,15,24,15,True,True,False,0.09219003468751907,correct,0
1887,471,1,20,3,20,24,15,14,False,False,False,0.04691432788968086,other,17
1888,472,0,36,17,36,7,32,20,False,False,False,0.05803421139717102,other,19
1889,472,0,10,28,10,32,7,7,False,False,False,0.059068914502859116,other,18
1890,472,1,10,15,10,7,32,7,False,False,False,0.05980822071433067,other,5
1891,472,1,36,43,36,32,7,7,False,False,False,0.060218583792448044,other,7
1892,473,0,41,41,41,14,15,15,True,True,False,0.14722932875156403,correct,0
1893,473,0,0,44,0,15,14,14,False,False,False,0.03854842856526375,other,44
1894,473,1,0,24,0,14,15,15,False,False,False,0.03882623836398125,other,24
1895,473,1,41,41,41,15,14,16,True,True,False,0.16339588165283203,correct,0
1896,474,0,23,4,23,14,17,14,False,False,False,0.018978754058480263,other,19
1897,474,0,0,0,0,17,14,17,True,True,False,0.04553444683551788,correct,0
1898,474,1,0,0,0,14,17,14,True,True,False,0.04043296352028847,correct,0
1899,474,1,23,35,23,17,14,15,False,False,False,0.017745137214660645,other,12
1900,475,0,0,0,0,11,2,14,True,True,False,0.04819418489933014,correct,0
1901,475,0,37,0,37,2,11,6,False,False,False,0.008638962171971798,other,37
1902,475,1,37,43,37,11,2,0,False,False,False,0.00999714806675911,other,6
1903,475,1,0,0,0,2,11,6,True,True,False,0.06521458923816681,correct,0
1904,476,0,34,34,34,20,24,24,True,True,False,0.011061038821935654,correct,0
1905,476,0,9,31,9,24,20,15,False,False,False,0.0547516755759716,other,22
1906,476,1,9,0,9,20,24,7,False,False,False,0.05265789479017258,other,9
1907,476,1,34,47,34,24,20,21,False,False,False,0.01491828914731741,other,13
1908,477,0,29,29,29,16,14,16,True,True,False,0.012236170470714569,correct,0
1909,477,0,25,44,25,14,16,14,False,False,False,0.014266916550695896,other,19
1910,477,1,25,35,25,16,14,0,False,False,False,0.013562167063355446,other,10
1911,477,1,29,29,29,14,16,11,True,True,False,0.009997755289077759,correct,0
1912,478,0,22,3,22,15,16,19,False,False,False,0.004882213193923235,other,19
1913,478,0,28,0,28,16,15,11,False,False,False,0.033398061990737915,other,28
1914,478,1,28,27,28,15,16,21,False,False,True,0.03857332840561867,off_by_one,1
1915,478,1,22,31,22,16,15,15,False,False,False,0.004194487351924181,other,9
1916,479,0,10,16,10,37,6,14,False,False,False,0.045187290757894516,other,6
1917,479,0,38,38,38,6,37,3,True,True,False,0.008483805693686008,correct,0
1918,479,1,38,1,38,37,6,38,False,False,False,0.009412102401256561,other,37
1919,479,1,10,11,10,6,37,16,False,False,True,0.04289541020989418,off_by_one,1
1920,480,0,25,35,25,16,7,27,False,False,False,0.01574689894914627,other,10
1921,480,0,30,31,30,7,16,15,False,False,True,0.07405281811952591,off_by_one,1
1922,480,1,30,32,30,16,7,31,False,False,False,0.06626826524734497,other,2
1923,480,1,25,35,25,7,16,6,False,False,False,0.016138266772031784,other,10
1924,481,0,14,24,14,27,17,14,False,False,False,0.024152658879756927,other,10
1925,481,0,38,38,38,17,27,14,True,True,False,0.005516657140105963,correct,0
1926,481,1,38,27,38,27,17,14,False,False,False,0.006408178247511387,other,11
1927,481,1,14,24,14,17,27,20,False,False,False,0.02670234628021717,other,10
1928,482,0,11,31,11,14,15,0,False,False,False,0.0047142538242042065,other,20
1929,482,0,14,14,14,15,14,15,True,True,False,0.00846926774829626,correct,0
1930,482,1,14,4,14,14,15,14,False,False,False,0.008988313376903534,other,10
1931,482,1,11,28,11,15,14,21,False,False,False,0.0044728899374604225,other,17
1932,483,0,3,2,3,15,2,14,False,False,True,0.03674082085490227,off_by_one,1
1933,483,0,16,35,16,2,15,7,False,False,False,0.040441807359457016,other,19
1934,483,1,16,16,16,15,2,38,True,True,False,0.03584422916173935,correct,0
1935,483,1,3,43,3,2,15,15,False,False,False,0.0386025570333004,other,40
1936,484,0,30,30,30,7,6,9,True,True,False,0.026959044858813286,correct,0
1937,484,0,3,0,3,6,7,6,False,False,False,0.06549955904483795,other,3
1938,484,1,3,31,3,7,6,6,False,False,False,0.05714419111609459,other,28
1939,484,1,30,30,30,6,7,18,True,True,False,0.027806228026747704,correct,0
1940,485,0,0,0,0,7,16,7,True,True,False,0.03926839306950569,correct,0
1941,485,0,46,3,46,16,7,14,False,False,False,0.04070639982819557,other,43
1942,485,1,46,0,46,7,16,26,False,False,False,0.03739730641245842,other,46
1943,485,1,0,0,0,16,7,14,True,True,False,0.04246317222714424,correct,0
1944,486,0,25,35,25,7,12,26,False,False,False,0.021087564527988434,other,10
1945,486,0,16,15,16,12,7,37,False,False,True,0.0505480095744133,off_by_one,1
1946,486,1,16,15,16,7,12,0,False,False,True,0.04660873860120773,off_by_one,1
1947,486,1,25,15,25,12,7,6,False,False,False,0.019336897879838943,other,10
1948,487,0,47,15,47,16,26,16,False,False,False,0.048194319009780884,other,32
1949,487,0,10,27,10,26,16,6,False,False,False,0.07234390079975128,other,17
1950,487,1,10,16,10,16,26,16,False,False,False,0.0662362352013588,other,6
1951,487,1,47,47,47,26,16,10,True,True,False,0.053799018263816833,correct,0
1952,488,0,30,30,30,7,6,6,True,True,False,0.040658555924892426,correct,0
1953,488,0,15,15,15,6,7,6,True,True,False,0.06401373445987701,correct,0
1954,488,1,15,15,15,7,6,2,True,True,False,0.06771469116210938,correct,0
1955,488,1,30,32,30,6,7,6,False,False,False,0.036547254770994186,other,2
1956,489,0,44,44,44,30,32,12,True,True,False,0.013478472828865051,correct,0
1957,489,0,19,0,19,32,30,36,False,False,False,0.04895978048443794,other,19
1958,489,1,19,17,19,30,32,18,False,False,False,0.04677656665444374,other,2
1959,489,1,44,24,44,32,30,15,False,False,False,0.015051023103296757,other,20
1960,490,0,30,31,30,2,7,30,False,False,True,0.00491752615198493,off_by_one,1
1961,490,0,19,0,19,7,2,7,False,False,False,0.045347779989242554,other,19
1962,490,1,19,3,19,2,7,18,False,False,False,0.04433845728635788,other,16
1963,490,1,30,31,30,7,2,7,False,False,True,0.005192827433347702,off_by_one,1
1964,491,0,23,23,23,7,6,7,True,True,False,0.02754402719438076,correct,0
1965,491,0,17,18,17,6,7,8,False,False,True,0.021783629432320595,off_by_one,1
1966,491,1,17,17,17,7,6,6,True,True,False,0.0274518895894289,correct,0
1967,491,1,23,23,23,6,7,18,True,True,False,0.028280798345804214,correct,0
1968,492,0,2,2,2,18,20,18,True,True,False,0.058258093893527985,correct,0
1969,492,0,16,16,16,20,18,15,True,True,False,0.06716470420360565,correct,0
1970,492,1,16,16,16,18,20,20,True,True,False,0.07840432226657867,correct,0
1971,492,1,2,2,2,20,18,18,True,True,False,0.05474339798092842,correct,0
1972,493,0,36,17,36,16,7,28,False,False,False,0.005505378358066082,other,19
1973,493,0,21,3,21,7,16,21,False,False,False,0.022495409473776817,other,18
1974,493,1,21,21,21,16,7,14,True,True,False,0.025117093697190285,correct,0
1975,493,1,36,17,36,7,16,36,False,False,False,0.005852573085576296,other,19
1976,494,0,33,17,33,15,26,14,False,False,False,0.04528946802020073,other,16
1977,494,0,48,3,48,26,15,26,False,False,False,0.026413867250084877,other,45
1978,494,1,48,31,48,15,26,17,False,False,False,0.024506431072950363,other,17
1979,494,1,33,4,33,26,15,26,False,False,False,0.046507906168699265,other,29
1980,495,0,44,31,44,36,14,15,False,False,False,0.04553113505244255,other,13
1981,495,0,34,15,34,14,36,7,False,False,False,0.19983868300914764,other,19
1982,495,1,34,34,34,36,14,15,True,True,False,0.2645670771598816,correct,0
1983,495,1,44,34,44,14,36,16,False,False,False,0.042588330805301666,other,10
1984,496,0,34,34,34,27,26,0,True,True,False,0.010858980007469654,correct,0
1985,496,0,40,40,40,26,27,18,True,True,False,0.03242990002036095,correct,0
1986,496,1,40,46,40,27,26,0,False,False,False,0.031365759670734406,other,6
1987,496,1,34,34,34,26,27,26,True,True,False,0.011930974200367928,correct,0
1988,497,0,21,43,21,17,1,17,False,False,False,0.00894502829760313,other,22
1989,497,0,19,18,19,1,17,1,False,False,True,0.03252444788813591,off_by_one,1
1990,497,1,19,3,19,17,1,0,False,False,False,0.03402040898799896,other,16
1991,497,1,21,3,21,1,17,18,False,False,False,0.009779015555977821,other,18
1992,498,0,12,0,12,7,18,7,False,False,False,0.02914043702185154,other,12
1993,498,0,47,47,47,18,7,18,True,True,False,0.035663802176713943,correct,0
1994,498,1,47,4,47,7,18,0,False,False,False,0.039990536868572235,other,43
1995,498,1,12,1,12,18,7,20,False,False,False,0.029679739847779274,other,11
1996,499,0,1,15,1,23,7,14,False,False,False,0.03596602752804756,other,14
1997,499,0,47,47,47,7,23,15,True,True,False,0.01130751334130764,correct,0
1998,499,1,47,47,47,23,7,23,True,True,False,0.021268151700496674,correct,0
1999,499,1,1,1,1,7,23,7,True,True,False,0.03744979947805405,correct,0
2000,500,0,28,28,28,6,12,6,True,True,False,0.013780074194073677,correct,0
2001,500,0,3,43,3,12,6,18,False,False,False,0.04391435161232948,other,40
2002,500,1,3,0,3,6,12,26,False,False,False,0.04047372192144394,other,3
2003,500,1,28,28,28,12,6,30,True,True,False,0.013680617325007915,correct,0
2004,501,0,7,7,7,0,2,0,True,True,False,0.046734973788261414,correct,0
2005,501,0,4,47,4,2,0,26,False,False,False,0.04444893077015877,other,43
2006,501,1,4,28,4,0,2,0,False,False,False,0.047405023127794266,other,24
2007,501,1,7,7,7,2,0,7,True,True,False,0.048688583076000214,correct,0
2008,502,0,21,21,21,14,17,0,True,True,False,0.05330383777618408,correct,0
2009,502,0,5,5,5,17,14,0,True,True,False,0.027264811098575592,correct,0
2010,502,1,5,5,5,14,17,16,True,True,False,0.022328471764922142,correct,0
2011,502,1,21,18,21,17,14,15,False,False,False,0.04815087839961052,other,3
2012,503,0,8,8,8,6,24,7,True,True,False,0.15952719748020172,correct,0
2013,503,0,9,31,9,24,6,18,False,False,False,0.008793340064585209,other,22
2014,503,1,9,43,9,6,24,6,False,False,False,0.007601574063301086,other,34
2015,503,1,8,8,8,24,6,2,True,True,False,0.17194920778274536,correct,0
2016,504,0,29,29,29,2,19,1,True,True,False,0.00387902301736176,correct,0
2017,504,0,38,17,38,19,2,30,False,False,False,0.017352502793073654,other,21
2018,504,1,38,17,38,2,19,4,False,False,False,0.020088348537683487,other,21
2019,504,1,29,29,29,19,2,7,True,True,False,0.004586201626807451,correct,0
2020,505,0,31,30,31,20,12,14,False,False,True,0.09351775795221329,off_by_one,1
2021,505,0,36,17,36,12,20,26,False,False,False,0.012781563214957714,other,19
2022,505,1,36,3,36,20,12,15,False,False,False,0.022745300084352493,other,33
2023,505,1,31,31,31,12,20,6,True,True,False,0.08823687583208084,correct,0
2024,506,0,15,44,15,6,13,18,False,False,False,0.07127726078033447,other,29
2025,506,0,41,41,41,13,6,6,True,True,False,0.024983227252960205,correct,0
2026,506,1,41,41,41,6,13,26,True,True,False,0.026645759120583534,correct,0
2027,506,1,15,15,15,13,6,0,True,True,False,0.06844058632850647,correct,0
2028,507,0,4,24,4,15,17,7,False,False,False,0.005536944139748812,other,20
2029,507,0,14,14,14,17,15,17,True,True,False,0.02789345383644104,correct,0
2030,507,1,14,14,14,15,17,14,True,True,False,0.023277664557099342,correct,0
2031,507,1,4,35,4,17,15,21,False,False,False,0.007435719016939402,other,31
2032,508,0,38,17,38,20,24,19,False,False,False,0.024179358035326004,other,21
2033,508,0,40,43,40,24,20,1,False,False,False,0.007835343480110168,other,3
2034,508,1,40,47,40,20,24,0,False,False,False,0.008198889903724194,other,7
2035,508,1,38,24,38,24,20,17,False,False,False,0.025953097268939018,other,14
2036,509,0,25,35,25,19,8,0,False,False,False,0.021008554846048355,other,10
2037,509,0,28,27,28,8,19,24,False,False,True,0.010186636820435524,off_by_one,1
2038,509,1,28,28,28,19,8,39,True,True,False,0.012078037485480309,correct,0
2039,509,1,25,35,25,8,19,6,False,False,False,0.020329199731349945,other,10
2040,510,0,12,17,12,7,6,14,False,False,False,0.05152682960033417,other,5
2041,510,0,18,17,18,6,7,7,False,False,True,0.050830379128456116,off_by_one,1
2042,510,1,18,1,18,7,6,9,False,False,False,0.04918283224105835,other,17
2043,510,1,12,31,12,6,7,6,False,False,False,0.05123777315020561,other,19
2044,511,0,14,24,14,6,31,6,False,False,False,0.0325426422059536,other,10
2045,511,0,19,0,19,31,6,23,False,False,False,0.049954961985349655,other,19
2046,511,1,19,3,19,6,31,0,False,False,False,0.039547257125377655,other,16
2047,511,1,14,12,14,31,6,7,False,False,False,0.03763072192668915,other,2
2048,512,0,30,31,30,7,1,20,False,False,True,0.07008080184459686,off_by_one,1
2049,512,0,38,18,38,1,7,1,False,False,False,0.009534492157399654,other,20
2050,512,1,38,17,38,7,1,10,False,False,False,0.007985399104654789,other,21
2051,512,1,30,30,30,1,7,14,True,True,False,0.07113438099622726,correct,0
2052,513,0,18,4,18,12,15,14,False,False,False,0.04609568417072296,other,14
2053,513,0,32,0,32,15,12,0,False,False,False,0.014306111261248589,other,32
2054,513,1,32,27,32,12,15,21,False,False,False,0.014447864145040512,other,5
2055,513,1,18,18,18,15,12,14,True,True,False,0.048752013593912125,correct,0
2056,514,0,37,0,37,13,11,12,False,False,False,0.01726699247956276,other,37
2057,514,0,41,41,41,11,13,6,True,True,False,0.07567208260297775,correct,0
2058,514,1,41,41,41,13,11,4,True,True,False,0.0786815956234932,correct,0
2059,514,1,37,43,37,11,13,38,False,False,False,0.012350783683359623,other,6
2060,515,0,22,31,22,23,18,23,False,False,False,0.03679627552628517,other,9
2061,515,0,8,8,8,18,23,7,True,True,False,0.06801252067089081,correct,0
2062,515,1,8,8,8,23,18,14,True,True,False,0.07009854912757874,correct,0
2063,515,1,22,19,22,18,23,18,False,False,False,0.03920677676796913,other,3
2064,516,0,7,7,7,0,14,0,True,True,False,0.00776086887344718,correct,0
2065,516,0,36,31,36,14,0,14,False,False,False,0.016491321846842766,other,5
2066,516,1,36,4,36,0,14,0,False,False,False,0.01477285660803318,other,32
2067,516,1,7,7,7,14,0,0,True,True,False,0.011731721460819244,correct,0
2068,517,0,15,35,15,2,16,2,False,False,False,0.04986879974603653,other,20
2069,517,0,37,17,37,16,2,14,False,False,False,0.0272982157766819,other,20
2070,517,1,37,0,37,2,16,36,False,False,False,0.026652997359633446,other,37
2071,517,1,15,15,15,16,2,16,True,True,False,0.04010002687573433,correct,0
2072,518,0,24,44,24,17,1,35,False,False,False,0.017055116593837738,other,20
2073,518,0,48,0,48,1,17,19,False,False,False,0.008203815668821335,other,48
2074,518,1,48,1,48,17,1,17,False,False,False,0.012887049466371536,other,47
2075,518,1,24,4,24,1,17,1,False,False,False,0.01626891829073429,other,20
2076,519,0,29,24,29,7,14,32,False,False,False,0.030973421409726143,other,5
2077,519,0,21,21,21,14,7,15,True,True,False,0.03400387242436409,correct,0
2078,519,1,21,3,21,7,14,36,False,False,False,0.03201454505324364,other,18
2079,519,1,29,15,29,14,7,11,False,False,False,0.0331353060901165,other,14
2080,520,0,46,17,46,7,15,30,False,False,False,0.02354595437645912,other,29
2081,520,0,27,28,27,15,7,0,False,False,True,0.006388302892446518,off_by_one,1
2082,520,1,27,1,27,7,15,2,False,False,False,0.00564397219568491,other,26
2083,520,1,46,3,46,15,7,15,False,False,False,0.023269621655344963,other,43
2084,521,0,24,1,24,27,18,37,False,False,False,0.011859715916216373,other,23
2085,521,0,28,28,28,18,27,21,True,True,False,0.016445515677332878,correct,0
2086,521,1,28,12,28,27,18,0,False,False,False,0.009614931419491768,other,16
2087,521,1,24,4,24,18,27,7,False,False,False,0.01703333482146263,other,20
2088,522,0,23,4,23,14,26,14,False,False,False,0.00961147341877222,other,19
2089,522,0,20,24,20,26,14,6,False,False,False,0.03602273389697075,other,4
2090,522,1,20,18,20,14,26,14,False,False,False,0.03515411913394928,other,2
2091,522,1,23,35,23,26,14,36,False,False,False,0.007574132177978754,other,12
2092,523,0,5,5,5,6,24,21,True,True,False,0.02516653947532177,correct,0
2093,523,0,0,27,0,24,6,21,False,False,False,0.01978602632880211,other,27
2094,523,1,0,46,0,6,24,8,False,False,False,0.01923985965549946,other,46
2095,523,1,5,5,5,24,6,18,True,True,False,0.018994400277733803,correct,0
2096,524,0,27,28,27,14,8,31,False,False,True,0.08881471306085587,off_by_one,1
2097,524,0,6,30,6,8,14,8,False,False,False,0.039403170347213745,other,24
2098,524,1,6,1,6,14,8,7,False,False,False,0.03088226355612278,other,5
2099,524,1,27,17,27,8,14,6,False,False,False,0.1033422201871872,other,10
2100,525,0,45,17,45,24,20,38,False,False,False,0.0423894003033638,other,28
2101,525,0,30,30,30,20,24,6,True,True,False,0.06584324687719345,correct,0
2102,525,1,30,31,30,24,20,33,False,False,True,0.06591512262821198,off_by_one,1
2103,525,1,45,24,45,20,24,7,False,False,False,0.04396979510784149,other,21
2104,526,0,19,3,19,18,6,18,False,False,False,0.046632785350084305,other,16
2105,526,0,38,38,38,6,18,22,True,True,False,0.010043499991297722,correct,0
2106,526,1,38,18,38,18,6,18,False,False,False,0.008566658943891525,other,20
2107,526,1,19,31,19,6,18,7,False,False,False,0.04525846987962723,other,12
2108,527,0,19,17,19,6,0,18,False,False,False,0.028650041669607162,other,2
2109,527,0,21,0,21,0,6,21,False,False,False,0.023245327174663544,other,21
2110,527,1,21,3,21,6,0,6,False,False,False,0.022477513179183006,other,18
2111,527,1,19,3,19,0,6,0,False,False,False,0.03709772974252701,other,16
2112,528,0,35,35,35,15,7,21,True,True,False,0.002707036444917321,correct,0
2113,528,0,17,18,17,7,15,14,False,False,True,0.048509784042835236,off_by_one,1
2114,528,1,17,18,17,15,7,0,False,False,True,0.05437440797686577,off_by_one,1
2115,528,1,35,35,35,7,15,7,True,True,False,0.002116455929353833,correct,0
2116,529,0,5,5,5,14,20,14,True,True,False,0.012278296053409576,correct,0
2117,529,0,7,7,7,20,14,20,True,True,False,0.03000129759311676,correct,0
2118,529,1,7,7,7,14,20,14,True,True,False,0.026059983298182487,correct,0
2119,529,1,5,5,5,20,14,15,True,True,False,0.011511585675179958,correct,0
2120,530,0,44,44,44,2,7,20,True,True,False,0.023169267922639847,correct,0
2121,530,0,36,17,36,7,2,21,False,False,False,0.03467533737421036,other,19
2122,530,1,36,1,36,2,7,6,False,False,False,0.03541967645287514,other,35
2123,530,1,44,44,44,7,2,7,True,True,False,0.021381394937634468,correct,0
2124,531,0,24,24,24,21,22,0,True,True,False,0.011463366448879242,correct,0
2125,531,0,46,46,46,22,21,6,True,True,False,0.00752198277041316,correct,0
2126,531,1,46,0,46,21,22,21,False,False,False,0.010415390133857727,other,46
2127,531,1,24,24,24,22,21,22,True,True,False,0.01023295521736145,correct,0
2128,532,0,11,28,11,15,18,0,False,False,False,0.046124450862407684,other,17
2129,532,0,4,24,4,18,15,15,False,False,False,0.012102262116968632,other,20
2130,532,1,4,35,4,15,18,18,False,False,False,0.01260341890156269,other,31
2131,532,1,11,11,11,18,15,0,True,True,False,0.03852911666035652,correct,0
2132,533,0,28,28,28,22,7,6,True,True,False,0.009513694792985916,correct,0
2133,533,0,25,45,25,7,22,6,False,False,False,0.02561742067337036,other,20
2134,533,1,25,15,25,22,7,8,False,False,False,0.02922660857439041,other,10
2135,533,1,28,27,28,7,22,7,False,False,True,0.008157775737345219,off_by_one,1
2136,534,0,9,31,9,24,16,7,False,False,False,0.048101264983415604,other,22
2137,534,0,8,8,8,16,24,11,True,True,False,0.07917359471321106,correct,0
2138,534,1,8,15,8,24,16,7,False,False,False,0.07455739378929138,other,7
2139,534,1,9,46,9,16,24,11,False,False,False,0.05179451033473015,other,37
2140,535,0,2,2,2,24,33,12,True,True,False,0.02055065520107746,correct,0
2141,535,0,35,35,35,33,24,31,True,True,False,0.006750604137778282,correct,0
2142,535,1,35,35,35,24,33,15,True,True,False,0.006677569355815649,correct,0
2143,535,1,2,0,2,33,24,14,False,False,False,0.026077361777424812,other,2
2144,536,0,12,32,12,23,7,14,False,False,False,0.02147620916366577,other,20
2145,536,0,44,24,44,7,23,6,False,False,False,0.026017358526587486,other,20
2146,536,1,44,44,44,23,7,0,True,True,False,0.02444084733724594,correct,0
2147,536,1,12,12,12,7,23,20,True,True,False,0.021729476749897003,correct,0
2148,537,0,43,43,43,19,6,18,True,True,False,0.022690674290060997,correct,0
2149,537,0,16,15,16,6,19,6,False,False,True,0.15418918430805206,off_by_one,1
2150,537,1,16,15,16,19,6,25,False,False,True,0.15061914920806885,off_by_one,1
2151,537,1,43,17,43,6,19,22,False,False,False,0.017650559544563293,other,26
2152,538,0,25,35,25,15,14,15,False,False,False,0.03468082845211029,other,10
2153,538,0,31,31,31,14,15,14,True,True,False,0.05261492729187012,correct,0
2154,538,1,31,31,31,15,14,2,True,True,False,0.05190970003604889,correct,0
2155,538,1,25,35,25,14,15,14,False,False,False,0.035503365099430084,other,10
2156,539,0,37,0,37,7,2,4,False,False,False,0.03806598484516144,other,37
2157,539,0,24,24,24,2,7,18,True,True,False,0.011836264282464981,correct,0
2158,539,1,24,24,24,7,2,3,True,True,False,0.013660631142556667,correct,0
2159,539,1,37,43,37,2,7,7,False,False,False,0.037750087678432465,other,6
2160,540,0,8,8,8,14,23,23,True,True,False,0.009838990867137909,correct,0
2161,540,0,26,35,26,23,14,23,False,False,False,0.0050967964343726635,other,9
2162,540,1,26,35,26,14,23,14,False,False,False,0.006795194000005722,other,9
2163,540,1,8,8,8,23,14,14,True,True,False,0.007774833124130964,correct,0
2164,541,0,29,28,29,7,16,15,False,False,True,0.010731469839811325,off_by_one,1
2165,541,0,18,18,18,16,7,14,True,True,False,0.0213471632450819,correct,0
2166,541,1,18,18,18,7,16,7,True,True,False,0.022491950541734695,correct,0
2167,541,1,29,28,29,16,7,14,False,False,True,0.009608455933630466,off_by_one,1
2168,542,0,25,35,25,15,36,15,False,False,False,0.01058876421302557,other,10
2169,542,0,33,28,33,36,15,36,False,False,False,0.01318755466490984,other,5
2170,542,1,33,38,33,15,36,16,False,False,False,0.012489414773881435,other,5
2171,542,1,25,15,25,36,15,15,False,False,False,0.011119055561721325,other,10
2172,543,0,26,35,26,36,15,19,False,False,False,0.023064782842993736,other,9
2173,543,0,43,2,43,15,36,20,False,False,False,0.030661065131425858,other,41
2174,543,1,43,36,43,36,15,21,False,False,False,0.030247103422880173,other,7
2175,543,1,26,35,26,15,36,0,False,False,False,0.019131116569042206,other,9
2176,544,0,9,1,9,14,15,16,False,False,False,0.014115662313997746,other,8
2177,544,0,1,1,1,15,14,17,True,True,False,0.027654003351926804,correct,0
2178,544,1,1,1,1,14,15,14,True,True,False,0.02439184859395027,correct,0
2179,544,1,9,0,9,15,14,17,False,False,False,0.012657193467020988,other,9
2180,545,0,8,8,8,24,26,17,True,True,False,0.04107486084103584,correct,0
2181,545,0,41,41,41,26,24,12,True,True,False,0.08839916437864304,correct,0
2182,545,1,41,15,41,24,26,26,False,False,False,0.08411954343318939,other,26
2183,545,1,8,8,8,26,24,15,True,True,False,0.04388400539755821,correct,0
2184,546,0,21,3,21,15,0,15,False,False,False,0.027650712057948112,other,18
2185,546,0,0,0,0,0,15,16,True,True,False,0.003446889342740178,correct,0
2186,546,1,0,17,0,15,0,17,False,False,False,0.0051453011110424995,other,17
2187,546,1,21,21,21,0,15,14,True,True,False,0.024300532415509224,correct,0
2188,547,0,14,14,14,14,7,14,True,True,False,0.049730245023965836,correct,0
2189,547,0,46,28,46,7,14,1,False,False,False,0.015570608898997307,other,18
2190,547,1,46,0,46,14,7,14,False,False,False,0.014452522620558739,other,46
2191,547,1,14,45,14,7,14,7,False,False,False,0.04339994490146637,other,31
2192,548,0,36,0,36,6,27,6,False,False,False,0.029157256707549095,other,36
2193,548,0,19,18,19,27,6,14,False,False,True,0.03455670550465584,off_by_one,1
2194,548,1,19,0,19,6,27,30,False,False,False,0.028983619064092636,other,19
2195,548,1,36,1,36,27,6,0,False,False,False,0.0233264472335577,other,35
2196,549,0,37,0,37,9,12,6,False,False,False,0.011466468684375286,other,37
2197,549,0,8,8,8,12,9,7,True,True,False,0.013617931865155697,correct,0
2198,549,1,8,8,8,9,12,7,True,True,False,0.014125967398285866,correct,0
2199,549,1,37,0,37,12,9,12,False,False,False,0.009626260958611965,other,37
2200,550,0,1,1,1,6,5,6,True,True,False,0.029088204726576805,correct,0
2201,550,0,25,24,25,5,6,6,False,False,True,0.01713496632874012,off_by_one,1
2202,550,1,25,15,25,6,5,30,False,False,False,0.017223570495843887,other,10
2203,550,1,1,1,1,5,6,24,True,True,False,0.030647175386548042,correct,0
2204,551,0,39,31,39,6,36,6,False,False,False,0.02864905446767807,other,8
2205,551,0,19,43,19,36,6,15,False,False,False,0.02697092294692993,other,24
2206,551,1,19,0,19,6,36,6,False,False,False,0.023435048758983612,other,19
2207,551,1,39,17,39,36,6,24,False,False,False,0.03261201083660126,other,22
2208,552,0,37,0,37,3,15,18,False,False,False,0.02317132242023945,other,37
2209,552,0,9,43,9,15,3,16,False,False,False,0.0526544488966465,other,34
2210,552,1,9,17,9,3,15,18,False,False,False,0.052743278443813324,other,8
2211,552,1,37,2,37,15,3,6,False,False,False,0.021585557609796524,other,35
2212,553,0,18,18,18,3,2,7,True,True,False,0.03208226338028908,correct,0
2213,553,0,12,28,12,2,3,26,False,False,False,0.0068360879085958,other,16
2214,553,1,12,12,12,3,2,19,True,True,False,0.006554830819368362,correct,0
2215,553,1,18,0,18,2,3,18,False,False,False,0.028926096856594086,other,18
2216,554,0,10,12,10,27,16,16,False,False,False,0.025553802028298378,other,2
2217,554,0,31,30,31,16,27,31,False,False,True,0.03511669859290123,off_by_one,1
2218,554,1,31,2,31,27,16,17,False,False,False,0.03631176799535751,other,29
2219,554,1,10,11,10,16,27,16,False,False,True,0.023778172209858894,off_by_one,1
2220,555,0,32,38,32,19,15,20,False,False,False,0.02021641656756401,other,6
2221,555,0,24,44,24,15,19,14,False,False,False,0.011636550538241863,other,20
2222,555,1,24,24,24,19,15,7,True,True,False,0.010694902390241623,correct,0
2223,555,1,32,32,32,15,19,14,True,True,False,0.02062538079917431,correct,0
2224,556,0,46,46,46,2,11,21,True,True,False,0.00535621028393507,correct,0
2225,556,0,40,44,40,11,2,11,False,False,False,0.03317141532897949,other,4
2226,556,1,40,40,40,2,11,2,True,True,False,0.02789486013352871,correct,0
2227,556,1,46,40,46,11,2,17,False,False,False,0.006769469007849693,other,6
2228,557,0,27,44,27,15,16,0,False,False,False,0.020337365567684174,other,17
2229,557,0,8,8,8,16,15,7,True,True,False,0.08322411775588989,correct,0
2230,557,1,8,8,8,15,16,23,True,True,False,0.07444167882204056,correct,0
2231,557,1,27,24,27,16,15,35,False,False,False,0.019408555701375008,other,3
2232,558,0,12,10,12,25,6,14,False,False,False,0.013492332771420479,other,2
2233,558,0,4,24,4,6,25,6,False,False,False,0.01246231235563755,other,20
2234,558,1,4,24,4,25,6,23,False,False,False,0.012536067515611649,other,20
2235,558,1,12,17,12,6,25,6,False,False,False,0.010618694126605988,other,5
2236,559,0,41,41,41,7,18,18,True,True,False,0.052141476422548294,correct,0
2237,559,0,23,41,23,18,7,18,False,False,False,0.022018926218152046,other,18
2238,559,1,23,15,23,7,18,15,False,False,False,0.024679632857441902,other,8
2239,559,1,41,41,41,18,7,6,True,True,False,0.044978659600019455,correct,0
2240,560,0,2,0,2,15,20,7,False,False,False,0.0035760165192186832,other,2
2241,560,0,8,8,8,20,15,20,True,True,False,0.08891531825065613,correct,0
2242,560,1,8,8,8,15,20,25,True,True,False,0.08181443065404892,correct,0
2243,560,1,2,0,2,20,15,18,False,False,False,0.0039215958677232265,other,2
2244,561,0,22,43,22,33,31,31,False,False,False,0.005246635992079973,other,21
2245,561,0,42,42,42,31,33,16,True,True,False,0.12824176251888275,correct,0
2246,561,1,42,42,42,33,31,16,True,True,False,0.14050965011119843,correct,0
2247,561,1,22,35,22,31,33,31,False,False,False,0.007653241045773029,other,13
2248,562,0,36,0,36,31,28,0,False,False,False,0.010909094475209713,other,36
2249,562,0,48,2,48,28,31,31,False,False,False,0.015244396403431892,other,46
2250,562,1,48,0,48,31,28,31,False,False,False,0.013580313883721828,other,48
2251,562,1,36,17,36,28,31,28,False,False,False,0.012613757513463497,other,19
2252,563,0,46,43,46,15,7,21,False,False,False,0.04987000301480293,other,3
2253,563,0,29,15,29,7,15,23,False,False,False,0.03988051787018776,other,14
2254,563,1,29,1,29,15,7,15,False,False,False,0.04159560054540634,other,28
2255,563,1,46,17,46,7,15,7,False,False,False,0.05229068174958229,other,29
2256,564,0,39,17,39,28,32,28,False,False,False,0.004402507562190294,other,22
2257,564,0,4,24,4,32,28,15,False,False,False,0.01725897379219532,other,20
2258,564,1,4,17,4,28,32,28,False,False,False,0.01805405132472515,other,13
2259,564,1,39,36,39,32,28,15,False,False,False,0.006627711467444897,other,3
2260,565,0,8,8,8,14,33,23,True,True,False,0.05736162140965462,correct,0
2261,565,0,10,0,10,33,14,14,False,False,False,0.022721346467733383,other,10
2262,565,1,10,1,10,14,33,14,False,False,False,0.017274726182222366,other,9
2263,565,1,8,8,8,33,14,31,True,True,False,0.05527505278587341,correct,0
2264,566,0,40,40,40,18,6,24,True,True,False,0.05427581071853638,correct,0
2265,566,0,38,38,38,6,18,26,True,True,False,0.0034327355679124594,correct,0
2266,566,1,38,38,38,18,6,6,True,True,False,0.004109733272343874,correct,0
2267,566,1,40,40,40,6,18,6,True,True,False,0.0523073785007,correct,0
2268,567,0,5,5,5,18,6,20,True,True,False,0.038337815552949905,correct,0
2269,567,0,26,24,26,6,18,15,False,False,False,0.016670839861035347,other,2
2270,567,1,26,24,26,18,6,6,False,False,False,0.02544822171330452,other,2
2271,567,1,5,5,5,6,18,20,True,True,False,0.017939291894435883,correct,0
2272,568,0,28,4,28,16,17,11,False,False,False,0.03777829930186272,other,24
2273,568,0,31,0,31,17,16,17,False,False,False,0.05302813649177551,other,31
2274,568,1,31,31,31,16,17,0,True,True,False,0.047870609909296036,correct,0
2275,568,1,28,28,28,17,16,0,True,True,False,0.03730127215385437,correct,0
2276,569,0,46,46,46,4,6,4,True,True,False,0.016080766916275024,correct,0
2277,569,0,48,0,48,6,4,26,False,False,False,0.012333190068602562,other,48
2278,569,1,48,2,48,4,6,6,False,False,False,0.01863366924226284,other,46
2279,569,1,46,43,46,6,4,4,False,False,False,0.01252941507846117,other,3
2280,570,0,15,10,15,7,6,0,False,False,False,0.011768031865358353,other,5
2281,570,0,19,18,19,6,7,6,False,False,True,0.07548347115516663,off_by_one,1
2282,570,1,19,30,19,7,6,7,False,False,False,0.08423126488924026,other,11
2283,570,1,15,35,15,6,7,7,False,False,False,0.009247827343642712,other,20
2284,571,0,24,35,24,7,24,17,False,False,False,0.024421103298664093,other,11
2285,571,0,13,31,13,24,7,19,False,False,False,0.028849318623542786,other,18
2286,571,1,13,17,13,7,24,15,False,False,False,0.02909240685403347,other,4
2287,571,1,24,15,24,24,7,27,False,False,False,0.02597794122993946,other,9
2288,572,0,23,35,23,19,6,6,False,False,False,0.09576255828142166,other,12
2289,572,0,46,43,46,6,19,8,False,False,False,0.018217328935861588,other,3
2290,572,1,46,43,46,19,6,12,False,False,False,0.01891990564763546,other,3
2291,572,1,23,41,23,6,19,18,False,False,False,0.08658203482627869,other,18
2292,573,0,41,41,41,7,8,2,True,True,False,0.00794164091348648,correct,0
2293,573,0,37,0,37,8,7,7,False,False,False,0.015997998416423798,other,37
2294,573,1,37,2,37,7,8,7,False,False,False,0.013077180832624435,other,35
2295,573,1,41,41,41,8,7,15,True,True,False,0.015093022957444191,correct,0
2296,574,0,19,18,19,7,15,14,False,False,True,0.041223347187042236,off_by_one,1
2297,574,0,29,44,29,15,7,7,False,False,False,0.019070442765951157,other,15
2298,574,1,29,28,29,7,15,1,False,False,True,0.016774432733654976,off_by_one,1
2299,574,1,19,2,19,15,7,15,False,False,False,0.041404712945222855,other,17
2300,575,0,32,24,32,15,18,2,False,False,False,0.05002103000879288,other,8
2301,575,0,41,41,41,18,15,6,True,True,False,0.03642714023590088,correct,0
2302,575,1,41,41,41,15,18,15,True,True,False,0.03392593562602997,correct,0
2303,575,1,32,15,32,18,15,14,False,False,False,0.05046090483665466,other,17
2304,576,0,3,43,3,23,16,0,False,False,False,0.008849341422319412,other,40
2305,576,0,4,24,4,16,23,23,False,False,False,0.011127487756311893,other,20
2306,576,1,4,4,4,23,16,0,True,True,False,0.009838540107011795,correct,0
2307,576,1,3,1,3,16,23,14,False,False,False,0.01066589169204235,other,2
2308,577,0,2,43,2,14,16,0,False,False,False,0.011947664432227612,other,41
2309,577,0,30,30,30,16,14,7,True,True,False,0.0297101978212595,correct,0
2310,577,1,30,30,30,14,16,14,True,True,False,0.0295582078397274,correct,0
2311,577,1,2,2,2,16,14,16,True,True,False,0.011466949246823788,correct,0
2312,578,0,20,18,20,8,7,1,False,False,False,0.015801547095179558,other,2
2313,578,0,48,28,48,7,8,26,False,False,False,0.02908441610634327,other,20
2314,578,1,48,17,48,8,7,7,False,False,False,0.028027165681123734,other,31
2315,578,1,20,18,20,7,8,18,False,False,False,0.017617415636777878,other,2
2316,579,0,47,47,47,6,30,6,True,True,False,0.05694295093417168,correct,0
2317,579,0,31,31,31,30,6,6,True,True,False,0.05135166645050049,correct,0
2318,579,1,31,35,31,6,30,6,False,False,False,0.05556207522749901,other,4
2319,579,1,47,15,47,30,6,20,False,False,False,0.05186520144343376,other,32
2320,580,0,0,0,0,6,16,6,True,True,False,0.07593843340873718,correct,0
2321,580,0,23,41,23,16,6,16,False,False,False,0.02309715934097767,other,18
2322,580,1,23,41,23,6,16,6,False,False,False,0.021954726427793503,other,18
2323,580,1,0,31,0,16,6,16,False,False,False,0.07258197665214539,other,31
2324,581,0,3,2,3,23,16,31,False,False,True,0.025173993781208992,off_by_one,1
2325,581,0,6,6,6,16,23,16,True,True,False,0.045926254242658615,correct,0
2326,581,1,6,18,6,23,16,15,False,False,False,0.0479230135679245,other,12
2327,581,1,3,3,3,16,23,15,True,True,False,0.023349301889538765,correct,0
2328,582,0,25,15,25,38,18,0,False,False,False,0.008202430792152882,other,10
2329,582,0,32,32,32,18,38,14,True,True,False,0.04343089833855629,correct,0
2330,582,1,32,32,32,38,18,0,True,True,False,0.04649258777499199,correct,0
2331,582,1,25,15,25,18,38,6,False,False,False,0.00991935282945633,other,10
2332,583,0,37,2,37,3,16,6,False,False,False,0.015436343848705292,other,35
2333,583,0,7,7,7,16,3,15,True,True,False,0.01379151176661253,correct,0
2334,583,1,7,7,7,3,16,5,True,True,False,0.016586974263191223,correct,0
2335,583,1,37,2,37,16,3,15,False,False,False,0.018484579399228096,other,35
2336,584,0,32,0,32,7,38,7,False,False,False,0.004391235299408436,other,32
2337,584,0,9,28,9,38,7,14,False,False,False,0.07320297509431839,other,19
2338,584,1,9,15,9,7,38,31,False,False,False,0.05463537946343422,other,6
2339,584,1,32,10,32,38,7,7,False,False,False,0.005609909072518349,other,22
2340,585,0,33,24,33,7,1,1,False,False,False,0.0183592326939106,other,9
2341,585,0,37,2,37,1,7,1,False,False,False,0.0036378789227455854,other,35
2342,585,1,37,0,37,7,1,7,False,False,False,0.0037533892318606377,other,37
2343,585,1,33,0,33,1,7,17,False,False,False,0.013856642879545689,other,33
2344,586,0,37,0,37,38,20,0,False,False,False,0.021734319627285004,other,37
2345,586,0,11,10,11,20,38,33,False,False,True,0.050327833741903305,off_by_one,1
2346,586,1,11,28,11,38,20,0,False,False,False,0.054631683975458145,other,17
2347,586,1,37,2,37,20,38,7,False,False,False,0.019814064726233482,other,35
2348,587,0,40,2,40,36,14,21,False,False,False,0.03446975350379944,other,38
2349,587,0,15,15,15,14,36,14,True,True,False,0.03921522572636604,correct,0
2350,587,1,15,41,15,36,14,21,False,False,False,0.042420804500579834,other,26
2351,587,1,40,43,40,14,36,28,False,False,False,0.03204994276165962,other,3
2352,588,0,6,44,6,21,6,0,False,False,False,0.09726277738809586,other,38
2353,588,0,32,24,32,6,21,6,False,False,False,0.03731386736035347,other,8
2354,588,1,32,24,32,21,6,1,False,False,False,0.03610767424106598,other,8
2355,588,1,6,21,6,6,21,6,False,False,False,0.08074058592319489,other,15
2356,589,0,39,31,39,16,6,16,False,False,False,0.05330115556716919,other,8
2357,589,0,16,15,16,6,16,6,False,False,True,0.04028536379337311,off_by_one,1
2358,589,1,16,15,16,16,6,16,False,False,True,0.04189310222864151,off_by_one,1
2359,589,1,39,31,39,6,16,30,False,False,False,0.04853253811597824,other,8
2360,590,0,2,2,2,16,24,16,True,True,False,0.028745047748088837,correct,0
2361,590,0,9,39,9,24,16,4,False,False,False,0.07016118615865707,other,30
2362,590,1,9,17,9,16,24,16,False,False,False,0.07345058023929596,other,8
2363,590,1,2,17,2,24,16,14,False,False,False,0.03306550905108452,other,15
2364,591,0,36,0,36,18,7,6,False,False,False,0.03425521031022072,other,36
2365,591,0,42,42,42,7,18,17,True,True,False,0.05305454134941101,correct,0
2366,591,1,42,42,42,18,7,18,True,True,False,0.05424368381500244,correct,0
2367,591,1,36,24,36,7,18,15,False,False,False,0.028847744688391685,other,12
2368,592,0,46,2,46,6,19,24,False,False,False,0.009793457575142384,other,44
2369,592,0,14,44,14,19,6,21,False,False,False,0.05713832750916481,other,30
2370,592,1,14,44,14,6,19,6,False,False,False,0.05567631497979164,other,30
2371,592,1,46,46,46,19,6,6,True,True,False,0.011244921013712883,correct,0
2372,593,0,24,44,24,16,18,14,False,False,False,0.019475320354104042,other,20
2373,593,0,5,5,5,18,16,15,True,True,False,0.009893597103655338,correct,0
2374,593,1,5,5,5,16,18,14,True,True,False,0.008543785661458969,correct,0
2375,593,1,24,24,24,18,16,7,True,True,False,0.020222807303071022,correct,0
2376,594,0,40,40,40,8,2,18,True,True,False,0.014843623153865337,correct,0
2377,594,0,31,31,31,2,8,7,True,True,False,0.03542761504650116,correct,0
2378,594,1,31,31,31,8,2,8,True,True,False,0.03416986018419266,correct,0
2379,594,1,40,43,40,2,8,20,False,False,False,0.01368339266628027,other,3
2380,595,0,20,16,20,7,6,14,False,False,False,0.058430176228284836,other,4
2381,595,0,29,1,29,6,7,6,False,False,False,0.05830606445670128,other,28
2382,595,1,29,29,29,7,6,6,True,True,False,0.05773589387536049,correct,0
2383,595,1,20,18,20,6,7,6,False,False,False,0.04799838364124298,other,2
2384,596,0,20,0,20,19,7,21,False,False,False,0.05075080692768097,other,20
2385,596,0,3,43,3,7,19,7,False,False,False,0.003950787708163261,other,40
2386,596,1,3,0,3,19,7,24,False,False,False,0.0052064284682273865,other,3
2387,596,1,20,18,20,7,19,7,False,False,False,0.04355696216225624,other,2
2388,597,0,8,8,8,16,24,15,True,True,False,0.05457868054509163,correct,0
2389,597,0,38,47,38,24,16,18,False,False,False,0.029740890488028526,other,9
2390,597,1,38,3,38,16,24,16,False,False,False,0.028719613328576088,other,35
2391,597,1,8,8,8,24,16,16,True,True,False,0.056924007833004,correct,0
2392,598,0,4,4,4,36,18,24,True,True,False,0.0048254686407744884,correct,0
2393,598,0,11,15,11,18,36,18,False,False,False,0.05745836719870567,other,4
2394,598,1,11,28,11,36,18,24,False,False,False,0.059406548738479614,other,17
2395,598,1,4,35,4,18,36,15,False,False,False,0.004372245166450739,other,31
2396,599,0,41,41,41,18,25,6,True,True,False,0.02413800358772278,correct,0
2397,599,0,9,33,9,25,18,16,False,False,False,0.009178501553833485,other,24
2398,599,1,9,28,9,18,25,16,False,False,False,0.007490173913538456,other,19
2399,599,1,41,41,41,25,18,0,True,True,False,0.028027616441249847,correct,0
2400,600,0,27,24,27,24,20,1,False,False,False,0.0044356281869113445,other,3
2401,600,0,14,24,14,20,24,0,False,False,False,0.05101905018091202,other,10
2402,600,1,14,17,14,24,20,38,False,False,False,0.047755226492881775,other,3
2403,600,1,27,17,27,20,24,0,False,False,False,0.006029208656400442,other,10
2404,601,0,23,24,23,14,16,27,False,False,True,0.03720618411898613,off_by_one,1
2405,601,0,21,3,21,16,14,21,False,False,False,0.034444328397512436,other,18
2406,601,1,21,21,21,14,16,14,True,True,False,0.039898086339235306,correct,0
2407,601,1,23,15,23,16,14,27,False,False,False,0.032991793006658554,other,8
2408,602,0,18,18,18,0,16,14,True,True,False,0.02982923574745655,correct,0
2409,602,0,19,43,19,16,0,21,False,False,False,0.021039824932813644,other,24
2410,602,1,19,3,19,0,16,16,False,False,False,0.01804788038134575,other,16
2411,602,1,18,36,18,16,0,16,False,False,False,0.035745736211538315,other,18
2412,603,0,41,41,41,14,34,0,True,True,False,0.03786303102970123,correct,0
2413,603,0,21,3,21,34,14,30,False,False,False,0.03105222061276436,other,18
2414,603,1,21,21,21,14,34,0,True,True,False,0.03330739587545395,correct,0
2415,603,1,41,41,41,34,14,24,True,True,False,0.034066878259181976,correct,0
2416,604,0,14,1,14,1,6,17,False,False,False,0.04096435010433197,other,13
2417,604,0,18,18,18,6,1,14,True,True,False,0.0556192509829998,correct,0
2418,604,1,18,3,18,1,6,0,False,False,False,0.05547208711504936,other,15
2419,604,1,14,45,14,6,1,7,False,False,False,0.0397564098238945,other,31
2420,605,0,23,24,23,20,24,17,False,False,True,0.07132121175527573,off_by_one,1
2421,605,0,28,28,28,24,20,21,True,True,False,0.0054884664714336395,correct,0
2422,605,1,28,28,28,20,24,20,True,True,False,0.005187196657061577,correct,0
2423,605,1,23,15,23,24,20,20,False,False,False,0.06040284410119057,other,8
2424,606,0,35,4,35,7,0,15,False,False,False,0.0051994165405631065,other,31
2425,606,0,47,5,47,0,7,0,False,False,False,0.040778111666440964,other,42
2426,606,1,47,47,47,7,0,35,True,True,False,0.03743044286966324,correct,0
2427,606,1,35,35,35,0,7,15,True,True,False,0.0049894703552126884,correct,0
2428,607,0,33,32,33,18,33,14,False,False,True,0.055443935096263885,off_by_one,1
2429,607,0,10,0,10,33,18,31,False,False,False,0.04969104751944542,other,10
2430,607,1,10,10,10,18,33,1,True,True,False,0.047941166907548904,correct,0
2431,607,1,33,31,33,33,18,15,False,False,False,0.05722803249955177,other,2
2432,608,0,27,1,27,19,2,3,False,False,False,0.003453770186752081,other,26
2433,608,0,34,34,34,2,19,7,True,True,False,0.00929088145494461,correct,0
2434,608,1,34,34,34,19,2,18,True,True,False,0.008167242631316185,correct,0
2435,608,1,27,1,27,2,19,3,False,False,False,0.002982241800054908,other,26
2436,609,0,6,21,6,15,19,2,False,False,False,0.034708376973867416,other,15
2437,609,0,9,31,9,19,15,15,False,False,False,0.013395518995821476,other,22
2438,609,1,9,0,9,15,19,15,False,False,False,0.013747986406087875,other,9
2439,609,1,6,31,6,19,15,0,False,False,False,0.0322430320084095,other,25
2440,610,0,37,3,37,36,26,36,False,False,False,0.07601766288280487,other,34
2441,610,0,14,24,14,26,36,4,False,False,False,0.03011525422334671,other,10
2442,610,1,14,24,14,36,26,7,False,False,False,0.025895632803440094,other,10
2443,610,1,37,3,37,26,36,24,False,False,False,0.07898568361997604,other,34
2444,611,0,13,24,13,15,17,14,False,False,False,0.01194839272648096,other,11
2445,611,0,25,41,25,17,15,0,False,False,False,0.021290423348546028,other,16
2446,611,1,25,35,25,15,17,31,False,False,False,0.02012266404926777,other,10
2447,611,1,13,0,13,17,15,31,False,False,False,0.014705597423017025,other,13
2448,612,0,36,28,36,6,23,6,False,False,False,0.014668919146060944,other,8
2449,612,0,24,44,24,23,6,16,False,False,False,0.016574865207076073,other,20
2450,612,1,24,24,24,6,23,18,True,True,False,0.015072226524353027,correct,0
2451,612,1,36,44,36,23,6,23,False,False,False,0.018992166966199875,other,8
2452,613,0,2,2,2,28,31,14,True,True,False,0.003216703422367573,correct,0
2453,613,0,25,35,25,31,28,14,False,False,False,0.019093243405222893,other,10
2454,613,1,25,4,25,28,31,16,False,False,False,0.01703016832470894,other,21
2455,613,1,2,17,2,31,28,0,False,False,False,0.00487773260101676,other,15
2456,614,0,39,1,39,14,17,27,False,False,False,0.01666027307510376,other,38
2457,614,0,41,41,41,17,14,15,True,True,False,0.02270558476448059,correct,0
2458,614,1,41,41,41,14,17,15,True,True,False,0.026081399992108345,correct,0
2459,614,1,39,0,39,17,14,23,False,False,False,0.019444726407527924,other,39
2460,615,0,29,29,29,15,18,11,True,True,False,0.03912854567170143,correct,0
2461,615,0,17,1,17,18,15,24,False,False,False,0.05077003687620163,other,16
2462,615,1,17,3,17,15,18,14,False,False,False,0.051008712500333786,other,14
2463,615,1,29,28,29,18,15,6,False,False,True,0.037967707961797714,off_by_one,1
2464,616,0,13,12,13,6,16,6,False,False,True,0.03834846615791321,off_by_one,1
2465,616,0,40,40,40,16,6,6,True,True,False,0.04471936076879501,correct,0
2466,616,1,40,40,40,6,16,18,True,True,False,0.04594084993004799,correct,0
2467,616,1,13,3,13,16,6,14,False,False,False,0.057593561708927155,other,10
2468,617,0,43,0,43,4,7,18,False,False,False,0.008754375390708447,other,43
2469,617,0,11,28,11,7,4,6,False,False,False,0.01001006830483675,other,17
2470,617,1,11,0,11,4,7,19,False,False,False,0.012600175105035305,other,11
2471,617,1,43,27,43,7,4,7,False,False,False,0.007905208505690098,other,16
2472,618,0,6,1,6,24,7,6,False,False,False,0.03858150541782379,other,5
2473,618,0,17,18,17,7,24,30,False,False,True,0.04310747608542442,off_by_one,1
2474,618,1,17,17,17,24,7,11,True,True,False,0.039014626294374466,correct,0
2475,618,1,6,40,6,7,24,14,False,False,False,0.03741319477558136,other,34
2476,619,0,38,17,38,8,15,7,False,False,False,0.012979860417544842,other,21
2477,619,0,48,28,48,15,8,0,False,False,False,0.020616207271814346,other,20
2478,619,1,48,43,48,8,15,6,False,False,False,0.019164223223924637,other,5
2479,619,1,38,38,38,15,8,0,True,True,False,0.013848327100276947,correct,0
2480,620,0,14,24,14,15,24,14,False,False,False,0.050743039697408676,other,10
2481,620,0,9,9,9,24,15,24,True,True,False,0.0384330116212368,correct,0
2482,620,1,9,17,9,15,24,27,False,False,False,0.0431116558611393,other,8
2483,620,1,14,14,14,24,15,1,True,True,False,0.05148164927959442,correct,0
2484,621,0,38,1,38,1,6,0,False,False,False,0.021478982642292976,other,37
2485,621,0,3,3,3,6,1,6,True,True,False,0.020806461572647095,correct,0
2486,621,1,3,0,3,1,6,7,False,False,False,0.02321038953959942,other,3
2487,621,1,38,33,38,6,1,6,False,False,False,0.021943431347608566,other,5
2488,622,0,18,17,18,18,36,0,False,False,True,0.03239799663424492,off_by_one,1
2489,622,0,2,2,2,36,18,21,True,True,False,0.029249681159853935,correct,0
2490,622,1,2,2,2,18,36,14,True,True,False,0.02989840880036354,correct,0
2491,622,1,18,43,18,36,18,30,False,False,False,0.03188233822584152,other,25
2492,623,0,27,31,27,10,11,16,False,False,False,0.020244276151061058,other,4
2493,623,0,22,31,22,11,10,16,False,False,False,0.031729329377412796,other,9
2494,623,1,22,31,22,10,11,23,False,False,False,0.029817575588822365,other,9
2495,623,1,27,17,27,11,10,15,False,False,False,0.02518540434539318,other,10
2496,624,0,27,0,27,2,6,6,False,False,False,0.01934361457824707,other,27
2497,624,0,5,5,5,6,2,6,True,True,False,0.05848316103219986,correct,0
2498,624,1,5,5,5,2,6,12,True,True,False,0.051884569227695465,correct,0
2499,624,1,27,28,27,6,2,6,False,False,True,0.018088094890117645,off_by_one,1
2500,625,0,21,3,21,24,18,18,False,False,False,0.06948701292276382,other,18
2501,625,0,27,1,27,18,24,20,False,False,False,0.005564327817410231,other,26
2502,625,1,27,1,27,24,18,35,False,False,False,0.0070912037044763565,other,26
2503,625,1,21,9,21,18,24,18,False,False,False,0.06652174890041351,other,12
2504,626,0,18,44,18,14,24,16,False,False,False,0.05078798159956932,other,26
2505,626,0,34,47,34,24,14,24,False,False,False,0.04519571736454964,other,13
2506,626,1,34,31,34,14,24,27,False,False,False,0.0439930334687233,other,3
2507,626,1,18,36,18,24,14,18,False,False,False,0.053937878459692,other,18
2508,627,0,16,16,16,24,16,24,True,True,False,0.07235473394393921,correct,0
2509,627,0,21,21,21,16,24,16,True,True,False,0.07295883446931839,correct,0
2510,627,1,21,21,21,24,16,6,True,True,False,0.0650051012635231,correct,0
2511,627,1,16,16,16,16,24,14,True,True,False,0.07337011396884918,correct,0
2512,628,0,44,24,44,6,19,26,False,False,False,0.0064820218831300735,other,20
2513,628,0,43,0,43,19,6,12,False,False,False,0.017051778733730316,other,43
2514,628,1,43,17,43,6,19,6,False,False,False,0.02303430624306202,other,26
2515,628,1,44,44,44,19,6,20,True,True,False,0.005437762476503849,correct,0
2516,629,0,5,5,5,18,24,6,True,True,False,0.035056982189416885,correct,0
2517,629,0,2,17,2,24,18,23,False,False,False,0.03317003324627876,other,15
2518,629,1,2,0,2,18,24,18,False,False,False,0.03709079697728157,other,2
2519,629,1,5,7,5,24,18,0,False,False,False,0.02491808496415615,other,2
2520,630,0,30,30,30,15,7,7,True,True,False,0.021875688806176186,correct,0
2521,630,0,37,17,37,7,15,36,False,False,False,0.015287120826542377,other,20
2522,630,1,37,0,37,15,7,7,False,False,False,0.009335070848464966,other,37
2523,630,1,30,45,30,7,15,6,False,False,False,0.022680483758449554,other,15
2524,631,0,25,35,25,6,15,18,False,False,False,0.019912229850888252,other,10
2525,631,0,2,0,2,15,6,15,False,False,False,0.021864518523216248,other,2
2526,631,1,2,0,2,6,15,22,False,False,False,0.018744932487607002,other,2
2527,631,1,25,35,25,15,6,20,False,False,False,0.019923610612750053,other,10
2528,632,0,5,5,5,16,18,14,True,True,False,0.04031045362353325,correct,0
2529,632,0,45,24,45,18,16,18,False,False,False,0.005174066871404648,other,21
2530,632,1,45,24,45,16,18,15,False,False,False,0.008237221278250217,other,21
2531,632,1,5,5,5,18,16,0,True,True,False,0.028848795220255852,correct,0
2532,633,0,38,1,38,14,17,0,False,False,False,0.0028414945118129253,other,37
2533,633,0,0,0,0,17,14,0,True,True,False,0.028716986998915672,correct,0
2534,633,1,0,0,0,14,17,0,True,True,False,0.03163701295852661,correct,0
2535,633,1,38,1,38,17,14,0,False,False,False,0.0039489371702075005,other,37
2536,634,0,15,15,15,10,7,14,True,True,False,0.032661937177181244,correct,0
2537,634,0,9,28,9,7,10,15,False,False,False,0.07828841358423233,other,19
2538,634,1,9,3,9,10,7,7,False,False,False,0.0687180608510971,other,6
2539,634,1,15,15,15,7,10,0,True,True,False,0.0319010466337204,correct,0
2540,635,0,45,45,45,3,20,3,True,True,False,0.012589904479682446,correct,0
2541,635,0,40,40,40,20,3,21,True,True,False,0.030116090551018715,correct,0
2542,635,1,40,0,40,3,20,24,False,False,False,0.0347757488489151,other,40
2543,635,1,45,24,45,20,3,21,False,False,False,0.01063966378569603,other,21
2544,636,0,38,38,38,16,24,15,True,True,False,0.03052286058664322,correct,0
2545,636,0,36,24,36,24,16,24,False,False,False,0.016827881336212158,other,12
2546,636,1,36,17,36,16,24,0,False,False,False,0.01798289641737938,other,19
2547,636,1,38,24,38,24,16,18,False,False,False,0.027913380414247513,other,14
2548,637,0,43,43,43,14,0,0,True,True,False,0.0255346167832613,correct,0
2549,637,0,30,4,30,0,14,23,False,False,False,0.04494454339146614,other,26
2550,637,1,30,31,30,14,0,16,False,False,True,0.045680273324251175,off_by_one,1
2551,637,1,43,27,43,0,14,21,False,False,False,0.025271829217672348,other,16
2552,638,0,18,3,18,39,6,18,False,False,False,0.05634140595793724,other,15
2553,638,0,6,6,6,6,39,6,True,True,False,0.08862194418907166,correct,0
2554,638,1,6,40,6,39,6,6,False,False,False,0.10667894780635834,other,34
2555,638,1,18,1,18,6,39,6,False,False,False,0.0524827241897583,other,17
2556,639,0,16,15,16,26,18,6,False,False,True,0.011493138037621975,off_by_one,1
2557,639,0,15,15,15,18,26,18,True,True,False,0.09293194115161896,correct,0
2558,639,1,15,42,15,26,18,26,False,False,False,0.09030656516551971,other,27
2559,639,1,16,16,16,18,26,18,True,True,False,0.024632014334201813,correct,0
2560,640,0,45,45,45,2,19,2,True,True,False,0.014175876043736935,correct,0
2561,640,0,36,17,36,19,2,24,False,False,False,0.005321291740983725,other,19
2562,640,1,36,17,36,2,19,6,False,False,False,0.0068995151668787,other,19
2563,640,1,45,24,45,19,2,19,False,False,False,0.013788830488920212,other,21
2564,641,0,6,1,6,20,12,15,False,False,False,0.054833654314279556,other,5
2565,641,0,40,24,40,12,20,6,False,False,False,0.02745812013745308,other,16
2566,641,1,40,36,40,20,12,17,False,False,False,0.026939721778035164,other,4
2567,641,1,6,1,6,12,20,5,False,False,False,0.06366415321826935,other,5
2568,642,0,9,10,9,15,26,17,False,False,True,0.024771008640527725,off_by_one,1
2569,642,0,11,28,11,26,15,6,False,False,False,0.007665955927222967,other,17
2570,642,1,11,28,11,15,26,0,False,False,False,0.008868983946740627,other,17
2571,642,1,9,28,9,26,15,21,False,False,False,0.02044348232448101,other,19
2572,643,0,27,27,27,16,7,16,True,True,False,0.03092780150473118,correct,0
2573,643,0,18,18,18,7,16,7,True,True,False,0.04349935054779053,correct,0
2574,643,1,18,3,18,16,7,21,False,False,False,0.04509053751826286,other,15
2575,643,1,27,15,27,7,16,14,False,False,False,0.034581225365400314,other,12
2576,644,0,40,40,40,17,20,0,True,True,False,0.009780674241483212,correct,0
2577,644,0,20,43,20,20,17,36,False,False,False,0.01556161418557167,other,23
2578,644,1,20,40,20,17,20,15,False,False,False,0.013523850589990616,other,20
2579,644,1,40,40,40,20,17,18,True,True,False,0.008304365910589695,correct,0
2580,645,0,42,42,42,23,18,27,True,True,False,0.08650972694158554,correct,0
2581,645,0,36,24,36,18,23,35,False,False,False,0.09367244690656662,other,12
2582,645,1,36,31,36,23,18,23,False,False,False,0.08132737129926682,other,5
2583,645,1,42,42,42,18,23,18,True,True,False,0.09382211416959763,correct,0
2584,646,0,48,0,48,7,18,16,False,False,False,0.007965548895299435,other,48
2585,646,0,36,3,36,18,7,18,False,False,False,0.003586586331948638,other,33
2586,646,1,36,36,36,7,18,21,True,True,False,0.003153088502585888,correct,0
2587,646,1,48,2,48,18,7,18,False,False,False,0.009063243865966797,other,46
2588,647,0,0,0,0,8,19,19,True,True,False,0.0196680948138237,correct,0
2589,647,0,3,0,3,19,8,7,False,False,False,0.015528615564107895,other,3
2590,647,1,3,43,3,8,19,24,False,False,False,0.014544165693223476,other,40
2591,647,1,0,0,0,19,8,15,True,True,False,0.01875440590083599,correct,0
2592,648,0,1,24,1,39,7,20,False,False,False,0.04996807500720024,other,23
2593,648,0,48,0,48,7,39,17,False,False,False,0.03907325491309166,other,48
2594,648,1,48,1,48,39,7,39,False,False,False,0.044529061764478683,other,47
2595,648,1,1,31,1,7,39,14,False,False,False,0.059650033712387085,other,30
2596,649,0,36,17,36,7,15,7,False,False,False,0.010213091969490051,other,19
2597,649,0,10,31,10,15,7,14,False,False,False,0.05303559452295303,other,21
2598,649,1,10,32,10,7,15,7,False,False,False,0.05258512124419212,other,22
2599,649,1,36,43,36,15,7,0,False,False,False,0.010680485516786575,other,7
2600,650,0,5,15,5,2,6,20,False,False,False,0.03949034586548805,other,10
2601,650,0,31,30,31,6,2,6,False,False,True,0.05350419878959656,off_by_one,1
2602,650,1,31,31,31,2,6,7,True,True,False,0.049617405980825424,correct,0
2603,650,1,5,5,5,6,2,6,True,True,False,0.03843967616558075,correct,0
2604,651,0,44,44,44,1,6,17,True,True,False,0.013064414262771606,correct,0
2605,651,0,17,2,17,6,1,7,False,False,False,0.06374337524175644,other,15
2606,651,1,17,18,17,1,6,17,False,False,True,0.05961050093173981,off_by_one,1
2607,651,1,44,44,44,6,1,24,True,True,False,0.012033655308187008,correct,0
2608,652,0,8,8,8,14,6,14,True,True,False,0.08994832634925842,correct,0
2609,652,0,29,4,29,6,14,6,False,False,False,0.010761547833681107,other,25
2610,652,1,29,44,29,14,6,0,False,False,False,0.014477143064141273,other,15
2611,652,1,8,15,8,6,14,6,False,False,False,0.08986348658800125,other,7
2612,653,0,7,7,7,36,7,24,True,True,False,0.15159760415554047,correct,0
2613,653,0,39,0,39,7,36,39,False,False,False,0.01846384070813656,other,39
2614,653,1,39,39,39,36,7,4,True,True,False,0.025590837001800537,correct,0
2615,653,1,7,31,7,7,36,0,False,False,False,0.1460464745759964,other,24
2616,654,0,19,1,19,32,6,7,False,False,False,0.05727759748697281,other,18
2617,654,0,0,31,0,6,32,0,False,False,False,0.07604947686195374,other,31
2618,654,1,0,0,0,32,6,16,True,True,False,0.07481180131435394,correct,0
2619,654,1,19,3,19,6,32,0,False,False,False,0.046725042164325714,other,16
2620,655,0,47,34,47,35,14,16,False,False,False,0.023293478414416313,other,13
2621,655,0,16,16,16,14,35,0,True,True,False,0.0538187101483345,correct,0
2622,655,1,16,15,16,35,14,0,False,False,True,0.05502120405435562,off_by_one,1
2623,655,1,47,47,47,14,35,0,True,True,False,0.0200969111174345,correct,0
2624,656,0,7,7,7,24,6,6,True,True,False,0.03789200261235237,correct,0
2625,656,0,46,46,46,6,24,26,True,True,False,0.04300408810377121,correct,0
2626,656,1,46,43,46,24,6,20,False,False,False,0.045013900846242905,other,3
2627,656,1,7,7,7,6,24,4,True,True,False,0.035684529691934586,correct,0
2628,657,0,46,0,46,7,8,7,False,False,False,0.03366945683956146,other,46
2629,657,0,11,0,11,8,7,21,False,False,False,0.01323904562741518,other,11
2630,657,1,11,28,11,7,8,6,False,False,False,0.017690559849143028,other,17
2631,657,1,46,0,46,8,7,6,False,False,False,0.029599742963910103,other,46
2632,658,0,48,31,48,15,14,32,False,False,False,0.009499742649495602,other,17
2633,658,0,1,3,1,14,15,14,False,False,False,0.0236404687166214,other,2
2634,658,1,1,1,1,15,14,16,True,True,False,0.02454022504389286,correct,0
2635,658,1,48,28,48,14,15,14,False,False,False,0.010407477617263794,other,20
2636,659,0,15,15,15,3,16,7,True,True,False,0.03521906957030296,correct,0
2637,659,0,29,1,29,16,3,19,False,False,False,0.05214947834610939,other,28
2638,659,1,29,15,29,3,16,1,False,False,False,0.047304295003414154,other,14
2639,659,1,15,15,15,16,3,21,True,True,False,0.044539760798215866,correct,0
2640,660,0,5,44,5,20,7,31,False,False,False,0.09756551682949066,other,39
2641,660,0,20,31,20,7,20,1,False,False,False,0.0361400730907917,other,11
2642,660,1,20,3,20,20,7,10,False,False,False,0.042413175106048584,other,17
2643,660,1,5,41,5,7,20,7,False,False,False,0.0792907327413559,other,36
2644,661,0,17,0,17,16,15,14,False,False,False,0.014815648086369038,other,17
2645,661,0,48,0,48,15,16,15,False,False,False,0.04735755920410156,other,48
2646,661,1,48,31,48,16,15,0,False,False,False,0.04830841347575188,other,17
2647,661,1,17,18,17,15,16,14,False,False,True,0.013589431531727314,off_by_one,1
2648,662,0,45,45,45,10,8,10,True,True,False,0.008610914461314678,correct,0
2649,662,0,26,24,26,8,10,6,False,False,False,0.038026295602321625,other,2
2650,662,1,26,14,26,10,8,17,False,False,False,0.0316968597471714,other,12
2651,662,1,45,45,45,8,10,24,True,True,False,0.012747038155794144,correct,0
2652,663,0,33,28,33,16,18,16,False,False,False,0.03721418231725693,other,5
2653,663,0,25,24,25,18,16,6,False,False,True,0.03140277788043022,off_by_one,1
2654,663,1,25,35,25,16,18,0,False,False,False,0.02534148283302784,other,10
2655,663,1,33,28,33,18,16,19,False,False,False,0.04067852348089218,other,5
2656,664,0,35,35,35,20,7,7,True,True,False,0.01130754966288805,correct,0
2657,664,0,36,1,36,7,20,14,False,False,False,0.004216021858155727,other,35
2658,664,1,36,43,36,20,7,0,False,False,False,0.0045163375325500965,other,7
2659,664,1,35,35,35,7,20,0,True,True,False,0.009157812222838402,correct,0
2660,665,0,40,1,40,14,12,14,False,False,False,0.029939906671643257,other,39
2661,665,0,26,4,26,12,14,18,False,False,False,0.023678036406636238,other,22
2662,665,1,26,44,26,14,12,14,False,False,False,0.03220947086811066,other,18
2663,665,1,40,4,40,12,14,6,False,False,False,0.01996193826198578,other,36
2664,666,0,40,2,40,12,10,24,False,False,False,0.013551644049584866,other,38
2665,666,0,26,24,26,10,12,15,False,False,False,0.03525858744978905,other,2
2666,666,1,26,25,26,12,10,6,False,False,True,0.040522463619709015,off_by_one,1
2667,666,1,40,1,40,10,12,1,False,False,False,0.014879422262310982,other,39
2668,667,0,29,1,29,6,7,6,False,False,False,0.004333882126957178,other,28
2669,667,0,6,1,6,7,6,20,False,False,False,0.05999913439154625,other,5
2670,667,1,6,6,6,6,7,6,True,True,False,0.048479706048965454,correct,0
2671,667,1,29,29,29,7,6,6,True,True,False,0.00516215106472373,correct,0
2672,668,0,6,6,6,18,7,18,True,True,False,0.09007783234119415,correct,0
2673,668,0,3,43,3,7,18,24,False,False,False,0.0799807608127594,other,40
2674,668,1,3,3,3,18,7,24,True,True,False,0.07826898992061615,correct,0
2675,668,1,6,30,6,7,18,24,False,False,False,0.09038853645324707,other,24
2676,669,0,34,47,34,9,3,21,False,False,False,0.006825888995081186,other,13
2677,669,0,36,43,36,3,9,4,False,False,False,0.04330848157405853,other,7
2678,669,1,36,17,36,9,3,7,False,False,False,0.04888976737856865,other,19
2679,669,1,34,34,34,3,9,6,True,True,False,0.006039702799171209,correct,0
2680,670,0,35,34,35,19,7,19,False,False,True,0.011113645508885384,off_by_one,1
2681,670,0,34,34,34,7,19,21,True,True,False,0.008124057203531265,correct,0
2682,670,1,34,34,34,19,7,18,True,True,False,0.015452890656888485,correct,0
2683,670,1,35,35,35,7,19,36,True,True,False,0.014849856495857239,correct,0
2684,671,0,44,24,44,32,14,15,False,False,False,0.013409617356956005,other,20
2685,671,0,48,2,48,14,32,14,False,False,False,0.015879211947321892,other,46
2686,671,1,48,27,48,32,14,15,False,False,False,0.012701362371444702,other,21
2687,671,1,44,44,44,14,32,23,True,True,False,0.014921152964234352,correct,0
2688,672,0,19,0,19,24,16,7,False,False,False,0.09665697067975998,other,19
2689,672,0,9,17,9,16,24,11,False,False,False,0.051708776503801346,other,8
2690,672,1,9,31,9,24,16,24,False,False,False,0.04506457969546318,other,22
2691,672,1,19,43,19,16,24,7,False,False,False,0.09250582009553909,other,24
2692,673,0,30,3,30,17,15,17,False,False,False,0.021768292412161827,other,27
2693,673,0,45,2,45,15,17,0,False,False,False,0.035396214574575424,other,43
2694,673,1,45,45,45,17,15,2,True,True,False,0.040732599794864655,correct,0
2695,673,1,30,31,30,15,17,7,False,False,True,0.022652145475149155,off_by_one,1
2696,674,0,43,43,43,14,36,14,True,True,False,0.013140794821083546,correct,0
2697,674,0,31,31,31,36,14,21,True,True,False,0.0487605445086956,correct,0
2698,674,1,31,31,31,14,36,0,True,True,False,0.0538361631333828,correct,0
2699,674,1,43,17,43,36,14,19,False,False,False,0.010732565075159073,other,26
2700,675,0,46,2,46,2,1,6,False,False,False,0.040823303163051605,other,44
2701,675,0,25,35,25,1,2,14,False,False,False,0.00631405133754015,other,10
2702,675,1,25,15,25,2,1,17,False,False,False,0.0068983896635472775,other,10
2703,675,1,46,40,46,1,2,1,False,False,False,0.03938484936952591,other,6
2704,676,0,5,5,5,11,7,23,True,True,False,0.019182845950126648,correct,0
2705,676,0,35,35,35,7,11,17,True,True,False,0.006340243853628635,correct,0
2706,676,1,35,44,35,11,7,0,False,False,False,0.0046956767328083515,other,9
2707,676,1,5,5,5,7,11,7,True,True,False,0.020952682942152023,correct,0
2708,677,0,27,11,27,7,14,0,False,False,False,0.03149663656949997,other,16
2709,677,0,6,18,6,14,7,14,False,False,False,0.014927967451512814,other,12
2710,677,1,6,0,6,7,14,38,False,False,False,0.01528024673461914,other,6
2711,677,1,27,44,27,14,7,37,False,False,False,0.03356681391596794,other,17
2712,678,0,22,31,22,7,14,1,False,False,False,0.024118071421980858,other,9
2713,678,0,38,3,38,14,7,0,False,False,False,0.004499348811805248,other,35
2714,678,1,38,38,38,7,14,15,True,True,False,0.003989962860941887,correct,0
2715,678,1,22,2,22,14,7,14,False,False,False,0.024916788563132286,other,20
2716,679,0,35,35,35,33,0,14,True,True,False,0.02531835064291954,correct,0
2717,679,0,6,24,6,0,33,16,False,False,False,0.0386846661567688,other,18
2718,679,1,6,6,6,33,0,14,True,True,False,0.04167697951197624,correct,0
2719,679,1,35,12,35,0,33,16,False,False,False,0.01943429745733738,other,23
2720,680,0,0,17,0,16,18,20,False,False,False,0.04569006711244583,other,17
2721,680,0,20,18,20,18,16,18,False,False,False,0.03463301807641983,other,2
2722,680,1,20,3,20,16,18,21,False,False,False,0.0381508432328701,other,17
2723,680,1,0,0,0,18,16,14,True,True,False,0.042875103652477264,correct,0
2724,681,0,26,8,26,2,19,2,False,False,False,0.027001596987247467,other,18
2725,681,0,8,8,8,19,2,14,True,True,False,0.008317660540342331,correct,0
2726,681,1,8,8,8,2,19,37,True,True,False,0.007328005041927099,correct,0
2727,681,1,26,24,26,19,2,24,False,False,False,0.03206969425082207,other,2
2728,682,0,13,0,13,7,15,7,False,False,False,0.057067058980464935,other,13
2729,682,0,23,4,23,15,7,27,False,False,False,0.023341096937656403,other,19
2730,682,1,23,24,23,7,15,7,False,False,True,0.019301578402519226,off_by_one,1
2731,682,1,13,6,13,15,7,15,False,False,False,0.05878434330224991,other,7
2732,683,0,46,40,46,5,6,5,False,False,False,0.025236835703253746,other,6
2733,683,0,41,41,41,6,5,6,True,True,False,0.10508392006158829,correct,0
2734,683,1,41,41,41,5,6,6,True,True,False,0.0949900820851326,correct,0
2735,683,1,46,3,46,6,5,6,False,False,False,0.03113686852157116,other,43
2736,684,0,36,46,36,8,16,4,False,False,False,0.03219425305724144,other,10
2737,684,0,7,7,7,16,8,14,True,True,False,0.04322199895977974,correct,0
2738,684,1,7,7,7,8,16,4,True,True,False,0.041551362723112106,correct,0
2739,684,1,36,24,36,16,8,16,False,False,False,0.037090446799993515,other,12
2740,685,0,20,43,20,24,6,30,False,False,False,0.07507863640785217,other,23
2741,685,0,25,35,25,6,24,6,False,False,False,0.01167528796941042,other,10
2742,685,1,25,15,25,24,6,6,False,False,False,0.016166964545845985,other,10
2743,685,1,20,3,20,6,24,6,False,False,False,0.058679644018411636,other,17
2744,686,0,45,24,45,7,2,7,False,False,False,0.019295375794172287,other,21
2745,686,0,18,18,18,2,7,7,True,True,False,0.05115480348467827,correct,0
2746,686,1,18,18,18,7,2,17,True,True,False,0.052818022668361664,correct,0
2747,686,1,45,45,45,2,7,18,True,True,False,0.0176602341234684,correct,0
2748,687,0,30,30,30,12,7,6,True,True,False,0.05711507797241211,correct,0
2749,687,0,19,3,19,7,12,6,False,False,False,0.05087558180093765,other,16
2750,687,1,19,19,19,12,7,18,True,True,False,0.054431989789009094,correct,0
2751,687,1,30,31,30,7,12,15,False,False,True,0.061767127364873886,off_by_one,1
2752,688,0,14,45,14,7,6,24,False,False,False,0.030868936330080032,other,31
2753,688,0,44,45,44,6,7,6,False,False,True,0.028557872399687767,off_by_one,1
2754,688,1,44,24,44,7,6,7,False,False,False,0.02685282751917839,other,20
2755,688,1,14,15,14,6,7,20,False,False,True,0.03097631223499775,off_by_one,1
2756,689,0,7,7,7,7,21,20,True,True,False,0.0361747108399868,correct,0
2757,689,0,31,46,31,21,7,15,False,False,False,0.04828730225563049,other,15
2758,689,1,31,31,31,7,21,7,True,True,False,0.046191319823265076,correct,0
2759,689,1,7,7,7,21,7,0,True,True,False,0.037608761340379715,correct,0
2760,690,0,9,15,9,0,15,0,False,False,False,0.027156705036759377,other,6
2761,690,0,15,15,15,15,0,6,True,True,False,0.04908836632966995,correct,0
2762,690,1,15,15,15,0,15,0,True,True,False,0.04178467020392418,correct,0
2763,690,1,9,1,9,15,0,23,False,False,False,0.022236069664359093,other,8
2764,691,0,20,20,20,28,6,1,True,True,False,0.043100424110889435,correct,0
2765,691,0,13,3,13,6,28,19,False,False,False,0.04354396089911461,other,10
2766,691,1,13,27,13,28,6,16,False,False,False,0.052624791860580444,other,14
2767,691,1,20,3,20,6,28,6,False,False,False,0.045738283544778824,other,17
2768,692,0,2,2,2,18,15,6,True,True,False,0.01644127257168293,correct,0
2769,692,0,19,3,19,15,18,16,False,False,False,0.02733377367258072,other,16
2770,692,1,19,17,19,18,15,18,False,False,False,0.028167612850666046,other,2
2771,692,1,2,2,2,15,18,15,True,True,False,0.014307772740721703,correct,0
2772,693,0,4,4,4,2,6,15,True,True,False,0.024019325152039528,correct,0
2773,693,0,47,47,47,6,2,6,True,True,False,0.026645483449101448,correct,0
2774,693,1,47,47,47,2,6,18,True,True,False,0.025374561548233032,correct,0
2775,693,1,4,4,4,6,2,6,True,True,False,0.021711060777306557,correct,0
2776,694,0,17,17,17,16,15,16,True,True,False,0.013485298492014408,correct,0
2777,694,0,11,1,11,15,16,0,False,False,False,0.011736583895981312,other,10
2778,694,1,11,0,11,16,15,0,False,False,False,0.010997944511473179,other,11
2779,694,1,17,17,17,15,16,15,True,True,False,0.011766020208597183,correct,0
2780,695,0,20,18,20,10,11,14,False,False,False,0.03265882655978203,other,2
2781,695,0,17,17,17,11,10,16,True,True,False,0.028322912752628326,correct,0
2782,695,1,17,17,17,10,11,11,True,True,False,0.02859165146946907,correct,0
2783,695,1,20,18,20,11,10,14,False,False,False,0.032079167664051056,other,2
2784,696,0,30,30,30,27,15,27,True,True,False,0.006787821650505066,correct,0
2785,696,0,46,38,46,15,27,15,False,False,False,0.022373942658305168,other,8
2786,696,1,46,44,46,27,15,14,False,False,False,0.02232593297958374,other,2
2787,696,1,30,31,30,15,27,0,False,False,True,0.007052238564938307,off_by_one,1
2788,697,0,14,14,14,7,2,20,True,True,False,0.019951993599534035,correct,0
2789,697,0,0,2,0,2,7,7,False,False,False,0.0032679543364793062,other,2
2790,697,1,0,0,0,7,2,6,True,True,False,0.0036772950552403927,correct,0
2791,697,1,14,24,14,2,7,23,False,False,False,0.01790984347462654,other,10
2792,698,0,18,18,18,18,0,18,True,True,False,0.04316165670752525,correct,0
2793,698,0,48,31,48,0,18,15,False,False,False,0.027414970099925995,other,17
2794,698,1,48,30,48,18,0,18,False,False,False,0.033023808151483536,other,18
2795,698,1,18,3,18,0,18,14,False,False,False,0.04261831194162369,other,15
2796,699,0,25,35,25,15,1,15,False,False,False,0.009156652726233006,other,10
2797,699,0,44,44,44,1,15,21,True,True,False,0.00923333503305912,correct,0
2798,699,1,44,24,44,15,1,7,False,False,False,0.008473633788526058,other,20
2799,699,1,25,35,25,1,15,15,False,False,False,0.008080116473138332,other,10
2800,700,0,40,47,40,20,6,0,False,False,False,0.030738744884729385,other,7
2801,700,0,31,31,31,6,20,6,True,True,False,0.05832020565867424,correct,0
2802,700,1,31,31,31,20,6,7,True,True,False,0.06255851686000824,correct,0
2803,700,1,40,0,40,6,20,6,False,False,False,0.023905664682388306,other,40
2804,701,0,10,31,10,10,13,10,False,False,False,0.03143645450472832,other,21
2805,701,0,12,32,12,13,10,9,False,False,False,0.027384556829929352,other,20
2806,701,1,12,0,12,10,13,14,False,False,False,0.025258179754018784,other,12
2807,701,1,10,29,10,13,10,2,False,False,False,0.031011365354061127,other,19
2808,702,0,27,27,27,7,6,7,True,True,False,0.009806687012314796,correct,0
2809,702,0,1,1,1,6,7,6,True,True,False,0.020644385367631912,correct,0
2810,702,1,1,1,1,7,6,30,True,True,False,0.022979116067290306,correct,0
2811,702,1,27,0,27,6,7,6,False,False,False,0.009710731916129589,other,27
2812,703,0,32,24,32,38,26,7,False,False,False,0.006754646077752113,other,8
2813,703,0,5,5,5,26,38,24,True,True,False,0.03941367194056511,correct,0
2814,703,1,5,5,5,38,26,15,True,True,False,0.03508859872817993,correct,0
2815,703,1,32,46,32,26,38,4,False,False,False,0.0066836318001151085,other,14
2816,704,0,26,45,26,16,18,16,False,False,False,0.037080008536577225,other,19
2817,704,0,20,17,20,18,16,15,False,False,False,0.030628671869635582,other,3
2818,704,1,20,0,20,16,18,14,False,False,False,0.030220644548535347,other,20
2819,704,1,26,24,26,18,16,17,False,False,False,0.03338099271059036,other,2
2820,705,0,27,0,27,18,15,21,False,False,False,0.011591720394790173,other,27
2821,705,0,20,3,20,15,18,15,False,False,False,0.008423583582043648,other,17
2822,705,1,20,18,20,18,15,24,False,False,False,0.007709510158747435,other,2
2823,705,1,27,43,27,15,18,16,False,False,False,0.01904776319861412,other,16
2824,706,0,5,15,5,18,35,18,False,False,False,0.032051458954811096,other,10
2825,706,0,38,47,38,35,18,28,False,False,False,0.021888630464673042,other,9
2826,706,1,38,47,38,18,35,18,False,False,False,0.024487553164362907,other,9
2827,706,1,5,5,5,35,18,16,True,True,False,0.03978262096643448,correct,0
2828,707,0,12,0,12,7,14,7,False,False,False,0.04199729114770889,other,12
2829,707,0,33,1,33,14,7,14,False,False,False,0.03375769034028053,other,32
2830,707,1,33,1,33,7,14,15,False,False,False,0.03328002616763115,other,32
2831,707,1,12,1,12,14,7,14,False,False,False,0.03341810032725334,other,11
2832,708,0,11,15,11,18,17,1,False,False,False,0.04279523715376854,other,4
2833,708,0,3,43,3,17,18,14,False,False,False,0.029058605432510376,other,40
2834,708,1,3,43,3,18,17,36,False,False,False,0.026780452579259872,other,40
2835,708,1,11,28,11,17,18,0,False,False,False,0.04603887349367142,other,17
2836,709,0,32,0,32,24,14,7,False,False,False,0.031410664319992065,other,32
2837,709,0,40,32,40,14,24,7,False,False,False,0.04588532820343971,other,8
2838,709,1,40,43,40,24,14,21,False,False,False,0.05021845921874046,other,3
2839,709,1,32,0,32,14,24,14,False,False,False,0.03336378559470177,other,32
2840,710,0,2,2,2,2,6,6,True,True,False,0.0460498221218586,correct,0
2841,710,0,1,0,1,6,2,2,False,False,True,0.05109115689992905,off_by_one,1
2842,710,1,1,1,1,2,6,6,True,True,False,0.04937025159597397,correct,0
2843,710,1,2,2,2,6,2,6,True,True,False,0.0452205128967762,correct,0
2844,711,0,31,31,31,27,15,14,True,True,False,0.04440983757376671,correct,0
2845,711,0,26,35,26,15,27,0,False,False,False,0.014259662479162216,other,9
2846,711,1,26,40,26,27,15,16,False,False,False,0.014004232361912727,other,14
2847,711,1,31,31,31,15,27,16,True,True,False,0.03781478479504585,correct,0
2848,712,0,48,40,48,14,16,38,False,False,False,0.015000134706497192,other,8
2849,712,0,5,5,5,16,14,14,True,True,False,0.03999437019228935,correct,0
2850,712,1,5,5,5,14,16,16,True,True,False,0.045793578028678894,correct,0
2851,712,1,48,2,48,16,14,14,False,False,False,0.013214650563895702,other,46
2852,713,0,41,41,41,24,26,21,True,True,False,0.037905871868133545,correct,0
2853,713,0,37,43,37,26,24,24,False,False,False,0.059925198554992676,other,6
2854,713,1,37,43,37,24,26,26,False,False,False,0.05737076327204704,other,6
2855,713,1,41,41,41,26,24,15,True,True,False,0.030359048396348953,correct,0
2856,714,0,6,6,6,16,14,16,True,True,False,0.03256573900580406,correct,0
2857,714,0,26,44,26,14,16,14,False,False,False,0.010595789179205894,other,18
2858,714,1,26,24,26,16,14,16,False,False,False,0.00948388408869505,other,2
2859,714,1,6,6,6,14,16,23,True,True,False,0.0323425717651844,correct,0
2860,715,0,2,46,2,19,7,19,False,False,False,0.020515676587820053,other,44
2861,715,0,34,34,34,7,19,0,True,True,False,0.007867803797125816,correct,0
2862,715,1,34,34,34,19,7,21,True,True,False,0.010610651224851608,correct,0
2863,715,1,2,17,2,7,19,7,False,False,False,0.018718624487519264,other,15
2864,716,0,44,24,44,25,7,16,False,False,False,0.006112007889896631,other,20
2865,716,0,39,0,39,7,25,7,False,False,False,0.01677010767161846,other,39
2866,716,1,39,0,39,25,7,15,False,False,False,0.018059706315398216,other,39
2867,716,1,44,44,44,7,25,7,True,True,False,0.008423682302236557,correct,0
2868,717,0,39,39,39,19,7,21,True,True,False,0.026923729106783867,correct,0
2869,717,0,32,17,32,7,19,18,False,False,False,0.015805458649992943,other,15
2870,717,1,32,32,32,19,7,2,True,True,False,0.018195465207099915,correct,0
2871,717,1,39,9,39,7,19,6,False,False,False,0.02672560140490532,other,30
2872,718,0,32,44,32,14,18,14,False,False,False,0.02717520110309124,other,12
2873,718,0,30,30,30,18,14,2,True,True,False,0.03323189914226532,correct,0
2874,718,1,30,31,30,14,18,14,False,False,True,0.0338587686419487,off_by_one,1
2875,718,1,32,32,32,18,14,34,True,True,False,0.026561439037322998,correct,0
2876,719,0,6,4,6,27,6,1,False,False,False,0.0678153783082962,other,2
2877,719,0,16,1,16,6,27,6,False,False,False,0.07037454843521118,other,15
2878,719,1,16,15,16,27,6,14,False,False,True,0.07184154540300369,off_by_one,1
2879,719,1,6,6,6,6,27,6,True,True,False,0.0561516135931015,correct,0
2880,720,0,29,44,29,18,6,15,False,False,False,0.02990412712097168,other,15
2881,720,0,22,31,22,6,18,6,False,False,False,0.09779100865125656,other,9
2882,720,1,22,1,22,18,6,6,False,False,False,0.09333097189664841,other,21
2883,720,1,29,4,29,6,18,15,False,False,False,0.03234677016735077,other,25
2884,721,0,45,24,45,14,18,0,False,False,False,0.03650911897420883,other,21
2885,721,0,42,42,42,18,14,18,True,True,False,0.044318459928035736,correct,0
2886,721,1,42,42,42,14,18,27,True,True,False,0.03895384073257446,correct,0
2887,721,1,45,44,45,18,14,2,False,False,True,0.03844640776515007,off_by_one,1
2888,722,0,23,41,23,6,16,24,False,False,False,0.05431390926241875,other,18
2889,722,0,8,8,8,16,6,0,True,True,False,0.0273757241666317,correct,0
2890,722,1,8,8,8,6,16,7,True,True,False,0.022085271775722504,correct,0
2891,722,1,23,35,23,16,6,38,False,False,False,0.06727966666221619,other,12
2892,723,0,20,46,20,15,16,17,False,False,False,0.0315956249833107,other,26
2893,723,0,42,42,42,16,15,14,True,True,False,0.016658755019307137,correct,0
2894,723,1,42,42,42,15,16,15,True,True,False,0.018855083733797073,correct,0
2895,723,1,20,3,20,16,15,0,False,False,False,0.03222673386335373,other,17
2896,724,0,3,43,3,24,16,1,False,False,False,0.04657420143485069,other,40
2897,724,0,18,18,18,16,24,14,True,True,False,0.036656454205513,correct,0
2898,724,1,18,17,18,24,16,0,False,False,True,0.03476978465914726,off_by_one,1
2899,724,1,3,28,3,16,24,0,False,False,False,0.046750154346227646,other,25
2900,725,0,37,2,37,12,18,6,False,False,False,0.003381789894774556,other,35
2901,725,0,22,31,22,18,12,18,False,False,False,0.08328848332166672,other,9
2902,725,1,22,31,22,12,18,6,False,False,False,0.07858989387750626,other,9
2903,725,1,37,3,37,18,12,18,False,False,False,0.004512579180300236,other,34
2904,726,0,22,31,22,22,21,14,False,False,False,0.02830842323601246,other,9
2905,726,0,11,10,11,21,22,21,False,False,True,0.029890241101384163,off_by_one,1
2906,726,1,11,10,11,22,21,0,False,False,True,0.029959218576550484,off_by_one,1
2907,726,1,22,3,22,21,22,21,False,False,False,0.028428951278328896,other,19
2908,727,0,2,2,2,14,27,0,True,True,False,0.00321313738822937,correct,0
2909,727,0,8,8,8,27,14,11,True,True,False,0.01077532023191452,correct,0
2910,727,1,8,8,8,14,27,37,True,True,False,0.010679638013243675,correct,0
2911,727,1,2,2,2,27,14,14,True,True,False,0.0023864598479121923,correct,0
2912,728,0,42,42,42,20,39,38,True,True,False,0.16354288160800934,correct,0
2913,728,0,14,45,14,39,20,15,False,False,False,0.011923824436962605,other,31
2914,728,1,14,24,14,20,39,20,False,False,False,0.014950955286622047,other,10
2915,728,1,42,42,42,39,20,19,True,True,False,0.15066896378993988,correct,0
2916,729,0,25,35,25,14,0,14,False,False,False,0.024304205551743507,other,10
2917,729,0,1,1,1,0,14,0,True,True,False,0.028360573574900627,correct,0
2918,729,1,1,1,1,14,0,14,True,True,False,0.03063402883708477,correct,0
2919,729,1,25,0,25,0,14,0,False,False,False,0.023084623739123344,other,25
2920,730,0,38,3,38,9,8,4,False,False,False,0.014758515171706676,other,35
2921,730,0,6,30,6,8,9,6,False,False,False,0.04148601368069649,other,24
2922,730,1,6,6,6,9,8,24,True,True,False,0.04007264971733093,correct,0
2923,730,1,38,36,38,8,9,21,False,False,False,0.013848066329956055,other,2
2924,731,0,47,34,47,14,26,0,False,False,False,0.04775290936231613,other,13
2925,731,0,27,0,27,26,14,8,False,False,False,0.040818288922309875,other,27
2926,731,1,27,0,27,14,26,14,False,False,False,0.038603927940130234,other,27
2927,731,1,47,16,47,26,14,6,False,False,False,0.05081482231616974,other,31
2928,732,0,38,38,38,19,2,18,True,True,False,0.008593767881393433,correct,0
2929,732,0,12,12,12,2,19,21,True,True,False,0.04422109201550484,correct,0
2930,732,1,12,28,12,19,2,7,False,False,False,0.047782350331544876,other,16
2931,732,1,38,1,38,2,19,6,False,False,False,0.010213352739810944,other,37
2932,733,0,11,11,11,19,2,16,True,True,False,0.02940411865711212,correct,0
2933,733,0,28,27,28,2,19,6,False,False,True,0.006594999693334103,off_by_one,1
2934,733,1,28,27,28,19,2,18,False,False,True,0.003974105231463909,off_by_one,1
2935,733,1,11,1,11,2,19,2,False,False,False,0.03351583704352379,other,10
2936,734,0,17,17,17,18,7,0,True,True,False,0.037509504705667496,correct,0
2937,734,0,18,18,18,7,18,7,True,True,False,0.05096927657723427,correct,0
2938,734,1,18,18,18,18,7,1,True,True,False,0.05628079175949097,correct,0
2939,734,1,17,17,17,7,18,0,True,True,False,0.03436354920268059,correct,0
2940,735,0,26,35,26,15,6,15,False,False,False,0.02159600891172886,other,9
2941,735,0,38,24,38,6,15,24,False,False,False,0.015078384429216385,other,14
2942,735,1,38,1,38,15,6,7,False,False,False,0.015511274337768555,other,37
2943,735,1,26,25,26,6,15,6,False,False,True,0.01628762111067772,off_by_one,1
2944,736,0,13,0,13,18,16,12,False,False,False,0.025950733572244644,other,13
2945,736,0,38,0,38,16,18,16,False,False,False,0.0206806268543005,other,38
2946,736,1,38,17,38,18,16,30,False,False,False,0.017591111361980438,other,21
2947,736,1,13,17,13,16,18,28,False,False,False,0.029570823535323143,other,4
2948,737,0,42,42,42,20,7,15,True,True,False,0.05544836074113846,correct,0
2949,737,0,20,24,20,7,20,14,False,False,False,0.011182712391018867,other,4
2950,737,1,20,2,20,20,7,21,False,False,False,0.011783293448388577,other,18
2951,737,1,42,42,42,7,20,7,True,True,False,0.052819497883319855,correct,0
2952,738,0,35,35,35,26,25,18,True,True,False,0.011153521947562695,correct,0
2953,738,0,28,27,28,25,26,0,False,False,True,0.020231902599334717,off_by_one,1
2954,738,1,28,24,28,26,25,12,False,False,False,0.017803872004151344,other,4
2955,738,1,35,24,35,25,26,0,False,False,False,0.011544040404260159,other,11
2956,739,0,35,35,35,18,15,18,True,True,False,0.012911268509924412,correct,0
2957,739,0,40,4,40,15,18,16,False,False,False,0.014468889683485031,other,36
2958,739,1,40,47,40,18,15,18,False,False,False,0.017258552834391594,other,7
2959,739,1,35,24,35,15,18,0,False,False,False,0.012661700136959553,other,11
2960,740,0,0,0,0,0,18,0,True,True,False,0.04867541044950485,correct,0
2961,740,0,31,31,31,18,0,18,True,True,False,0.01655404642224312,correct,0
2962,740,1,31,31,31,0,18,16,True,True,False,0.01973784528672695,correct,0
2963,740,1,0,17,0,18,0,15,False,False,False,0.047732602804899216,other,17
2964,741,0,34,24,34,2,7,16,False,False,False,0.014553620480000973,other,10
2965,741,0,28,28,28,7,2,7,True,True,False,0.011132119223475456,correct,0
2966,741,1,28,12,28,2,7,2,False,False,False,0.008131340146064758,other,16
2967,741,1,34,34,34,7,2,20,True,True,False,0.013045438565313816,correct,0
2968,742,0,12,28,12,30,6,18,False,False,False,0.06012023985385895,other,16
2969,742,0,10,17,10,6,30,18,False,False,False,0.038896068930625916,other,7
2970,742,1,10,12,10,30,6,4,False,False,False,0.03779812902212143,other,2
2971,742,1,12,3,12,6,30,18,False,False,False,0.05372752621769905,other,9
2972,743,0,37,3,37,6,7,6,False,False,False,0.020295582711696625,other,34
2973,743,0,21,21,21,7,6,6,True,True,False,0.01958301104605198,correct,0
2974,743,1,21,31,21,6,7,6,False,False,False,0.019438453018665314,other,10
2975,743,1,37,3,37,7,6,21,False,False,False,0.013174407184123993,other,34
2976,744,0,14,45,14,16,8,14,False,False,False,0.045507196336984634,other,31
2977,744,0,35,24,35,8,16,0,False,False,False,0.017009610310196877,other,11
2978,744,1,35,35,35,16,8,14,True,True,False,0.018480835482478142,correct,0
2979,744,1,14,14,14,8,16,10,True,True,False,0.036919403821229935,correct,0
2980,745,0,8,8,8,6,7,6,True,True,False,0.03853340074419975,correct,0
2981,745,0,32,32,32,7,6,7,True,True,False,0.0360579751431942,correct,0
2982,745,1,32,32,32,6,7,18,True,True,False,0.0313325971364975,correct,0
2983,745,1,8,8,8,7,6,0,True,True,False,0.046113044023513794,correct,0
2984,746,0,15,15,15,14,24,27,True,True,False,0.08048146963119507,correct,0
2985,746,0,39,17,39,24,14,16,False,False,False,0.045506756752729416,other,22
2986,746,1,39,18,39,14,24,17,False,False,False,0.034219227731227875,other,21
2987,746,1,15,15,15,24,14,27,True,True,False,0.09035997092723846,correct,0
2988,747,0,38,24,38,24,7,17,False,False,False,0.00974667351692915,other,14
2989,747,0,47,47,47,7,24,0,True,True,False,0.055546537041664124,correct,0
2990,747,1,47,47,47,24,7,38,True,True,False,0.05551690235733986,correct,0
2991,747,1,38,17,38,7,24,6,False,False,False,0.01479174941778183,other,21
2992,748,0,41,41,41,16,20,20,True,True,False,0.16078753769397736,correct,0
2993,748,0,26,26,26,20,16,6,True,True,False,0.044366784393787384,correct,0
2994,748,1,26,35,26,16,20,14,False,False,False,0.0717158168554306,other,9
2995,748,1,41,41,41,20,16,2,True,True,False,0.15077032148838043,correct,0
2996,749,0,43,17,43,16,24,14,False,False,False,0.03213292360305786,other,26
2997,749,0,14,24,14,24,16,24,False,False,False,0.0508880577981472,other,10
2998,749,1,14,44,14,16,24,16,False,False,False,0.046081557869911194,other,30
2999,749,1,43,0,43,24,16,3,False,False,False,0.029405981302261353,other,43
3000,750,0,24,24,24,18,7,18,True,True,False,0.026550620794296265,correct,0
3001,750,0,14,24,14,7,18,2,False,False,False,0.03872640058398247,other,10
3002,750,1,14,14,14,18,7,2,True,True,False,0.03714240342378616,correct,0
3003,750,1,24,17,24,7,18,2,False,False,False,0.028477339074015617,other,7
3004,751,0,46,0,46,6,7,6,False,False,False,0.027735067531466484,other,46
3005,751,0,11,15,11,7,6,0,False,False,False,0.006855892948806286,other,4
3006,751,1,11,15,11,6,7,15,False,False,False,0.006433358881622553,other,4
3007,751,1,46,43,46,7,6,0,False,False,False,0.028881022706627846,other,3
3008,752,0,24,44,24,7,6,7,False,False,False,0.008621900342404842,other,20
3009,752,0,1,1,1,6,7,18,True,True,False,0.03567691147327423,correct,0
3010,752,1,1,46,1,7,6,31,False,False,False,0.037474192678928375,other,45
3011,752,1,24,35,24,6,7,3,False,False,False,0.008841434493660927,other,11
3012,753,0,28,28,28,14,24,14,True,True,False,0.006409887690097094,correct,0
3013,753,0,40,47,40,24,14,0,False,False,False,0.04930100589990616,other,7
3014,753,1,40,24,40,14,24,14,False,False,False,0.051800455898046494,other,16
3015,753,1,28,27,28,24,14,15,False,False,True,0.007669681683182716,off_by_one,1
3016,754,0,8,8,8,20,39,0,True,True,False,0.0601026713848114,correct,0
3017,754,0,9,32,9,39,20,6,False,False,False,0.006320107728242874,other,23
3018,754,1,9,27,9,20,39,20,False,False,False,0.009417488239705563,other,18
3019,754,1,8,8,8,39,20,18,True,True,False,0.052273206412792206,correct,0
3020,755,0,12,24,12,8,6,6,False,False,False,0.053734876215457916,other,12
3021,755,0,37,0,37,6,8,13,False,False,False,0.018834013491868973,other,37
3022,755,1,37,43,37,8,6,8,False,False,False,0.020451128482818604,other,6
3023,755,1,12,28,12,6,8,6,False,False,False,0.05431990325450897,other,16
3024,756,0,8,8,8,0,5,0,True,True,False,0.009022553451359272,correct,0
3025,756,0,28,44,28,5,0,18,False,False,False,0.024983461946249008,other,16
3026,756,1,28,1,28,0,5,0,False,False,False,0.024704420939087868,other,27
3027,756,1,8,8,8,5,0,7,True,True,False,0.007222854997962713,correct,0
3028,757,0,10,27,10,17,14,27,False,False,False,0.020185895264148712,other,17
3029,757,0,12,1,12,14,17,38,False,False,False,0.02335125207901001,other,11
3030,757,1,12,1,12,17,14,0,False,False,False,0.02715425193309784,other,11
3031,757,1,10,12,10,14,17,0,False,False,False,0.02052178606390953,other,2
3032,758,0,10,10,10,24,7,27,True,True,False,0.0539245679974556,correct,0
3033,758,0,3,0,3,7,24,1,False,False,False,0.05520481616258621,other,3
3034,758,1,3,0,3,24,7,38,False,False,False,0.047271452844142914,other,3
3035,758,1,10,4,10,7,24,15,False,False,False,0.0592266321182251,other,6
3036,759,0,30,0,30,11,13,38,False,False,False,0.04556691646575928,other,30
3037,759,0,10,17,10,13,11,24,False,False,False,0.01021636463701725,other,7
3038,759,1,10,31,10,11,13,14,False,False,False,0.011560478247702122,other,21
3039,759,1,30,30,30,13,11,6,True,True,False,0.04163815453648567,correct,0
3040,760,0,15,15,15,4,1,15,True,True,False,0.051938291639089584,correct,0
3041,760,0,33,17,33,1,4,7,False,False,False,0.05157693848013878,other,16
3042,760,1,33,36,33,4,1,21,False,False,False,0.05259956046938896,other,3
3043,760,1,15,15,15,1,4,37,True,True,False,0.054648131132125854,correct,0
3044,761,0,8,8,8,6,15,7,True,True,False,0.10288345068693161,correct,0
3045,761,0,17,17,17,15,6,14,True,True,False,0.039627425372600555,correct,0
3046,761,1,17,17,17,6,15,7,True,True,False,0.04127755016088486,correct,0
3047,761,1,8,8,8,15,6,14,True,True,False,0.10880274325609207,correct,0
3048,762,0,38,17,38,7,18,17,False,False,False,0.003304033540189266,other,21
3049,762,0,36,17,36,18,7,0,False,False,False,0.004544039256870747,other,19
3050,762,1,36,43,36,7,18,38,False,False,False,0.005239971447736025,other,7
3051,762,1,38,17,38,18,7,21,False,False,False,0.003302167169749737,other,21
3052,763,0,13,31,13,27,24,38,False,False,False,0.029039712622761726,other,18
3053,763,0,34,34,34,24,27,6,True,True,False,0.04017859324812889,correct,0
3054,763,1,34,31,34,27,24,14,False,False,False,0.028962869197130203,other,3
3055,763,1,13,13,13,24,27,7,True,True,False,0.03383726254105568,correct,0
3056,764,0,43,3,43,36,26,20,False,False,False,0.028099657967686653,other,40
3057,764,0,21,3,21,26,36,6,False,False,False,0.012809897772967815,other,18
3058,764,1,21,3,21,36,26,6,False,False,False,0.016027677804231644,other,18
3059,764,1,43,0,43,26,36,12,False,False,False,0.028804168105125427,other,43
3060,765,0,41,41,41,2,6,6,True,True,False,0.05597129091620445,correct,0
3061,765,0,25,15,25,6,2,6,False,False,False,0.0075722248293459415,other,10
3062,765,1,25,41,25,2,6,21,False,False,False,0.007610755041241646,other,16
3063,765,1,41,41,41,6,2,6,True,True,False,0.044519536197185516,correct,0
3064,766,0,12,31,12,26,16,6,False,False,False,0.0135267348960042,other,19
3065,766,0,30,31,30,16,26,16,False,False,True,0.05868367478251457,off_by_one,1
3066,766,1,30,31,30,26,16,18,False,False,True,0.056139107793569565,off_by_one,1
3067,766,1,12,38,12,16,26,15,False,False,False,0.01308403629809618,other,26
3068,767,0,11,31,11,2,7,6,False,False,False,0.032087817788124084,other,20
3069,767,0,10,28,10,7,2,12,False,False,False,0.026564262807369232,other,18
3070,767,1,10,28,10,2,7,7,False,False,False,0.028660736978054047,other,18
3071,767,1,11,1,11,7,2,7,False,False,False,0.03536958247423172,other,10
3072,768,0,22,43,22,15,21,36,False,False,False,0.022144215181469917,other,21
3073,768,0,31,46,31,21,15,15,False,False,False,0.05701024830341339,other,15
3074,768,1,31,31,31,15,21,15,True,True,False,0.05342502519488335,correct,0
3075,768,1,22,2,22,21,15,21,False,False,False,0.02592252567410469,other,20
3076,769,0,39,43,39,2,7,21,False,False,False,0.04420478269457817,other,4
3077,769,0,21,21,21,7,2,15,True,True,False,0.033564258366823196,correct,0
3078,769,1,21,21,21,2,7,2,True,True,False,0.029539575800299644,correct,0
3079,769,1,39,9,39,7,2,2,False,False,False,0.04975384101271629,other,30
3080,770,0,10,11,10,0,6,0,False,False,True,0.03767811134457588,off_by_one,1
3081,770,0,3,3,3,6,0,6,True,True,False,0.02585945837199688,correct,0
3082,770,1,3,17,3,0,6,0,False,False,False,0.028200728818774223,other,14
3083,770,1,10,0,10,6,0,6,False,False,False,0.03939936310052872,other,10
3084,771,0,42,42,42,15,6,18,True,True,False,0.13631965219974518,correct,0
3085,771,0,1,1,1,6,15,14,True,True,False,0.03130899369716644,correct,0
3086,771,1,1,1,1,15,6,6,True,True,False,0.0324786901473999,correct,0
3087,771,1,42,42,42,6,15,18,True,True,False,0.12315293401479721,correct,0
3088,772,0,30,4,30,0,27,23,False,False,False,0.02435588650405407,other,26
3089,772,0,32,2,32,27,0,23,False,False,False,0.019471459090709686,other,30
3090,772,1,32,46,32,0,27,16,False,False,False,0.013531806878745556,other,14
3091,772,1,30,32,30,27,0,14,False,False,False,0.024144379422068596,other,2
3092,773,0,39,39,39,2,7,2,True,True,False,0.02136291190981865,correct,0
3093,773,0,10,31,10,7,2,20,False,False,False,0.04973776638507843,other,21
3094,773,1,10,1,10,2,7,2,False,False,False,0.0450359582901001,other,9
3095,773,1,39,21,39,7,2,6,False,False,False,0.02067939192056656,other,18
3096,774,0,12,17,12,23,14,31,False,False,False,0.03406824171543121,other,5
3097,774,0,27,2,27,14,23,0,False,False,False,0.013703870587050915,other,25
3098,774,1,27,17,27,23,14,14,False,False,False,0.016901547089219093,other,10
3099,774,1,12,12,12,14,23,23,True,True,False,0.0331377275288105,correct,0
3100,775,0,10,17,10,0,18,0,False,False,False,0.013012973591685295,other,7
3101,775,0,46,43,46,18,0,36,False,False,False,0.021640654653310776,other,3
3102,775,1,46,38,46,0,18,14,False,False,False,0.021498005837202072,other,8
3103,775,1,10,15,10,18,0,23,False,False,False,0.011493263766169548,other,5
3104,776,0,47,40,47,13,10,24,False,False,False,0.03671039268374443,other,7
3105,776,0,18,18,18,10,13,0,True,True,False,0.009523133747279644,correct,0
3106,776,1,18,18,18,13,10,7,True,True,False,0.009035153314471245,correct,0
3107,776,1,47,44,47,10,13,0,False,False,False,0.03493182733654976,other,3
3108,777,0,18,1,18,6,14,6,False,False,False,0.05906176194548607,other,17
3109,777,0,13,0,13,14,6,14,False,False,False,0.06051994487643242,other,13
3110,777,1,13,12,13,6,14,6,False,False,True,0.04521189630031586,off_by_one,1
3111,777,1,18,12,18,14,6,23,False,False,False,0.05985897034406662,other,6
3112,778,0,31,31,31,17,27,16,True,True,False,0.036028288304805756,correct,0
3113,778,0,36,3,36,27,17,16,False,False,False,0.021504122763872147,other,33
3114,778,1,36,46,36,17,27,15,False,False,False,0.024170532822608948,other,10
3115,778,1,31,31,31,27,17,14,True,True,False,0.03400404751300812,correct,0
3116,779,0,10,29,10,24,17,20,False,False,False,0.018313175067305565,other,19
3117,779,0,20,2,20,17,24,17,False,False,False,0.06459476053714752,other,18
3118,779,1,20,10,20,24,17,24,False,False,False,0.05941218510270119,other,10
3119,779,1,10,31,10,17,24,0,False,False,False,0.02087828703224659,other,21
3120,780,0,1,1,1,2,0,7,True,True,False,0.059469737112522125,correct,0
3121,780,0,29,28,29,0,2,0,False,False,True,0.03776232898235321,off_by_one,1
3122,780,1,29,35,29,2,0,5,False,False,False,0.037535205483436584,other,6
3123,780,1,1,28,1,0,2,0,False,False,False,0.05764832720160484,other,27
3124,781,0,2,2,2,14,30,14,True,True,False,0.046746253967285156,correct,0
3125,781,0,41,41,41,30,14,15,True,True,False,0.07951860874891281,correct,0
3126,781,1,41,41,41,14,30,14,True,True,False,0.07785118371248245,correct,0
3127,781,1,2,46,2,30,14,15,False,False,False,0.044944554567337036,other,44
3128,782,0,43,43,43,15,16,21,True,True,False,0.024210652336478233,correct,0
3129,782,0,40,1,40,16,15,25,False,False,False,0.011476379819214344,other,39
3130,782,1,40,24,40,15,16,16,False,False,False,0.011413544416427612,other,16
3131,782,1,43,43,43,16,15,16,True,True,False,0.023391179740428925,correct,0
3132,783,0,37,43,37,24,6,7,False,False,False,0.00722808763384819,other,6
3133,783,0,33,32,33,6,24,6,False,False,True,0.04115898907184601,off_by_one,1
3134,783,1,33,28,33,24,6,7,False,False,False,0.044520389288663864,other,5
3135,783,1,37,43,37,6,24,6,False,False,False,0.006514974404126406,other,6
3136,784,0,35,31,35,23,15,16,False,False,False,0.06636379659175873,other,4
3137,784,0,25,15,25,15,23,15,False,False,False,0.01125388965010643,other,10
3138,784,1,25,35,25,23,15,0,False,False,False,0.01273959968239069,other,10
3139,784,1,35,35,35,15,23,23,True,True,False,0.07380381226539612,correct,0
3140,785,0,5,5,5,18,7,20,True,True,False,0.0326978862285614,correct,0
3141,785,0,17,0,17,7,18,7,False,False,False,0.03570128604769707,other,17
3142,785,1,17,17,17,18,7,18,True,True,False,0.04005962237715721,correct,0
3143,785,1,5,5,5,7,18,20,True,True,False,0.031971804797649384,correct,0
3144,786,0,10,27,10,14,18,14,False,False,False,0.031551528722047806,other,17
3145,786,0,19,43,19,18,14,24,False,False,False,0.036315515637397766,other,24
3146,786,1,19,1,19,14,18,14,False,False,False,0.03993510454893112,other,18
3147,786,1,10,17,10,18,14,0,False,False,False,0.02726135216653347,other,7
3148,787,0,22,31,22,6,18,6,False,False,False,0.05693555250763893,other,9
3149,787,0,3,0,3,18,6,39,False,False,False,0.055215105414390564,other,3
3150,787,1,3,3,3,6,18,6,True,True,False,0.055497366935014725,correct,0
3151,787,1,22,22,22,18,6,36,True,True,False,0.05759869143366814,correct,0
3152,788,0,35,41,35,2,10,15,False,False,False,0.00722124008461833,other,6
3153,788,0,7,7,7,10,2,0,True,True,False,0.03615947812795639,correct,0
3154,788,1,7,7,7,2,10,20,True,True,False,0.0436256006360054,correct,0
3155,788,1,35,15,35,10,2,15,False,False,False,0.004179570358246565,other,20
3156,789,0,8,8,8,16,24,16,True,True,False,0.05057406798005104,correct,0
3157,789,0,27,28,27,24,16,24,False,False,True,0.05038691684603691,off_by_one,1
3158,789,1,27,27,27,16,24,16,True,True,False,0.05004946514964104,correct,0
3159,789,1,8,8,8,24,16,7,True,True,False,0.048304829746484756,correct,0
3160,790,0,44,16,44,24,16,27,False,False,False,0.04195582866668701,other,28
3161,790,0,2,43,2,16,24,17,False,False,False,0.04026062786579132,other,41
3162,790,1,2,17,2,24,16,14,False,False,False,0.03609452396631241,other,15
3163,790,1,44,27,44,16,24,15,False,False,False,0.04478435590863228,other,17
3164,791,0,23,41,23,2,16,0,False,False,False,0.07040660083293915,other,18
3165,791,0,1,24,1,16,2,16,False,False,False,0.021901536732912064,other,23
3166,791,1,1,1,1,2,16,6,True,True,False,0.019531050696969032,correct,0
3167,791,1,23,35,23,16,2,14,False,False,False,0.07307698577642441,other,12
3168,792,0,44,24,44,6,21,24,False,False,False,0.006932295858860016,other,20
3169,792,0,43,0,43,21,6,16,False,False,False,0.007239524740725756,other,43
3170,792,1,43,43,43,6,21,18,True,True,False,0.005389031488448381,correct,0
3171,792,1,44,44,44,21,6,21,True,True,False,0.008577270433306694,correct,0
3172,793,0,23,41,23,6,5,18,False,False,False,0.06147162243723869,other,18
3173,793,0,44,44,44,5,6,6,True,True,False,0.011897246353328228,correct,0
3174,793,1,44,44,44,6,5,30,True,True,False,0.01244646031409502,correct,0
3175,793,1,23,4,23,5,6,26,False,False,False,0.08246351033449173,other,19
3176,794,0,40,1,40,17,9,15,False,False,False,0.027149111032485962,other,39
3177,794,0,19,18,19,9,17,17,False,False,True,0.042783286422491074,off_by_one,1
3178,794,1,19,0,19,17,9,17,False,False,False,0.0455428771674633,other,19
3179,794,1,40,46,40,9,17,15,False,False,False,0.026183579117059708,other,6
3180,795,0,45,35,45,15,6,15,False,False,False,0.008965550921857357,other,10
3181,795,0,32,32,32,6,15,7,True,True,False,0.028044195845723152,correct,0
3182,795,1,32,32,32,15,6,0,True,True,False,0.029830513522028923,correct,0
3183,795,1,45,45,45,6,15,6,True,True,False,0.007128654979169369,correct,0
3184,796,0,2,17,2,5,6,18,False,False,False,0.040200114250183105,other,15
3185,796,0,18,18,18,6,5,14,True,True,False,0.06922188401222229,correct,0
3186,796,1,18,1,18,5,6,6,False,False,False,0.07374121993780136,other,17
3187,796,1,2,17,2,6,5,7,False,False,False,0.038991935551166534,other,15
3188,797,0,9,28,9,2,6,6,False,False,False,0.023140832781791687,other,19
3189,797,0,7,7,7,6,2,18,True,True,False,0.04364721104502678,correct,0
3190,797,1,7,7,7,2,6,6,True,True,False,0.05807945877313614,correct,0
3191,797,1,9,46,9,6,2,6,False,False,False,0.025738950818777084,other,37
3192,798,0,31,31,31,22,21,7,True,True,False,0.025128521025180817,correct,0
3193,798,0,13,30,13,21,22,15,False,False,False,0.04889693111181259,other,17
3194,798,1,13,24,13,22,21,19,False,False,False,0.05518043413758278,other,11
3195,798,1,31,33,31,21,22,36,False,False,False,0.028946615755558014,other,2
3196,799,0,30,31,30,34,31,34,False,False,True,0.03140031546354294,off_by_one,1
3197,799,0,15,5,15,31,34,0,False,False,False,0.05177462473511696,other,10
3198,799,1,15,15,15,34,31,6,True,True,False,0.05514673888683319,correct,0
3199,799,1,30,30,30,31,34,31,True,True,False,0.0335061214864254,correct,0
3200,800,0,24,24,24,15,24,7,True,True,False,0.02552606910467148,correct,0
3201,800,0,7,7,7,24,15,38,True,True,False,0.035935357213020325,correct,0
3202,800,1,7,7,7,15,24,30,True,True,False,0.04313041642308235,correct,0
3203,800,1,24,15,24,24,15,16,False,False,False,0.023636864498257637,other,9
3204,801,0,22,31,22,24,36,0,False,False,False,0.0553719699382782,other,9
3205,801,0,47,47,47,36,24,15,True,True,False,0.06282518059015274,correct,0
3206,801,1,47,47,47,24,36,38,True,True,False,0.06334757804870605,correct,0
3207,801,1,22,31,22,36,24,6,False,False,False,0.05582790449261665,other,9
3208,802,0,16,31,16,15,6,15,False,False,False,0.037469636648893356,other,15
3209,802,0,18,18,18,6,15,7,True,True,False,0.036534205079078674,correct,0
3210,802,1,18,3,18,15,6,17,False,False,False,0.033508919179439545,other,15
3211,802,1,16,16,16,6,15,7,True,True,False,0.042193446308374405,correct,0
3212,803,0,46,24,46,1,3,1,False,False,False,0.047278232872486115,other,22
3213,803,0,11,0,11,3,1,6,False,False,False,0.05102838575839996,other,11
3214,803,1,11,3,11,1,3,24,False,False,False,0.046358950436115265,other,8
3215,803,1,46,0,46,3,1,6,False,False,False,0.04604433476924896,other,46
3216,804,0,39,3,39,18,14,18,False,False,False,0.023511558771133423,other,36
3217,804,0,21,21,21,14,18,14,True,True,False,0.06854917109012604,correct,0
3218,804,1,21,6,21,18,14,18,False,False,False,0.055398598313331604,other,15
3219,804,1,39,17,39,14,18,14,False,False,False,0.0233167577534914,other,22
3220,805,0,4,24,4,2,16,7,False,False,False,0.021178318187594414,other,20
3221,805,0,28,35,28,16,2,14,False,False,False,0.03175429254770279,other,7
3222,805,1,28,28,28,2,16,15,True,True,False,0.03171231597661972,correct,0
3223,805,1,4,35,4,16,2,14,False,False,False,0.020868202671408653,other,31
3224,806,0,33,17,33,10,6,14,False,False,False,0.04800088703632355,other,16
3225,806,0,44,44,44,6,10,6,True,True,False,0.010168551467359066,correct,0
3226,806,1,44,44,44,10,6,17,True,True,False,0.00784541666507721,correct,0
3227,806,1,33,28,33,6,10,18,False,False,False,0.05085326358675957,other,5
3228,807,0,41,41,41,7,31,6,True,True,False,0.16541898250579834,correct,0
3229,807,0,29,15,29,31,7,31,False,False,False,0.054704416543245316,other,14
3230,807,1,29,16,29,7,31,7,False,False,False,0.046252164989709854,other,13
3231,807,1,41,41,41,31,7,15,True,True,False,0.1735675036907196,correct,0
3232,808,0,10,10,10,35,29,7,True,True,False,0.013609671965241432,correct,0
3233,808,0,42,42,42,29,35,6,True,True,False,0.1571820229291916,correct,0
3234,808,1,42,42,42,35,29,15,True,True,False,0.15373460948467255,correct,0
3235,808,1,10,24,10,29,35,34,False,False,False,0.016426267102360725,other,14
3236,809,0,17,17,17,6,2,6,True,True,False,0.05631765350699425,correct,0
3237,809,0,29,29,29,2,6,1,True,True,False,0.00403401767835021,correct,0
3238,809,1,29,35,29,6,2,2,False,False,False,0.0042398059740662575,other,6
3239,809,1,17,17,17,2,6,30,True,True,False,0.053786519914865494,correct,0
3240,810,0,14,4,14,20,18,17,False,False,False,0.021092666313052177,other,10
3241,810,0,29,10,29,18,20,36,False,False,False,0.04302722215652466,other,19
3242,810,1,29,24,29,20,18,1,False,False,False,0.044161491096019745,other,5
3243,810,1,14,24,14,18,20,18,False,False,False,0.021403782069683075,other,10
3244,811,0,1,1,1,18,15,18,True,True,False,0.03533310443162918,correct,0
3245,811,0,12,12,12,15,18,7,True,True,False,0.02757900208234787,correct,0
3246,811,1,12,11,12,18,15,18,False,False,True,0.029302895069122314,off_by_one,1
3247,811,1,1,1,1,15,18,0,True,True,False,0.036753248423337936,correct,0
3248,812,0,43,46,43,16,18,0,False,False,False,0.02669622376561165,other,3
3249,812,0,42,42,42,18,16,18,True,True,False,0.01895289681851864,correct,0
3250,812,1,42,42,42,16,18,16,True,True,False,0.022406138479709625,correct,0
3251,812,1,43,0,43,18,16,18,False,False,False,0.02741200476884842,other,43
3252,813,0,36,44,36,14,24,14,False,False,False,0.021581299602985382,other,8
3253,813,0,29,11,29,24,14,31,False,False,False,0.02499588020145893,other,18
3254,813,1,29,29,29,14,24,0,True,True,False,0.026381487026810646,correct,0
3255,813,1,36,17,36,24,14,14,False,False,False,0.01924270950257778,other,19
3256,814,0,41,41,41,38,18,38,True,True,False,0.055719032883644104,correct,0
3257,814,0,37,43,37,18,38,18,False,False,False,0.0054592532105743885,other,6
3258,814,1,37,43,37,38,18,38,False,False,False,0.006364068482071161,other,6
3259,814,1,41,41,41,18,38,26,True,True,False,0.0498582199215889,correct,0
3260,815,0,3,43,3,26,24,26,False,False,False,0.0803590938448906,other,40
3261,815,0,29,15,29,24,26,0,False,False,False,0.06370172649621964,other,14
3262,815,1,29,24,29,26,24,26,False,False,False,0.0591944120824337,other,5
3263,815,1,3,2,3,24,26,18,False,False,True,0.08455660939216614,off_by_one,1
3264,816,0,2,17,2,14,18,14,False,False,False,0.024951810017228127,other,15
3265,816,0,46,0,46,18,14,18,False,False,False,0.00757741229608655,other,46
3266,816,1,46,2,46,14,18,0,False,False,False,0.006730790715664625,other,44
3267,816,1,2,2,2,18,14,0,True,True,False,0.022031182423233986,correct,0
3268,817,0,18,18,18,29,7,2,True,True,False,0.06882426887750626,correct,0
3269,817,0,29,16,29,7,29,7,False,False,False,0.05495185777544975,other,13
3270,817,1,29,35,29,29,7,9,False,False,False,0.06183867156505585,other,6
3271,817,1,18,1,18,7,29,15,False,False,False,0.06521426886320114,other,17
3272,818,0,39,18,39,1,6,15,False,False,False,0.02561386674642563,other,21
3273,818,0,33,31,33,6,1,0,False,False,False,0.0509730763733387,other,2
3274,818,1,33,17,33,1,6,7,False,False,False,0.04789555445313454,other,16
3275,818,1,39,39,39,6,1,6,True,True,False,0.023545997217297554,correct,0
3276,819,0,30,31,30,22,21,18,False,False,True,0.026198143139481544,off_by_one,1
3277,819,0,39,17,39,21,22,15,False,False,False,0.0061333817429840565,other,22
3278,819,1,39,39,39,22,21,24,True,True,False,0.006164724938571453,correct,0
3279,819,1,30,31,30,21,22,6,False,False,True,0.028918391093611717,off_by_one,1
3280,820,0,36,2,36,1,26,38,False,False,False,0.020236384123563766,other,34
3281,820,0,8,8,8,26,1,7,True,True,False,0.012545794248580933,correct,0
3282,820,1,8,8,8,1,26,7,True,True,False,0.012885099276900291,correct,0
3283,820,1,36,3,36,26,1,18,False,False,False,0.021205902099609375,other,33
3284,821,0,9,1,9,21,6,4,False,False,False,0.05674348771572113,other,8
3285,821,0,2,0,2,6,21,6,False,False,False,0.003739859675988555,other,2
3286,821,1,2,17,2,21,6,21,False,False,False,0.004933621734380722,other,15
3287,821,1,9,32,9,6,21,6,False,False,False,0.05140918493270874,other,23
3288,822,0,14,24,14,39,38,24,False,False,False,0.03463083133101463,other,10
3289,822,0,29,24,29,38,39,0,False,False,False,0.01749749481678009,other,5
3290,822,1,29,16,29,39,38,7,False,False,False,0.010509617626667023,other,13
3291,822,1,14,29,14,38,39,7,False,False,False,0.045512355864048004,other,15
3292,823,0,28,28,28,8,9,26,True,True,False,0.043050047010183334,correct,0
3293,823,0,11,29,11,9,8,7,False,False,False,0.05036827549338341,other,18
3294,823,1,11,28,11,8,9,4,False,False,False,0.04886598512530327,other,17
3295,823,1,28,29,28,9,8,18,False,False,True,0.04538346827030182,off_by_one,1
3296,824,0,11,28,11,15,16,15,False,False,False,0.031513143330812454,other,17
3297,824,0,41,41,41,16,15,15,True,True,False,0.11970780789852142,correct,0
3298,824,1,41,41,41,15,16,20,True,True,False,0.1121712401509285,correct,0
3299,824,1,11,10,11,16,15,16,False,False,True,0.03044259361922741,off_by_one,1
3300,825,0,14,24,14,12,3,6,False,False,False,0.007663666270673275,other,10
3301,825,0,38,17,38,3,12,4,False,False,False,0.009501048363745213,other,21
3302,825,1,38,38,38,12,3,30,True,True,False,0.011008191853761673,correct,0
3303,825,1,14,24,14,3,12,6,False,False,False,0.007772697601467371,other,10
3304,826,0,20,18,20,2,6,2,False,False,False,0.10616714507341385,other,2
3305,826,0,17,3,17,6,2,6,False,False,False,0.07238542288541794,other,14
3306,826,1,17,17,17,2,6,7,True,True,False,0.06960763782262802,correct,0
3307,826,1,20,20,20,6,2,7,True,True,False,0.10287490487098694,correct,0
3308,827,0,25,45,25,18,39,15,False,False,False,0.021023938432335854,other,20
3309,827,0,37,43,37,39,18,36,False,False,False,0.012991214171051979,other,6
3310,827,1,37,2,37,18,39,4,False,False,False,0.01338446605950594,other,35
3311,827,1,25,35,25,39,18,14,False,False,False,0.017678922042250633,other,10
3312,828,0,40,4,40,7,26,0,False,False,False,0.02376500703394413,other,36
3313,828,0,13,13,13,26,7,6,True,True,False,0.04070596396923065,correct,0
3314,828,1,13,0,13,7,26,0,False,False,False,0.043948687613010406,other,13
3315,828,1,40,24,40,26,7,21,False,False,False,0.03007221221923828,other,16
3316,829,0,34,24,34,16,6,27,False,False,False,0.04348525032401085,other,10
3317,829,0,19,12,19,6,16,6,False,False,False,0.0410248301923275,other,7
3318,829,1,19,0,19,16,6,38,False,False,False,0.042179856449365616,other,19
3319,829,1,34,34,34,6,16,26,True,True,False,0.043311141431331635,correct,0
3320,830,0,20,18,20,17,16,17,False,False,False,0.02569483034312725,other,2
3321,830,0,36,17,36,16,17,14,False,False,False,0.018209408968687057,other,19
3322,830,1,36,17,36,17,16,14,False,False,False,0.015884647145867348,other,19
3323,830,1,20,18,20,16,17,16,False,False,False,0.027876373380422592,other,2
3324,831,0,24,29,24,16,26,20,False,False,False,0.03002050705254078,other,5
3325,831,0,42,42,42,26,16,26,True,True,False,0.25558415055274963,correct,0
3326,831,1,42,15,42,16,26,16,False,False,False,0.26188141107559204,other,27
3327,831,1,24,24,24,26,16,4,True,True,False,0.030545590445399284,correct,0
3328,832,0,11,31,11,6,7,7,False,False,False,0.06717417389154434,other,20
3329,832,0,31,31,31,7,6,6,True,True,False,0.09400026500225067,correct,0
3330,832,1,31,31,31,6,7,6,True,True,False,0.08608388900756836,correct,0
3331,832,1,11,10,11,7,6,10,False,False,True,0.06846792995929718,off_by_one,1
3332,833,0,12,1,12,16,15,14,False,False,False,0.006019179243594408,other,11
3333,833,0,19,46,19,15,16,38,False,False,False,0.00939303357154131,other,27
3334,833,1,19,46,19,16,15,14,False,False,False,0.010561835952103138,other,27
3335,833,1,12,32,12,15,16,0,False,False,False,0.0073049976490437984,other,20
3336,834,0,2,0,2,2,6,6,False,False,False,0.0052603548392653465,other,2
3337,834,0,0,0,0,6,2,2,True,True,False,0.01691540516912937,correct,0
3338,834,1,0,0,0,2,6,7,True,True,False,0.01377488300204277,correct,0
3339,834,1,2,2,2,6,2,6,True,True,False,0.006638636812567711,correct,0
3340,835,0,15,5,15,17,18,0,False,False,False,0.06211138516664505,other,10
3341,835,0,32,24,32,18,17,18,False,False,False,0.014996564947068691,other,8
3342,835,1,32,24,32,17,18,15,False,False,False,0.012654594145715237,other,8
3343,835,1,15,15,15,18,17,18,True,True,False,0.07016510516405106,correct,0
3344,836,0,48,2,48,6,7,26,False,False,False,0.0048754350282251835,other,46
3345,836,0,1,17,1,7,6,7,False,False,False,0.007627244107425213,other,16
3346,836,1,1,24,1,6,7,6,False,False,False,0.00621426897123456,other,23
3347,836,1,48,17,48,7,6,20,False,False,False,0.005285980179905891,other,31
3348,837,0,40,4,40,24,6,7,False,False,False,0.03514900058507919,other,36
3349,837,0,42,42,42,6,24,26,True,True,False,0.13402503728866577,correct,0
3350,837,1,42,42,42,24,6,15,True,True,False,0.13885989785194397,correct,0
3351,837,1,40,0,40,6,24,6,False,False,False,0.02760639786720276,other,40
3352,838,0,0,0,0,36,14,19,True,True,False,0.03608773648738861,correct,0
3353,838,0,12,4,12,14,36,14,False,False,False,0.03440374135971069,other,8
3354,838,1,12,10,12,36,14,1,False,False,False,0.03362255543470383,other,2
3355,838,1,0,17,0,14,36,14,False,False,False,0.04188345745205879,other,17
3356,839,0,1,12,1,1,14,20,False,False,False,0.02501029521226883,other,11
3357,839,0,35,35,35,14,1,14,True,True,False,0.009714353829622269,correct,0
3358,839,1,35,35,35,1,14,0,True,True,False,0.011449653655290604,correct,0
3359,839,1,1,1,1,14,1,17,True,True,False,0.023394126445055008,correct,0
3360,840,0,48,31,48,0,18,0,False,False,False,0.02920031175017357,other,17
3361,840,0,33,28,33,18,0,7,False,False,False,0.04619116336107254,other,5
3362,840,1,33,38,33,0,18,0,False,False,False,0.03802618756890297,other,5
3363,840,1,48,2,48,18,0,1,False,False,False,0.0340503491461277,other,46
3364,841,0,20,3,20,7,6,6,False,False,False,0.0830351859331131,other,17
3365,841,0,17,3,17,6,7,6,False,False,False,0.05532288923859596,other,14
3366,841,1,17,17,17,7,6,6,True,True,False,0.058482203632593155,correct,0
3367,841,1,20,3,20,6,7,6,False,False,False,0.07718031853437424,other,17
3368,842,0,11,24,11,18,7,7,False,False,False,0.03500768914818764,other,13
3369,842,0,41,41,41,7,18,39,True,True,False,0.05861927196383476,correct,0
3370,842,1,41,41,41,18,7,18,True,True,False,0.06939470022916794,correct,0
3371,842,1,11,29,11,7,18,37,False,False,False,0.03230726346373558,other,18
3372,843,0,43,43,43,19,7,3,True,True,False,0.02599252201616764,correct,0
3373,843,0,29,10,29,7,19,2,False,False,False,0.0625612884759903,other,19
3374,843,1,29,0,29,19,7,18,False,False,False,0.05542081221938133,other,29
3375,843,1,43,43,43,7,19,20,True,True,False,0.02895718812942505,correct,0
3376,844,0,24,24,24,6,14,6,True,True,False,0.020362215116620064,correct,0
3377,844,0,46,44,46,14,6,14,False,False,False,0.03172018378973007,other,2
3378,844,1,46,43,46,6,14,18,False,False,False,0.029167018830776215,other,3
3379,844,1,24,24,24,14,6,14,True,True,False,0.022808445617556572,correct,0
3380,845,0,13,12,13,6,15,6,False,False,True,0.041390303522348404,off_by_one,1
3381,845,0,32,24,32,15,6,25,False,False,False,0.009144866839051247,other,8
3382,845,1,32,24,32,6,15,26,False,False,False,0.005815837066620588,other,8
3383,845,1,13,28,13,15,6,7,False,False,False,0.06473098695278168,other,15
3384,846,0,28,28,28,7,16,19,True,True,False,0.017607152462005615,correct,0
3385,846,0,1,1,1,16,7,0,True,True,False,0.045677412301301956,correct,0
3386,846,1,1,35,1,7,16,7,False,False,False,0.04690584912896156,other,34
3387,846,1,28,28,28,16,7,0,True,True,False,0.017694691196084023,correct,0
3388,847,0,9,12,9,24,33,19,False,False,False,0.02543633244931698,other,3
3389,847,0,26,12,26,33,24,31,False,False,False,0.018056999891996384,other,14
3390,847,1,26,26,26,24,33,18,True,True,False,0.019143924117088318,correct,0
3391,847,1,9,28,9,33,24,14,False,False,False,0.029162228107452393,other,19
3392,848,0,0,43,0,6,7,6,False,False,False,0.013117537833750248,other,43
3393,848,0,45,45,45,7,6,0,True,True,False,0.03640291839838028,correct,0
3394,848,1,45,45,45,6,7,14,True,True,False,0.03295552730560303,correct,0
3395,848,1,0,43,0,7,6,7,False,False,False,0.013319323770701885,other,43
3396,849,0,40,0,40,15,18,0,False,False,False,0.0228152833878994,other,40
3397,849,0,2,2,2,18,15,18,True,True,False,0.017695583403110504,correct,0
3398,849,1,2,17,2,15,18,15,False,False,False,0.019045690074563026,other,15
3399,849,1,40,47,40,18,15,15,False,False,False,0.022665459662675858,other,7
3400,850,0,38,46,38,7,23,7,False,False,False,0.01314168144017458,other,8
3401,850,0,40,8,40,23,7,7,False,False,False,0.13978688418865204,other,32
3402,850,1,40,17,40,7,23,0,False,False,False,0.16808408498764038,other,23
3403,850,1,38,17,38,23,7,0,False,False,False,0.011154726147651672,other,21
3404,851,0,0,0,0,24,7,14,True,True,False,0.030730994418263435,correct,0
3405,851,0,22,31,22,7,24,7,False,False,False,0.07216919213533401,other,9
3406,851,1,22,31,22,24,7,38,False,False,False,0.07636750489473343,other,9
3407,851,1,0,0,0,7,24,15,True,True,False,0.031181277707219124,correct,0
3408,852,0,48,2,48,0,3,14,False,False,False,0.03160081058740616,other,46
3409,852,0,2,0,2,3,0,24,False,False,False,0.05034487321972847,other,2
3410,852,1,2,0,2,0,3,0,False,False,False,0.047210823744535446,other,2
3411,852,1,48,2,48,3,0,4,False,False,False,0.028541982173919678,other,46
3412,853,0,28,36,28,20,6,16,False,False,False,0.015674354508519173,other,8
3413,853,0,6,6,6,6,20,6,True,True,False,0.06434804201126099,correct,0
3414,853,1,6,1,6,20,6,6,False,False,False,0.08262994140386581,other,5
3415,853,1,28,28,28,6,20,18,True,True,False,0.01657065376639366,correct,0
3416,854,0,43,17,43,6,5,30,False,False,False,0.023891784250736237,other,26
3417,854,0,23,24,23,5,6,24,False,False,True,0.0812678262591362,off_by_one,1
3418,854,1,23,41,23,6,5,18,False,False,False,0.06181151792407036,other,18
3419,854,1,43,18,43,5,6,24,False,False,False,0.026944687590003014,other,25
3420,855,0,31,30,31,7,13,10,False,False,True,0.050234243273735046,off_by_one,1
3421,855,0,6,6,6,13,7,18,True,True,False,0.02692543901503086,correct,0
3422,855,1,6,30,6,7,13,6,False,False,False,0.04014642536640167,other,24
3423,855,1,31,31,31,13,7,6,True,True,False,0.03972335904836655,correct,0
3424,856,0,28,44,28,24,14,19,False,False,False,0.010585064999759197,other,16
3425,856,0,33,28,33,14,24,0,False,False,False,0.01785694994032383,other,5
3426,856,1,33,32,33,24,14,21,False,False,True,0.013589108362793922,off_by_one,1
3427,856,1,28,28,28,14,24,0,True,True,False,0.011402103118598461,correct,0
3428,857,0,22,31,22,7,38,9,False,False,False,0.011096719652414322,other,9
3429,857,0,4,4,4,38,7,14,True,True,False,0.009076912887394428,correct,0
3430,857,1,4,4,4,7,38,15,True,True,False,0.005447402596473694,correct,0
3431,857,1,22,0,22,38,7,38,False,False,False,0.01199725829064846,other,22
3432,858,0,42,41,42,6,18,18,False,False,True,0.0967499390244484,off_by_one,1
3433,858,0,21,21,21,18,6,18,True,True,False,0.06474824249744415,correct,0
3434,858,1,21,21,21,6,18,6,True,True,False,0.0650472417473793,correct,0
3435,858,1,42,42,42,18,6,26,True,True,False,0.09879235923290253,correct,0
3436,859,0,10,12,10,12,24,20,False,False,False,0.014124253764748573,other,2
3437,859,0,44,46,44,24,12,36,False,False,False,0.023617612197995186,other,2
3438,859,1,44,47,44,12,24,21,False,False,False,0.02253120020031929,other,3
3439,859,1,10,28,10,24,12,19,False,False,False,0.011748493649065495,other,18
3440,860,0,14,24,14,24,26,6,False,False,False,0.00861360877752304,other,10
3441,860,0,11,0,11,26,24,4,False,False,False,0.0516824796795845,other,11
3442,860,1,11,10,11,24,26,7,False,False,True,0.05324724689126015,off_by_one,1
3443,860,1,14,24,14,26,24,6,False,False,False,0.008428126573562622,other,10
3444,861,0,13,12,13,7,19,17,False,False,True,0.019916124641895294,off_by_one,1
3445,861,0,6,3,6,19,7,30,False,False,False,0.02944061905145645,other,3
3446,861,1,6,31,6,7,19,17,False,False,False,0.027044836431741714,other,25
3447,861,1,13,0,13,19,7,18,False,False,False,0.025791458785533905,other,13
3448,862,0,26,44,26,18,23,18,False,False,False,0.014341158792376518,other,18
3449,862,0,4,35,4,23,18,0,False,False,False,0.007535556331276894,other,31
3450,862,1,4,15,4,18,23,24,False,False,False,0.007401035632938147,other,11
3451,862,1,26,35,26,23,18,14,False,False,False,0.013862335123121738,other,9
3452,863,0,20,18,20,39,6,6,False,False,False,0.05385853350162506,other,2
3453,863,0,7,7,7,6,39,6,True,True,False,0.09955161809921265,correct,0
3454,863,1,7,7,7,39,6,24,True,True,False,0.12665513157844543,correct,0
3455,863,1,20,18,20,6,39,6,False,False,False,0.04497785493731499,other,2
3456,864,0,23,41,23,18,26,8,False,False,False,0.034838899970054626,other,18
3457,864,0,29,28,29,26,18,6,False,False,True,0.009733771905303001,off_by_one,1
3458,864,1,29,28,29,18,26,4,False,False,True,0.01421787217259407,off_by_one,1
3459,864,1,23,35,23,26,18,8,False,False,False,0.03533078357577324,other,12
3460,865,0,47,47,47,16,15,15,True,True,False,0.012867031618952751,correct,0
3461,865,0,30,31,30,15,16,21,False,False,True,0.007094518281519413,off_by_one,1
3462,865,1,30,31,30,16,15,15,False,False,True,0.008693575859069824,off_by_one,1
3463,865,1,47,47,47,15,16,15,True,True,False,0.013044559396803379,correct,0
3464,866,0,41,41,41,18,14,18,True,True,False,0.029293369501829147,correct,0
3465,866,0,38,16,38,14,18,7,False,False,False,0.15301573276519775,other,22
3466,866,1,38,17,38,18,14,1,False,False,False,0.18288792669773102,other,21
3467,866,1,41,41,41,14,18,16,True,True,False,0.028171448037028313,correct,0
3468,867,0,30,31,30,15,14,21,False,False,True,0.044425953179597855,off_by_one,1
3469,867,0,24,35,24,14,15,0,False,False,False,0.01186672318726778,other,11
3470,867,1,24,24,24,15,14,17,True,True,False,0.012668697163462639,correct,0
3471,867,1,30,4,30,14,15,0,False,False,False,0.0488438718020916,other,26
3472,868,0,21,21,21,1,0,14,True,True,False,0.0318770594894886,correct,0
3473,868,0,45,4,45,0,1,0,False,False,False,0.011478228494524956,other,41
3474,868,1,45,35,45,1,0,7,False,False,False,0.014022239483892918,other,10
3475,868,1,21,3,21,0,1,17,False,False,False,0.030555779114365578,other,18
3476,869,0,9,1,9,26,36,21,False,False,False,0.018761545419692993,other,8
3477,869,0,22,31,22,36,26,36,False,False,False,0.06667856872081757,other,9
3478,869,1,22,0,22,26,36,6,False,False,False,0.07301032543182373,other,22
3479,869,1,9,27,9,36,26,19,False,False,False,0.021756473928689957,other,18
3480,870,0,14,43,14,24,15,38,False,False,False,0.04418569430708885,other,29
3481,870,0,4,35,4,15,24,2,False,False,False,0.015645571053028107,other,31
3482,870,1,4,4,4,24,15,24,True,True,False,0.013953517191112041,correct,0
3483,870,1,14,14,14,15,24,14,True,True,False,0.04646521434187889,correct,0
3484,871,0,19,0,19,6,14,7,False,False,False,0.04412344470620155,other,19
3485,871,0,32,28,32,14,6,0,False,False,False,0.036982838064432144,other,4
3486,871,1,32,15,32,6,14,18,False,False,False,0.0377596914768219,other,17
3487,871,1,19,1,19,14,6,17,False,False,False,0.042804818600416183,other,18
3488,872,0,20,3,20,27,0,37,False,False,False,0.03678908199071884,other,17
3489,872,0,41,41,41,0,27,15,True,True,False,0.021308770403265953,correct,0
3490,872,1,41,41,41,27,0,23,True,True,False,0.017524296417832375,correct,0
3491,872,1,20,17,20,0,27,14,False,False,False,0.034238096326589584,other,3
3492,873,0,6,31,6,16,18,15,False,False,False,0.15238694846630096,other,25
3493,873,0,22,22,22,18,16,18,True,True,False,0.08327177911996841,correct,0
3494,873,1,22,3,22,16,18,38,False,False,False,0.08496320247650146,other,19
3495,873,1,6,6,6,18,16,18,True,True,False,0.14152361452579498,correct,0
3496,874,0,2,2,2,27,7,38,True,True,False,0.04296797141432762,correct,0
3497,874,0,43,31,43,7,27,15,False,False,False,0.06218569353222847,other,12
3498,874,1,43,0,43,27,7,27,False,False,False,0.06369757652282715,other,43
3499,874,1,2,2,2,7,27,7,True,True,False,0.04014846310019493,correct,0
3500,875,0,7,7,7,24,34,36,True,True,False,0.05867950618267059,correct,0
3501,875,0,33,32,33,34,24,16,False,False,True,0.056245893239974976,off_by_one,1
3502,875,1,33,15,33,24,34,16,False,False,False,0.056612636893987656,other,18
3503,875,1,7,7,7,34,24,12,True,True,False,0.06128319352865219,correct,0
3504,876,0,30,31,30,14,7,14,False,False,True,0.019695231691002846,off_by_one,1
3505,876,0,26,25,26,7,14,7,False,False,True,0.006674068048596382,off_by_one,1
3506,876,1,26,35,26,14,7,14,False,False,False,0.011090368032455444,other,9
3507,876,1,30,30,30,7,14,21,True,True,False,0.01419812347739935,correct,0
3508,877,0,13,0,13,14,16,0,False,False,False,0.018085606396198273,other,13
3509,877,0,32,32,32,16,14,0,True,True,False,0.006155738141387701,correct,0
3510,877,1,32,46,32,14,16,28,False,False,False,0.006185199599713087,other,14
3511,877,1,13,0,13,16,14,15,False,False,False,0.015511240810155869,other,13
3512,878,0,41,15,41,6,24,6,False,False,False,0.05197325348854065,other,26
3513,878,0,43,31,43,24,6,38,False,False,False,0.070227712392807,other,12
3514,878,1,43,17,43,6,24,24,False,False,False,0.06394927948713303,other,26
3515,878,1,41,15,41,24,6,17,False,False,False,0.06382212042808533,other,26
3516,879,0,4,35,4,16,18,16,False,False,False,0.0038875078316777945,other,31
3517,879,0,27,24,27,18,16,20,False,False,False,0.011552469804883003,other,3
3518,879,1,27,27,27,16,18,16,True,True,False,0.010931258089840412,correct,0
3519,879,1,4,35,4,18,16,18,False,False,False,0.003896089503541589,other,31
3520,880,0,31,31,31,21,14,4,True,True,False,0.006189235486090183,correct,0
3521,880,0,4,24,4,14,21,14,False,False,False,0.004928890615701675,other,20
3522,880,1,4,24,4,21,14,21,False,False,False,0.005898808129131794,other,20
3523,880,1,31,31,31,14,21,16,True,True,False,0.007922652177512646,correct,0
3524,881,0,39,3,39,14,18,16,False,False,False,0.01914636418223381,other,36
3525,881,0,48,43,48,18,14,18,False,False,False,0.011350411921739578,other,5
3526,881,1,48,2,48,14,18,27,False,False,False,0.014646914787590504,other,46
3527,881,1,39,43,39,18,14,30,False,False,False,0.014565191231667995,other,4
3528,882,0,9,38,9,1,18,15,False,False,False,0.02261407859623432,other,29
3529,882,0,47,44,47,18,1,24,False,False,False,0.014839153736829758,other,3
3530,882,1,47,40,47,1,18,0,False,False,False,0.01210323441773653,other,7
3531,882,1,9,47,9,18,1,18,False,False,False,0.02754591964185238,other,38
3532,883,0,5,5,5,17,16,15,True,True,False,0.01560573372989893,correct,0
3533,883,0,18,24,18,16,17,28,False,False,False,0.006477771792560816,other,6
3534,883,1,18,3,18,17,16,15,False,False,False,0.009131528437137604,other,15
3535,883,1,5,5,5,16,17,0,True,True,False,0.008708788082003593,correct,0
3536,884,0,4,24,4,7,0,20,False,False,False,0.019795259460806847,other,20
3537,884,0,44,4,44,0,7,1,False,False,False,0.010719158686697483,other,40
3538,884,1,44,44,44,7,0,7,True,True,False,0.009048397652804852,correct,0
3539,884,1,4,4,4,0,7,0,True,True,False,0.02161382883787155,correct,0
3540,885,0,19,0,19,26,17,6,False,False,False,0.02373378910124302,other,19
3541,885,0,1,1,1,17,26,0,True,True,False,0.026779187843203545,correct,0
3542,885,1,1,24,1,26,17,18,False,False,False,0.021869180724024773,other,23
3543,885,1,19,43,19,17,26,20,False,False,False,0.03233234956860542,other,24
3544,886,0,6,31,6,22,15,26,False,False,False,0.03856829181313515,other,25
3545,886,0,22,22,22,15,22,21,True,True,False,0.049278851598501205,correct,0
3546,886,1,22,30,22,22,15,0,False,False,False,0.04384084418416023,other,8
3547,886,1,6,20,6,15,22,21,False,False,False,0.03965023532509804,other,14
3548,887,0,1,0,1,17,7,16,False,False,True,0.06208082288503647,off_by_one,1
3549,887,0,0,0,0,7,17,14,True,True,False,0.03204565867781639,correct,0
3550,887,1,0,27,0,17,7,14,False,False,False,0.025368759408593178,other,27
3551,887,1,1,29,1,7,17,7,False,False,False,0.08171207457780838,other,28
3552,888,0,34,34,34,16,7,7,True,True,False,0.009202834218740463,correct,0
3553,888,0,37,43,37,7,16,36,False,False,False,0.018291499465703964,other,6
3554,888,1,37,46,37,16,7,7,False,False,False,0.015071945264935493,other,9
3555,888,1,34,34,34,7,16,0,True,True,False,0.006751262117177248,correct,0
3556,889,0,40,17,40,6,10,30,False,False,False,0.012765678577125072,other,23
3557,889,0,21,22,21,10,6,15,False,False,True,0.08105424046516418,off_by_one,1
3558,889,1,21,21,21,6,10,26,True,True,False,0.07793038338422775,correct,0
3559,889,1,40,17,40,10,6,0,False,False,False,0.013716585002839565,other,23
3560,890,0,10,10,10,16,18,11,True,True,False,0.05212610214948654,correct,0
3561,890,0,33,28,33,18,16,24,False,False,False,0.005167290568351746,other,5
3562,890,1,33,28,33,16,18,14,False,False,False,0.008447661064565182,other,5
3563,890,1,10,28,10,18,16,4,False,False,False,0.04869113117456436,other,18
3564,891,0,41,41,41,20,12,20,True,True,False,0.1418084353208542,correct,0
3565,891,0,9,44,9,12,20,6,False,False,False,0.01816737651824951,other,35
3566,891,1,9,28,9,20,12,1,False,False,False,0.016833260655403137,other,19
3567,891,1,41,41,41,12,20,30,True,True,False,0.14351606369018555,correct,0
3568,892,0,28,28,28,36,16,0,True,True,False,0.04778367653489113,correct,0
3569,892,0,34,15,34,16,36,16,False,False,False,0.04726952314376831,other,19
3570,892,1,34,34,34,36,16,19,True,True,False,0.04788847640156746,correct,0
3571,892,1,28,24,28,16,36,16,False,False,False,0.04893593490123749,other,4
3572,893,0,8,8,8,6,1,6,True,True,False,0.008049063384532928,correct,0
3573,893,0,9,17,9,1,6,15,False,False,False,0.03958514705300331,other,8
3574,893,1,9,11,9,6,1,7,False,False,False,0.03949293494224548,other,2
3575,893,1,8,8,8,1,6,7,True,True,False,0.009533148258924484,correct,0
3576,894,0,12,17,12,16,6,21,False,False,False,0.05604083836078644,other,5
3577,894,0,35,15,35,6,16,6,False,False,False,0.023935886099934578,other,20
3578,894,1,35,35,35,16,6,7,True,True,False,0.023575229570269585,correct,0
3579,894,1,12,31,12,6,16,6,False,False,False,0.05004548281431198,other,19
3580,895,0,39,17,39,24,16,18,False,False,False,0.03734549134969711,other,22
3581,895,0,36,0,36,16,24,0,False,False,False,0.025485195219516754,other,36
3582,895,1,36,24,36,24,16,18,False,False,False,0.025418469682335854,other,12
3583,895,1,39,43,39,16,24,16,False,False,False,0.03811055049300194,other,4
3584,896,0,20,18,20,7,14,6,False,False,False,0.03408128023147583,other,2
3585,896,0,13,0,13,14,7,0,False,False,False,0.04573914036154747,other,13
3586,896,1,13,0,13,7,14,7,False,False,False,0.03749161958694458,other,13
3587,896,1,20,18,20,14,7,1,False,False,False,0.03720678761601448,other,2
3588,897,0,2,17,2,6,8,6,False,False,False,0.015773149207234383,other,15
3589,897,0,22,30,22,8,6,9,False,False,False,0.13537828624248505,other,8
3590,897,1,22,43,22,6,8,26,False,False,False,0.1338062733411789,other,21
3591,897,1,2,0,2,8,6,26,False,False,False,0.015272428281605244,other,2
3592,898,0,15,15,15,22,18,16,True,True,False,0.038929738104343414,correct,0
3593,898,0,1,2,1,18,22,7,False,False,True,0.04821324348449707,off_by_one,1
3594,898,1,1,17,1,22,18,4,False,False,False,0.04785725101828575,other,16
3595,898,1,15,15,15,18,22,20,True,True,False,0.03533370420336723,correct,0
3596,899,0,5,15,5,24,15,27,False,False,False,0.029101965948939323,other,10
3597,899,0,35,15,35,15,24,25,False,False,False,0.03703538700938225,other,20
3598,899,1,35,35,35,24,15,7,True,True,False,0.032041266560554504,correct,0
3599,899,1,5,5,5,15,24,17,True,True,False,0.035958290100097656,correct,0
3600,900,0,46,46,46,12,8,18,True,True,False,0.04906904697418213,correct,0
3601,900,0,39,36,39,8,12,8,False,False,False,0.012897629290819168,other,3
3602,900,1,39,0,39,12,8,4,False,False,False,0.013786477968096733,other,39
3603,900,1,46,46,46,8,12,26,True,True,False,0.04514699801802635,correct,0
3604,901,0,30,31,30,7,27,16,False,False,True,0.03831269219517708,off_by_one,1
3605,901,0,39,28,39,27,7,14,False,False,False,0.008584034629166126,other,11
3606,901,1,39,0,39,7,27,15,False,False,False,0.008446652442216873,other,39
3607,901,1,30,31,30,27,7,27,False,False,True,0.042142193764448166,off_by_one,1
3608,902,0,43,43,43,18,24,18,True,True,False,0.00502739567309618,correct,0
3609,902,0,9,17,9,24,18,18,False,False,False,0.022995848208665848,other,8
3610,902,1,9,18,9,18,24,18,False,False,False,0.023245379328727722,other,9
3611,902,1,43,17,43,24,18,18,False,False,False,0.00582449184730649,other,26
3612,903,0,32,27,32,4,3,24,False,False,False,0.012187320739030838,other,5
3613,903,0,29,29,29,3,4,7,True,True,False,0.05351158231496811,correct,0
3614,903,1,29,28,29,4,3,21,False,False,True,0.054116591811180115,off_by_one,1
3615,903,1,32,32,32,3,4,4,True,True,False,0.013340972363948822,correct,0
3616,904,0,32,27,32,19,7,20,False,False,False,0.018595851957798004,other,5
3617,904,0,43,43,43,7,19,24,True,True,False,0.0402965247631073,correct,0
3618,904,1,43,0,43,19,7,20,False,False,False,0.03964364528656006,other,43
3619,904,1,32,32,32,7,19,2,True,True,False,0.016753092408180237,correct,0
3620,905,0,6,3,6,16,24,17,False,False,False,0.09548299014568329,other,3
3621,905,0,43,0,43,24,16,7,False,False,False,0.03393084555864334,other,43
3622,905,1,43,3,43,16,24,16,False,False,False,0.03992479667067528,other,40
3623,905,1,6,31,6,24,16,14,False,False,False,0.092232346534729,other,25
3624,906,0,6,6,6,7,8,6,True,True,False,0.034587543457746506,correct,0
3625,906,0,17,18,17,8,7,1,False,False,True,0.012887168675661087,off_by_one,1
3626,906,1,17,18,17,7,8,14,False,False,True,0.01479228027164936,off_by_one,1
3627,906,1,6,30,6,8,7,39,False,False,False,0.04312244430184364,other,24
3628,907,0,24,24,24,12,14,6,True,True,False,0.011550812982022762,correct,0
3629,907,0,25,45,25,14,12,16,False,False,False,0.022160395979881287,other,20
3630,907,1,25,35,25,12,14,15,False,False,False,0.016274040564894676,other,10
3631,907,1,24,45,24,14,12,7,False,False,False,0.013340594246983528,other,21
3632,908,0,27,2,27,9,16,21,False,False,False,0.025575144216418266,other,25
3633,908,0,48,0,48,16,9,35,False,False,False,0.027876030653715134,other,48
3634,908,1,48,2,48,9,16,9,False,False,False,0.03464870899915695,other,46
3635,908,1,27,27,27,16,9,23,True,True,False,0.02356191910803318,correct,0
3636,909,0,5,5,5,21,23,16,True,True,False,0.012527620419859886,correct,0
3637,909,0,2,40,2,23,21,38,False,False,False,0.027162417769432068,other,38
3638,909,1,2,40,2,21,23,21,False,False,False,0.02775350585579872,other,38
3639,909,1,5,5,5,23,21,15,True,True,False,0.01324477605521679,correct,0
3640,910,0,14,14,14,15,24,0,True,True,False,0.052545253187417984,correct,0
3641,910,0,43,17,43,24,15,0,False,False,False,0.05799621716141701,other,26
3642,910,1,43,43,43,15,24,7,True,True,False,0.06905113905668259,correct,0
3643,910,1,14,0,14,24,15,7,False,False,False,0.05464937910437584,other,14
3644,911,0,0,0,0,16,15,0,True,True,False,0.007267077919095755,correct,0
3645,911,0,48,2,48,15,16,16,False,False,False,0.004771547857671976,other,46
3646,911,1,48,2,48,16,15,25,False,False,False,0.004791480489075184,other,46
3647,911,1,0,0,0,15,16,35,True,True,False,0.009604273363947868,correct,0
3648,912,0,8,8,8,6,13,7,True,True,False,0.008689229376614094,correct,0
3649,912,0,30,31,30,13,6,7,False,False,True,0.07214567065238953,off_by_one,1
3650,912,1,30,30,30,6,13,6,True,True,False,0.07517523318529129,correct,0
3651,912,1,8,8,8,13,6,7,True,True,False,0.007571075577288866,correct,0
3652,913,0,30,30,30,32,34,30,True,True,False,0.002022966044023633,correct,0
3653,913,0,17,17,17,34,32,7,True,True,False,0.016741378232836723,correct,0
3654,913,1,17,17,17,32,34,20,True,True,False,0.019978778436779976,correct,0
3655,913,1,30,30,30,34,32,18,True,True,False,0.0021310350857675076,correct,0
3656,914,0,33,28,33,16,12,0,False,False,False,0.020086100324988365,other,5
3657,914,0,16,15,16,12,16,16,False,False,True,0.08022763580083847,off_by_one,1
3658,914,1,16,5,16,16,12,0,False,False,False,0.0798737183213234,other,11
3659,914,1,33,1,33,12,16,6,False,False,False,0.02098626270890236,other,32
3660,915,0,46,2,46,0,6,0,False,False,False,0.008409407921135426,other,44
3661,915,0,45,45,45,6,0,8,True,True,False,0.007610189262777567,correct,0
3662,915,1,45,44,45,0,6,0,False,False,True,0.007572118658572435,off_by_one,1
3663,915,1,46,43,46,6,0,24,False,False,False,0.006593361031264067,other,3
3664,916,0,39,39,39,18,14,21,True,True,False,0.02024736814200878,correct,0
3665,916,0,3,36,3,14,18,14,False,False,False,0.030633283779025078,other,33
3666,916,1,3,0,3,18,14,1,False,False,False,0.027950556948781013,other,3
3667,916,1,39,17,39,14,18,0,False,False,False,0.019661029800772667,other,22
3668,917,0,22,31,22,24,15,24,False,False,False,0.10787346214056015,other,9
3669,917,0,17,17,17,15,24,0,True,True,False,0.023276828229427338,correct,0
3670,917,1,17,0,17,24,15,30,False,False,False,0.02182614617049694,other,17
3671,917,1,22,43,22,15,24,15,False,False,False,0.093367800116539,other,21
3672,918,0,4,4,4,15,12,16,True,True,False,0.01313741970807314,correct,0
3673,918,0,43,17,43,12,15,18,False,False,False,0.04297470673918724,other,26
3674,918,1,43,0,43,15,12,19,False,False,False,0.03719986602663994,other,43
3675,918,1,4,24,4,12,15,2,False,False,False,0.012701033614575863,other,20
3676,919,0,22,31,22,15,16,15,False,False,False,0.07730937004089355,other,9
3677,919,0,3,2,3,16,15,14,False,False,True,0.04012564197182655,off_by_one,1
3678,919,1,3,3,3,15,16,15,True,True,False,0.039753977209329605,correct,0
3679,919,1,22,30,22,16,15,27,False,False,False,0.08105412870645523,other,8
3680,920,0,3,43,3,34,28,30,False,False,False,0.013846197165548801,other,40
3681,920,0,28,0,28,28,34,27,False,False,False,0.024592449888586998,other,28
3682,920,1,28,27,28,34,28,20,False,False,True,0.024079184979200363,off_by_one,1
3683,920,1,3,17,3,28,34,31,False,False,False,0.015979139134287834,other,14
3684,921,0,32,15,32,2,0,2,False,False,False,0.04968057572841644,other,17
3685,921,0,42,42,42,0,2,17,True,True,False,0.12118775397539139,correct,0
3686,921,1,42,42,42,2,0,39,True,True,False,0.12330076843500137,correct,0
3687,921,1,32,46,32,0,2,15,False,False,False,0.05218170955777168,other,14
3688,922,0,7,7,7,3,5,6,True,True,False,0.07622842490673065,correct,0
3689,922,0,48,17,48,5,3,5,False,False,False,0.01575286313891411,other,31
3690,922,1,48,17,48,3,5,30,False,False,False,0.018668733537197113,other,31
3691,922,1,7,7,7,5,3,6,True,True,False,0.07196316123008728,correct,0
3692,923,0,20,18,20,15,7,14,False,False,False,0.08593843132257462,other,2
3693,923,0,7,7,7,7,15,37,True,True,False,0.012352772988379002,correct,0
3694,923,1,7,7,7,15,7,20,True,True,False,0.018267139792442322,correct,0
3695,923,1,20,30,20,7,15,7,False,False,False,0.09723876416683197,other,10
3696,924,0,3,17,3,14,1,14,False,False,False,0.0411144457757473,other,14
3697,924,0,17,18,17,1,14,1,False,False,True,0.027613366022706032,off_by_one,1
3698,924,1,17,17,17,14,1,11,True,True,False,0.028089355677366257,correct,0
3699,924,1,3,0,3,1,14,17,False,False,False,0.0375521294772625,other,3
3700,925,0,40,40,40,6,10,26,True,True,False,0.015355291776359081,correct,0
3701,925,0,7,7,7,10,6,14,True,True,False,0.04498346894979477,correct,0
3702,925,1,7,7,7,6,10,26,True,True,False,0.05540439113974571,correct,0
3703,925,1,40,40,40,10,6,7,True,True,False,0.01431505847722292,correct,0
3704,926,0,30,30,30,39,38,7,True,True,False,0.043467048555612564,correct,0
3705,926,0,36,17,36,38,39,38,False,False,False,0.039174485951662064,other,19
3706,926,1,36,2,36,39,38,7,False,False,False,0.03399316221475601,other,34
3707,926,1,30,30,30,38,39,38,True,True,False,0.044641051441431046,correct,0
3708,927,0,14,24,14,18,14,4,False,False,False,0.026925761252641678,other,10
3709,927,0,22,44,22,14,18,0,False,False,False,0.031222285702824593,other,22
3710,927,1,22,31,22,18,14,18,False,False,False,0.03011784888803959,other,9
3711,927,1,14,14,14,14,18,14,True,True,False,0.028461415320634842,correct,0
3712,928,0,12,32,12,36,16,16,False,False,False,0.03490655869245529,other,20
3713,928,0,35,29,35,16,36,16,False,False,False,0.04195067659020424,other,6
3714,928,1,35,24,35,36,16,0,False,False,False,0.03184685856103897,other,11
3715,928,1,12,0,12,16,36,16,False,False,False,0.04471788555383682,other,12
3716,929,0,10,15,10,16,15,16,False,False,False,0.051760438829660416,other,5
3717,929,0,28,44,28,15,16,7,False,False,False,0.034032389521598816,other,16
3718,929,1,28,1,28,16,15,16,False,False,False,0.03145322948694229,other,27
3719,929,1,10,0,10,15,16,16,False,False,False,0.053193531930446625,other,10
3720,930,0,40,40,40,7,24,16,True,True,False,0.011221750639379025,correct,0
3721,930,0,42,42,42,24,7,24,True,True,False,0.031934820115566254,correct,0
3722,930,1,42,42,42,7,24,24,True,True,False,0.04656386002898216,correct,0
3723,930,1,40,40,40,24,7,21,True,True,False,0.01238511223345995,correct,0
3724,931,0,1,31,1,16,38,14,False,False,False,0.03837227076292038,other,30
3725,931,0,26,35,26,38,16,14,False,False,False,0.015543296933174133,other,9
3726,931,1,26,7,26,16,38,16,False,False,False,0.021404849365353584,other,19
3727,931,1,1,0,1,38,16,14,False,False,True,0.036712486296892166,off_by_one,1
3728,932,0,42,15,42,15,18,15,False,False,False,0.023744788020849228,other,27
3729,932,0,25,24,25,18,15,7,False,False,True,0.009983920492231846,off_by_one,1
3730,932,1,25,15,25,15,18,15,False,False,False,0.0104272635653615,other,10
3731,932,1,42,42,42,18,15,6,True,True,False,0.019923565909266472,correct,0
3732,933,0,22,31,22,18,6,24,False,False,False,0.12521237134933472,other,9
3733,933,0,30,30,30,6,18,6,True,True,False,0.07742732018232346,correct,0
3734,933,1,30,46,30,18,6,18,False,False,False,0.07858023047447205,other,16
3735,933,1,22,31,22,6,18,6,False,False,False,0.10501512885093689,other,9
3736,934,0,31,31,31,14,15,16,True,True,False,0.03838520497083664,correct,0
3737,934,0,33,28,33,15,14,10,False,False,False,0.004135539289563894,other,5
3738,934,1,33,17,33,14,15,14,False,False,False,0.005239632911980152,other,16
3739,934,1,31,31,31,15,14,2,True,True,False,0.032153040170669556,correct,0
3740,935,0,35,35,35,36,18,24,True,True,False,0.003287412691861391,correct,0
3741,935,0,12,12,12,18,36,19,True,True,False,0.03222423419356346,correct,0
3742,935,1,12,32,12,36,18,16,False,False,False,0.03165280818939209,other,20
3743,935,1,35,35,35,18,36,18,True,True,False,0.0032142503187060356,correct,0
3744,936,0,37,0,37,19,7,24,False,False,False,0.018622254952788353,other,37
3745,936,0,40,47,40,7,19,2,False,False,False,0.03817285969853401,other,7
3746,936,1,40,43,40,19,7,0,False,False,False,0.03930323198437691,other,3
3747,936,1,37,43,37,7,19,7,False,False,False,0.018466802313923836,other,6
3748,937,0,7,7,7,5,4,6,True,True,False,0.00723526393994689,correct,0
3749,937,0,24,24,24,4,5,21,True,True,False,0.006787897553294897,correct,0
3750,937,1,24,24,24,5,4,26,True,True,False,0.006002410314977169,correct,0
3751,937,1,7,7,7,4,5,21,True,True,False,0.007986092939972878,correct,0
3752,938,0,42,42,42,24,16,30,True,True,False,0.09664864838123322,correct,0
3753,938,0,33,47,33,16,24,16,False,False,False,0.055749256163835526,other,14
3754,938,1,33,24,33,24,16,4,False,False,False,0.05179665610194206,other,9
3755,938,1,42,42,42,16,24,0,True,True,False,0.09704652428627014,correct,0
3756,939,0,20,46,20,16,7,14,False,False,False,0.053551267832517624,other,26
3757,939,0,39,0,39,7,16,7,False,False,False,0.005684047471731901,other,39
3758,939,1,39,31,39,16,7,0,False,False,False,0.0168194230645895,other,8
3759,939,1,20,18,20,7,16,9,False,False,False,0.04590708017349243,other,2
3760,940,0,5,5,5,1,7,20,True,True,False,0.02791360765695572,correct,0
3761,940,0,23,23,23,7,1,15,True,True,False,0.02587910182774067,correct,0
3762,940,1,23,35,23,1,7,7,False,False,False,0.03010968491435051,other,12
3763,940,1,5,5,5,7,1,7,True,True,False,0.027346070855855942,correct,0
3764,941,0,41,15,41,0,22,6,False,False,False,0.016916386783123016,other,26
3765,941,0,34,34,34,22,0,18,True,True,False,0.015383198857307434,correct,0
3766,941,1,34,34,34,0,22,7,True,True,False,0.021651359274983406,correct,0
3767,941,1,41,41,41,22,0,18,True,True,False,0.009225955232977867,correct,0
3768,942,0,18,18,18,4,3,4,True,True,False,0.04563630372285843,correct,0
3769,942,0,11,28,11,3,4,4,False,False,False,0.005065542180091143,other,17
3770,942,1,11,31,11,4,3,24,False,False,False,0.006910417228937149,other,20
3771,942,1,18,17,18,3,4,7,False,False,True,0.042371030896902084,off_by_one,1
3772,943,0,7,7,7,27,6,0,True,True,False,0.030321341007947922,correct,0
3773,943,0,40,0,40,6,27,6,False,False,False,0.026082180440425873,other,40
3774,943,1,40,47,40,27,6,14,False,False,False,0.02462153322994709,other,7
3775,943,1,7,7,7,6,27,20,True,True,False,0.03490212559700012,correct,0
3776,944,0,11,24,11,26,6,26,False,False,False,0.052262742072343826,other,13
3777,944,0,2,0,2,6,26,15,False,False,False,0.056096434593200684,other,2
3778,944,1,2,17,2,26,6,26,False,False,False,0.057864557951688766,other,15
3779,944,1,11,10,11,6,26,7,False,False,True,0.045869771391153336,off_by_one,1
3780,945,0,3,0,3,12,2,26,False,False,False,0.07408852130174637,other,3
3781,945,0,8,8,8,2,12,2,True,True,False,0.011308797635138035,correct,0
3782,945,1,8,8,8,12,2,7,True,True,False,0.011976904235780239,correct,0
3783,945,1,3,0,3,2,12,2,False,False,False,0.07301004976034164,other,3
3784,946,0,33,17,33,3,2,24,False,False,False,0.009140168316662312,other,16
3785,946,0,39,39,39,2,3,7,True,True,False,0.013633300550282001,correct,0
3786,946,1,39,39,39,3,2,24,True,True,False,0.012054869905114174,correct,0
3787,946,1,33,27,33,2,3,7,False,False,False,0.011060159653425217,other,6
3788,947,0,0,0,0,7,14,7,True,True,False,0.030673671513795853,correct,0
3789,947,0,1,1,1,14,7,14,True,True,False,0.022304432466626167,correct,0
3790,947,1,1,4,1,7,14,15,False,False,False,0.020637212321162224,other,3
3791,947,1,0,17,0,14,7,14,False,False,False,0.03481989726424217,other,17
3792,948,0,24,24,24,18,6,21,True,True,False,0.00880055408924818,correct,0
3793,948,0,9,9,9,6,18,7,True,True,False,0.06708487868309021,correct,0
3794,948,1,9,9,9,18,6,18,True,True,False,0.07022590190172195,correct,0
3795,948,1,24,24,24,6,18,6,True,True,False,0.00759146548807621,correct,0
3796,949,0,3,3,3,27,7,1,True,True,False,0.05065798759460449,correct,0
3797,949,0,45,45,45,7,27,14,True,True,False,0.03437693417072296,correct,0
3798,949,1,45,24,45,27,7,14,False,False,False,0.035265956073999405,other,21
3799,949,1,3,17,3,7,27,2,False,False,False,0.0511915348470211,other,14
3800,950,0,32,32,32,7,36,2,True,True,False,0.06811421364545822,correct,0
3801,950,0,11,28,11,36,7,21,False,False,False,0.08493386954069138,other,17
3802,950,1,11,10,11,7,36,24,False,False,True,0.07850632071495056,off_by_one,1
3803,950,1,32,0,32,36,7,19,False,False,False,0.06316319853067398,other,32
3804,951,0,29,35,29,6,18,7,False,False,False,0.04338960349559784,other,6
3805,951,0,39,43,39,18,6,18,False,False,False,0.00826354045420885,other,4
3806,951,1,39,31,39,6,18,6,False,False,False,0.005766159854829311,other,8
3807,951,1,29,29,29,18,6,6,True,True,False,0.04652946814894676,correct,0
3808,952,0,24,24,24,26,27,26,True,True,False,0.016889028251171112,correct,0
3809,952,0,19,3,19,27,26,11,False,False,False,0.04588472843170166,other,16
3810,952,1,19,3,19,26,27,6,False,False,False,0.04541300609707832,other,16
3811,952,1,24,1,24,27,26,14,False,False,False,0.018935197964310646,other,23
3812,953,0,43,2,43,1,5,1,False,False,False,0.006358045618981123,other,41
3813,953,0,32,32,32,5,1,5,True,True,False,0.006366231944411993,correct,0
3814,953,1,32,24,32,1,5,15,False,False,False,0.00845013465732336,other,8
3815,953,1,43,0,43,5,1,5,False,False,False,0.006348003167659044,other,43
3816,954,0,1,44,1,7,14,15,False,False,False,0.020172756165266037,other,43
3817,954,0,17,17,17,14,7,14,True,True,False,0.011643214151263237,correct,0
3818,954,1,17,18,17,7,14,14,False,False,True,0.01048941072076559,off_by_one,1
3819,954,1,1,28,1,14,7,14,False,False,False,0.021468505263328552,other,27
3820,955,0,18,18,18,6,4,7,True,True,False,0.06704657524824142,correct,0
3821,955,0,41,41,41,4,6,24,True,True,False,0.02678091637790203,correct,0
3822,955,1,41,41,41,6,4,24,True,True,False,0.01628013700246811,correct,0
3823,955,1,18,18,18,4,6,21,True,True,False,0.06578739732503891,correct,0
3824,956,0,42,42,42,14,15,14,True,True,False,0.03383603319525719,correct,0
3825,956,0,25,15,25,15,14,21,False,False,False,0.010666449554264545,other,10
3826,956,1,25,35,25,14,15,15,False,False,False,0.011959409341216087,other,10
3827,956,1,42,42,42,15,14,19,True,True,False,0.03200564533472061,correct,0
3828,957,0,24,24,24,26,38,6,True,True,False,0.019966445863246918,correct,0
3829,957,0,13,13,13,38,26,14,True,True,False,0.03017413057386875,correct,0
3830,957,1,13,31,13,26,38,15,False,False,False,0.025239422917366028,other,18
3831,957,1,24,24,24,38,26,14,True,True,False,0.019935980439186096,correct,0
3832,958,0,33,31,33,18,39,19,False,False,False,0.05693128705024719,other,2
3833,958,0,44,44,44,39,18,15,True,True,False,0.012215769849717617,correct,0
3834,958,1,44,44,44,18,39,6,True,True,False,0.015195873565971851,correct,0
3835,958,1,33,31,33,39,18,0,False,False,False,0.05590127781033516,other,2
3836,959,0,27,29,27,16,7,16,False,False,False,0.047897934913635254,other,2
3837,959,0,17,17,17,7,16,9,True,True,False,0.021609582006931305,correct,0
3838,959,1,17,2,17,16,7,16,False,False,False,0.025492217391729355,other,15
3839,959,1,27,0,27,7,16,14,False,False,False,0.06454937905073166,other,27
3840,960,0,44,24,44,1,3,0,False,False,False,0.008686868473887444,other,20
3841,960,0,3,43,3,3,1,36,False,False,False,0.07341920584440231,other,40
3842,960,1,3,2,3,1,3,17,False,False,True,0.07603640109300613,off_by_one,1
3843,960,1,44,35,44,3,1,21,False,False,False,0.00724580604583025,other,9
3844,961,0,6,18,6,24,6,33,False,False,False,0.12975700199604034,other,12
3845,961,0,31,31,31,6,24,6,True,True,False,0.07799887657165527,correct,0
3846,961,1,31,22,31,24,6,24,False,False,False,0.08236365765333176,other,9
3847,961,1,6,41,6,6,24,6,False,False,False,0.11541633307933807,other,35
3848,962,0,32,17,32,14,22,27,False,False,False,0.0389290414750576,other,15
3849,962,0,18,18,18,22,14,17,True,True,False,0.03762964531779289,correct,0
3850,962,1,18,18,18,14,22,14,True,True,False,0.0303350742906332,correct,0
3851,962,1,32,2,32,22,14,17,False,False,False,0.03889983147382736,other,30
3852,963,0,0,0,0,36,6,36,True,True,False,0.025808220729231834,correct,0
3853,963,0,7,7,7,6,36,6,True,True,False,0.11615409702062607,correct,0
3854,963,1,7,7,7,36,6,36,True,True,False,0.10660378634929657,correct,0
3855,963,1,0,46,0,6,36,6,False,False,False,0.017464529722929,other,46
3856,964,0,48,43,48,16,6,0,False,False,False,0.03792363032698631,other,5
3857,964,0,47,44,47,6,16,4,False,False,False,0.023887963965535164,other,3
3858,964,1,47,47,47,16,6,33,True,True,False,0.02298419550061226,correct,0
3859,964,1,48,46,48,6,16,6,False,False,False,0.04937463626265526,other,2
3860,965,0,43,3,43,1,5,37,False,False,False,0.05240636691451073,other,40
3861,965,0,5,5,5,5,1,26,True,True,False,0.10438882559537888,correct,0
3862,965,1,5,34,5,1,5,0,False,False,False,0.11029192805290222,other,29
3863,965,1,43,43,43,5,1,24,True,True,False,0.049210306257009506,correct,0
3864,966,0,26,35,26,27,7,14,False,False,False,0.0468711219727993,other,9
3865,966,0,36,0,36,7,27,20,False,False,False,0.015159795992076397,other,36
3866,966,1,36,1,36,27,7,28,False,False,False,0.01264200359582901,other,35
3867,966,1,26,26,26,7,27,14,True,True,False,0.03509759157896042,correct,0
3868,967,0,30,43,30,16,24,7,False,False,False,0.10704927891492844,other,13
3869,967,0,5,7,5,24,16,39,False,False,False,0.07403189688920975,other,2
3870,967,1,5,5,5,16,24,15,True,True,False,0.0993061289191246,correct,0
3871,967,1,30,0,30,24,16,7,False,False,False,0.10450432449579239,other,30
3872,968,0,8,8,8,27,16,23,True,True,False,0.039635539054870605,correct,0
3873,968,0,4,35,4,16,27,16,False,False,False,0.023726359009742737,other,31
3874,968,1,4,35,4,27,16,14,False,False,False,0.034571193158626556,other,31
3875,968,1,8,8,8,16,27,23,True,True,False,0.03789421543478966,correct,0
3876,969,0,9,28,9,6,15,6,False,False,False,0.043011438101530075,other,19
3877,969,0,11,27,11,15,6,0,False,False,False,0.05511206388473511,other,16
3878,969,1,11,15,11,6,15,1,False,False,False,0.055086009204387665,other,4
3879,969,1,9,27,9,15,6,17,False,False,False,0.04304247722029686,other,18
3880,970,0,27,0,27,29,24,36,False,False,False,0.03070799447596073,other,27
3881,970,0,29,29,29,24,29,18,True,True,False,0.004182056989520788,correct,0
3882,970,1,29,29,29,29,24,0,True,True,False,0.005317289382219315,correct,0
3883,970,1,27,27,27,24,29,4,True,True,False,0.03098534233868122,correct,0
3884,971,0,28,1,28,18,7,4,False,False,False,0.00784390326589346,other,27
3885,971,0,33,11,33,7,18,0,False,False,False,0.061652928590774536,other,22
3886,971,1,33,28,33,18,7,18,False,False,False,0.0668012797832489,other,5
3887,971,1,28,28,28,7,18,7,True,True,False,0.008400848135352135,correct,0
3888,972,0,21,3,21,27,0,15,False,False,False,0.03038373589515686,other,18
3889,972,0,45,44,45,0,27,23,False,False,True,0.002756659872829914,off_by_one,1
3890,972,1,45,24,45,27,0,25,False,False,False,0.004190368112176657,other,21
3891,972,1,21,3,21,0,27,11,False,False,False,0.024134203791618347,other,18
3892,973,0,5,5,5,14,12,14,True,True,False,0.06154894456267357,correct,0
3893,973,0,47,34,47,12,14,34,False,False,False,0.020113630220294,other,13
3894,973,1,47,34,47,14,12,14,False,False,False,0.021960962563753128,other,13
3895,973,1,5,5,5,12,14,6,True,True,False,0.057284049689769745,correct,0
3896,974,0,0,0,0,15,16,21,True,True,False,0.006091785151511431,correct,0
3897,974,0,28,11,28,16,15,11,False,False,False,0.033675048500299454,other,17
3898,974,1,28,27,28,15,16,15,False,False,True,0.0370018444955349,off_by_one,1
3899,974,1,0,2,0,16,15,21,False,False,False,0.004821137525141239,other,2
3900,975,0,28,1,28,7,18,7,False,False,False,0.0031903686467558146,other,27
3901,975,0,13,36,13,18,7,15,False,False,False,0.09900699555873871,other,23
3902,975,1,13,0,13,7,18,6,False,False,False,0.1027442067861557,other,13
3903,975,1,28,29,28,18,7,6,False,False,True,0.0038050974253565073,off_by_one,1
3904,976,0,0,0,0,26,27,26,True,True,False,0.008503623306751251,correct,0
3905,976,0,17,24,17,27,26,14,False,False,False,0.055561307817697525,other,7
3906,976,1,17,17,17,26,27,26,True,True,False,0.0563008114695549,correct,0
3907,976,1,0,0,0,27,26,14,True,True,False,0.006593112368136644,correct,0
3908,977,0,34,34,34,17,15,0,True,True,False,0.02481359802186489,correct,0
3909,977,0,1,4,1,15,17,0,False,False,False,0.029784489423036575,other,3
3910,977,1,1,28,1,17,15,14,False,False,False,0.030213208869099617,other,27
3911,977,1,34,34,34,15,17,15,True,True,False,0.025828227400779724,correct,0
3912,978,0,2,2,2,7,16,6,True,True,False,0.05344967544078827,correct,0
3913,978,0,10,1,10,16,7,16,False,False,False,0.009466281160712242,other,9
3914,978,1,10,28,10,7,16,15,False,False,False,0.012080059386789799,other,18
3915,978,1,2,2,2,16,7,15,True,True,False,0.05467943847179413,correct,0
3916,979,0,29,15,29,29,0,0,False,False,False,0.035410817712545395,other,14
3917,979,0,34,31,34,0,29,7,False,False,False,0.02408219315111637,other,3
3918,979,1,34,34,34,29,0,18,True,True,False,0.029208647087216377,correct,0
3919,979,1,29,1,29,0,29,0,False,False,False,0.034688469022512436,other,28
3920,980,0,37,2,37,15,6,6,False,False,False,0.06546495109796524,other,35
3921,980,0,12,12,12,6,15,6,True,True,False,0.046321697533130646,correct,0
3922,980,1,12,32,12,15,6,15,False,False,False,0.050308044999837875,other,20
3923,980,1,37,27,37,6,15,6,False,False,False,0.06279028952121735,other,10
3924,981,0,30,30,30,6,24,6,True,True,False,0.09834323078393936,correct,0
3925,981,0,2,17,2,24,6,7,False,False,False,0.03983575850725174,other,15
3926,981,1,2,2,2,6,24,6,True,True,False,0.03874288126826286,correct,0
3927,981,1,30,31,30,24,6,0,False,False,True,0.10388094931840897,off_by_one,1
3928,982,0,2,2,2,19,6,6,True,True,False,0.04407275468111038,correct,0
3929,982,0,30,32,30,6,19,6,False,False,False,0.08074773102998734,other,2
3930,982,1,30,31,30,19,6,12,False,False,True,0.08385230600833893,off_by_one,1
3931,982,1,2,2,2,6,19,6,True,True,False,0.04177987948060036,correct,0
3932,983,0,45,45,45,2,0,7,True,True,False,0.018697883933782578,correct,0
3933,983,0,24,24,24,0,2,0,True,True,False,0.008571886457502842,correct,0
3934,983,1,24,24,24,2,0,2,True,True,False,0.008516746573150158,correct,0
3935,983,1,45,24,45,0,2,0,False,False,False,0.014840708114206791,other,21
3936,984,0,23,35,23,14,24,15,False,False,False,0.02302812971174717,other,12
3937,984,0,15,7,15,24,14,18,False,False,False,0.05661537125706673,other,8
3938,984,1,15,15,15,14,24,23,True,True,False,0.05819164216518402,correct,0
3939,984,1,23,41,23,24,14,18,False,False,False,0.020292233675718307,other,18
3940,985,0,18,3,18,26,6,6,False,False,False,0.031425170600414276,other,15
3941,985,0,12,17,12,6,26,6,False,False,False,0.061335619539022446,other,5
3942,985,1,12,4,12,26,6,6,False,False,False,0.055781785398721695,other,8
3943,985,1,18,3,18,6,26,6,False,False,False,0.03502921387553215,other,15
3944,986,0,16,16,16,20,7,14,True,True,False,0.06403753906488419,correct,0
3945,986,0,15,15,15,7,20,7,True,True,False,0.03177177160978317,correct,0
3946,986,1,15,15,15,20,7,7,True,True,False,0.032068561762571335,correct,0
3947,986,1,16,18,16,7,20,7,False,False,False,0.05414911359548569,other,2
3948,987,0,26,26,26,6,36,13,True,True,False,0.047425709664821625,correct,0
3949,987,0,40,2,40,36,6,7,False,False,False,0.018189674243330956,other,38
3950,987,1,40,47,40,6,36,18,False,False,False,0.017757343128323555,other,7
3951,987,1,26,26,26,36,6,15,True,True,False,0.058163732290267944,correct,0
3952,988,0,44,44,44,19,2,36,True,True,False,0.01944812387228012,correct,0
3953,988,0,34,34,34,2,19,7,True,True,False,0.005331734661012888,correct,0
3954,988,1,34,34,34,19,2,24,True,True,False,0.0046838861890137196,correct,0
3955,988,1,44,24,44,2,19,13,False,False,False,0.017309067770838737,other,20
3956,989,0,43,43,43,0,24,16,True,True,False,0.004770735744386911,correct,0
3957,989,0,34,7,34,24,0,18,False,False,False,0.02081189677119255,other,27
3958,989,1,34,24,34,0,24,0,False,False,False,0.020183736458420753,other,10
3959,989,1,43,3,43,24,0,4,False,False,False,0.0065028853714466095,other,40
3960,990,0,2,2,2,6,16,7,True,True,False,0.028903435915708542,correct,0
3961,990,0,25,45,25,16,6,14,False,False,False,0.03632848709821701,other,20
3962,990,1,25,41,25,6,16,30,False,False,False,0.03194379806518555,other,16
3963,990,1,2,2,2,16,6,14,True,True,False,0.02928159013390541,correct,0
3964,991,0,6,6,6,14,16,0,True,True,False,0.053777746856212616,correct,0
3965,991,0,10,24,10,16,14,16,False,False,False,0.03204650059342384,other,14
3966,991,1,10,1,10,14,16,0,False,False,False,0.03371675685048103,other,9
3967,991,1,6,2,6,16,14,16,False,False,False,0.04289928078651428,other,4
3968,992,0,34,34,34,15,6,16,True,True,False,0.02921478822827339,correct,0
3969,992,0,25,41,25,6,15,12,False,False,False,0.021162735298275948,other,16
3970,992,1,25,35,25,15,6,15,False,False,False,0.024736570194363594,other,10
3971,992,1,34,5,34,6,15,26,False,False,False,0.022774886339902878,other,29
3972,993,0,1,1,1,36,24,4,True,True,False,0.0076988451182842255,correct,0
3973,993,0,12,12,12,24,36,15,True,True,False,0.038077108561992645,correct,0
3974,993,1,12,28,12,36,24,21,False,False,False,0.03705338016152382,other,16
3975,993,1,1,44,1,24,36,36,False,False,False,0.007441884838044643,other,43
3976,994,0,25,24,25,17,26,7,False,False,True,0.014346132054924965,off_by_one,1
3977,994,0,23,35,23,26,17,4,False,False,False,0.026175279170274734,other,12
3978,994,1,23,35,23,17,26,17,False,False,False,0.024732723832130432,other,12
3979,994,1,25,15,25,26,17,36,False,False,False,0.015443275682628155,other,10
3980,995,0,46,43,46,6,7,6,False,False,False,0.03237883374094963,other,3
3981,995,0,12,28,12,7,6,15,False,False,False,0.03470512479543686,other,16
3982,995,1,12,28,12,6,7,2,False,False,False,0.02972573973238468,other,16
3983,995,1,46,2,46,7,6,6,False,False,False,0.033721715211868286,other,44
3984,996,0,2,43,2,39,7,6,False,False,False,0.002192035550251603,other,41
3985,996,0,47,47,47,7,39,20,True,True,False,0.028343047946691513,correct,0
3986,996,1,47,47,47,39,7,0,True,True,False,0.03438267856836319,correct,0
3987,996,1,2,17,2,7,39,0,False,False,False,0.0035786465741693974,other,15
3988,997,0,28,12,28,16,7,14,False,False,False,0.027823448181152344,other,16
3989,997,0,39,39,39,7,16,7,True,True,False,0.028647305443882942,correct,0
3990,997,1,39,31,39,16,7,14,False,False,False,0.031179411336779594,other,8
3991,997,1,28,46,28,7,16,0,False,False,False,0.032215747982263565,other,18
3992,998,0,0,0,0,18,6,14,True,True,False,0.0557778924703598,correct,0
3993,998,0,41,41,41,6,18,12,True,True,False,0.01806473918259144,correct,0
3994,998,1,41,41,41,18,6,15,True,True,False,0.02324794791638851,correct,0
3995,998,1,0,0,0,6,18,7,True,True,False,0.05383668094873428,correct,0
3996,999,0,26,34,26,24,39,7,False,False,False,0.03319159522652626,other,8
3997,999,0,11,28,11,39,24,20,False,False,False,0.06660537421703339,other,17
3998,999,1,11,16,11,24,39,0,False,False,False,0.0515403226017952,other,5
3999,999,1,26,26,26,39,24,39,True,True,False,0.024282468482851982,correct,0
4000,1000,0,36,24,36,7,26,0,False,False,False,0.023245807737112045,other,12
4001,1000,0,43,43,43,26,7,6,True,True,False,0.021595079451799393,correct,0
4002,1000,1,43,17,43,7,26,15,False,False,False,0.01977432146668434,other,26
4003,1000,1,36,43,36,26,7,6,False,False,False,0.0275616105645895,other,7
4004,1001,0,28,28,28,2,1,30,True,True,False,0.04632916301488876,correct,0
4005,1001,0,24,24,24,1,2,7,True,True,False,0.01196224894374609,correct,0
4006,1001,1,24,46,24,2,1,7,False,False,False,0.012308880686759949,other,22
4007,1001,1,28,35,28,1,2,1,False,False,False,0.04485166072845459,other,7
4008,1002,0,18,18,18,3,9,14,True,True,False,0.034898143261671066,correct,0
4009,1002,0,39,17,39,9,3,15,False,False,False,0.01802157238125801,other,22
4010,1002,1,39,27,39,3,9,24,False,False,False,0.014476054348051548,other,12
4011,1002,1,18,17,18,9,3,14,False,False,True,0.03593491390347481,off_by_one,1
4012,1003,0,45,24,45,27,1,0,False,False,False,0.00856491643935442,other,21
4013,1003,0,37,2,37,1,27,16,False,False,False,0.014640175737440586,other,35
4014,1003,1,37,0,37,27,1,0,False,False,False,0.009068543091416359,other,37
4015,1003,1,45,35,45,1,27,14,False,False,False,0.010393586941063404,other,10
4016,1004,0,39,38,39,12,9,4,False,False,True,0.01771010458469391,off_by_one,1
4017,1004,0,16,15,16,9,12,16,False,False,True,0.018555104732513428,off_by_one,1
4018,1004,1,16,15,16,12,9,1,False,False,True,0.01598646305501461,off_by_one,1
4019,1004,1,39,17,39,9,12,6,False,False,False,0.016863945871591568,other,22
4020,1005,0,40,0,40,6,16,24,False,False,False,0.061783574521541595,other,40
4021,1005,0,24,29,24,16,6,14,False,False,False,0.03882402554154396,other,5
4022,1005,1,24,3,24,6,16,7,False,False,False,0.04077111557126045,other,21
4023,1005,1,40,24,40,16,6,16,False,False,False,0.0678289383649826,other,16
4024,1006,0,18,18,18,14,6,14,True,True,False,0.02460087463259697,correct,0
4025,1006,0,35,35,35,6,14,26,True,True,False,0.01679537445306778,correct,0
4026,1006,1,35,4,35,14,6,0,False,False,False,0.01847754418849945,other,31
4027,1006,1,18,17,18,6,14,6,False,False,True,0.02596691995859146,off_by_one,1
4028,1007,0,41,41,41,0,14,0,True,True,False,0.04047854244709015,correct,0
4029,1007,0,1,1,1,14,0,14,True,True,False,0.007294089999049902,correct,0
4030,1007,1,1,1,1,0,14,0,True,True,False,0.006163455080240965,correct,0
4031,1007,1,41,41,41,14,0,14,True,True,False,0.04761120304465294,correct,0
4032,1008,0,12,0,12,6,27,6,False,False,False,0.03339296951889992,other,12
4033,1008,0,14,29,14,27,6,14,False,False,False,0.04248175397515297,other,15
4034,1008,1,14,14,14,6,27,6,True,True,False,0.04202943667769432,correct,0
4035,1008,1,12,1,12,27,6,14,False,False,False,0.03763960674405098,other,11
4036,1009,0,2,2,2,18,7,31,True,True,False,0.046315912157297134,correct,0
4037,1009,0,8,15,8,7,18,7,False,False,False,0.05573750287294388,other,7
4038,1009,1,8,8,8,18,7,0,True,True,False,0.06164585053920746,correct,0
4039,1009,1,2,0,2,7,18,14,False,False,False,0.03817351534962654,other,2
4040,1010,0,25,41,25,20,38,15,False,False,False,0.047940827906131744,other,16
4041,1010,0,28,0,28,38,20,14,False,False,False,0.01838775910437107,other,28
4042,1010,1,28,28,28,20,38,17,True,True,False,0.013872548937797546,correct,0
4043,1010,1,25,35,25,38,20,14,False,False,False,0.05302375555038452,other,10
4044,1011,0,27,0,27,7,12,7,False,False,False,0.01050475798547268,other,27
4045,1011,0,24,24,24,12,7,12,True,True,False,0.003204526612535119,correct,0
4046,1011,1,24,24,24,7,12,7,True,True,False,0.005202594678848982,correct,0
4047,1011,1,27,43,27,12,7,12,False,False,False,0.01264095026999712,other,16
4048,1012,0,2,2,2,16,6,14,True,True,False,0.024612007662653923,correct,0
4049,1012,0,14,24,14,6,16,6,False,False,False,0.04451500251889229,other,10
4050,1012,1,14,45,14,16,6,14,False,False,False,0.04085368290543556,other,31
4051,1012,1,2,2,2,6,16,18,True,True,False,0.021581118926405907,correct,0
4052,1013,0,9,4,9,4,3,4,False,False,False,0.021105607971549034,other,5
4053,1013,0,10,28,10,3,4,4,False,False,False,0.024001851677894592,other,18
4054,1013,1,10,27,10,4,3,19,False,False,False,0.024347394704818726,other,17
4055,1013,1,9,38,9,3,4,18,False,False,False,0.019591741263866425,other,29
4056,1014,0,38,17,38,7,18,0,False,False,False,0.014775511808693409,other,21
4057,1014,0,25,41,25,18,7,20,False,False,False,0.01667952537536621,other,16
4058,1014,1,25,35,25,7,18,17,False,False,False,0.014606636017560959,other,10
4059,1014,1,38,43,38,18,7,24,False,False,False,0.01214897632598877,other,5
4060,1015,0,45,24,45,14,7,14,False,False,False,0.007201691623777151,other,21
4061,1015,0,36,43,36,7,14,21,False,False,False,0.013151519000530243,other,7
4062,1015,1,36,46,36,14,7,0,False,False,False,0.01289091445505619,other,10
4063,1015,1,45,24,45,7,14,0,False,False,False,0.006995825562626123,other,21
4064,1016,0,41,15,41,2,15,7,False,False,False,0.034964390099048615,other,26
4065,1016,0,23,35,23,15,2,15,False,False,False,0.028918132185935974,other,12
4066,1016,1,23,15,23,2,15,7,False,False,False,0.016879212111234665,other,8
4067,1016,1,41,41,41,15,2,24,True,True,False,0.036480605602264404,correct,0
4068,1017,0,9,1,9,0,6,0,False,False,False,0.03347259759902954,other,8
4069,1017,0,1,1,1,6,0,14,True,True,False,0.03142751008272171,correct,0
4070,1017,1,1,1,1,0,6,0,True,True,False,0.034189820289611816,correct,0
4071,1017,1,9,28,9,6,0,17,False,False,False,0.030666684731841087,other,19
4072,1018,0,1,24,1,13,7,21,False,False,False,0.01454448513686657,other,23
4073,1018,0,38,38,38,7,13,7,True,True,False,0.013119840994477272,correct,0
4074,1018,1,38,38,38,13,7,26,True,True,False,0.011028608307242393,correct,0
4075,1018,1,1,28,1,7,13,7,False,False,False,0.01673066057264805,other,27
4076,1019,0,33,0,33,16,17,16,False,False,False,0.02102508395910263,other,33
4077,1019,0,22,1,22,17,16,16,False,False,False,0.025415822863578796,other,21
4078,1019,1,22,30,22,16,17,14,False,False,False,0.022306114435195923,other,8
4079,1019,1,33,27,33,17,16,15,False,False,False,0.019963914528489113,other,6
4080,1020,0,0,17,0,18,24,0,False,False,False,0.08615977317094803,other,17
4081,1020,0,7,31,7,24,18,31,False,False,False,0.1568392962217331,other,24
4082,1020,1,7,7,7,18,24,18,True,True,False,0.17226403951644897,correct,0
4083,1020,1,0,31,0,24,18,38,False,False,False,0.06920664757490158,other,31
4084,1021,0,16,15,16,24,16,0,False,False,True,0.06817661970853806,off_by_one,1
4085,1021,0,31,31,31,16,24,11,True,True,False,0.05356515198945999,correct,0
4086,1021,1,31,31,31,24,16,23,True,True,False,0.05084948614239693,correct,0
4087,1021,1,16,16,16,16,24,0,True,True,False,0.07432941347360611,correct,0
4088,1022,0,12,12,12,36,7,12,True,True,False,0.0404493473470211,correct,0
4089,1022,0,8,8,8,7,36,7,True,True,False,0.10615625232458115,correct,0
4090,1022,1,8,24,8,36,7,6,False,False,False,0.10372885316610336,other,16
4091,1022,1,12,44,12,7,36,31,False,False,False,0.04083695262670517,other,32
4092,1023,0,2,36,2,14,7,7,False,False,False,0.047987084835767746,other,34
4093,1023,0,17,17,17,7,14,14,True,True,False,0.010283739306032658,correct,0
4094,1023,1,17,17,17,14,7,14,True,True,False,0.012309122830629349,correct,0
4095,1023,1,2,0,2,7,14,26,False,False,False,0.042515531182289124,other,2
4096,1024,0,11,28,11,16,15,16,False,False,False,0.027469437569379807,other,17
4097,1024,0,22,31,22,15,16,21,False,False,False,0.0217952448874712,other,9
4098,1024,1,22,31,22,16,15,15,False,False,False,0.020993059501051903,other,9
4099,1024,1,11,0,11,15,16,0,False,False,False,0.03242996335029602,other,11
4100,1025,0,26,41,26,0,15,23,False,False,False,0.01855257898569107,other,15
4101,1025,0,42,42,42,15,0,15,True,True,False,0.04737694188952446,correct,0
4102,1025,1,42,42,42,0,15,15,True,True,False,0.03662886470556259,correct,0
4103,1025,1,26,45,26,15,0,15,False,False,False,0.02864896133542061,other,19
4104,1026,0,39,21,39,7,3,19,False,False,False,0.04126136004924774,other,18
4105,1026,0,1,1,1,3,7,19,True,True,False,0.024914085865020752,correct,0
4106,1026,1,1,1,1,7,3,17,True,True,False,0.024155789986252785,correct,0
4107,1026,1,39,31,39,3,7,36,False,False,False,0.039041802287101746,other,8
4108,1027,0,12,17,12,4,1,24,False,False,False,0.05433656647801399,other,5
4109,1027,0,39,10,39,1,4,7,False,False,False,0.021662864834070206,other,29
4110,1027,1,39,43,39,4,1,26,False,False,False,0.017213141545653343,other,4
4111,1027,1,12,3,12,1,4,7,False,False,False,0.04492494463920593,other,9
4112,1028,0,3,2,3,17,15,17,False,False,True,0.032819248735904694,off_by_one,1
4113,1028,0,44,1,44,15,17,0,False,False,False,0.010568731464445591,other,43
4114,1028,1,44,44,44,17,15,15,True,True,False,0.0131013048812747,correct,0
4115,1028,1,3,17,3,15,17,14,False,False,False,0.03269089758396149,other,14
4116,1029,0,11,32,11,20,39,0,False,False,False,0.05745440348982811,other,21
4117,1029,0,32,32,32,39,20,6,True,True,False,0.018070919439196587,correct,0
4118,1029,1,32,28,32,20,39,20,False,False,False,0.017266785725951195,other,4
4119,1029,1,11,17,11,39,20,7,False,False,False,0.05880549177527428,other,6
4120,1030,0,21,0,21,19,16,36,False,False,False,0.06291431933641434,other,21
4121,1030,0,22,31,22,16,19,16,False,False,False,0.043482858687639236,other,9
4122,1030,1,22,43,22,19,16,36,False,False,False,0.04669535905122757,other,21
4123,1030,1,21,3,21,16,19,14,False,False,False,0.056088242679834366,other,18
4124,1031,0,30,30,30,39,20,9,True,True,False,0.02227429300546646,correct,0
4125,1031,0,43,43,43,20,39,36,True,True,False,0.049306731671094894,correct,0
4126,1031,1,43,43,43,39,20,15,True,True,False,0.0457901656627655,correct,0
4127,1031,1,30,30,30,20,39,6,True,True,False,0.02569461241364479,correct,0
4128,1032,0,8,8,8,12,16,7,True,True,False,0.020020360127091408,correct,0
4129,1032,0,30,30,30,16,12,7,True,True,False,0.08529847860336304,correct,0
4130,1032,1,30,31,30,12,16,26,False,False,True,0.0859404131770134,off_by_one,1
4131,1032,1,8,8,8,16,12,14,True,True,False,0.019219737499952316,correct,0
4132,1033,0,34,34,34,8,14,0,True,True,False,0.06553800404071808,correct,0
4133,1033,0,12,4,12,14,8,28,False,False,False,0.04845353588461876,other,8
4134,1033,1,12,15,12,8,14,6,False,False,False,0.048924777656793594,other,3
4135,1033,1,34,7,34,14,8,38,False,False,False,0.036746539175510406,other,27
4136,1034,0,11,29,11,9,12,9,False,False,False,0.00871632806956768,other,18
4137,1034,0,29,29,29,12,9,8,True,True,False,0.03777988255023956,correct,0
4138,1034,1,29,29,29,9,12,9,True,True,False,0.03712461516261101,correct,0
4139,1034,1,11,11,11,12,9,13,True,True,False,0.008987459354102612,correct,0
4140,1035,0,29,29,29,33,14,0,True,True,False,0.03047659620642662,correct,0
4141,1035,0,18,17,18,14,33,11,False,False,True,0.032936736941337585,off_by_one,1
4142,1035,1,18,18,18,33,14,14,True,True,False,0.029121240600943565,correct,0
4143,1035,1,29,29,29,14,33,14,True,True,False,0.029846658930182457,correct,0
4144,1036,0,13,0,13,0,3,17,False,False,False,0.0404689684510231,other,13
4145,1036,0,35,35,35,3,0,6,True,True,False,0.010378542356193066,correct,0
4146,1036,1,35,24,35,0,3,0,False,False,False,0.011435039341449738,other,11
4147,1036,1,13,13,13,3,0,20,True,True,False,0.04262957349419594,correct,0
4148,1037,0,25,41,25,25,14,0,False,False,False,0.019521651789546013,other,16
4149,1037,0,45,35,45,14,25,0,False,False,False,0.010017439723014832,other,10
4150,1037,1,45,24,45,25,14,0,False,False,False,0.008425813168287277,other,21
4151,1037,1,25,45,25,14,25,14,False,False,False,0.015895437449216843,other,20
4152,1038,0,33,28,33,6,18,6,False,False,False,0.04914981126785278,other,5
4153,1038,0,1,1,1,18,6,6,True,True,False,0.03186449781060219,correct,0
4154,1038,1,1,0,1,6,18,7,False,False,True,0.028058817610144615,off_by_one,1
4155,1038,1,33,12,33,18,6,15,False,False,False,0.05033053457736969,other,21
4156,1039,0,35,35,35,16,7,14,True,True,False,0.01569216139614582,correct,0
4157,1039,0,19,24,19,7,16,20,False,False,False,0.051777396351099014,other,5
4158,1039,1,19,17,19,16,7,14,False,False,False,0.0510641373693943,other,2
4159,1039,1,35,35,35,7,16,27,True,True,False,0.014510372653603554,correct,0
4160,1040,0,13,0,13,7,26,7,False,False,False,0.031192054972052574,other,13
4161,1040,0,20,1,20,26,7,6,False,False,False,0.0472818985581398,other,19
4162,1040,1,20,40,20,7,26,7,False,False,False,0.05559081211686134,other,20
4163,1040,1,13,13,13,26,7,26,True,True,False,0.04051125794649124,correct,0
4164,1041,0,4,4,4,30,7,30,True,True,False,0.005197941325604916,correct,0
4165,1041,0,17,0,17,7,30,0,False,False,False,0.03635084629058838,other,17
4166,1041,1,17,17,17,30,7,36,True,True,False,0.036577124148607254,correct,0
4167,1041,1,4,4,4,7,30,21,True,True,False,0.008160159923136234,correct,0
4168,1042,0,40,47,40,7,0,21,False,False,False,0.02634115144610405,other,7
4169,1042,0,21,21,21,0,7,0,True,True,False,0.04105310142040253,correct,0
4170,1042,1,21,3,21,7,0,36,False,False,False,0.04428161308169365,other,18
4171,1042,1,40,2,40,0,7,0,False,False,False,0.02231775037944317,other,38
4172,1043,0,39,24,39,24,18,24,False,False,False,0.03734418377280235,other,15
4173,1043,0,20,18,20,18,24,18,False,False,False,0.025608444586396217,other,2
4174,1043,1,20,43,20,24,18,18,False,False,False,0.02743278443813324,other,23
4175,1043,1,39,39,39,18,24,21,True,True,False,0.038347646594047546,correct,0
4176,1044,0,21,21,21,17,0,17,True,True,False,0.0363081730902195,correct,0
4177,1044,0,19,2,19,0,17,14,False,False,False,0.04688802361488342,other,17
4178,1044,1,19,0,19,17,0,20,False,False,False,0.04553288221359253,other,19
4179,1044,1,21,3,21,0,17,14,False,False,False,0.04256349056959152,other,18
4180,1045,0,35,35,35,1,6,1,True,True,False,0.014364485628902912,correct,0
4181,1045,0,6,36,6,6,1,6,False,False,False,0.044703494757413864,other,30
4182,1045,1,6,4,6,1,6,15,False,False,False,0.05446314439177513,other,2
4183,1045,1,35,35,35,6,1,6,True,True,False,0.011131149716675282,correct,0
4184,1046,0,19,18,19,14,17,17,False,False,True,0.014138776808977127,off_by_one,1
4185,1046,0,24,44,24,17,14,0,False,False,False,0.0028331829234957695,other,20
4186,1046,1,24,4,24,14,17,14,False,False,False,0.005467519164085388,other,20
4187,1046,1,19,2,19,17,14,17,False,False,False,0.01846938394010067,other,17
4188,1047,0,23,35,23,1,5,7,False,False,False,0.04152033105492592,other,12
4189,1047,0,15,5,15,5,1,26,False,False,False,0.1004018783569336,other,10
4190,1047,1,15,7,15,1,5,7,False,False,False,0.09719832241535187,other,8
4191,1047,1,23,45,23,5,1,26,False,False,False,0.039186518639326096,other,22
4192,1048,0,14,3,14,24,14,18,False,False,False,0.0907103642821312,other,11
4193,1048,0,39,16,39,14,24,7,False,False,False,0.13904322683811188,other,23
4194,1048,1,39,3,39,24,14,15,False,False,False,0.1697353571653366,other,36
4195,1048,1,14,31,14,14,24,33,False,False,False,0.09536177664995193,other,17
4196,1049,0,2,32,2,7,24,7,False,False,False,0.035869304090738297,other,30
4197,1049,0,9,9,9,24,7,26,True,True,False,0.06301363557577133,correct,0
4198,1049,1,9,17,9,7,24,15,False,False,False,0.07001124322414398,other,8
4199,1049,1,2,17,2,24,7,38,False,False,False,0.026484986767172813,other,15
4200,1050,0,41,41,41,24,27,21,True,True,False,0.0669175535440445,correct,0
4201,1050,0,3,24,3,27,24,14,False,False,False,0.03598564490675926,other,21
4202,1050,1,3,3,3,24,27,24,True,True,False,0.03345159441232681,correct,0
4203,1050,1,41,41,41,27,24,15,True,True,False,0.07503613084554672,correct,0
4204,1051,0,33,28,33,1,18,21,False,False,False,0.013939843513071537,other,5
4205,1051,0,40,2,40,18,1,1,False,False,False,0.006921436637639999,other,38
4206,1051,1,40,36,40,1,18,21,False,False,False,0.00798585545271635,other,4
4207,1051,1,33,28,33,18,1,15,False,False,False,0.014608592726290226,other,5
4208,1052,0,10,28,10,32,30,15,False,False,False,0.014170508831739426,other,18
4209,1052,0,41,41,41,30,32,6,True,True,False,0.04461846500635147,correct,0
4210,1052,1,41,41,41,32,30,6,True,True,False,0.03847736120223999,correct,0
4211,1052,1,10,1,10,30,32,18,False,False,False,0.014488344080746174,other,9
4212,1053,0,7,7,7,18,17,30,True,True,False,0.014738393016159534,correct,0
4213,1053,0,41,41,41,17,18,0,True,True,False,0.24005061388015747,correct,0
4214,1053,1,41,41,41,18,17,15,True,True,False,0.21898752450942993,correct,0
4215,1053,1,7,7,7,17,18,24,True,True,False,0.017547113820910454,correct,0
4216,1054,0,47,47,47,7,1,7,True,True,False,0.018828440457582474,correct,0
4217,1054,0,34,34,34,1,7,15,True,True,False,0.011573035269975662,correct,0
4218,1054,1,34,34,34,7,1,17,True,True,False,0.012931321747601032,correct,0
4219,1054,1,47,40,47,1,7,0,False,False,False,0.023037634789943695,other,7
4220,1055,0,41,7,41,24,16,15,False,False,False,0.14249500632286072,other,34
4221,1055,0,7,7,7,16,24,0,True,True,False,0.1767040193080902,correct,0
4222,1055,1,7,31,7,24,16,33,False,False,False,0.14622096717357635,other,24
4223,1055,1,41,41,41,16,24,14,True,True,False,0.1346532255411148,correct,0
4224,1056,0,26,15,26,5,3,5,False,False,False,0.03624741733074188,other,11
4225,1056,0,7,7,7,3,5,20,True,True,False,0.026180623099207878,correct,0
4226,1056,1,7,7,7,5,3,5,True,True,False,0.028299741446971893,correct,0
4227,1056,1,26,35,26,3,5,26,False,False,False,0.03901389613747597,other,9
4228,1057,0,26,15,26,3,0,6,False,False,False,0.08240015059709549,other,11
4229,1057,0,16,15,16,0,3,38,False,False,True,0.021274423226714134,off_by_one,1
4230,1057,1,16,15,16,3,0,23,False,False,True,0.022374596446752548,off_by_one,1
4231,1057,1,26,0,26,0,3,15,False,False,False,0.07266262918710709,other,26
4232,1058,0,45,45,45,13,2,6,True,True,False,0.004859209526330233,correct,0
4233,1058,0,15,32,15,2,13,2,False,False,False,0.07422128319740295,other,17
4234,1058,1,15,15,15,13,2,33,True,True,False,0.07196465879678726,correct,0
4235,1058,1,45,45,45,2,13,7,True,True,False,0.004865709226578474,correct,0
4236,1059,0,32,32,32,3,5,26,True,True,False,0.003754344768822193,correct,0
4237,1059,0,19,0,19,5,3,7,False,False,False,0.01929078996181488,other,19
4238,1059,1,19,18,19,3,5,6,False,False,True,0.018376313149929047,off_by_one,1
4239,1059,1,32,0,32,5,3,26,False,False,False,0.004937619436532259,other,32
4240,1060,0,23,15,23,27,16,15,False,False,False,0.024098409339785576,other,8
4241,1060,0,29,15,29,16,27,16,False,False,False,0.015109896659851074,other,14
4242,1060,1,29,15,29,27,16,0,False,False,False,0.011931223794817924,other,14
4243,1060,1,23,4,23,16,27,7,False,False,False,0.026212435215711594,other,19
4244,1061,0,18,2,18,18,24,18,False,False,False,0.03496195003390312,other,16
4245,1061,0,48,43,48,24,18,4,False,False,False,0.02490275911986828,other,5
4246,1061,1,48,2,48,18,24,24,False,False,False,0.022525139153003693,other,46
4247,1061,1,18,0,18,24,18,6,False,False,False,0.03794688358902931,other,18
4248,1062,0,30,30,30,14,16,14,True,True,False,0.0058382307179272175,correct,0
4249,1062,0,25,15,25,16,14,16,False,False,False,0.00860605575144291,other,10
4250,1062,1,25,35,25,14,16,14,False,False,False,0.008791047148406506,other,10
4251,1062,1,30,30,30,16,14,16,True,True,False,0.006572244223207235,correct,0
4252,1063,0,37,15,37,14,19,24,False,False,False,0.09820489585399628,other,22
4253,1063,0,45,45,45,19,14,0,True,True,False,0.011631058529019356,correct,0
4254,1063,1,45,35,45,14,19,14,False,False,False,0.011527900584042072,other,10
4255,1063,1,37,0,37,19,14,20,False,False,False,0.11562540382146835,other,37
4256,1064,0,14,15,14,27,6,0,False,False,True,0.023216547444462776,off_by_one,1
4257,1064,0,47,47,47,6,27,2,True,True,False,0.07914891839027405,correct,0
4258,1064,1,47,44,47,27,6,23,False,False,False,0.079892598092556,other,3
4259,1064,1,14,45,14,6,27,20,False,False,False,0.0158652663230896,other,31
4260,1065,0,32,17,32,14,24,0,False,False,False,0.017437277361750603,other,15
4261,1065,0,33,32,33,24,14,24,False,False,True,0.013289186172187328,off_by_one,1
4262,1065,1,33,28,33,14,24,0,False,False,False,0.015020842663943768,other,5
4263,1065,1,32,27,32,24,14,21,False,False,False,0.016454201191663742,other,5
4264,1066,0,28,28,28,31,18,15,True,True,False,0.017477426677942276,correct,0
4265,1066,0,45,44,45,18,31,7,False,False,True,0.016740240156650543,off_by_one,1
4266,1066,1,45,2,45,31,18,31,False,False,False,0.01741854101419449,other,43
4267,1066,1,28,28,28,18,31,15,True,True,False,0.015432116575539112,correct,0
4268,1067,0,19,3,19,26,27,24,False,False,False,0.03375880420207977,other,16
4269,1067,0,21,43,21,27,26,38,False,False,False,0.025710901245474815,other,22
4270,1067,1,21,3,21,26,27,26,False,False,False,0.028384339064359665,other,18
4271,1067,1,19,18,19,27,26,27,False,False,True,0.033341724425554276,off_by_one,1
4272,1068,0,42,42,42,2,6,18,True,True,False,0.01830383576452732,correct,0
4273,1068,0,43,43,43,6,2,6,True,True,False,0.023068968206644058,correct,0
4274,1068,1,43,40,43,2,6,6,False,False,False,0.021500520408153534,other,3
4275,1068,1,42,42,42,6,2,18,True,True,False,0.016572890803217888,correct,0
4276,1069,0,14,0,14,24,6,7,False,False,False,0.04040621966123581,other,14
4277,1069,0,17,17,17,6,24,7,True,True,False,0.045676957815885544,correct,0
4278,1069,1,17,1,17,24,6,18,False,False,False,0.044158682227134705,other,16
4279,1069,1,14,45,14,6,24,38,False,False,False,0.033663783222436905,other,31
4280,1070,0,21,21,21,7,5,7,True,True,False,0.03409528359770775,correct,0
4281,1070,0,18,1,18,5,7,5,False,False,False,0.020689448341727257,other,17
4282,1070,1,18,18,18,7,5,30,True,True,False,0.023191673681139946,correct,0
4283,1070,1,21,3,21,5,7,6,False,False,False,0.03197091072797775,other,18
4284,1071,0,9,17,9,38,6,14,False,False,False,0.02233276143670082,other,8
4285,1071,0,47,47,47,6,38,20,True,True,False,0.024846747517585754,correct,0
4286,1071,1,47,47,47,38,6,38,True,True,False,0.024906890466809273,correct,0
4287,1071,1,9,47,9,6,38,6,False,False,False,0.025740724056959152,other,38
4288,1072,0,31,31,31,18,38,17,True,True,False,0.055556245148181915,correct,0
4289,1072,0,44,44,44,38,18,14,True,True,False,0.012012696824967861,correct,0
4290,1072,1,44,44,44,18,38,6,True,True,False,0.017733344808220863,correct,0
4291,1072,1,31,31,31,38,18,14,True,True,False,0.05502370744943619,correct,0
4292,1073,0,10,11,10,24,14,31,False,False,True,0.023908739909529686,off_by_one,1
4293,1073,0,48,2,48,14,24,28,False,False,False,0.034683533012866974,other,46
4294,1073,1,48,3,48,24,14,31,False,False,False,0.031376417726278305,other,45
4295,1073,1,10,28,10,14,24,23,False,False,False,0.027599919587373734,other,18
4296,1074,0,16,15,16,1,7,1,False,False,True,0.03193783387541771,off_by_one,1
4297,1074,0,29,1,29,7,1,15,False,False,False,0.03463546931743622,other,28
4298,1074,1,29,15,29,1,7,7,False,False,False,0.038065358996391296,other,14
4299,1074,1,16,15,16,7,1,7,False,False,True,0.031246744096279144,off_by_one,1
4300,1075,0,4,24,4,7,36,7,False,False,False,0.05221916362643242,other,20
4301,1075,0,7,7,7,36,7,36,True,True,False,0.03605702891945839,correct,0
4302,1075,1,7,7,7,7,36,7,True,True,False,0.0358244813978672,correct,0
4303,1075,1,4,4,4,36,7,21,True,True,False,0.05641436204314232,correct,0
4304,1076,0,40,47,40,18,6,18,False,False,False,0.01230188924819231,other,7
4305,1076,0,3,0,3,6,18,7,False,False,False,0.06311900168657303,other,3
4306,1076,1,3,3,3,18,6,36,True,True,False,0.06949163973331451,correct,0
4307,1076,1,40,17,40,6,18,18,False,False,False,0.015089052729308605,other,23
4308,1077,0,41,41,41,28,0,25,True,True,False,0.10968724638223648,correct,0
4309,1077,0,19,17,19,0,28,15,False,False,False,0.04167677089571953,other,2
4310,1077,1,19,3,19,28,0,28,False,False,False,0.04730326309800148,other,16
4311,1077,1,41,41,41,0,28,0,True,True,False,0.11440401524305344,correct,0
4312,1078,0,33,28,33,16,15,0,False,False,False,0.012258895672857761,other,5
4313,1078,0,29,29,29,15,16,14,True,True,False,0.03956872224807739,correct,0
4314,1078,1,29,29,29,16,15,31,True,True,False,0.03874936327338219,correct,0
4315,1078,1,33,17,33,15,16,11,False,False,False,0.011334970593452454,other,16
4316,1079,0,8,8,8,14,6,0,True,True,False,0.014762460254132748,correct,0
4317,1079,0,39,39,39,6,14,6,True,True,False,0.009498387575149536,correct,0
4318,1079,1,39,31,39,14,6,23,False,False,False,0.009983710944652557,other,8
4319,1079,1,8,8,8,6,14,7,True,True,False,0.01645347662270069,correct,0
4320,1080,0,26,35,26,7,18,17,False,False,False,0.01268798392266035,other,9
4321,1080,0,19,0,19,18,7,2,False,False,False,0.04811295494437218,other,19
4322,1080,1,19,31,19,7,18,38,False,False,False,0.04667997360229492,other,12
4323,1080,1,26,24,26,18,7,26,False,False,False,0.009735765866935253,other,2
4324,1081,0,12,28,12,15,24,3,False,False,False,0.018393464386463165,other,16
4325,1081,0,34,34,34,24,15,4,True,True,False,0.012722860090434551,correct,0
4326,1081,1,34,34,34,15,24,16,True,True,False,0.014149267226457596,correct,0
4327,1081,1,12,24,12,24,15,19,False,False,False,0.014819386415183544,other,12
4328,1082,0,19,43,19,16,14,9,False,False,False,0.019356613978743553,other,24
4329,1082,0,47,43,47,14,16,16,False,False,False,0.03174819052219391,other,4
4330,1082,1,47,47,47,16,14,15,True,True,False,0.03048384003341198,correct,0
4331,1082,1,19,24,19,14,16,14,False,False,False,0.022701136767864227,other,5
4332,1083,0,28,28,28,16,1,28,True,True,False,0.014513988047838211,correct,0
4333,1083,0,26,35,26,1,16,15,False,False,False,0.013921605423092842,other,9
4334,1083,1,26,35,26,16,1,25,False,False,False,0.01201124768704176,other,9
4335,1083,1,28,1,28,1,16,0,False,False,False,0.015516993589699268,other,27
4336,1084,0,18,16,18,16,18,16,False,False,False,0.06416424363851547,other,2
4337,1084,0,5,5,5,18,16,15,True,True,False,0.09548579156398773,correct,0
4338,1084,1,5,5,5,16,18,16,True,True,False,0.09332168847322464,correct,0
4339,1084,1,18,18,18,18,16,17,True,True,False,0.06338511407375336,correct,0
4340,1085,0,30,30,30,7,6,7,True,True,False,0.027106406167149544,correct,0
4341,1085,0,9,31,9,6,7,24,False,False,False,0.03951212018728256,other,22
4342,1085,1,9,30,9,7,6,7,False,False,False,0.043783195316791534,other,21
4343,1085,1,30,30,30,6,7,6,True,True,False,0.027633365243673325,correct,0
4344,1086,0,31,31,31,17,18,14,True,True,False,0.017973732203245163,correct,0
4345,1086,0,10,28,10,18,17,26,False,False,False,0.029439512640237808,other,18
4346,1086,1,10,1,10,17,18,0,False,False,False,0.030130866914987564,other,9
4347,1086,1,31,31,31,18,17,15,True,True,False,0.01279420405626297,correct,0
4348,1087,0,29,29,29,31,6,14,True,True,False,0.06796585768461227,correct,0
4349,1087,0,20,3,20,6,31,37,False,False,False,0.040590591728687286,other,17
4350,1087,1,20,0,20,31,6,23,False,False,False,0.044810958206653595,other,20
4351,1087,1,29,15,29,6,31,14,False,False,False,0.05315190181136131,other,14
4352,1088,0,0,0,0,6,14,4,True,True,False,0.02211030013859272,correct,0
4353,1088,0,16,44,16,14,6,16,False,False,False,0.010603777132928371,other,28
4354,1088,1,16,15,16,6,14,9,False,False,True,0.008412932977080345,off_by_one,1
4355,1088,1,0,0,0,14,6,0,True,True,False,0.023864170536398888,correct,0
4356,1089,0,16,15,16,6,15,7,False,False,True,0.10747173428535461,off_by_one,1
4357,1089,0,26,35,26,15,6,15,False,False,False,0.026914402842521667,other,9
4358,1089,1,26,26,26,6,15,18,True,True,False,0.02095658704638481,correct,0
4359,1089,1,16,15,16,15,6,16,False,False,True,0.11364822089672089,off_by_one,1
4360,1090,0,32,1,32,9,6,29,False,False,False,0.021180840209126472,other,31
4361,1090,0,47,47,47,6,9,6,True,True,False,0.06002077832818031,correct,0
4362,1090,1,47,47,47,9,6,1,True,True,False,0.06262046843767166,correct,0
4363,1090,1,32,27,32,6,9,26,False,False,False,0.018116246908903122,other,5
4364,1091,0,25,15,25,6,7,18,False,False,False,0.02303873561322689,other,10
4365,1091,0,0,0,0,7,6,30,True,True,False,0.04897599294781685,correct,0
4366,1091,1,0,0,0,6,7,6,True,True,False,0.044189855456352234,correct,0
4367,1091,1,25,15,25,7,6,20,False,False,False,0.023405298590660095,other,10
4368,1092,0,23,23,23,6,12,18,True,True,False,0.019930899143218994,correct,0
4369,1092,0,10,33,10,12,6,6,False,False,False,0.06325607001781464,other,23
4370,1092,1,10,15,10,6,12,16,False,False,False,0.06258638203144073,other,5
4371,1092,1,23,15,23,12,6,6,False,False,False,0.025231199339032173,other,8
4372,1093,0,9,9,9,6,7,30,True,True,False,0.06293897330760956,correct,0
4373,1093,0,37,0,37,7,6,7,False,False,False,0.016593102365732193,other,37
4374,1093,1,37,24,37,6,7,6,False,False,False,0.01652650535106659,other,13
4375,1093,1,9,31,9,7,6,7,False,False,False,0.06464838981628418,other,22
4376,1094,0,34,34,34,15,1,15,True,True,False,0.029602359980344772,correct,0
4377,1094,0,45,45,45,1,15,2,True,True,False,0.011755046434700489,correct,0
4378,1094,1,45,24,45,15,1,14,False,False,False,0.012291809543967247,other,21
4379,1094,1,34,34,34,1,15,0,True,True,False,0.026436571031808853,correct,0
4380,1095,0,40,4,40,7,15,20,False,False,False,0.016583921387791634,other,36
4381,1095,0,39,17,39,15,7,0,False,False,False,0.01811317540705204,other,22
4382,1095,1,39,31,39,7,15,15,False,False,False,0.017662111669778824,other,8
4383,1095,1,40,0,40,15,7,0,False,False,False,0.019586602225899696,other,40
4384,1096,0,20,3,20,3,9,7,False,False,False,0.049552448093891144,other,17
4385,1096,0,1,9,1,9,3,7,False,False,False,0.052086107432842255,other,8
4386,1096,1,1,28,1,3,9,30,False,False,False,0.049904949963092804,other,27
4387,1096,1,20,20,20,9,3,1,True,True,False,0.06393562257289886,correct,0
4388,1097,0,37,43,37,14,17,0,False,False,False,0.004763457924127579,other,6
4389,1097,0,44,44,44,17,14,0,True,True,False,0.00555037148296833,correct,0
4390,1097,1,44,24,44,14,17,25,False,False,False,0.0051307701505720615,other,20
4391,1097,1,37,46,37,17,14,0,False,False,False,0.004051272291690111,other,9
4392,1098,0,25,35,25,16,0,0,False,False,False,0.032156627625226974,other,10
4393,1098,0,20,3,20,0,16,16,False,False,False,0.006812081206589937,other,17
4394,1098,1,20,3,20,16,0,16,False,False,False,0.0072809550911188126,other,17
4395,1098,1,25,41,25,0,16,0,False,False,False,0.03051651082932949,other,16
4396,1099,0,40,17,40,34,6,15,False,False,False,0.02807956002652645,other,23
4397,1099,0,20,46,20,6,34,31,False,False,False,0.056775130331516266,other,26
4398,1099,1,20,3,20,34,6,30,False,False,False,0.055853333324193954,other,17
4399,1099,1,40,40,40,6,34,6,True,True,False,0.026106182485818863,correct,0
4400,1100,0,29,45,29,36,18,31,False,False,False,0.00922252144664526,other,16
4401,1100,0,39,31,39,18,36,26,False,False,False,0.028989244252443314,other,8
4402,1100,1,39,9,39,36,18,24,False,False,False,0.02847067452967167,other,30
4403,1100,1,29,44,29,18,36,14,False,False,False,0.008597980253398418,other,15
4404,1101,0,20,18,20,1,0,14,False,False,False,0.04760868847370148,other,2
4405,1101,0,17,17,17,0,1,15,True,True,False,0.011740779504179955,correct,0
4406,1101,1,17,17,17,1,0,14,True,True,False,0.011774787679314613,correct,0
4407,1101,1,20,17,20,0,1,1,False,False,False,0.05013735592365265,other,3
4408,1102,0,2,17,2,18,14,36,False,False,False,0.015523255802690983,other,15
4409,1102,0,39,18,39,14,18,0,False,False,False,0.039961688220500946,other,21
4410,1102,1,39,31,39,18,14,21,False,False,False,0.04542332887649536,other,8
4411,1102,1,2,2,2,14,18,14,True,True,False,0.01522500067949295,correct,0
4412,1103,0,6,6,6,18,24,6,True,True,False,0.07557712495326996,correct,0
4413,1103,0,47,44,47,24,18,23,False,False,False,0.04194878414273262,other,3
4414,1103,1,47,15,47,18,24,20,False,False,False,0.047622594982385635,other,32
4415,1103,1,6,1,6,24,18,15,False,False,False,0.08023114502429962,other,5
4416,1104,0,32,32,32,4,5,4,True,True,False,0.012833540327847004,correct,0
4417,1104,0,37,0,37,5,4,5,False,False,False,0.012861449271440506,other,37
4418,1104,1,37,2,37,4,5,18,False,False,False,0.016331208869814873,other,35
4419,1104,1,32,32,32,5,4,18,True,True,False,0.009692118503153324,correct,0
4420,1105,0,26,25,26,15,16,15,False,False,True,0.006860074121505022,off_by_one,1
4421,1105,0,15,15,15,16,15,11,True,True,False,0.028745463117957115,correct,0
4422,1105,1,15,15,15,15,16,14,True,True,False,0.030437320470809937,correct,0
4423,1105,1,26,35,26,16,15,28,False,False,False,0.00846211239695549,other,9
4424,1106,0,35,35,35,6,24,39,True,True,False,0.00339061813428998,correct,0
4425,1106,0,8,8,8,24,6,27,True,True,False,0.08929009735584259,correct,0
4426,1106,1,8,8,8,6,24,20,True,True,False,0.08344829827547073,correct,0
4427,1106,1,35,35,35,24,6,7,True,True,False,0.0028815176337957382,correct,0
4428,1107,0,32,32,32,14,7,14,True,True,False,0.02992623671889305,correct,0
4429,1107,0,31,31,31,7,14,20,True,True,False,0.03095375746488571,correct,0
4430,1107,1,31,31,31,14,7,0,True,True,False,0.03340806066989899,correct,0
4431,1107,1,32,31,32,7,14,21,False,False,True,0.02837016060948372,off_by_one,1
4432,1108,0,9,28,9,21,0,21,False,False,False,0.005679816007614136,other,19
4433,1108,0,48,31,48,0,21,0,False,False,False,0.01562442909926176,other,17
4434,1108,1,48,17,48,21,0,21,False,False,False,0.017029589042067528,other,31
4435,1108,1,9,1,9,0,21,0,False,False,False,0.004436946939677,other,8
4436,1109,0,33,1,33,0,15,14,False,False,False,0.04423025622963905,other,32
4437,1109,0,46,17,46,15,0,6,False,False,False,0.010753163136541843,other,29
4438,1109,1,46,1,46,0,15,0,False,False,False,0.015483647584915161,other,45
4439,1109,1,33,17,33,15,0,16,False,False,False,0.04271690547466278,other,16
4440,1110,0,35,4,35,7,15,15,False,False,False,0.03115169145166874,other,31
4441,1110,0,14,24,14,15,7,7,False,False,False,0.006278275512158871,other,10
4442,1110,1,14,24,14,7,15,36,False,False,False,0.006951587274670601,other,10
4443,1110,1,35,15,35,15,7,25,False,False,False,0.029558010399341583,other,20
4444,1111,0,29,15,29,6,7,37,False,False,False,0.1535029411315918,other,14
4445,1111,0,32,13,32,7,6,7,False,False,False,0.05681601166725159,other,19
4446,1111,1,32,32,32,6,7,6,True,True,False,0.04582242667675018,correct,0
4447,1111,1,29,28,29,7,6,20,False,False,True,0.17756882309913635,off_by_one,1
4448,1112,0,28,28,28,4,7,18,True,True,False,0.011423545889556408,correct,0
4449,1112,0,33,28,33,7,4,30,False,False,False,0.008189106360077858,other,5
4450,1112,1,33,38,33,4,7,4,False,False,False,0.0058279517106711864,other,5
4451,1112,1,28,28,28,7,4,7,True,True,False,0.013401258736848831,correct,0
4452,1113,0,48,17,48,26,18,8,False,False,False,0.01809501089155674,other,31
4453,1113,0,15,15,15,18,26,4,True,True,False,0.050518788397312164,correct,0
4454,1113,1,15,42,15,26,18,8,False,False,False,0.05472424253821373,other,27
4455,1113,1,48,24,48,18,26,6,False,False,False,0.017489438876509666,other,24
4456,1114,0,23,41,23,27,14,14,False,False,False,0.035161349922418594,other,18
4457,1114,0,40,4,40,14,27,14,False,False,False,0.022350575774908066,other,36
4458,1114,1,40,17,40,27,14,14,False,False,False,0.022251594811677933,other,23
4459,1114,1,23,35,23,14,27,38,False,False,False,0.0387730598449707,other,12
4460,1115,0,4,4,4,6,7,24,True,True,False,0.014693078584969044,correct,0
4461,1115,0,32,32,32,7,6,6,True,True,False,0.010491888970136642,correct,0
4462,1115,1,32,32,32,6,7,6,True,True,False,0.008135480806231499,correct,0
4463,1115,1,4,35,4,7,6,6,False,False,False,0.019620850682258606,other,31
4464,1116,0,26,16,26,24,26,16,False,False,False,0.04389744624495506,other,10
4465,1116,0,40,36,40,26,24,24,False,False,False,0.03394605591893196,other,4
4466,1116,1,40,35,40,24,26,27,False,False,False,0.03543778136372566,other,5
4467,1116,1,26,26,26,26,24,26,True,True,False,0.05264001712203026,correct,0
4468,1117,0,12,1,12,17,1,0,False,False,False,0.005711753387004137,other,11
4469,1117,0,32,4,32,1,17,21,False,False,False,0.013528396375477314,other,28
4470,1117,1,32,0,32,17,1,2,False,False,False,0.01526025589555502,other,32
4471,1117,1,12,28,12,1,17,0,False,False,False,0.006219057831913233,other,16
4472,1118,0,20,43,20,24,18,24,False,False,False,0.07984866201877594,other,23
4473,1118,0,21,21,21,18,24,6,True,True,False,0.011415463872253895,correct,0
4474,1118,1,21,3,21,24,18,26,False,False,False,0.013387951999902725,other,18
4475,1118,1,20,17,20,18,24,18,False,False,False,0.08281177282333374,other,3
4476,1119,0,1,1,1,7,5,29,True,True,False,0.031047554686665535,correct,0
4477,1119,0,20,19,20,5,7,7,False,False,True,0.0304604172706604,off_by_one,1
4478,1119,1,20,18,20,7,5,7,False,False,False,0.02718871459364891,other,2
4479,1119,1,1,1,1,5,7,6,True,True,False,0.03214719519019127,correct,0
4480,1120,0,27,16,27,14,24,16,False,False,False,0.11274094879627228,other,11
4481,1120,0,13,4,13,24,14,25,False,False,False,0.02607782930135727,other,9
4482,1120,1,13,0,13,14,24,37,False,False,False,0.02246711589396,other,13
4483,1120,1,27,28,27,24,14,6,False,False,True,0.1388981193304062,off_by_one,1
4484,1121,0,43,47,43,7,14,7,False,False,False,0.04544047638773918,other,4
4485,1121,0,16,15,16,14,7,11,False,False,True,0.04002886638045311,off_by_one,1
4486,1121,1,16,0,16,7,14,31,False,False,False,0.03379445895552635,other,16
4487,1121,1,43,46,43,14,7,14,False,False,False,0.0450366847217083,other,3
4488,1122,0,27,0,27,28,18,28,False,False,False,0.027233609929680824,other,27
4489,1122,0,25,41,25,18,28,6,False,False,False,0.11126221716403961,other,16
4490,1122,1,25,45,25,28,18,14,False,False,False,0.10764185339212418,other,20
4491,1122,1,27,41,27,18,28,15,False,False,False,0.029856394976377487,other,14
4492,1123,0,5,34,5,6,14,6,False,False,False,0.028949884697794914,other,29
4493,1123,0,6,24,6,14,6,27,False,False,False,0.04225602000951767,other,18
4494,1123,1,6,6,6,6,14,18,True,True,False,0.03256198763847351,correct,0
4495,1123,1,5,5,5,14,6,17,True,True,False,0.02901659905910492,correct,0
4496,1124,0,48,46,48,18,7,24,False,False,False,0.03592180088162422,other,2
4497,1124,0,14,45,14,7,18,14,False,False,False,0.05804060027003288,other,31
4498,1124,1,14,14,14,18,7,7,True,True,False,0.05871720612049103,correct,0
4499,1124,1,48,31,48,7,18,33,False,False,False,0.0364079549908638,other,17
4500,1125,0,27,0,27,36,7,36,False,False,False,0.07068368792533875,other,27
4501,1125,0,4,4,4,7,36,20,True,True,False,0.005962616764008999,correct,0
4502,1125,1,4,35,4,36,7,18,False,False,False,0.009097513742744923,other,31
4503,1125,1,27,31,27,7,36,7,False,False,False,0.06950254738330841,other,4
4504,1126,0,4,35,4,39,20,2,False,False,False,0.025715071707963943,other,31
4505,1126,0,45,44,45,20,39,7,False,False,True,0.00928437802940607,off_by_one,1
4506,1126,1,45,34,45,39,20,0,False,False,False,0.009208865463733673,other,11
4507,1126,1,4,24,4,20,39,0,False,False,False,0.021797314286231995,other,20
4508,1127,0,41,41,41,18,7,6,True,True,False,0.12086693942546844,correct,0
4509,1127,0,45,24,45,7,18,10,False,False,False,0.013074157759547234,other,21
4510,1127,1,45,24,45,18,7,18,False,False,False,0.017588933929800987,other,21
4511,1127,1,41,41,41,7,18,36,True,True,False,0.1086844876408577,correct,0
4512,1128,0,11,28,11,6,2,6,False,False,False,0.04869483411312103,other,17
4513,1128,0,16,15,16,2,6,6,False,False,True,0.011962245218455791,off_by_one,1
4514,1128,1,16,15,16,6,2,6,False,False,True,0.009440476074814796,off_by_one,1
4515,1128,1,11,12,11,2,6,21,False,False,True,0.0481405034661293,off_by_one,1
4516,1129,0,27,32,27,7,2,24,False,False,False,0.019658897072076797,other,5
4517,1129,0,20,20,20,2,7,7,True,True,False,0.06469588726758957,correct,0
4518,1129,1,20,18,20,7,2,7,False,False,False,0.06950795650482178,other,2
4519,1129,1,27,1,27,2,7,26,False,False,False,0.01693602465093136,other,26
4520,1130,0,6,1,6,24,27,6,False,False,False,0.028979498893022537,other,5
4521,1130,0,35,4,35,27,24,0,False,False,False,0.013716624118387699,other,31
4522,1130,1,35,35,35,24,27,2,True,True,False,0.010990044102072716,correct,0
4523,1130,1,6,3,6,27,24,0,False,False,False,0.02919655106961727,other,3
4524,1131,0,19,18,19,1,0,14,False,False,True,0.007692217826843262,off_by_one,1
4525,1131,0,18,18,18,0,1,0,True,True,False,0.008210880681872368,correct,0
4526,1131,1,18,4,18,1,0,14,False,False,False,0.005137659143656492,other,14
4527,1131,1,19,17,19,0,1,0,False,False,False,0.007674940396100283,other,2
4528,1132,0,10,28,10,27,0,14,False,False,False,0.019180651754140854,other,18
4529,1132,0,18,18,18,0,27,27,True,True,False,0.036741893738508224,correct,0
4530,1132,1,18,18,18,27,0,27,True,True,False,0.039348382502794266,correct,0
4531,1132,1,10,0,10,0,27,14,False,False,False,0.020276298746466637,other,10
4532,1133,0,1,44,1,1,27,27,False,False,False,0.02341594360768795,other,43
4533,1133,0,42,42,42,27,1,15,True,True,False,0.1712721437215805,correct,0
4534,1133,1,42,42,42,1,27,6,True,True,False,0.1569569706916809,correct,0
4535,1133,1,1,1,1,27,1,23,True,True,False,0.02513834834098816,correct,0
4536,1134,0,35,35,35,7,26,15,True,True,False,0.009000379592180252,correct,0
4537,1134,0,8,8,8,26,7,7,True,True,False,0.017720913514494896,correct,0
4538,1134,1,8,8,8,7,26,7,True,True,False,0.00796108040958643,correct,0
4539,1134,1,35,35,35,26,7,26,True,True,False,0.013170808553695679,correct,0
4540,1135,0,18,17,18,38,39,0,False,False,True,0.014524385333061218,off_by_one,1
4541,1135,0,36,36,36,39,38,9,True,True,False,0.03270091861486435,correct,0
4542,1135,1,36,17,36,38,39,38,False,False,False,0.034252021461725235,other,19
4543,1135,1,18,18,18,39,38,7,True,True,False,0.016741614788770676,correct,0
4544,1136,0,22,1,22,7,29,7,False,False,False,0.08603845536708832,other,21
4545,1136,0,14,24,14,29,7,7,False,False,False,0.0343489870429039,other,10
4546,1136,1,14,24,14,7,29,0,False,False,False,0.03358114883303642,other,10
4547,1136,1,22,3,22,29,7,6,False,False,False,0.07940376549959183,other,19
4548,1137,0,6,47,6,26,14,21,False,False,False,0.041877880692481995,other,41
4549,1137,0,25,24,25,14,26,16,False,False,True,0.015313350595533848,off_by_one,1
4550,1137,1,25,35,25,26,14,18,False,False,False,0.015347274020314217,other,10
4551,1137,1,6,6,6,14,26,14,True,True,False,0.05608915165066719,correct,0
4552,1138,0,24,24,24,38,7,38,True,True,False,0.006717040669173002,correct,0
4553,1138,0,38,38,38,7,38,7,True,True,False,0.01248357817530632,correct,0
4554,1138,1,38,44,38,38,7,14,False,False,False,0.011704295873641968,other,6
4555,1138,1,24,24,24,7,38,0,True,True,False,0.00562942074611783,correct,0
4556,1139,0,4,24,4,20,9,19,False,False,False,0.017049483954906464,other,20
4557,1139,0,45,45,45,9,20,20,True,True,False,0.01972106844186783,correct,0
4558,1139,1,45,24,45,20,9,3,False,False,False,0.02373599261045456,other,21
4559,1139,1,4,24,4,9,20,7,False,False,False,0.011189181357622147,other,20
4560,1140,0,28,29,28,24,25,23,False,False,True,0.03374224528670311,off_by_one,1
4561,1140,0,37,43,37,25,24,31,False,False,False,0.044356752187013626,other,6
4562,1140,1,37,31,37,24,25,33,False,False,False,0.03896269202232361,other,6
4563,1140,1,28,1,28,25,24,15,False,False,False,0.03605233505368233,other,27
4564,1141,0,13,0,13,18,7,7,False,False,False,0.028193801641464233,other,13
4565,1141,0,26,24,26,7,18,2,False,False,False,0.01010319497436285,other,2
4566,1141,1,26,24,26,18,7,24,False,False,False,0.008009177632629871,other,2
4567,1141,1,13,0,13,7,18,14,False,False,False,0.024785535410046577,other,13
4568,1142,0,0,0,0,0,15,0,True,True,False,0.003351532155647874,correct,0
4569,1142,0,8,8,8,15,0,23,True,True,False,0.01977512426674366,correct,0
4570,1142,1,8,8,8,0,15,0,True,True,False,0.01920475997030735,correct,0
4571,1142,1,0,17,0,15,0,17,False,False,False,0.005879268050193787,other,17
4572,1143,0,36,3,36,26,27,6,False,False,False,0.027233190834522247,other,33
4573,1143,0,44,4,44,27,26,0,False,False,False,0.010714934207499027,other,40
4574,1143,1,44,44,44,26,27,6,True,True,False,0.014902501367032528,correct,0
4575,1143,1,36,17,36,27,26,0,False,False,False,0.02319050393998623,other,19
4576,1144,0,31,10,31,2,7,6,False,False,False,0.08473589271306992,other,21
4577,1144,0,9,17,9,7,2,9,False,False,False,0.038426149636507034,other,8
4578,1144,1,9,28,9,2,7,6,False,False,False,0.0414973683655262,other,19
4579,1144,1,31,31,31,7,2,21,True,True,False,0.08023008704185486,correct,0
4580,1145,0,13,0,13,18,28,18,False,False,False,0.02840554155409336,other,13
4581,1145,0,11,1,11,28,18,28,False,False,False,0.03583227097988129,other,10
4582,1145,1,11,1,11,18,28,14,False,False,False,0.032017435878515244,other,10
4583,1145,1,13,4,13,28,18,15,False,False,False,0.041636623442173004,other,9
4584,1146,0,47,47,47,19,2,21,True,True,False,0.06724041700363159,correct,0
4585,1146,0,40,47,40,2,19,4,False,False,False,0.025938142091035843,other,7
4586,1146,1,40,40,40,19,2,21,True,True,False,0.027165407314896584,correct,0
4587,1146,1,47,47,47,2,19,18,True,True,False,0.07309044152498245,correct,0
4588,1147,0,32,17,32,6,4,7,False,False,False,0.05310598015785217,other,15
4589,1147,0,20,18,20,4,6,24,False,False,False,0.07102064788341522,other,2
4590,1147,1,20,18,20,6,4,14,False,False,False,0.07225377857685089,other,2
4591,1147,1,32,32,32,4,6,18,True,True,False,0.05042198672890663,correct,0
4592,1148,0,15,16,15,16,27,33,False,False,True,0.0690569207072258,off_by_one,1
4593,1148,0,39,17,39,27,16,17,False,False,False,0.03439033031463623,other,22
4594,1148,1,39,31,39,16,27,16,False,False,False,0.03344298526644707,other,8
4595,1148,1,15,15,15,27,16,31,True,True,False,0.06552980840206146,correct,0
4596,1149,0,21,21,21,14,0,14,True,True,False,0.03803535923361778,correct,0
4597,1149,0,44,44,44,0,14,0,True,True,False,0.015051520429551601,correct,0
4598,1149,1,44,44,44,14,0,14,True,True,False,0.019000278785824776,correct,0
4599,1149,1,21,21,21,0,14,0,True,True,False,0.03499867394566536,correct,0
4600,1150,0,9,38,9,2,6,18,False,False,False,0.021971123293042183,other,29
4601,1150,0,43,17,43,6,2,6,False,False,False,0.003638162510469556,other,26
4602,1150,1,43,43,43,2,6,7,True,True,False,0.0031579125206917524,correct,0
4603,1150,1,9,11,9,6,2,18,False,False,False,0.02454608492553234,other,2
4604,1151,0,7,7,7,14,19,0,True,True,False,0.044378746300935745,correct,0
4605,1151,0,29,28,29,19,14,15,False,False,True,0.030604470521211624,off_by_one,1
4606,1151,1,29,15,29,14,19,18,False,False,False,0.04127535596489906,other,14
4607,1151,1,7,7,7,19,14,8,True,True,False,0.036391619592905045,correct,0
4608,1152,0,39,31,39,15,18,30,False,False,False,0.016689211130142212,other,8
4609,1152,0,1,1,1,18,15,17,True,True,False,0.03264549747109413,correct,0
4610,1152,1,1,2,1,15,18,18,False,False,True,0.03551085665822029,off_by_one,1
4611,1152,1,39,39,39,18,15,24,True,True,False,0.0167833399027586,correct,0
4612,1153,0,15,15,15,14,1,0,True,True,False,0.0392606221139431,correct,0
4613,1153,0,21,21,21,1,14,36,True,True,False,0.016785843297839165,correct,0
4614,1153,1,21,31,21,14,1,0,False,False,False,0.019944552332162857,other,10
4615,1153,1,15,15,15,1,14,14,True,True,False,0.03759046643972397,correct,0
4616,1154,0,33,15,33,24,18,7,False,False,False,0.04559318721294403,other,18
4617,1154,0,29,10,29,18,24,24,False,False,False,0.01452221255749464,other,19
4618,1154,1,29,29,29,24,18,14,True,True,False,0.00959542766213417,correct,0
4619,1154,1,33,28,33,18,24,18,False,False,False,0.04674827679991722,other,5
4620,1155,0,6,30,6,36,17,6,False,False,False,0.05191418156027794,other,24
4621,1155,0,31,31,31,17,36,15,True,True,False,0.041350964456796646,correct,0
4622,1155,1,31,31,31,36,17,36,True,True,False,0.04207563027739525,correct,0
4623,1155,1,6,6,6,17,36,0,True,True,False,0.059304408729076385,correct,0
4624,1156,0,24,24,24,26,15,4,True,True,False,0.015786346048116684,correct,0
4625,1156,0,13,24,13,15,26,14,False,False,False,0.025766443461179733,other,11
4626,1156,1,13,13,13,26,15,6,True,True,False,0.02022637613117695,correct,0
4627,1156,1,24,45,24,15,26,14,False,False,False,0.015273802913725376,other,21
4628,1157,0,28,33,28,15,17,0,False,False,False,0.01775052770972252,other,5
4629,1157,0,19,0,19,17,15,15,False,False,False,0.02365092560648918,other,19
4630,1157,1,19,43,19,15,17,35,False,False,False,0.026524363085627556,other,24
4631,1157,1,28,28,28,17,15,0,True,True,False,0.01401820033788681,correct,0
4632,1158,0,25,35,25,18,7,21,False,False,False,0.013607212342321873,other,10
4633,1158,0,1,1,1,7,18,1,True,True,False,0.038141880184412,correct,0
4634,1158,1,1,1,1,18,7,6,True,True,False,0.036175746470689774,correct,0
4635,1158,1,25,35,25,7,18,7,False,False,False,0.01832214742898941,other,10
4636,1159,0,33,24,33,18,16,4,False,False,False,0.028595613315701485,other,9
4637,1159,0,24,24,24,16,18,0,True,True,False,0.02344943955540657,correct,0
4638,1159,1,24,0,24,18,16,19,False,False,False,0.026600658893585205,other,24
4639,1159,1,33,1,33,16,18,23,False,False,False,0.02516273222863674,other,32
4640,1160,0,33,16,33,14,6,14,False,False,False,0.038734082132577896,other,17
4641,1160,0,14,15,14,6,14,1,False,False,True,0.037275396287441254,off_by_one,1
4642,1160,1,14,4,14,14,6,14,False,False,False,0.04861297830939293,other,10
4643,1160,1,33,28,33,6,14,15,False,False,False,0.02911587990820408,other,5
4644,1161,0,19,0,19,14,6,14,False,False,False,0.03964930772781372,other,19
4645,1161,0,8,8,8,6,14,6,True,True,False,0.04897135868668556,correct,0
4646,1161,1,8,8,8,14,6,38,True,True,False,0.05719418078660965,correct,0
4647,1161,1,19,43,19,6,14,6,False,False,False,0.035519178956747055,other,24
4648,1162,0,12,28,12,11,8,14,False,False,False,0.03761901333928108,other,16
4649,1162,0,5,5,5,8,11,6,True,True,False,0.044346198439598083,correct,0
4650,1162,1,5,5,5,11,8,17,True,True,False,0.044889647513628006,correct,0
4651,1162,1,12,44,12,8,11,6,False,False,False,0.03252913057804108,other,32
4652,1163,0,11,16,11,16,14,16,False,False,False,0.03428170457482338,other,5
4653,1163,0,13,13,13,14,16,38,True,True,False,0.02392873354256153,correct,0
4654,1163,1,13,0,13,16,14,14,False,False,False,0.019099416211247444,other,13
4655,1163,1,11,15,11,14,16,14,False,False,False,0.03446738049387932,other,4
4656,1164,0,32,32,32,18,26,7,True,True,False,0.052643418312072754,correct,0
4657,1164,0,6,41,6,26,18,26,False,False,False,0.059428051114082336,other,35
4658,1164,1,6,6,6,18,26,6,True,True,False,0.048082537949085236,correct,0
4659,1164,1,32,45,32,26,18,18,False,False,False,0.052692119032144547,other,13
4660,1165,0,8,8,8,14,28,23,True,True,False,0.05357040464878082,correct,0
4661,1165,0,35,35,35,28,14,0,True,True,False,0.04630757495760918,correct,0
4662,1165,1,35,0,35,14,28,38,False,False,False,0.037574753165245056,other,35
4663,1165,1,8,8,8,28,14,0,True,True,False,0.06028701737523079,correct,0
4664,1166,0,30,31,30,16,17,16,False,False,True,0.010077094659209251,off_by_one,1
4665,1166,0,41,41,41,17,16,17,True,True,False,0.032561685889959335,correct,0
4666,1166,1,41,41,41,16,17,17,True,True,False,0.028795592486858368,correct,0
4667,1166,1,30,30,30,17,16,35,True,True,False,0.01095739845186472,correct,0
4668,1167,0,25,15,25,24,18,19,False,False,False,0.011730357073247433,other,10
4669,1167,0,10,1,10,18,24,18,False,False,False,0.04520483314990997,other,9
4670,1167,1,10,11,10,24,18,11,False,False,True,0.041999589651823044,off_by_one,1
4671,1167,1,25,15,25,18,24,6,False,False,False,0.012160170823335648,other,10
4672,1168,0,34,34,34,1,5,0,True,True,False,0.009882515296339989,correct,0
4673,1168,0,47,47,47,5,1,6,True,True,False,0.030294759199023247,correct,0
4674,1168,1,47,47,47,1,5,0,True,True,False,0.035675983875989914,correct,0
4675,1168,1,34,7,34,5,1,8,False,False,False,0.008210849948227406,other,27
4676,1169,0,8,8,8,14,17,11,True,True,False,0.007413702085614204,correct,0
4677,1169,0,42,42,42,17,14,15,True,True,False,0.028098344802856445,correct,0
4678,1169,1,42,42,42,14,17,15,True,True,False,0.03382585942745209,correct,0
4679,1169,1,8,8,8,17,14,23,True,True,False,0.007281904108822346,correct,0
4680,1170,0,1,2,1,18,36,15,False,False,True,0.017045514658093452,off_by_one,1
4681,1170,0,4,4,4,36,18,21,True,True,False,0.00501744169741869,correct,0
4682,1170,1,4,4,4,18,36,4,True,True,False,0.0035517429932951927,correct,0
4683,1170,1,1,40,1,36,18,21,False,False,False,0.01736835017800331,other,39
4684,1171,0,48,0,48,0,37,17,False,False,False,0.018506785854697227,other,48
4685,1171,0,11,11,11,37,0,0,True,True,False,0.030075330287218094,correct,0
4686,1171,1,11,16,11,0,37,14,False,False,False,0.024657266214489937,other,5
4687,1171,1,48,17,48,37,0,17,False,False,False,0.020447878167033195,other,31
4688,1172,0,30,31,30,30,6,19,False,False,True,0.06225930526852608,off_by_one,1
4689,1172,0,22,31,22,6,30,0,False,False,False,0.08765259385108948,other,9
4690,1172,1,22,3,22,30,6,12,False,False,False,0.08841229975223541,other,19
4691,1172,1,30,30,30,6,30,7,True,True,False,0.05719583481550217,correct,0
4692,1173,0,32,28,32,6,18,0,False,False,False,0.030144335702061653,other,4
4693,1173,0,17,17,17,18,6,15,True,True,False,0.04794755578041077,correct,0
4694,1173,1,17,1,17,6,18,6,False,False,False,0.04693150147795677,other,16
4695,1173,1,32,38,32,18,6,29,False,False,False,0.02841073088347912,other,6
4696,1174,0,40,40,40,15,6,1,True,True,False,0.01664929836988449,correct,0
4697,1174,0,20,3,20,6,15,6,False,False,False,0.02116629295051098,other,17
4698,1174,1,20,3,20,15,6,7,False,False,False,0.02256772667169571,other,17
4699,1174,1,40,43,40,6,15,6,False,False,False,0.016003848984837532,other,3
4700,1175,0,26,35,26,1,24,15,False,False,False,0.02783847786486149,other,9
4701,1175,0,8,8,8,24,1,37,True,True,False,0.017789555713534355,correct,0
4702,1175,1,8,8,8,1,24,17,True,True,False,0.02100708894431591,correct,0
4703,1175,1,26,26,26,24,1,26,True,True,False,0.020917709916830063,correct,0
4704,1176,0,36,43,36,6,2,7,False,False,False,0.04435582831501961,other,7
4705,1176,0,24,24,24,2,6,20,True,True,False,0.025072826072573662,correct,0
4706,1176,1,24,35,24,6,2,6,False,False,False,0.024189522489905357,other,11
4707,1176,1,36,2,36,2,6,20,False,False,False,0.0432342030107975,other,34
4708,1177,0,10,28,10,38,20,14,False,False,False,0.0319080725312233,other,18
4709,1177,0,43,43,43,20,38,7,True,True,False,0.003974327351897955,correct,0
4710,1177,1,43,2,43,38,20,0,False,False,False,0.004160720389336348,other,41
4711,1177,1,10,1,10,20,38,14,False,False,False,0.030739037320017815,other,9
4712,1178,0,8,8,8,20,12,23,True,True,False,0.019605090841650963,correct,0
4713,1178,0,12,31,12,12,20,30,False,False,False,0.013940862379968166,other,19
4714,1178,1,12,3,12,20,12,1,False,False,False,0.01467230636626482,other,9
4715,1178,1,8,8,8,12,20,17,True,True,False,0.016530005261301994,correct,0
4716,1179,0,42,42,42,14,36,14,True,True,False,0.061412837356328964,correct,0
4717,1179,0,25,41,25,36,14,10,False,False,False,0.04341622814536095,other,16
4718,1179,1,25,35,25,14,36,14,False,False,False,0.046933967620134354,other,10
4719,1179,1,42,42,42,36,14,19,True,True,False,0.0578451044857502,correct,0
4720,1180,0,4,34,4,6,2,6,False,False,False,0.024886058643460274,other,30
4721,1180,0,2,2,2,2,6,30,True,True,False,0.05333586409687996,correct,0
4722,1180,1,2,43,2,6,2,6,False,False,False,0.050863657146692276,other,41
4723,1180,1,4,35,4,2,6,21,False,False,False,0.025016669183969498,other,31
4724,1181,0,35,35,35,38,7,14,True,True,False,0.007433473132550716,correct,0
4725,1181,0,4,4,4,7,38,14,True,True,False,0.005328756291419268,correct,0
4726,1181,1,4,35,4,38,7,14,False,False,False,0.0069120232947170734,other,31
4727,1181,1,35,35,35,7,38,20,True,True,False,0.00927115697413683,correct,0
4728,1182,0,22,31,22,16,17,0,False,False,False,0.010657604783773422,other,9
4729,1182,0,7,7,7,17,16,21,True,True,False,0.0345885194838047,correct,0
4730,1182,1,7,7,7,16,17,0,True,True,False,0.04129806533455849,correct,0
4731,1182,1,22,1,22,17,16,7,False,False,False,0.010458270087838173,other,21
4732,1183,0,36,17,36,38,6,0,False,False,False,0.0418606735765934,other,19
4733,1183,0,33,28,33,6,38,6,False,False,False,0.04571646824479103,other,5
4734,1183,1,33,29,33,38,6,14,False,False,False,0.04352410510182381,other,4
4735,1183,1,36,1,36,6,38,18,False,False,False,0.04062921553850174,other,35
4736,1184,0,21,3,21,24,26,18,False,False,False,0.011116635985672474,other,18
4737,1184,0,34,34,34,26,24,12,True,True,False,0.012342965230345726,correct,0
4738,1184,1,34,34,34,24,26,19,True,True,False,0.016692785546183586,correct,0
4739,1184,1,21,21,21,26,24,6,True,True,False,0.008648493327200413,correct,0
4740,1185,0,31,31,31,9,7,7,True,True,False,0.08279690146446228,correct,0
4741,1185,0,7,7,7,7,9,7,True,True,False,0.028409264981746674,correct,0
4742,1185,1,7,7,7,9,7,7,True,True,False,0.03570987656712532,correct,0
4743,1185,1,31,31,31,7,9,36,True,True,False,0.07946428656578064,correct,0
4744,1186,0,46,45,46,7,16,20,False,False,True,0.05259978398680687,off_by_one,1
4745,1186,0,41,41,41,16,7,14,True,True,False,0.3556225597858429,correct,0
4746,1186,1,41,7,41,7,16,37,False,False,False,0.3112541735172272,other,34
4747,1186,1,46,46,46,16,7,16,True,True,False,0.05745502561330795,correct,0
4748,1187,0,38,44,38,38,24,14,False,False,False,0.017013436183333397,other,6
4749,1187,0,32,32,32,24,38,24,True,True,False,0.0361136794090271,correct,0
4750,1187,1,32,32,32,38,24,0,True,True,False,0.03314020857214928,correct,0
4751,1187,1,38,38,38,24,38,4,True,True,False,0.01677330955862999,correct,0
4752,1188,0,9,17,9,2,7,7,False,False,False,0.007405461277812719,other,8
4753,1188,0,29,28,29,7,2,20,False,False,True,0.005915829446166754,off_by_one,1
4754,1188,1,29,28,29,2,7,21,False,False,True,0.00533098541200161,off_by_one,1
4755,1188,1,9,17,9,7,2,7,False,False,False,0.008257938548922539,other,8
4756,1189,0,36,17,36,7,16,17,False,False,False,0.04337369650602341,other,19
4757,1189,0,5,5,5,16,7,14,True,True,False,0.05370524153113365,correct,0
4758,1189,1,5,47,5,7,16,15,False,False,False,0.05000116676092148,other,42
4759,1189,1,36,44,36,16,7,14,False,False,False,0.04049227014183998,other,8
4760,1190,0,1,1,1,24,6,18,True,True,False,0.03797544166445732,correct,0
4761,1190,0,2,0,2,6,24,15,False,False,False,0.03965611010789871,other,2
4762,1190,1,2,2,2,24,6,18,True,True,False,0.042523205280303955,correct,0
4763,1190,1,1,1,1,6,24,6,True,True,False,0.038818709552288055,correct,0
4764,1191,0,4,24,4,7,6,7,False,False,False,0.01254079956561327,other,20
4765,1191,0,36,1,36,6,7,6,False,False,False,0.015009673312306404,other,35
4766,1191,1,36,36,36,7,6,7,True,True,False,0.01346785668283701,correct,0
4767,1191,1,4,4,4,6,7,6,True,True,False,0.010524815879762173,correct,0
4768,1192,0,3,3,3,2,7,7,True,True,False,0.04086585342884064,correct,0
4769,1192,0,1,28,1,7,2,21,False,False,False,0.04220746457576752,other,27
4770,1192,1,1,0,1,2,7,2,False,False,True,0.03942207247018814,off_by_one,1
4771,1192,1,3,17,3,7,2,1,False,False,False,0.04046542942523956,other,14
4772,1193,0,4,35,4,14,27,14,False,False,False,0.010605975985527039,other,31
4773,1193,0,38,17,38,27,14,14,False,False,False,0.0025853856932371855,other,21
4774,1193,1,38,38,38,14,27,14,True,True,False,0.0030098133720457554,correct,0
4775,1193,1,4,35,4,27,14,14,False,False,False,0.01194681040942669,other,31
4776,1194,0,22,3,22,27,15,14,False,False,False,0.0283172857016325,other,19
4777,1194,0,40,17,40,15,27,7,False,False,False,0.01514323242008686,other,23
4778,1194,1,40,43,40,27,15,14,False,False,False,0.011848971247673035,other,3
4779,1194,1,22,30,22,15,27,23,False,False,False,0.03132707625627518,other,8
4780,1195,0,13,47,13,7,0,14,False,False,False,0.041313789784908295,other,34
4781,1195,0,18,24,18,0,7,0,False,False,False,0.0423058457672596,other,6
4782,1195,1,18,17,18,7,0,18,False,False,True,0.03944791853427887,off_by_one,1
4783,1195,1,13,0,13,0,7,15,False,False,False,0.04340961202979088,other,13
4784,1196,0,48,0,48,23,15,23,False,False,False,0.02388053946197033,other,48
4785,1196,0,33,17,33,15,23,15,False,False,False,0.06325045973062515,other,16
4786,1196,1,33,0,33,23,15,23,False,False,False,0.06269620358943939,other,33
4787,1196,1,48,2,48,15,23,17,False,False,False,0.019066255539655685,other,46
4788,1197,0,0,0,0,6,7,6,True,True,False,0.003033988643437624,correct,0
4789,1197,0,44,24,44,7,6,0,False,False,False,0.018722422420978546,other,20
4790,1197,1,44,44,44,6,7,6,True,True,False,0.02105695754289627,correct,0
4791,1197,1,0,17,0,7,6,6,False,False,False,0.003093055682256818,other,17
4792,1198,0,24,4,24,17,26,0,False,False,False,0.029645761474967003,other,20
4793,1198,0,23,35,23,26,17,26,False,False,False,0.00960629340261221,other,12
4794,1198,1,23,35,23,17,26,0,False,False,False,0.01049232017248869,other,12
4795,1198,1,24,24,24,26,17,6,True,True,False,0.038385793566703796,correct,0
4796,1199,0,46,3,46,2,7,6,False,False,False,0.043478261679410934,other,43
4797,1199,0,1,2,1,7,2,20,False,False,True,0.06098177656531334,off_by_one,1
4798,1199,1,1,1,1,2,7,7,True,True,False,0.06295064836740494,correct,0
4799,1199,1,46,0,46,7,2,7,False,False,False,0.03648856282234192,other,46
4800,1200,0,26,35,26,14,18,14,False,False,False,0.014043664559721947,other,9
4801,1200,0,8,8,8,18,14,7,True,True,False,0.07868184894323349,correct,0
4802,1200,1,8,8,8,14,18,14,True,True,False,0.07178457081317902,correct,0
4803,1200,1,26,24,26,18,14,12,False,False,False,0.010031268000602722,other,2
4804,1201,0,34,34,34,26,24,6,True,True,False,0.04459923878312111,correct,0
4805,1201,0,48,16,48,24,26,24,False,False,False,0.04743529483675957,other,32
4806,1201,1,48,3,48,26,24,26,False,False,False,0.052194952964782715,other,45
4807,1201,1,34,34,34,24,26,20,True,True,False,0.04732482135295868,correct,0
4808,1202,0,16,5,16,24,16,17,False,False,False,0.10780627280473709,other,11
4809,1202,0,28,29,28,16,24,16,False,False,True,0.07026531547307968,off_by_one,1
4810,1202,1,28,44,28,24,16,24,False,False,False,0.09128428995609283,other,16
4811,1202,1,16,44,16,16,24,23,False,False,False,0.11209846287965775,other,28
4812,1203,0,26,35,26,17,20,0,False,False,False,0.015308634378015995,other,9
4813,1203,0,47,47,47,20,17,15,True,True,False,0.03697769343852997,correct,0
4814,1203,1,47,0,47,17,20,0,False,False,False,0.03890211880207062,other,47
4815,1203,1,26,25,26,20,17,7,False,False,True,0.007006010971963406,off_by_one,1
4816,1204,0,6,6,6,6,7,6,True,True,False,0.05772262439131737,correct,0
4817,1204,0,9,33,9,7,6,32,False,False,False,0.05011124536395073,other,24
4818,1204,1,9,31,9,6,7,6,False,False,False,0.04562489315867424,other,22
4819,1204,1,6,31,6,7,6,30,False,False,False,0.062256138771772385,other,25
4820,1205,0,13,31,13,2,19,7,False,False,False,0.045396193861961365,other,18
4821,1205,0,39,17,39,19,2,30,False,False,False,0.006444837898015976,other,22
4822,1205,1,39,43,39,2,19,24,False,False,False,0.00861674826592207,other,4
4823,1205,1,13,0,13,19,2,21,False,False,False,0.05189890414476395,other,13
4824,1206,0,38,17,38,2,7,7,False,False,False,0.007222786080092192,other,21
4825,1206,0,24,24,24,7,2,7,True,True,False,0.02672448195517063,correct,0
4826,1206,1,24,1,24,2,7,18,False,False,False,0.019001156091690063,other,23
4827,1206,1,38,18,38,7,2,21,False,False,False,0.0074774050153791904,other,20
4828,1207,0,7,7,7,15,18,20,True,True,False,0.011999634094536304,correct,0
4829,1207,0,15,15,15,18,15,15,True,True,False,0.04153675585985184,correct,0
4830,1207,1,15,7,15,15,18,31,False,False,False,0.03544754162430763,other,8
4831,1207,1,7,7,7,18,15,15,True,True,False,0.010675237514078617,correct,0
4832,1208,0,29,1,29,18,24,4,False,False,False,0.040265511721372604,other,28
4833,1208,0,8,8,8,24,18,20,True,True,False,0.08447176963090897,correct,0
4834,1208,1,8,8,8,18,24,0,True,True,False,0.0805855467915535,correct,0
4835,1208,1,29,11,29,24,18,7,False,False,False,0.03875897824764252,other,18
4836,1209,0,40,1,40,16,20,0,False,False,False,0.011787252500653267,other,39
4837,1209,0,12,1,12,20,16,15,False,False,False,0.029098568484187126,other,11
4838,1209,1,12,1,12,16,20,0,False,False,False,0.029610957950353622,other,11
4839,1209,1,40,43,40,20,16,20,False,False,False,0.01001633983105421,other,3
4840,1210,0,29,35,29,22,6,1,False,False,False,0.019038747996091843,other,6
4841,1210,0,28,32,28,6,22,26,False,False,False,0.007919969968497753,other,4
4842,1210,1,28,24,28,22,6,18,False,False,False,0.0061794756911695,other,4
4843,1210,1,29,15,29,6,22,6,False,False,False,0.011806152760982513,other,14
4844,1211,0,25,35,25,17,15,15,False,False,False,0.01238083653151989,other,10
4845,1211,0,18,17,18,15,17,14,False,False,True,0.025443943217396736,off_by_one,1
4846,1211,1,18,1,18,17,15,0,False,False,False,0.02725808136165142,other,17
4847,1211,1,25,35,25,15,17,16,False,False,False,0.009139854460954666,other,10
4848,1212,0,13,4,13,24,18,14,False,False,False,0.04780581593513489,other,9
4849,1212,0,12,31,12,18,24,24,False,False,False,0.08044878393411636,other,19
4850,1212,1,12,16,12,24,18,14,False,False,False,0.07838315516710281,other,4
4851,1212,1,13,46,13,18,24,2,False,False,False,0.05019122362136841,other,33
4852,1213,0,47,47,47,7,24,24,True,True,False,0.04685002565383911,correct,0
4853,1213,0,44,15,44,24,7,14,False,False,False,0.02567935548722744,other,29
4854,1213,1,44,24,44,7,24,7,False,False,False,0.030694548040628433,other,20
4855,1213,1,47,15,47,24,7,23,False,False,False,0.04410985857248306,other,32
4856,1214,0,2,0,2,2,3,7,False,False,False,0.06499913334846497,other,2
4857,1214,0,48,17,48,3,2,20,False,False,False,0.012996072880923748,other,31
4858,1214,1,48,1,48,2,3,20,False,False,False,0.016181491315364838,other,47
4859,1214,1,2,0,2,3,2,24,False,False,False,0.06404995173215866,other,2
4860,1215,0,6,6,6,6,36,6,True,True,False,0.13063473999500275,correct,0
4861,1215,0,0,45,0,36,6,6,False,False,False,0.008911260403692722,other,45
4862,1215,1,0,0,0,6,36,6,True,True,False,0.00478656031191349,correct,0
4863,1215,1,6,30,6,36,6,20,False,False,False,0.17743296921253204,other,24
4864,1216,0,38,38,38,16,14,31,True,True,False,0.009132339619100094,correct,0
4865,1216,0,48,27,48,14,16,14,False,False,False,0.020922383293509483,other,21
4866,1216,1,48,43,48,16,14,31,False,False,False,0.009358640760183334,other,5
4867,1216,1,38,36,38,14,16,14,False,False,False,0.01632346771657467,other,2
4868,1217,0,4,4,4,6,22,6,True,True,False,0.0069365729577839375,correct,0
4869,1217,0,5,5,5,22,6,6,True,True,False,0.0711698904633522,correct,0
4870,1217,1,5,5,5,6,22,26,True,True,False,0.0620448999106884,correct,0
4871,1217,1,4,4,4,22,6,6,True,True,False,0.010106376372277737,correct,0
4872,1218,0,36,0,36,22,15,18,False,False,False,0.01220904290676117,other,36
4873,1218,0,2,2,2,15,22,20,True,True,False,0.018889369443058968,correct,0
4874,1218,1,2,0,2,22,15,6,False,False,False,0.01981339417397976,other,2
4875,1218,1,36,1,36,15,22,15,False,False,False,0.011664247140288353,other,35
4876,1219,0,42,42,42,14,18,38,True,True,False,0.035620201379060745,correct,0
4877,1219,0,15,15,15,18,14,0,True,True,False,0.04270234331488609,correct,0
4878,1219,1,15,15,15,14,18,14,True,True,False,0.04562735930085182,correct,0
4879,1219,1,42,42,42,18,14,6,True,True,False,0.036629244685173035,correct,0
4880,1220,0,34,34,34,14,9,27,True,True,False,0.02458842843770981,correct,0
4881,1220,0,39,39,39,9,14,21,True,True,False,0.0027683742810040712,correct,0
4882,1220,1,39,43,39,14,9,16,False,False,False,0.002960663288831711,other,4
4883,1220,1,34,34,34,9,14,7,True,True,False,0.023065321147441864,correct,0
4884,1221,0,6,24,6,38,16,17,False,False,False,0.05091562494635582,other,18
4885,1221,0,13,0,13,16,38,14,False,False,False,0.03051869384944439,other,13
4886,1221,1,13,31,13,38,16,38,False,False,False,0.024256711825728416,other,18
4887,1221,1,6,21,6,16,38,16,False,False,False,0.05733296647667885,other,15
4888,1222,0,27,0,27,18,25,15,False,False,False,0.013810252770781517,other,27
4889,1222,0,32,32,32,25,18,7,True,True,False,0.014933203347027302,correct,0
4890,1222,1,32,32,32,18,25,18,True,True,False,0.013753191567957401,correct,0
4891,1222,1,27,28,27,25,18,14,False,False,True,0.017048140987753868,off_by_one,1
4892,1223,0,11,28,11,14,24,11,False,False,False,0.016446460038423538,other,17
4893,1223,0,29,11,29,24,14,7,False,False,False,0.048312749713659286,other,18
4894,1223,1,29,11,29,14,24,11,False,False,False,0.051381923258304596,other,18
4895,1223,1,11,27,11,24,14,24,False,False,False,0.016037140041589737,other,16
4896,1224,0,30,3,30,14,12,38,False,False,False,0.06923599541187286,other,27
4897,1224,0,44,47,44,12,14,21,False,False,False,0.029243100434541702,other,3
4898,1224,1,44,34,44,14,12,0,False,False,False,0.027393760159611702,other,10
4899,1224,1,30,30,30,12,14,6,True,True,False,0.07120911031961441,correct,0
4900,1225,0,27,38,27,14,6,14,False,False,False,0.024812567979097366,other,11
4901,1225,0,48,17,48,6,14,6,False,False,False,0.024637531489133835,other,31
4902,1225,1,48,2,48,14,6,14,False,False,False,0.030067218467593193,other,46
4903,1225,1,27,0,27,6,14,6,False,False,False,0.019613167271018028,other,27
4904,1226,0,2,2,2,18,16,14,True,True,False,0.022611964493989944,correct,0
4905,1226,0,23,35,23,16,18,15,False,False,False,0.05133482441306114,other,12
4906,1226,1,23,41,23,18,16,18,False,False,False,0.043153464794158936,other,18
4907,1226,1,2,2,2,16,18,17,True,True,False,0.02272864617407322,correct,0
4908,1227,0,37,43,37,24,14,24,False,False,False,0.006680586375296116,other,6
4909,1227,0,19,17,19,14,24,14,False,False,False,0.05649774521589279,other,2
4910,1227,1,19,43,19,24,14,4,False,False,False,0.055895041674375534,other,24
4911,1227,1,37,43,37,14,24,14,False,False,False,0.007881885394454002,other,6
4912,1228,0,16,15,16,12,9,15,False,False,True,0.016148753464221954,off_by_one,1
4913,1228,0,47,47,47,9,12,10,True,True,False,0.03886108100414276,correct,0
4914,1228,1,47,47,47,12,9,12,True,True,False,0.038306038826704025,correct,0
4915,1228,1,16,15,16,9,12,6,False,False,True,0.01825711689889431,off_by_one,1
4916,1229,0,41,41,41,7,16,15,True,True,False,0.15000677108764648,correct,0
4917,1229,0,5,5,5,16,7,16,True,True,False,0.04488666355609894,correct,0
4918,1229,1,5,5,5,7,16,37,True,True,False,0.04171363264322281,correct,0
4919,1229,1,41,15,41,16,7,20,False,False,False,0.16353844106197357,other,26
4920,1230,0,7,7,7,6,15,26,True,True,False,0.048099491745233536,correct,0
4921,1230,0,3,17,3,15,6,14,False,False,False,0.04005507007241249,other,14
4922,1230,1,3,3,3,6,15,6,True,True,False,0.040028560906648636,correct,0
4923,1230,1,7,7,7,15,6,7,True,True,False,0.047462429851293564,correct,0
4924,1231,0,24,24,24,36,16,36,True,True,False,0.03096812218427658,correct,0
4925,1231,0,28,28,28,16,36,14,True,True,False,0.030016908422112465,correct,0
4926,1231,1,28,28,28,36,16,15,True,True,False,0.032852910459041595,correct,0
4927,1231,1,24,35,24,16,36,14,False,False,False,0.0354413241147995,other,11
4928,1232,0,2,2,2,16,14,14,True,True,False,0.026947494596242905,correct,0
4929,1232,0,10,28,10,14,16,14,False,False,False,0.0449470616877079,other,18
4930,1232,1,10,31,10,16,14,14,False,False,False,0.04444349184632301,other,21
4931,1232,1,2,2,2,14,16,14,True,True,False,0.02500993013381958,correct,0
4932,1233,0,42,15,42,14,27,15,False,False,False,0.10135076940059662,other,27
4933,1233,0,0,3,0,27,14,14,False,False,False,0.02258627861738205,other,3
4934,1233,1,0,0,0,14,27,7,True,True,False,0.0274793840944767,correct,0
4935,1233,1,42,15,42,27,14,27,False,False,False,0.09768518060445786,other,27
4936,1234,0,29,45,29,14,6,18,False,False,False,0.06340565532445908,other,16
4937,1234,0,42,42,42,6,14,6,True,True,False,0.10749053955078125,correct,0
4938,1234,1,42,42,42,14,6,31,True,True,False,0.1170327216386795,correct,0
4939,1234,1,29,1,29,6,14,6,False,False,False,0.05681890994310379,other,28
4940,1235,0,39,31,39,21,18,21,False,False,False,0.007713348139077425,other,8
4941,1235,0,24,24,24,18,21,18,True,True,False,0.017154760658740997,correct,0
4942,1235,1,24,24,24,21,18,21,True,True,False,0.016390493139624596,correct,0
4943,1235,1,39,39,39,18,21,12,True,True,False,0.007039276883006096,correct,0
4944,1236,0,10,27,10,18,12,12,False,False,False,0.0045030745677649975,other,17
4945,1236,0,35,35,35,12,18,21,True,True,False,0.0017941121477633715,correct,0
4946,1236,1,35,35,35,18,12,30,True,True,False,0.0020690870005637407,correct,0
4947,1236,1,10,28,10,12,18,19,False,False,False,0.004460963420569897,other,18
4948,1237,0,39,43,39,16,7,28,False,False,False,0.021264206618070602,other,4
4949,1237,0,15,15,15,7,16,16,True,True,False,0.012831638567149639,correct,0
4950,1237,1,15,16,15,16,7,15,False,False,True,0.01469486579298973,off_by_one,1
4951,1237,1,39,4,39,7,16,17,False,False,False,0.016315000131726265,other,35
4952,1238,0,23,15,23,19,7,0,False,False,False,0.025818005204200745,other,8
4953,1238,0,42,42,42,7,19,20,True,True,False,0.09550747275352478,correct,0
4954,1238,1,42,42,42,19,7,26,True,True,False,0.08108057081699371,correct,0
4955,1238,1,23,23,23,7,19,7,True,True,False,0.029587160795927048,correct,0
4956,1239,0,36,3,36,24,17,4,False,False,False,0.009815282188355923,other,33
4957,1239,0,3,2,3,17,24,0,False,False,True,0.03601115569472313,off_by_one,1
4958,1239,1,3,0,3,24,17,14,False,False,False,0.03235297650098801,other,3
4959,1239,1,36,46,36,17,24,0,False,False,False,0.012727580033242702,other,10
4960,1240,0,29,35,29,9,10,7,False,False,False,0.049052733927965164,other,6
4961,1240,0,40,40,40,10,9,10,True,True,False,0.009758908301591873,correct,0
4962,1240,1,40,1,40,9,10,10,False,False,False,0.00942942127585411,other,39
4963,1240,1,29,29,29,10,9,16,True,True,False,0.04797828570008278,correct,0
4964,1241,0,41,41,41,6,10,15,True,True,False,0.03515937924385071,correct,0
4965,1241,0,22,30,22,10,6,14,False,False,False,0.018503759056329727,other,8
4966,1241,1,22,31,22,6,10,6,False,False,False,0.019920842722058296,other,9
4967,1241,1,41,41,41,10,6,15,True,True,False,0.037811439484357834,correct,0
4968,1242,0,16,7,16,24,18,39,False,False,False,0.030849138274788857,other,9
4969,1242,0,41,41,41,18,24,18,True,True,False,0.047708846628665924,correct,0
4970,1242,1,41,41,41,24,18,20,True,True,False,0.037290990352630615,correct,0
4971,1242,1,16,16,16,18,24,15,True,True,False,0.03748897463083267,correct,0
4972,1243,0,41,41,41,17,16,0,True,True,False,0.11548291891813278,correct,0
4973,1243,0,44,44,44,16,17,15,True,True,False,0.008514929562807083,correct,0
4974,1243,1,44,35,44,17,16,23,False,False,False,0.0090783154591918,other,9
4975,1243,1,41,41,41,16,17,16,True,True,False,0.10824964940547943,correct,0
4976,1244,0,37,3,37,17,18,1,False,False,False,0.007815658114850521,other,34
4977,1244,0,13,31,13,18,17,15,False,False,False,0.01456206664443016,other,18
4978,1244,1,13,1,13,17,18,31,False,False,False,0.014782129786908627,other,12
4979,1244,1,37,43,37,18,17,6,False,False,False,0.0059319352731108665,other,6
4980,1245,0,44,24,44,34,31,35,False,False,False,0.020142043009400368,other,20
4981,1245,0,30,30,30,31,34,16,True,True,False,0.004471081309020519,correct,0
4982,1245,1,30,31,30,34,31,34,False,False,True,0.004543764051049948,off_by_one,1
4983,1245,1,44,44,44,31,34,31,True,True,False,0.015340957790613174,correct,0
4984,1246,0,26,35,26,14,15,14,False,False,False,0.013428246602416039,other,9
4985,1246,0,28,28,28,15,14,0,True,True,False,0.009680659510195255,correct,0
4986,1246,1,28,38,28,14,15,14,False,False,False,0.010226404294371605,other,10
4987,1246,1,26,24,26,15,14,15,False,False,False,0.012517753057181835,other,2
4988,1247,0,10,10,10,16,18,16,True,True,False,0.02871220000088215,correct,0
4989,1247,0,38,43,38,18,16,6,False,False,False,0.02441047690808773,other,5
4990,1247,1,38,11,38,16,18,16,False,False,False,0.026027793064713478,other,27
4991,1247,1,10,28,10,18,16,18,False,False,False,0.029585599899291992,other,18
4992,1248,0,15,16,15,20,9,0,False,False,True,0.02809174917638302,off_by_one,1
4993,1248,0,1,2,1,9,20,21,False,False,True,0.046485044062137604,off_by_one,1
4994,1248,1,1,15,1,20,9,7,False,False,False,0.045908547937870026,other,14
4995,1248,1,15,15,15,9,20,1,True,True,False,0.03211132436990738,correct,0
4996,1249,0,34,34,34,9,11,17,True,True,False,0.02312421053647995,correct,0
4997,1249,0,15,35,15,11,9,16,False,False,False,0.044430941343307495,other,20
4998,1249,1,15,15,15,9,11,15,True,True,False,0.04086288809776306,correct,0
4999,1249,1,34,24,34,11,9,25,False,False,False,0.019368642941117287,other,10
5000,1250,0,20,43,20,19,2,4,False,False,False,0.05150207504630089,other,23
5001,1250,0,35,35,35,2,19,7,True,True,False,0.015651386231184006,correct,0
5002,1250,1,35,35,35,19,2,19,True,True,False,0.016453184187412262,correct,0
5003,1250,1,20,20,20,2,19,7,True,True,False,0.052150968462228775,correct,0
5004,1251,0,10,10,10,7,6,18,True,True,False,0.031051581725478172,correct,0
5005,1251,0,11,15,11,6,7,15,False,False,False,0.045330289751291275,other,4
5006,1251,1,11,27,11,7,6,15,False,False,False,0.0477689765393734,other,16
5007,1251,1,10,35,10,6,7,7,False,False,False,0.026783984154462814,other,25
5008,1252,0,46,46,46,26,16,6,True,True,False,0.030042512342333794,correct,0
5009,1252,0,34,7,34,16,26,25,False,False,False,0.02567444182932377,other,27
5010,1252,1,34,34,34,26,16,18,True,True,False,0.021489033475518227,correct,0
5011,1252,1,46,31,46,16,26,16,False,False,False,0.03415356203913689,other,15
5012,1253,0,7,7,7,7,16,0,True,True,False,0.015768392011523247,correct,0
5013,1253,0,30,30,30,16,7,16,True,True,False,0.01966218091547489,correct,0
5014,1253,1,30,30,30,7,16,7,True,True,False,0.019131498411297798,correct,0
5015,1253,1,7,7,7,16,7,14,True,True,False,0.015160558745265007,correct,0
5016,1254,0,47,47,47,15,3,21,True,True,False,0.021549314260482788,correct,0
5017,1254,0,35,24,35,3,15,4,False,False,False,0.012538153678178787,other,11
5018,1254,1,35,35,35,15,3,15,True,True,False,0.009173828177154064,correct,0
5019,1254,1,47,47,47,3,15,24,True,True,False,0.021500341594219208,correct,0
5020,1255,0,19,3,19,4,7,4,False,False,False,0.06591373682022095,other,16
5021,1255,0,1,1,1,7,4,18,True,True,False,0.014180626720190048,correct,0
5022,1255,1,1,2,1,4,7,21,False,False,True,0.01538813766092062,off_by_one,1
5023,1255,1,19,17,19,7,4,24,False,False,False,0.06111403927206993,other,2
5024,1256,0,47,47,47,2,6,18,True,True,False,0.025419175624847412,correct,0
5025,1256,0,21,21,21,6,2,6,True,True,False,0.11898479610681534,correct,0
5026,1256,1,21,21,21,2,6,7,True,True,False,0.1085650771856308,correct,0
5027,1256,1,47,44,47,6,2,6,False,False,False,0.0280291810631752,other,3
5028,1257,0,45,24,45,18,38,24,False,False,False,0.004363922867923975,other,21
5029,1257,0,37,0,37,38,18,38,False,False,False,0.008807111531496048,other,37
5030,1257,1,37,43,37,18,38,36,False,False,False,0.006530995015054941,other,6
5031,1257,1,45,35,45,38,18,0,False,False,False,0.006747816223651171,other,10
5032,1258,0,19,3,19,19,2,18,False,False,False,0.009911388158798218,other,16
5033,1258,0,42,42,42,2,19,6,True,True,False,0.07327054440975189,correct,0
5034,1258,1,42,42,42,19,2,20,True,True,False,0.08890794217586517,correct,0
5035,1258,1,19,3,19,2,19,6,False,False,False,0.009987924247980118,other,16
5036,1259,0,7,7,7,18,6,19,True,True,False,0.007241811603307724,correct,0
5037,1259,0,12,0,12,6,18,26,False,False,False,0.03113689459860325,other,12
5038,1259,1,12,12,12,18,6,19,True,True,False,0.02986687421798706,correct,0
5039,1259,1,7,7,7,6,18,24,True,True,False,0.006702573969960213,correct,0
5040,1260,0,36,27,36,9,13,6,False,False,False,0.013562879525125027,other,9
5041,1260,0,10,32,10,13,9,2,False,False,False,0.03287108987569809,other,22
5042,1260,1,10,28,10,9,13,7,False,False,False,0.032551538199186325,other,18
5043,1260,1,36,17,36,13,9,6,False,False,False,0.012107796967029572,other,19
5044,1261,0,10,28,10,16,15,28,False,False,False,0.004170302767306566,other,18
5045,1261,0,35,35,35,15,16,17,True,True,False,0.003231302835047245,correct,0
5046,1261,1,35,35,35,16,15,14,True,True,False,0.0036323301028460264,correct,0
5047,1261,1,10,27,10,15,16,0,False,False,False,0.005965231917798519,other,17
5048,1262,0,31,31,31,1,16,16,True,True,False,0.004351221490651369,correct,0
5049,1262,0,47,47,47,16,1,28,True,True,False,0.013803882524371147,correct,0
5050,1262,1,47,40,47,1,16,0,False,False,False,0.013522165827453136,other,7
5051,1262,1,31,31,31,16,1,16,True,True,False,0.004575181752443314,correct,0
5052,1263,0,12,12,12,24,20,14,True,True,False,0.03321043774485588,correct,0
5053,1263,0,21,2,21,20,24,6,False,False,False,0.07020334899425507,other,19
5054,1263,1,21,22,21,24,20,18,False,False,True,0.07156021893024445,off_by_one,1
5055,1263,1,12,12,12,20,24,18,True,True,False,0.031209608539938927,correct,0
5056,1264,0,9,38,9,18,1,18,False,False,False,0.025762192904949188,other,29
5057,1264,0,45,24,45,1,18,0,False,False,False,0.011761629022657871,other,21
5058,1264,1,45,24,45,18,1,18,False,False,False,0.011012283153831959,other,21
5059,1264,1,9,1,9,1,18,7,False,False,False,0.023299606516957283,other,8
5060,1265,0,5,5,5,18,6,18,True,True,False,0.04716667905449867,correct,0
5061,1265,0,44,47,44,6,18,22,False,False,False,0.024207348003983498,other,3
5062,1265,1,44,44,44,18,6,6,True,True,False,0.02714935876429081,correct,0
5063,1265,1,5,5,5,6,18,18,True,True,False,0.04700895771384239,correct,0
5064,1266,0,34,34,34,11,6,27,True,True,False,0.01988496072590351,correct,0
5065,1266,0,40,18,40,6,11,18,False,False,False,0.014039703644812107,other,22
5066,1266,1,40,40,40,11,6,10,True,True,False,0.019504133611917496,correct,0
5067,1266,1,34,34,34,6,11,17,True,True,False,0.02077937126159668,correct,0
5068,1267,0,9,28,9,16,15,28,False,False,False,0.013948914594948292,other,19
5069,1267,0,16,16,16,15,16,17,True,True,False,0.010939143598079681,correct,0
5070,1267,1,16,16,16,16,15,23,True,True,False,0.013481679372489452,correct,0
5071,1267,1,9,17,9,15,16,23,False,False,False,0.014481514692306519,other,8
5072,1268,0,21,21,21,18,7,18,True,True,False,0.07810286432504654,correct,0
5073,1268,0,45,24,45,7,18,7,False,False,False,0.006944635882973671,other,21
5074,1268,1,45,45,45,18,7,24,True,True,False,0.007434336468577385,correct,0
5075,1268,1,21,21,21,7,18,7,True,True,False,0.07771613448858261,correct,0
5076,1269,0,6,17,6,6,15,6,False,False,False,0.04609569534659386,other,11
5077,1269,0,8,8,8,15,6,0,True,True,False,0.07996552437543869,correct,0
5078,1269,1,8,8,8,6,15,7,True,True,False,0.07448697090148926,correct,0
5079,1269,1,6,6,6,15,6,7,True,True,False,0.05784353241324425,correct,0
5080,1270,0,2,46,2,7,0,7,False,False,False,0.03496619686484337,other,44
5081,1270,0,34,34,34,0,7,16,True,True,False,0.0168363768607378,correct,0
5082,1270,1,34,34,34,7,0,16,True,True,False,0.013278594240546227,correct,0
5083,1270,1,2,46,2,0,7,16,False,False,False,0.03617040440440178,other,44
5084,1271,0,23,4,23,7,6,38,False,False,False,0.0403030700981617,other,19
5085,1271,0,8,8,8,6,7,7,True,True,False,0.025969641283154488,correct,0
5086,1271,1,8,8,8,7,6,7,True,True,False,0.02294488437473774,correct,0
5087,1271,1,23,41,23,6,7,26,False,False,False,0.04047071933746338,other,18
5088,1272,0,1,2,1,16,7,14,False,False,True,0.025837838649749756,off_by_one,1
5089,1272,0,8,8,8,7,16,6,True,True,False,0.01727740839123726,correct,0
5090,1272,1,8,8,8,16,7,0,True,True,False,0.015215571969747543,correct,0
5091,1272,1,1,1,1,7,16,12,True,True,False,0.030855044722557068,correct,0
5092,1273,0,39,0,39,18,1,21,False,False,False,0.007049597799777985,other,39
5093,1273,0,27,27,27,1,18,16,True,True,False,0.015743326395750046,correct,0
5094,1273,1,27,27,27,18,1,3,True,True,False,0.015533244237303734,correct,0
5095,1273,1,39,36,39,1,18,17,False,False,False,0.004129139706492424,other,3
5096,1274,0,26,24,26,17,14,17,False,False,False,0.014190145768225193,other,2
5097,1274,0,7,7,7,14,17,14,True,True,False,0.013325435109436512,correct,0
5098,1274,1,7,7,7,17,14,0,True,True,False,0.012573190964758396,correct,0
5099,1274,1,26,35,26,14,17,17,False,False,False,0.010656848549842834,other,9
5100,1275,0,10,10,10,6,23,6,True,True,False,0.0575416199862957,correct,0
5101,1275,0,42,42,42,23,6,27,True,True,False,0.0851871520280838,correct,0
5102,1275,1,42,42,42,6,23,6,True,True,False,0.09177997708320618,correct,0
5103,1275,1,10,4,10,23,6,28,False,False,False,0.060868967324495316,other,6
5104,1276,0,15,15,15,2,6,6,True,True,False,0.016553005203604698,correct,0
5105,1276,0,23,15,23,6,2,26,False,False,False,0.03582271188497543,other,8
5106,1276,1,23,41,23,2,6,6,False,False,False,0.030941184610128403,other,18
5107,1276,1,15,15,15,6,2,10,True,True,False,0.017148498445749283,correct,0
5108,1277,0,22,31,22,7,1,21,False,False,False,0.016318920999765396,other,9
5109,1277,0,30,4,30,1,7,1,False,False,False,0.016981948167085648,other,26
5110,1277,1,30,30,30,7,1,7,True,True,False,0.01984431967139244,correct,0
5111,1277,1,22,43,22,1,7,17,False,False,False,0.01650049351155758,other,21
5112,1278,0,25,15,25,6,16,6,False,False,False,0.034234996885061264,other,10
5113,1278,0,20,31,20,16,6,14,False,False,False,0.04715842381119728,other,11
5114,1278,1,20,43,20,6,16,6,False,False,False,0.046802178025245667,other,23
5115,1278,1,25,35,25,16,6,16,False,False,False,0.03719799220561981,other,10
5116,1279,0,28,28,28,15,27,15,True,True,False,0.025817900896072388,correct,0
5117,1279,0,42,15,42,27,15,14,False,False,False,0.16540636122226715,other,27
5118,1279,1,42,42,42,15,27,26,True,True,False,0.17881004512310028,correct,0
5119,1279,1,28,28,28,27,15,38,True,True,False,0.021078558638691902,correct,0
5120,1280,0,28,28,28,7,16,7,True,True,False,0.014804437756538391,correct,0
5121,1280,0,45,35,45,16,7,0,False,False,False,0.01148662157356739,other,10
5122,1280,1,45,24,45,7,16,0,False,False,False,0.00987926870584488,other,21
5123,1280,1,28,1,28,16,7,0,False,False,False,0.014459504745900631,other,27
5124,1281,0,27,2,27,36,16,16,False,False,False,0.04217083752155304,other,25
5125,1281,0,1,1,1,16,36,16,True,True,False,0.04422860965132713,correct,0
5126,1281,1,1,17,1,36,16,24,False,False,False,0.04685959964990616,other,16
5127,1281,1,27,0,27,16,36,14,False,False,False,0.03679877147078514,other,27
5128,1282,0,6,6,6,6,2,6,True,True,False,0.1113271564245224,correct,0
5129,1282,0,24,24,24,2,6,2,True,True,False,0.02624313160777092,correct,0
5130,1282,1,24,4,24,6,2,18,False,False,False,0.027739064767956734,other,20
5131,1282,1,6,21,6,2,6,6,False,False,False,0.11271723359823227,other,15
5132,1283,0,37,0,37,0,22,0,False,False,False,0.02036077156662941,other,37
5133,1283,0,28,1,28,22,0,18,False,False,False,0.00987220462411642,other,27
5134,1283,1,28,1,28,0,22,0,False,False,False,0.009781771339476109,other,27
5135,1283,1,37,43,37,22,0,6,False,False,False,0.021037498489022255,other,6
5136,1284,0,0,0,0,6,18,6,True,True,False,0.029285844415426254,correct,0
5137,1284,0,48,4,48,18,6,2,False,False,False,0.006907645147293806,other,44
5138,1284,1,48,2,48,6,18,13,False,False,False,0.004798715468496084,other,46
5139,1284,1,0,0,0,18,6,6,True,True,False,0.02277234010398388,correct,0
5140,1285,0,28,11,28,7,14,18,False,False,False,0.03314085304737091,other,17
5141,1285,0,1,28,1,14,7,0,False,False,False,0.023635469377040863,other,27
5142,1285,1,1,46,1,7,14,14,False,False,False,0.023909058421850204,other,45
5143,1285,1,28,28,28,14,7,0,True,True,False,0.03002071939408779,correct,0
5144,1286,0,14,24,14,14,0,0,False,False,False,0.025988973677158356,other,10
5145,1286,0,42,42,42,0,14,0,True,True,False,0.04031508043408394,correct,0
5146,1286,1,42,42,42,14,0,27,True,True,False,0.03971906751394272,correct,0
5147,1286,1,14,24,14,0,14,20,False,False,False,0.024435125291347504,other,10
5148,1287,0,27,2,27,1,16,11,False,False,False,0.01237332634627819,other,25
5149,1287,0,12,4,12,16,1,14,False,False,False,0.03881971538066864,other,8
5150,1287,1,12,1,12,1,16,14,False,False,False,0.038002438843250275,other,11
5151,1287,1,27,4,27,16,1,16,False,False,False,0.011440341360867023,other,23
5152,1288,0,19,3,19,24,15,18,False,False,False,0.012639029882848263,other,16
5153,1288,0,9,17,9,15,24,17,False,False,False,0.02159801870584488,other,8
5154,1288,1,9,31,9,24,15,15,False,False,False,0.01968189887702465,other,22
5155,1288,1,19,17,19,15,24,17,False,False,False,0.012919682078063488,other,2
5156,1289,0,0,35,0,20,6,14,False,False,False,0.03126377612352371,other,35
5157,1289,0,43,43,43,6,20,6,True,True,False,0.036379650235176086,correct,0
5158,1289,1,43,0,43,20,6,20,False,False,False,0.043740447610616684,other,43
5159,1289,1,0,0,0,6,20,6,True,True,False,0.0318615548312664,correct,0
5160,1290,0,3,43,3,14,16,0,False,False,False,0.026247669011354446,other,40
5161,1290,0,47,44,47,16,14,27,False,False,False,0.02082543447613716,other,3
5162,1290,1,47,40,47,14,16,23,False,False,False,0.02250620163977146,other,7
5163,1290,1,3,40,3,16,14,14,False,False,False,0.027645312249660492,other,37
5164,1291,0,24,24,24,4,7,21,True,True,False,0.007912596687674522,correct,0
5165,1291,0,14,14,14,7,4,7,True,True,False,0.043928470462560654,correct,0
5166,1291,1,14,24,14,4,7,4,False,False,False,0.05192489176988602,other,10
5167,1291,1,24,24,24,7,4,7,True,True,False,0.008779354393482208,correct,0
5168,1292,0,8,8,8,15,25,18,True,True,False,0.07184863835573196,correct,0
5169,1292,0,24,24,24,25,15,15,True,True,False,0.010144499130547047,correct,0
5170,1292,1,24,35,24,15,25,15,False,False,False,0.00911759678274393,other,11
5171,1292,1,8,8,8,25,15,23,True,True,False,0.06923801451921463,correct,0
5172,1293,0,12,28,12,25,16,25,False,False,False,0.034554433077573776,other,16
5173,1293,0,0,0,0,16,25,23,True,True,False,0.05099816620349884,correct,0
5174,1293,1,0,0,0,25,16,15,True,True,False,0.0496254488825798,correct,0
5175,1293,1,12,1,12,16,25,27,False,False,False,0.03434079512953758,other,11
5176,1294,0,11,29,11,6,36,7,False,False,False,0.0366092287003994,other,18
5177,1294,0,19,18,19,36,6,6,False,False,True,0.058857474476099014,off_by_one,1
5178,1294,1,19,18,19,6,36,7,False,False,True,0.05724985897541046,off_by_one,1
5179,1294,1,11,28,11,36,6,24,False,False,False,0.040502820163965225,other,17
5180,1295,0,7,7,7,18,38,20,True,True,False,0.04990507289767265,correct,0
5181,1295,0,38,44,38,38,18,0,False,False,False,0.010351919569075108,other,6
5182,1295,1,38,44,38,18,38,6,False,False,False,0.012078136205673218,other,6
5183,1295,1,7,7,7,38,18,38,True,True,False,0.05475877225399017,correct,0
5184,1296,0,28,46,28,15,19,17,False,False,False,0.013169890269637108,other,18
5185,1296,0,39,17,39,19,15,19,False,False,False,0.00699693663045764,other,22
5186,1296,1,39,31,39,15,19,15,False,False,False,0.0059382617473602295,other,8
5187,1296,1,28,28,28,19,15,0,True,True,False,0.011869218200445175,correct,0
5188,1297,0,38,17,38,3,14,30,False,False,False,0.006163362413644791,other,21
5189,1297,0,23,35,23,14,3,14,False,False,False,0.01412287075072527,other,12
5190,1297,1,23,24,23,3,14,24,False,False,True,0.012223711237311363,off_by_one,1
5191,1297,1,38,44,38,14,3,0,False,False,False,0.00816807709634304,other,6
5192,1298,0,9,28,9,36,7,21,False,False,False,0.04547085985541344,other,19
5193,1298,0,3,17,3,7,36,7,False,False,False,0.049159515649080276,other,14
5194,1298,1,3,3,3,36,7,3,True,True,False,0.0469890832901001,correct,0
5195,1298,1,9,17,9,7,36,7,False,False,False,0.04537464305758476,other,8
5196,1299,0,47,4,47,17,16,1,False,False,False,0.006567688193172216,other,43
5197,1299,0,10,45,10,16,17,16,False,False,False,0.036013584583997726,other,35
5198,1299,1,10,44,10,17,16,0,False,False,False,0.03690287098288536,other,34
5199,1299,1,47,44,47,16,17,16,False,False,False,0.0054536303505301476,other,3
5200,1300,0,22,31,22,15,6,21,False,False,False,0.03545302525162697,other,9
5201,1300,0,40,17,40,6,15,4,False,False,False,0.01429273746907711,other,23
5202,1300,1,40,28,40,15,6,21,False,False,False,0.016519613564014435,other,12
5203,1300,1,22,3,22,6,15,26,False,False,False,0.03101496957242489,other,19
5204,1301,0,40,0,40,6,4,26,False,False,False,0.004155081696808338,other,40
5205,1301,0,35,35,35,4,6,4,True,True,False,0.006344216875731945,correct,0
5206,1301,1,35,35,35,6,4,26,True,True,False,0.006341826636344194,correct,0
5207,1301,1,40,40,40,4,6,21,True,True,False,0.005935553461313248,correct,0
5208,1302,0,41,41,41,0,7,17,True,True,False,0.08770117163658142,correct,0
5209,1302,0,0,17,0,7,0,14,False,False,False,0.04971564933657646,other,17
5210,1302,1,0,24,0,0,7,17,False,False,False,0.05219005048274994,other,24
5211,1302,1,41,41,41,7,0,6,True,True,False,0.0655900165438652,correct,0
5212,1303,0,6,4,6,37,17,14,False,False,False,0.018142854794859886,other,2
5213,1303,0,38,1,38,17,37,0,False,False,False,0.004150541499257088,other,37
5214,1303,1,38,11,38,37,17,17,False,False,False,0.007275215815752745,other,27
5215,1303,1,6,1,6,17,37,14,False,False,False,0.012878280133008957,other,5
5216,1304,0,13,46,13,21,15,19,False,False,False,0.03625454753637314,other,33
5217,1304,0,23,15,23,15,21,27,False,False,False,0.017732521519064903,other,8
5218,1304,1,23,23,23,21,15,21,True,True,False,0.01846424676477909,correct,0
5219,1304,1,13,27,13,15,21,15,False,False,False,0.037078820168972015,other,14
5220,1305,0,11,11,11,18,1,0,True,True,False,0.0402044802904129,correct,0
5221,1305,0,33,28,33,1,18,14,False,False,False,0.032617662101984024,other,5
5222,1305,1,33,11,33,18,1,18,False,False,False,0.03139603137969971,other,22
5223,1305,1,11,28,11,1,18,0,False,False,False,0.04404458776116371,other,17
5224,1306,0,15,15,15,24,15,19,True,True,False,0.02288183383643627,correct,0
5225,1306,0,44,44,44,15,24,15,True,True,False,0.02935786172747612,correct,0
5226,1306,1,44,44,44,24,15,24,True,True,False,0.018956230953335762,correct,0
5227,1306,1,15,15,15,15,24,15,True,True,False,0.024928316473960876,correct,0
5228,1307,0,11,28,11,3,17,2,False,False,False,0.03244423866271973,other,17
5229,1307,0,9,4,9,17,3,14,False,False,False,0.05729043483734131,other,5
5230,1307,1,9,17,9,3,17,1,False,False,False,0.05532536655664444,other,8
5231,1307,1,11,27,11,17,3,21,False,False,False,0.03595488518476486,other,16
5232,1308,0,15,15,15,18,26,26,True,True,False,0.059200819581747055,correct,0
5233,1308,0,18,18,18,26,18,26,True,True,False,0.021110810339450836,correct,0
5234,1308,1,18,24,18,18,26,6,False,False,False,0.026935355737805367,other,6
5235,1308,1,15,5,15,26,18,6,False,False,False,0.04987778142094612,other,10
5236,1309,0,21,21,21,18,14,18,True,True,False,0.09882846474647522,correct,0
5237,1309,0,15,15,15,14,18,38,True,True,False,0.048696428537368774,correct,0
5238,1309,1,15,15,15,18,14,2,True,True,False,0.04812226817011833,correct,0
5239,1309,1,21,21,21,14,18,14,True,True,False,0.11604177951812744,correct,0
5240,1310,0,26,0,26,0,2,15,False,False,False,0.05133744701743126,other,26
5241,1310,0,34,34,34,2,0,0,True,True,False,0.016040600836277008,correct,0
5242,1310,1,34,34,34,0,2,0,True,True,False,0.012766804546117783,correct,0
5243,1310,1,26,24,26,2,0,7,False,False,False,0.0487203523516655,other,2
5244,1311,0,9,0,9,15,16,20,False,False,False,0.02805458754301071,other,9
5245,1311,0,8,8,8,16,15,14,True,True,False,0.023183166980743408,correct,0
5246,1311,1,8,8,8,15,16,25,True,True,False,0.024913078173995018,correct,0
5247,1311,1,9,1,9,16,15,14,False,False,False,0.027229422703385353,other,8
5248,1312,0,27,1,27,6,7,6,False,False,False,0.08232495188713074,other,26
5249,1312,0,25,35,25,7,6,6,False,False,False,0.01813107170164585,other,10
5250,1312,1,25,35,25,6,7,6,False,False,False,0.021243544295430183,other,10
5251,1312,1,27,15,27,7,6,7,False,False,False,0.07992421835660934,other,12
5252,1313,0,20,3,20,27,16,14,False,False,False,0.02395492047071457,other,17
5253,1313,0,24,24,24,16,27,14,True,True,False,0.006969098933041096,correct,0
5254,1313,1,24,35,24,27,16,14,False,False,False,0.005630394443869591,other,11
5255,1313,1,20,18,20,16,27,14,False,False,False,0.02639893814921379,other,2
5256,1314,0,19,17,19,6,7,6,False,False,False,0.06873036921024323,other,2
5257,1314,0,0,0,0,7,6,18,True,True,False,0.04881332814693451,correct,0
5258,1314,1,0,0,0,6,7,6,True,True,False,0.04413425922393799,correct,0
5259,1314,1,19,6,19,7,6,32,False,False,False,0.07131040841341019,other,13
5260,1315,0,12,31,12,18,38,6,False,False,False,0.015586888417601585,other,19
5261,1315,0,23,35,23,38,18,14,False,False,False,0.052638884633779526,other,12
5262,1315,1,23,41,23,18,38,6,False,False,False,0.04425281658768654,other,18
5263,1315,1,12,28,12,38,18,38,False,False,False,0.01828961819410324,other,16
5264,1316,0,29,35,29,1,27,0,False,False,False,0.02107296697795391,other,6
5265,1316,0,19,18,19,27,1,17,False,False,True,0.0319930762052536,off_by_one,1
5266,1316,1,19,3,19,1,27,18,False,False,False,0.0351424515247345,other,16
5267,1316,1,29,11,29,27,1,0,False,False,False,0.017721381038427353,other,18
5268,1317,0,1,0,1,6,15,6,False,False,True,0.016407180577516556,off_by_one,1
5269,1317,0,45,44,45,15,6,36,False,False,True,0.019015034660696983,off_by_one,1
5270,1317,1,45,24,45,6,15,6,False,False,False,0.012652619741857052,other,21
5271,1317,1,1,1,1,15,6,1,True,True,False,0.017479723319411278,correct,0
5272,1318,0,5,5,5,6,19,26,True,True,False,0.042297765612602234,correct,0
5273,1318,0,22,43,22,19,6,30,False,False,False,0.06218362972140312,other,21
5274,1318,1,22,31,22,6,19,6,False,False,False,0.056888122111558914,other,9
5275,1318,1,5,42,5,19,6,24,False,False,False,0.041488341987133026,other,37
5276,1319,0,10,28,10,14,26,27,False,False,False,0.010552112013101578,other,18
5277,1319,0,38,1,38,26,14,6,False,False,False,0.008740676566958427,other,37
5278,1319,1,38,10,38,14,26,0,False,False,False,0.006819641683250666,other,28
5279,1319,1,10,28,10,26,14,6,False,False,False,0.012679570354521275,other,18
5280,1320,0,19,3,19,2,7,24,False,False,False,0.011186684481799603,other,16
5281,1320,0,40,17,40,7,2,7,False,False,False,0.04061832278966904,other,23
5282,1320,1,40,3,40,2,7,18,False,False,False,0.04471753537654877,other,37
5283,1320,1,19,6,19,7,2,17,False,False,False,0.010109294205904007,other,13
5284,1321,0,3,43,3,38,36,14,False,False,False,0.025478839874267578,other,40
5285,1321,0,6,6,6,36,38,15,True,True,False,0.02427844889461994,correct,0
5286,1321,1,6,2,6,38,36,1,False,False,False,0.032128021121025085,other,4
5287,1321,1,3,43,3,36,38,36,False,False,False,0.017959492281079292,other,40
5288,1322,0,8,15,8,6,15,6,False,False,False,0.04029979929327965,other,7
5289,1322,0,19,45,19,15,6,14,False,False,False,0.04609920084476471,other,26
5290,1322,1,19,0,19,6,15,6,False,False,False,0.04475490748882294,other,19
5291,1322,1,8,8,8,15,6,37,True,True,False,0.037570398300886154,correct,0
5292,1323,0,30,12,30,18,22,18,False,False,False,0.012400356121361256,other,18
5293,1323,0,21,3,21,22,18,18,False,False,False,0.04612431302666664,other,18
5294,1323,1,21,6,21,18,22,24,False,False,False,0.0397019237279892,other,15
5295,1323,1,30,30,30,22,18,6,True,True,False,0.012156862765550613,correct,0
5296,1324,0,7,7,7,9,12,20,True,True,False,0.027596088126301765,correct,0
5297,1324,0,46,43,46,12,9,26,False,False,False,0.021958962082862854,other,3
5298,1324,1,46,46,46,9,12,12,True,True,False,0.02541469968855381,correct,0
5299,1324,1,7,7,7,12,9,24,True,True,False,0.02000945247709751,correct,0
5300,1325,0,5,5,5,7,22,21,True,True,False,0.06065560504794121,correct,0
5301,1325,0,32,43,32,22,7,6,False,False,False,0.044230904430150986,other,11
5302,1325,1,32,15,32,7,22,2,False,False,False,0.04421480745077133,other,17
5303,1325,1,5,5,5,22,7,26,True,True,False,0.05694141238927841,correct,0
5304,1326,0,41,41,41,2,9,17,True,True,False,0.07988259941339493,correct,0
5305,1326,0,37,3,37,9,2,18,False,False,False,0.01325474213808775,other,34
5306,1326,1,37,0,37,2,9,18,False,False,False,0.015915224328637123,other,37
5307,1326,1,41,41,41,9,2,20,True,True,False,0.08193568140268326,correct,0
5308,1327,0,20,3,20,19,7,4,False,False,False,0.02599186822772026,other,17
5309,1327,0,27,28,27,7,19,7,False,False,True,0.019828585907816887,off_by_one,1
5310,1327,1,27,1,27,19,7,18,False,False,False,0.022159181535243988,other,26
5311,1327,1,20,3,20,7,19,6,False,False,False,0.029465332627296448,other,17
5312,1328,0,12,12,12,18,15,9,True,True,False,0.03291146457195282,correct,0
5313,1328,0,4,4,4,15,18,7,True,True,False,0.022030210122466087,correct,0
5314,1328,1,4,35,4,18,15,24,False,False,False,0.021548818796873093,other,31
5315,1328,1,12,28,12,15,18,0,False,False,False,0.03570182994008064,other,16
5316,1329,0,39,39,39,6,5,26,True,True,False,0.005649550352245569,correct,0
5317,1329,0,11,32,11,5,6,2,False,False,False,0.04673423618078232,other,21
5318,1329,1,11,28,11,6,5,7,False,False,False,0.0445004478096962,other,17
5319,1329,1,39,38,39,5,6,6,False,False,True,0.008342149667441845,off_by_one,1
5320,1330,0,7,7,7,4,2,24,True,True,False,0.0198405422270298,correct,0
5321,1330,0,16,15,16,2,4,15,False,False,True,0.06205197051167488,off_by_one,1
5322,1330,1,16,7,16,4,2,4,False,False,False,0.05902889370918274,other,9
5323,1330,1,7,7,7,2,4,20,True,True,False,0.018445411697030067,correct,0
5324,1331,0,38,38,38,12,17,12,True,True,False,0.004496356938034296,correct,0
5325,1331,0,39,43,39,17,12,7,False,False,False,0.006155240815132856,other,4
5326,1331,1,39,36,39,12,17,12,False,False,False,0.006948502268642187,other,3
5327,1331,1,38,38,38,17,12,0,True,True,False,0.003567800857126713,correct,0
5328,1332,0,7,7,7,7,21,18,True,True,False,0.010041443631052971,correct,0
5329,1332,0,46,3,46,21,7,15,False,False,False,0.04099379852414131,other,43
5330,1332,1,46,46,46,7,21,10,True,True,False,0.040091630071401596,correct,0
5331,1332,1,7,7,7,21,7,0,True,True,False,0.012882459908723831,correct,0
5332,1333,0,28,28,28,7,14,2,True,True,False,0.0184002872556448,correct,0
5333,1333,0,40,18,40,14,7,27,False,False,False,0.027216961607336998,other,22
5334,1333,1,40,40,40,7,14,20,True,True,False,0.02927521988749504,correct,0
5335,1333,1,28,4,28,14,7,0,False,False,False,0.018681637942790985,other,24
5336,1334,0,41,45,41,6,16,6,False,False,False,0.06792239844799042,other,4
5337,1334,0,1,0,1,16,6,0,False,False,True,0.03011186234652996,off_by_one,1
5338,1334,1,1,1,1,6,16,6,True,True,False,0.03149593248963356,correct,0
5339,1334,1,41,41,41,16,6,17,True,True,False,0.0645115002989769,correct,0
5340,1335,0,13,0,13,8,14,0,False,False,False,0.032116737216711044,other,13
5341,1335,0,4,44,4,14,8,7,False,False,False,0.026966482400894165,other,40
5342,1335,1,4,35,4,8,14,4,False,False,False,0.031102262437343597,other,31
5343,1335,1,13,44,13,14,8,14,False,False,False,0.03548464924097061,other,31
5344,1336,0,35,35,35,9,3,20,True,True,False,0.01678542047739029,correct,0
5345,1336,0,37,0,37,3,9,18,False,False,False,0.0028193199541419744,other,37
5346,1336,1,37,3,37,9,3,30,False,False,False,0.004868655931204557,other,34
5347,1336,1,35,35,35,3,9,24,True,True,False,0.012622376903891563,correct,0
5348,1337,0,12,28,12,7,12,0,False,False,False,0.024250512942671776,other,16
5349,1337,0,4,3,4,12,7,6,False,False,True,0.03749649226665497,off_by_one,1
5350,1337,1,4,4,4,7,12,7,True,True,False,0.03660133108496666,correct,0
5351,1337,1,12,32,12,12,7,18,False,False,False,0.02264031209051609,other,20
5352,1338,0,48,43,48,29,28,18,False,False,False,0.014849686995148659,other,5
5353,1338,0,32,44,32,28,29,27,False,False,False,0.012498337775468826,other,12
5354,1338,1,32,32,32,29,28,6,True,True,False,0.014412857592105865,correct,0
5355,1338,1,48,17,48,28,29,1,False,False,False,0.015726853162050247,other,31
5356,1339,0,27,47,27,9,3,21,False,False,False,0.015014247968792915,other,20
5357,1339,0,42,42,42,3,9,4,True,True,False,0.06781055778265,correct,0
5358,1339,1,42,41,42,9,3,6,False,False,True,0.06969068199396133,off_by_one,1
5359,1339,1,27,47,27,3,9,18,False,False,False,0.010327192023396492,other,20
5360,1340,0,47,47,47,7,18,0,True,True,False,0.02054700255393982,correct,0
5361,1340,0,2,0,2,18,7,6,False,False,False,0.06829125434160233,other,2
5362,1340,1,2,32,2,7,18,14,False,False,False,0.06351957470178604,other,30
5363,1340,1,47,44,47,18,7,20,False,False,False,0.02635987475514412,other,3
5364,1341,0,27,36,27,12,3,26,False,False,False,0.011626534163951874,other,9
5365,1341,0,9,17,9,3,12,9,False,False,False,0.055565789341926575,other,8
5366,1341,1,9,44,9,12,3,12,False,False,False,0.055414747446775436,other,35
5367,1341,1,27,44,27,3,12,12,False,False,False,0.010185825638473034,other,17
5368,1342,0,29,0,29,16,0,16,False,False,False,0.011309606023132801,other,29
5369,1342,0,45,24,45,0,16,0,False,False,False,0.004916229285299778,other,21
5370,1342,1,45,4,45,16,0,27,False,False,False,0.006930380593985319,other,41
5371,1342,1,29,27,29,0,16,16,False,False,False,0.006137814838439226,other,2
5372,1343,0,5,15,5,15,0,25,False,False,False,0.06951931118965149,other,10
5373,1343,0,6,47,6,0,15,17,False,False,False,0.043925706297159195,other,41
5374,1343,1,6,1,6,15,0,19,False,False,False,0.056729506701231,other,5
5375,1343,1,5,5,5,0,15,0,True,True,False,0.05393480136990547,correct,0
5376,1344,0,16,7,16,26,38,24,False,False,False,0.07096147537231445,other,9
5377,1344,0,45,24,45,38,26,36,False,False,False,0.019487669691443443,other,21
5378,1344,1,45,35,45,26,38,6,False,False,False,0.015536791644990444,other,10
5379,1344,1,16,45,16,38,26,14,False,False,False,0.08092165738344193,other,29
5380,1345,0,28,31,28,18,15,20,False,False,False,0.021602394059300423,other,3
5381,1345,0,27,28,27,15,18,2,False,False,True,0.026925960555672646,off_by_one,1
5382,1345,1,27,27,27,18,15,7,True,True,False,0.029556898400187492,correct,0
5383,1345,1,28,27,28,15,18,20,False,False,True,0.02348175086081028,off_by_one,1
5384,1346,0,29,28,29,18,6,2,False,False,True,0.01977168768644333,off_by_one,1
5385,1346,0,31,31,31,6,18,6,True,True,False,0.08819364011287689,correct,0
5386,1346,1,31,31,31,18,6,18,True,True,False,0.08806781470775604,correct,0
5387,1346,1,29,1,29,6,18,6,False,False,False,0.01834060624241829,other,28
5388,1347,0,14,43,14,24,15,38,False,False,False,0.050472091883420944,other,29
5389,1347,0,37,43,37,15,24,1,False,False,False,0.00329980137757957,other,6
5390,1347,1,37,43,37,24,15,7,False,False,False,0.0033842166885733604,other,6
5391,1347,1,14,14,14,15,24,0,True,True,False,0.05554434284567833,correct,0
5392,1348,0,41,41,41,14,22,14,True,True,False,0.036418259143829346,correct,0
5393,1348,0,46,43,46,22,14,22,False,False,False,0.05252294987440109,other,3
5394,1348,1,46,0,46,14,22,7,False,False,False,0.05550277605652809,other,46
5395,1348,1,41,41,41,22,14,18,True,True,False,0.027454078197479248,correct,0
5396,1349,0,43,43,43,27,18,27,True,True,False,0.0442546047270298,correct,0
5397,1349,0,18,18,18,18,27,21,True,True,False,0.03570861741900444,correct,0
5398,1349,1,18,44,18,27,18,14,False,False,False,0.031133171170949936,other,26
5399,1349,1,43,46,43,18,27,18,False,False,False,0.04693220928311348,other,3
5400,1350,0,44,44,44,7,24,18,True,True,False,0.03874222934246063,correct,0
5401,1350,0,37,18,37,24,7,14,False,False,False,0.04069533199071884,other,19
5402,1350,1,37,46,37,7,24,24,False,False,False,0.045505374670028687,other,9
5403,1350,1,44,16,44,24,7,14,False,False,False,0.02689523994922638,other,28
5404,1351,0,8,8,8,28,6,14,True,True,False,0.019798871129751205,correct,0
5405,1351,0,18,35,18,6,28,7,False,False,False,0.05069690942764282,other,17
5406,1351,1,18,17,18,28,6,16,False,False,True,0.04905827343463898,off_by_one,1
5407,1351,1,8,8,8,6,28,27,True,True,False,0.0209394171833992,correct,0
5408,1352,0,32,0,32,24,18,18,False,False,False,0.0220507699996233,other,32
5409,1352,0,18,46,18,18,24,18,False,False,False,0.0038181790150702,other,28
5410,1352,1,18,27,18,24,18,24,False,False,False,0.0034787647891789675,other,9
5411,1352,1,32,24,32,18,24,21,False,False,False,0.01474893931299448,other,8
5412,1353,0,35,35,35,24,7,18,True,True,False,0.003517040517181158,correct,0
5413,1353,0,1,1,1,7,24,6,True,True,False,0.059376250952482224,correct,0
5414,1353,1,1,0,1,24,7,4,False,False,True,0.05724343657493591,off_by_one,1
5415,1353,1,35,24,35,7,24,21,False,False,False,0.0037707448936998844,other,11
5416,1354,0,18,18,18,6,23,15,True,True,False,0.029389232397079468,correct,0
5417,1354,0,30,31,30,23,6,14,False,False,True,0.019108859822154045,off_by_one,1
5418,1354,1,30,31,30,6,23,6,False,False,True,0.015258455649018288,off_by_one,1
5419,1354,1,18,18,18,23,6,0,True,True,False,0.0289370846003294,correct,0
5420,1355,0,26,47,26,0,14,23,False,False,False,0.03220529481768608,other,21
5421,1355,0,20,0,20,14,0,0,False,False,False,0.03133120760321617,other,20
5422,1355,1,20,18,20,0,14,17,False,False,False,0.02640639804303646,other,2
5423,1355,1,26,24,26,14,0,14,False,False,False,0.04770234599709511,other,2
5424,1356,0,15,15,15,18,15,10,True,True,False,0.08128863573074341,correct,0
5425,1356,0,27,28,27,15,18,20,False,False,True,0.013208843767642975,off_by_one,1
5426,1356,1,27,0,27,18,15,21,False,False,False,0.015452852472662926,other,27
5427,1356,1,15,16,15,15,18,0,False,False,True,0.07489236444234848,off_by_one,1
5428,1357,0,19,14,19,6,7,6,False,False,False,0.03597533702850342,other,5
5429,1357,0,3,3,3,7,6,38,True,True,False,0.02181309461593628,correct,0
5430,1357,1,3,3,3,6,7,6,True,True,False,0.023505924269557,correct,0
5431,1357,1,19,18,19,7,6,20,False,False,True,0.036006905138492584,off_by_one,1
5432,1358,0,27,17,27,22,15,8,False,False,False,0.01252912636846304,other,10
5433,1358,0,31,31,31,15,22,15,True,True,False,0.03486153110861778,correct,0
5434,1358,1,31,31,31,22,15,18,True,True,False,0.03404935076832771,correct,0
5435,1358,1,27,17,27,15,22,15,False,False,False,0.009670046158134937,other,10
5436,1359,0,29,28,29,0,22,0,False,False,True,0.04804670810699463,off_by_one,1
5437,1359,0,46,46,46,22,0,18,True,True,False,0.022541144862771034,correct,0
5438,1359,1,46,17,46,0,22,17,False,False,False,0.027038462460041046,other,29
5439,1359,1,29,35,29,22,0,14,False,False,False,0.050218187272548676,other,6
5440,1360,0,9,31,9,6,18,6,False,False,False,0.0584486648440361,other,22
5441,1360,0,16,15,16,18,6,17,False,False,True,0.09371832758188248,off_by_one,1
5442,1360,1,16,16,16,6,18,7,True,True,False,0.10125546157360077,correct,0
5443,1360,1,9,9,9,18,6,6,True,True,False,0.06048072874546051,correct,0
5444,1361,0,15,17,15,7,16,0,False,False,False,0.021367061883211136,other,2
5445,1361,0,14,24,14,16,7,16,False,False,False,0.019712574779987335,other,10
5446,1361,1,14,4,14,7,16,7,False,False,False,0.019202562049031258,other,10
5447,1361,1,15,29,15,16,7,1,False,False,False,0.030319055542349815,other,14
5448,1362,0,12,12,12,2,7,18,True,True,False,0.00916146021336317,correct,0
5449,1362,0,30,31,30,7,2,20,False,False,True,0.0496223047375679,off_by_one,1
5450,1362,1,30,12,30,2,7,6,False,False,False,0.04701783508062363,other,18
5451,1362,1,12,28,12,7,2,0,False,False,False,0.013186035677790642,other,16
5452,1363,0,32,28,32,18,38,18,False,False,False,0.01246347464621067,other,4
5453,1363,0,44,44,44,38,18,7,True,True,False,0.011404394172132015,correct,0
5454,1363,1,44,44,44,18,38,24,True,True,False,0.00908961333334446,correct,0
5455,1363,1,32,0,32,38,18,0,False,False,False,0.012720824219286442,other,32
5456,1364,0,33,17,33,17,27,16,False,False,False,0.027373984456062317,other,16
5457,1364,0,30,30,30,27,17,27,True,True,False,0.02243139035999775,correct,0
5458,1364,1,30,46,30,17,27,15,False,False,False,0.02202773652970791,other,16
5459,1364,1,33,12,33,27,17,14,False,False,False,0.027124224230647087,other,21
5460,1365,0,5,7,5,36,18,15,False,False,False,0.02603233978152275,other,2
5461,1365,0,24,24,24,18,36,6,True,True,False,0.008793450891971588,correct,0
5462,1365,1,24,24,24,36,18,36,True,True,False,0.014350011013448238,correct,0
5463,1365,1,5,5,5,18,36,18,True,True,False,0.026930252090096474,correct,0
5464,1366,0,17,3,17,18,6,22,False,False,False,0.054303403943777084,other,14
5465,1366,0,8,8,8,6,18,20,True,True,False,0.09385177493095398,correct,0
5466,1366,1,8,8,8,18,6,30,True,True,False,0.1056864932179451,correct,0
5467,1366,1,17,0,17,6,18,6,False,False,False,0.05404726788401604,other,17
5468,1367,0,8,8,8,8,7,37,True,True,False,0.07337149232625961,correct,0
5469,1367,0,23,47,23,7,8,0,False,False,False,0.13570670783519745,other,24
5470,1367,1,23,15,23,8,7,23,False,False,False,0.11282467097043991,other,8
5471,1367,1,8,8,8,7,8,37,True,True,False,0.07369862496852875,correct,0
5472,1368,0,33,17,33,0,7,23,False,False,False,0.010583363473415375,other,16
5473,1368,0,40,24,40,7,0,32,False,False,False,0.014636215753853321,other,16
5474,1368,1,40,24,40,0,7,0,False,False,False,0.014344894327223301,other,16
5475,1368,1,33,28,33,7,0,15,False,False,False,0.011189620941877365,other,5
5476,1369,0,41,15,41,7,24,19,False,False,False,0.04234959930181503,other,26
5477,1369,0,14,45,14,24,7,6,False,False,False,0.02856372855603695,other,31
5478,1369,1,14,45,14,7,24,7,False,False,False,0.032404396682977676,other,31
5479,1369,1,41,41,41,24,7,21,True,True,False,0.05299758166074753,correct,0
5480,1370,0,48,2,48,14,0,14,False,False,False,0.0301052276045084,other,46
5481,1370,0,30,30,30,0,14,14,True,True,False,0.019445933401584625,correct,0
5482,1370,1,30,30,30,14,0,14,True,True,False,0.012636610306799412,correct,0
5483,1370,1,48,31,48,0,14,17,False,False,False,0.02828855812549591,other,17
5484,1371,0,42,42,42,16,24,15,True,True,False,0.27320048213005066,correct,0
5485,1371,0,16,16,16,24,16,18,True,True,False,0.04788883402943611,correct,0
5486,1371,1,16,16,16,16,24,16,True,True,False,0.053966622799634933,correct,0
5487,1371,1,42,42,42,24,16,10,True,True,False,0.2515171468257904,correct,0
5488,1372,0,7,7,7,12,7,6,True,True,False,0.020642459392547607,correct,0
5489,1372,0,2,2,2,7,12,7,True,True,False,0.009943539276719093,correct,0
5490,1372,1,2,0,2,12,7,26,False,False,False,0.012022594921290874,other,2
5491,1372,1,7,7,7,7,12,14,True,True,False,0.018756788223981857,correct,0
5492,1373,0,37,18,37,21,22,35,False,False,False,0.01659233681857586,other,19
5493,1373,0,23,24,23,22,21,18,False,False,True,0.028286321088671684,off_by_one,1
5494,1373,1,23,15,23,21,22,15,False,False,False,0.027814717963337898,other,8
5495,1373,1,37,43,37,22,21,22,False,False,False,0.02053416520357132,other,6
5496,1374,0,30,30,30,14,6,14,True,True,False,0.06929727643728256,correct,0
5497,1374,0,42,42,42,6,14,4,True,True,False,0.12230982631444931,correct,0
5498,1374,1,42,42,42,14,6,14,True,True,False,0.1311347931623459,correct,0
5499,1374,1,30,31,30,6,14,6,False,False,True,0.07451774924993515,off_by_one,1
5500,1375,0,42,42,42,15,16,10,True,True,False,0.036494482308626175,correct,0
5501,1375,0,23,41,23,16,15,17,False,False,False,0.04950813949108124,other,18
5502,1375,1,23,35,23,15,16,16,False,False,False,0.0438813716173172,other,12
5503,1375,1,42,42,42,16,15,15,True,True,False,0.03563236445188522,correct,0
5504,1376,0,40,18,40,18,7,18,False,False,False,0.016387412324547768,other,22
5505,1376,0,48,15,48,7,18,1,False,False,False,0.052297431975603104,other,33
5506,1376,1,48,46,48,18,7,24,False,False,False,0.051588088274002075,other,2
5507,1376,1,40,40,40,7,18,21,True,True,False,0.02170627936720848,correct,0
5508,1377,0,43,0,43,39,24,7,False,False,False,0.06151250749826431,other,43
5509,1377,0,20,3,20,24,39,7,False,False,False,0.010115258395671844,other,17
5510,1377,1,20,3,20,39,24,1,False,False,False,0.008658547885715961,other,17
5511,1377,1,43,31,43,24,39,0,False,False,False,0.06188081204891205,other,12
5512,1378,0,46,3,46,36,6,24,False,False,False,0.03715698793530464,other,43
5513,1378,0,48,0,48,6,36,15,False,False,False,0.04746265709400177,other,48
5514,1378,1,48,0,48,36,6,30,False,False,False,0.04614555835723877,other,48
5515,1378,1,46,0,46,6,36,7,False,False,False,0.03679564967751503,other,46
5516,1379,0,11,24,11,38,6,14,False,False,False,0.044869620352983475,other,13
5517,1379,0,0,0,0,6,38,6,True,True,False,0.04283097758889198,correct,0
5518,1379,1,0,0,0,38,6,38,True,True,False,0.0386313833296299,correct,0
5519,1379,1,11,17,11,6,38,6,False,False,False,0.04913010075688362,other,6
5520,1380,0,24,24,24,7,23,23,True,True,False,0.008317327126860619,correct,0
5521,1380,0,19,0,19,23,7,0,False,False,False,0.03201403096318245,other,19
5522,1380,1,19,17,19,7,23,7,False,False,False,0.02830418571829796,other,2
5523,1380,1,24,24,24,23,7,23,True,True,False,0.007774075027555227,correct,0
5524,1381,0,36,17,36,34,35,21,False,False,False,0.005303081590682268,other,19
5525,1381,0,38,17,38,35,34,16,False,False,False,0.008778413757681847,other,21
5526,1381,1,38,44,38,34,35,20,False,False,False,0.013697325251996517,other,6
5527,1381,1,36,1,36,35,34,16,False,False,False,0.0038431675639003515,other,35
5528,1382,0,3,0,3,20,15,6,False,False,False,0.0213644877076149,other,3
5529,1382,0,40,18,40,15,20,15,False,False,False,0.005751321092247963,other,22
5530,1382,1,40,44,40,20,15,21,False,False,False,0.0031612683087587357,other,4
5531,1382,1,3,1,3,15,20,15,False,False,False,0.026309126988053322,other,2
5532,1383,0,0,0,0,27,17,17,True,True,False,0.017060313373804092,correct,0
5533,1383,0,24,35,24,17,27,0,False,False,False,0.013140502385795116,other,11
5534,1383,1,24,24,24,27,17,0,True,True,False,0.01700054667890072,correct,0
5535,1383,1,0,2,0,17,27,17,False,False,False,0.01295606791973114,other,2
5536,1384,0,3,0,3,6,24,7,False,False,False,0.03733068332076073,other,3
5537,1384,0,40,47,40,24,6,8,False,False,False,0.061942026019096375,other,7
5538,1384,1,40,0,40,6,24,24,False,False,False,0.05603083223104477,other,40
5539,1384,1,3,3,3,24,6,17,True,True,False,0.04578233137726784,correct,0
5540,1385,0,39,39,39,22,0,24,True,True,False,0.023402657359838486,correct,0
5541,1385,0,38,28,38,0,22,0,False,False,False,0.015713434666395187,other,10
5542,1385,1,38,36,38,22,0,30,False,False,False,0.01479965541511774,other,2
5543,1385,1,39,17,39,0,22,28,False,False,False,0.022900370880961418,other,22
5544,1386,0,39,28,39,37,1,16,False,False,False,0.00996114406734705,other,11
5545,1386,0,5,5,5,1,37,0,True,True,False,0.07345878332853317,correct,0
5546,1386,1,5,5,5,37,1,15,True,True,False,0.07559049129486084,correct,0
5547,1386,1,39,3,39,1,37,17,False,False,False,0.007503790780901909,other,36
5548,1387,0,19,45,19,14,12,0,False,False,False,0.04194820672273636,other,26
5549,1387,0,41,41,41,12,14,36,True,True,False,0.16855169832706451,correct,0
5550,1387,1,41,41,41,14,12,15,True,True,False,0.1638447493314743,correct,0
5551,1387,1,19,18,19,12,14,9,False,False,True,0.035614050924777985,off_by_one,1
5552,1388,0,27,1,27,6,24,26,False,False,False,0.04696955531835556,other,26
5553,1388,0,20,17,20,24,6,16,False,False,False,0.03773428127169609,other,3
5554,1388,1,20,18,20,6,24,29,False,False,False,0.048969559371471405,other,2
5555,1388,1,27,16,27,24,6,14,False,False,False,0.045675016939640045,other,11
5556,1389,0,20,3,20,21,16,21,False,False,False,0.0037214194890111685,other,17
5557,1389,0,8,8,8,16,21,0,True,True,False,0.020950159057974815,correct,0
5558,1389,1,8,8,8,21,16,23,True,True,False,0.0194995179772377,correct,0
5559,1389,1,20,3,20,16,21,15,False,False,False,0.0032417220063507557,other,17
5560,1390,0,8,8,8,17,27,16,True,True,False,0.018929801881313324,correct,0
5561,1390,0,34,5,34,27,17,14,False,False,False,0.010645566508173943,other,29
5562,1390,1,34,34,34,17,27,0,True,True,False,0.018892325460910797,correct,0
5563,1390,1,8,8,8,27,17,14,True,True,False,0.01975356601178646,correct,0
5564,1391,0,3,43,3,24,20,21,False,False,False,0.026792243123054504,other,40
5565,1391,0,35,35,35,20,24,21,True,True,False,0.010293061845004559,correct,0
5566,1391,1,35,35,35,24,20,15,True,True,False,0.00896745640784502,correct,0
5567,1391,1,3,43,3,20,24,21,False,False,False,0.026166006922721863,other,40
5568,1392,0,21,21,21,16,20,16,True,True,False,0.035671167075634,correct,0
5569,1392,0,36,43,36,20,16,20,False,False,False,0.019738152623176575,other,7
5570,1392,1,36,0,36,16,20,14,False,False,False,0.018589168787002563,other,36
5571,1392,1,21,3,21,20,16,19,False,False,False,0.036467865109443665,other,18
5572,1393,0,2,0,2,7,17,17,False,False,False,0.005999132990837097,other,2
5573,1393,0,42,5,42,17,7,17,False,False,False,0.05578852817416191,other,37
5574,1393,1,42,42,42,7,17,7,True,True,False,0.041383884847164154,correct,0
5575,1393,1,2,0,2,17,7,7,False,False,False,0.0066385711543262005,other,2
5576,1394,0,16,15,16,2,6,7,False,False,True,0.012309569865465164,off_by_one,1
5577,1394,0,30,31,30,6,2,8,False,False,True,0.08625460416078568,off_by_one,1
5578,1394,1,30,31,30,2,6,20,False,False,True,0.07891032099723816,off_by_one,1
5579,1394,1,16,24,16,6,2,24,False,False,False,0.01101300586014986,other,8
5580,1395,0,15,15,15,24,15,38,True,True,False,0.009929964318871498,correct,0
5581,1395,0,38,1,38,15,24,17,False,False,False,0.029721669852733612,other,37
5582,1395,1,38,44,38,24,15,7,False,False,False,0.028351204469799995,other,6
5583,1395,1,15,44,15,15,24,17,False,False,False,0.013679464347660542,other,29
5584,1396,0,34,34,34,8,13,6,True,True,False,0.030344557017087936,correct,0
5585,1396,0,28,28,28,13,8,8,True,True,False,0.008756591007113457,correct,0
5586,1396,1,28,47,28,8,13,26,False,False,False,0.0104148518294096,other,19
5587,1396,1,34,47,34,13,8,8,False,False,False,0.02801634557545185,other,13
5588,1397,0,9,28,9,0,7,0,False,False,False,0.017782585695385933,other,19
5589,1397,0,8,8,8,7,0,7,True,True,False,0.02536037378013134,correct,0
5590,1397,1,8,8,8,0,7,14,True,True,False,0.026090392842888832,correct,0
5591,1397,1,9,3,9,7,0,26,False,False,False,0.017701949924230576,other,6
5592,1398,0,33,1,33,8,11,24,False,False,False,0.04331247881054878,other,32
5593,1398,0,46,44,46,11,8,0,False,False,False,0.031235873699188232,other,2
5594,1398,1,46,0,46,8,11,26,False,False,False,0.02746184915304184,other,46
5595,1398,1,33,35,33,11,8,14,False,False,False,0.04774954915046692,other,2
5596,1399,0,32,15,32,6,15,6,False,False,False,0.024941209703683853,other,17
5597,1399,0,24,24,24,15,6,21,True,True,False,0.007701466791331768,correct,0
5598,1399,1,24,24,24,6,15,18,True,True,False,0.007099800277501345,correct,0
5599,1399,1,32,24,32,15,6,15,False,False,False,0.02584824524819851,other,8
5600,1400,0,12,3,12,0,7,0,False,False,False,0.05950566753745079,other,9
5601,1400,0,21,3,21,7,0,7,False,False,False,0.04658973589539528,other,18
5602,1400,1,21,3,21,0,7,10,False,False,False,0.04607325419783592,other,18
5603,1400,1,12,31,12,7,0,0,False,False,False,0.05297181382775307,other,19
5604,1401,0,6,21,6,16,17,14,False,False,False,0.041887182742357254,other,15
5605,1401,0,44,44,44,17,16,10,True,True,False,0.005276120733469725,correct,0
5606,1401,1,44,44,44,16,17,15,True,True,False,0.007704196963459253,correct,0
5607,1401,1,6,46,6,17,16,0,False,False,False,0.04717059060931206,other,40
5608,1402,0,32,32,32,15,36,14,True,True,False,0.0345865935087204,correct,0
5609,1402,0,0,0,0,36,15,24,True,True,False,0.02744290977716446,correct,0
5610,1402,1,0,0,0,15,36,38,True,True,False,0.03094996139407158,correct,0
5611,1402,1,32,32,32,36,15,2,True,True,False,0.03319822624325752,correct,0
5612,1403,0,29,29,29,2,7,2,True,True,False,0.026933958753943443,correct,0
5613,1403,0,48,28,48,7,2,1,False,False,False,0.023877369239926338,other,20
5614,1403,1,48,0,48,2,7,21,False,False,False,0.025721631944179535,other,48
5615,1403,1,29,29,29,7,2,7,True,True,False,0.02622312307357788,correct,0
5616,1404,0,31,31,31,0,1,0,True,True,False,0.05028999596834183,correct,0
5617,1404,0,27,29,27,1,0,1,False,False,False,0.04488571360707283,other,2
5618,1404,1,27,0,27,0,1,0,False,False,False,0.04448035731911659,other,27
5619,1404,1,31,10,31,1,0,1,False,False,False,0.05407573655247688,other,21
5620,1405,0,29,28,29,6,26,6,False,False,True,0.03615845367312431,off_by_one,1
5621,1405,0,46,0,46,26,6,6,False,False,False,0.03194974735379219,other,46
5622,1405,1,46,0,46,6,26,6,False,False,False,0.02761615440249443,other,46
5623,1405,1,29,1,29,26,6,6,False,False,False,0.03013625554740429,other,28
5624,1406,0,29,24,29,7,36,14,False,False,False,0.00737397838383913,other,5
5625,1406,0,14,0,14,36,7,21,False,False,False,0.01687050610780716,other,14
5626,1406,1,14,24,14,7,36,7,False,False,False,0.01825404167175293,other,10
5627,1406,1,29,11,29,36,7,31,False,False,False,0.006238897331058979,other,18
5628,1407,0,32,0,32,0,3,7,False,False,False,0.018698740750551224,other,32
5629,1407,0,40,24,40,3,0,21,False,False,False,0.009430422447621822,other,16
5630,1407,1,40,43,40,0,3,0,False,False,False,0.009930468164384365,other,3
5631,1407,1,32,0,32,3,0,3,False,False,False,0.016007503494620323,other,32
5632,1408,0,22,31,22,32,6,18,False,False,False,0.047390297055244446,other,9
5633,1408,0,8,8,8,6,32,15,True,True,False,0.03518800809979439,correct,0
5634,1408,1,8,8,8,32,6,7,True,True,False,0.03628671169281006,correct,0
5635,1408,1,22,31,22,6,32,6,False,False,False,0.0435565710067749,other,9
5636,1409,0,34,24,34,16,14,16,False,False,False,0.028474781662225723,other,10
5637,1409,0,29,35,29,14,16,11,False,False,False,0.02141566202044487,other,6
5638,1409,1,29,16,29,16,14,16,False,False,False,0.019690779969096184,other,13
5639,1409,1,34,34,34,14,16,14,True,True,False,0.02877434715628624,correct,0
5640,1410,0,6,18,6,15,16,17,False,False,False,0.06663791835308075,other,12
5641,1410,0,26,24,26,16,15,16,False,False,False,0.02569681778550148,other,2
5642,1410,1,26,24,26,15,16,15,False,False,False,0.023244062438607216,other,2
5643,1410,1,6,6,6,16,15,31,True,True,False,0.07116883248090744,correct,0
5644,1411,0,27,27,27,15,6,16,True,True,False,0.029585182666778564,correct,0
5645,1411,0,36,0,36,6,15,6,False,False,False,0.01321368757635355,other,36
5646,1411,1,36,1,36,15,6,0,False,False,False,0.012421328574419022,other,35
5647,1411,1,27,0,27,6,15,6,False,False,False,0.02677343040704727,other,27
5648,1412,0,23,15,23,38,24,38,False,False,False,0.058814823627471924,other,8
5649,1412,0,28,28,28,24,38,15,True,True,False,0.010200560092926025,correct,0
5650,1412,1,28,27,28,38,24,20,False,False,True,0.011853755451738834,off_by_one,1
5651,1412,1,23,41,23,24,38,17,False,False,False,0.055847447365522385,other,18
5652,1413,0,8,8,8,7,1,18,True,True,False,0.024507932364940643,correct,0
5653,1413,0,16,15,16,1,7,0,False,False,True,0.03277060389518738,off_by_one,1
5654,1413,1,16,15,16,7,1,27,False,False,True,0.03850186616182327,off_by_one,1
5655,1413,1,8,8,8,1,7,15,True,True,False,0.02514605224132538,correct,0
5656,1414,0,8,8,8,6,33,27,True,True,False,0.09199699759483337,correct,0
5657,1414,0,21,3,21,33,6,38,False,False,False,0.04405393451452255,other,18
5658,1414,1,21,31,21,6,33,17,False,False,False,0.04241905361413956,other,10
5659,1414,1,8,8,8,33,6,0,True,True,False,0.08951247483491898,correct,0
5660,1415,0,29,35,29,6,7,6,False,False,False,0.047818902879953384,other,6
5661,1415,0,44,44,44,7,6,1,True,True,False,0.011455793865025043,correct,0
5662,1415,1,44,24,44,6,7,6,False,False,False,0.012333348393440247,other,20
5663,1415,1,29,28,29,7,6,21,False,False,True,0.04983200132846832,off_by_one,1
5664,1416,0,27,32,27,20,12,0,False,False,False,0.023129800334572792,other,5
5665,1416,0,30,30,30,12,20,6,True,True,False,0.00958322361111641,correct,0
5666,1416,1,30,30,30,20,12,30,True,True,False,0.009296822361648083,correct,0
5667,1416,1,27,2,27,12,20,18,False,False,False,0.02170788310468197,other,25
5668,1417,0,21,31,21,16,14,14,False,False,False,0.02734319306910038,other,10
5669,1417,0,36,2,36,14,16,0,False,False,False,0.030042527243494987,other,34
5670,1417,1,36,28,36,16,14,16,False,False,False,0.02675204910337925,other,8
5671,1417,1,21,31,21,14,16,16,False,False,False,0.032976359128952026,other,10
5672,1418,0,43,43,43,27,7,14,True,True,False,0.0051438091322779655,correct,0
5673,1418,0,35,35,35,7,27,0,True,True,False,0.013403026387095451,correct,0
5674,1418,1,35,35,35,27,7,38,True,True,False,0.01668318547308445,correct,0
5675,1418,1,43,0,43,7,27,7,False,False,False,0.00369411357678473,other,43
5676,1419,0,3,2,3,16,24,17,False,False,True,0.027247892692685127,off_by_one,1
5677,1419,0,35,35,35,24,16,21,True,True,False,0.0026057050563395023,correct,0
5678,1419,1,35,35,35,16,24,14,True,True,False,0.0044370051473379135,correct,0
5679,1419,1,3,0,3,24,16,14,False,False,False,0.02294059656560421,other,3
5680,1420,0,0,0,0,27,7,14,True,True,False,0.01491676364094019,correct,0
5681,1420,0,4,4,4,7,27,14,True,True,False,0.007183689158409834,correct,0
5682,1420,1,4,24,4,27,7,0,False,False,False,0.00838287454098463,other,20
5683,1420,1,0,0,0,7,27,7,True,True,False,0.014642114751040936,correct,0
5684,1421,0,38,17,38,16,15,17,False,False,False,0.021298494189977646,other,21
5685,1421,0,18,18,18,15,16,27,True,True,False,0.03063119947910309,correct,0
5686,1421,1,18,4,18,16,15,14,False,False,False,0.030905939638614655,other,14
5687,1421,1,38,28,38,15,16,0,False,False,False,0.021768787875771523,other,10
5688,1422,0,29,1,29,16,18,31,False,False,False,0.00921591091901064,other,28
5689,1422,0,0,0,0,18,16,30,True,True,False,0.01271767821162939,correct,0
5690,1422,1,0,0,0,16,18,14,True,True,False,0.019585806876420975,correct,0
5691,1422,1,29,28,29,18,16,7,False,False,True,0.006894002668559551,off_by_one,1
5692,1423,0,40,43,40,12,10,24,False,False,False,0.004973094444721937,other,3
5693,1423,0,33,17,33,10,12,14,False,False,False,0.03089858964085579,other,16
5694,1423,1,33,33,33,12,10,30,True,True,False,0.03680238872766495,correct,0
5695,1423,1,40,40,40,10,12,21,True,True,False,0.004561427980661392,correct,0
5696,1424,0,9,1,9,6,7,7,False,False,False,0.06441030651330948,other,8
5697,1424,0,47,4,47,7,6,0,False,False,False,0.03616118058562279,other,43
5698,1424,1,47,47,47,6,7,12,True,True,False,0.03416267782449722,correct,0
5699,1424,1,9,9,9,7,6,30,True,True,False,0.0644197091460228,correct,0
5700,1425,0,32,17,32,14,12,14,False,False,False,0.01855398342013359,other,15
5701,1425,0,46,1,46,12,14,4,False,False,False,0.029962552711367607,other,45
5702,1425,1,46,1,46,14,12,14,False,False,False,0.033327456563711166,other,45
5703,1425,1,32,28,32,12,14,21,False,False,False,0.016586842015385628,other,4
5704,1426,0,44,44,44,6,14,6,True,True,False,0.021761037409305573,correct,0
5705,1426,0,10,28,10,14,6,0,False,False,False,0.006445605773478746,other,18
5706,1426,1,10,28,10,6,14,6,False,False,False,0.007270229514688253,other,18
5707,1426,1,44,44,44,14,6,38,True,True,False,0.02063789777457714,correct,0
5708,1427,0,6,15,6,26,17,26,False,False,False,0.03990292176604271,other,9
5709,1427,0,5,5,5,17,26,0,True,True,False,0.07459261268377304,correct,0
5710,1427,1,5,5,5,26,17,24,True,True,False,0.07223239541053772,correct,0
5711,1427,1,6,1,6,17,26,7,False,False,False,0.04570581391453743,other,5
5712,1428,0,5,5,5,11,6,0,True,True,False,0.03463828191161156,correct,0
5713,1428,0,43,0,43,6,11,26,False,False,False,0.037387166172266006,other,43
5714,1428,1,43,2,43,11,6,38,False,False,False,0.04351285099983215,other,41
5715,1428,1,5,5,5,6,11,26,True,True,False,0.029751436784863472,correct,0
5716,1429,0,2,2,2,6,2,6,True,True,False,0.044141560792922974,correct,0
5717,1429,0,14,24,14,2,6,29,False,False,False,0.06077725067734718,other,10
5718,1429,1,14,44,14,6,2,6,False,False,False,0.05699722468852997,other,30
5719,1429,1,2,46,2,2,6,6,False,False,False,0.0460132360458374,other,44
5720,1430,0,47,44,47,0,6,20,False,False,False,0.019358035176992416,other,3
5721,1430,0,13,6,13,6,0,7,False,False,False,0.037825826555490494,other,7
5722,1430,1,13,3,13,0,6,0,False,False,False,0.0412517786026001,other,10
5723,1430,1,47,47,47,6,0,6,True,True,False,0.017908383160829544,correct,0
5724,1431,0,20,18,20,7,16,6,False,False,False,0.05454503372311592,other,2
5725,1431,0,32,17,32,16,7,15,False,False,False,0.04075964540243149,other,15
5726,1431,1,32,32,32,7,16,1,True,True,False,0.04712700471282005,correct,0
5727,1431,1,20,18,20,16,7,21,False,False,False,0.04994048550724983,other,2
5728,1432,0,18,18,18,15,16,21,True,True,False,0.011899679899215698,correct,0
5729,1432,0,16,16,16,16,15,14,True,True,False,0.06508668512105942,correct,0
5730,1432,1,16,15,16,15,16,20,False,False,True,0.06589323282241821,off_by_one,1
5731,1432,1,18,40,18,16,15,21,False,False,False,0.012674772180616856,other,22
5732,1433,0,32,32,32,7,19,6,True,True,False,0.037831466645002365,correct,0
5733,1433,0,19,17,19,19,7,3,False,False,False,0.0344284325838089,other,2
5734,1433,1,19,2,19,7,19,6,False,False,False,0.032405462116003036,other,17
5735,1433,1,32,32,32,19,7,30,True,True,False,0.035941146314144135,correct,0
5736,1434,0,24,35,24,14,24,14,False,False,False,0.006294840946793556,other,11
5737,1434,0,0,17,0,24,14,7,False,False,False,0.046921297907829285,other,17
5738,1434,1,0,0,0,14,24,14,True,True,False,0.047362521290779114,correct,0
5739,1434,1,24,24,24,24,14,21,True,True,False,0.006357432343065739,correct,0
5740,1435,0,15,15,15,6,16,6,True,True,False,0.029716141521930695,correct,0
5741,1435,0,45,35,45,16,6,14,False,False,False,0.029002876952290535,other,10
5742,1435,1,45,45,45,6,16,7,True,True,False,0.024374544620513916,correct,0
5743,1435,1,15,15,15,16,6,14,True,True,False,0.02634536102414131,correct,0
5744,1436,0,8,8,8,6,14,6,True,True,False,0.017955493181943893,correct,0
5745,1436,0,36,46,36,14,6,23,False,False,False,0.02446679398417473,other,10
5746,1436,1,36,2,36,6,14,6,False,False,False,0.019229793921113014,other,34
5747,1436,1,8,8,8,14,6,14,True,True,False,0.018380334600806236,correct,0
5748,1437,0,41,41,41,17,27,0,True,True,False,0.025382699444890022,correct,0
5749,1437,0,35,44,35,27,17,14,False,False,False,0.005754352547228336,other,9
5750,1437,1,35,35,35,17,27,38,True,True,False,0.005079876631498337,correct,0
5751,1437,1,41,41,41,27,17,27,True,True,False,0.020996298640966415,correct,0
5752,1438,0,8,8,8,7,15,7,True,True,False,0.01079921517521143,correct,0
5753,1438,0,7,7,7,15,7,36,True,True,False,0.015054882504045963,correct,0
5754,1438,1,7,7,7,7,15,7,True,True,False,0.010980495251715183,correct,0
5755,1438,1,8,8,8,15,7,7,True,True,False,0.02085040509700775,correct,0
5756,1439,0,38,3,38,4,1,4,False,False,False,0.013740641064941883,other,35
5757,1439,0,3,2,3,1,4,17,False,False,True,0.025834837928414345,off_by_one,1
5758,1439,1,3,43,3,4,1,36,False,False,False,0.025663364678621292,other,40
5759,1439,1,38,11,38,1,4,15,False,False,False,0.01585705578327179,other,27
5760,1440,0,48,28,48,14,27,7,False,False,False,0.020579373463988304,other,20
5761,1440,0,28,28,28,27,14,14,True,True,False,0.014841808937489986,correct,0
5762,1440,1,28,28,28,14,27,14,True,True,False,0.01723923161625862,correct,0
5763,1440,1,48,2,48,27,14,14,False,False,False,0.017457542940974236,other,46
5764,1441,0,37,2,37,18,12,12,False,False,False,0.022290101274847984,other,35
5765,1441,0,35,35,35,12,18,18,True,True,False,0.00922973733395338,correct,0
5766,1441,1,35,35,35,18,12,3,True,True,False,0.01113421842455864,correct,0
5767,1441,1,37,2,37,12,18,8,False,False,False,0.020869946107268333,other,35
5768,1442,0,18,0,18,18,22,18,False,False,False,0.054347991943359375,other,18
5769,1442,0,32,32,32,22,18,14,True,True,False,0.03636782243847847,correct,0
5770,1442,1,32,28,32,18,22,18,False,False,False,0.03554939106106758,other,4
5771,1442,1,18,17,18,22,18,18,False,False,True,0.05234433338046074,off_by_one,1
5772,1443,0,3,3,3,37,15,0,True,True,False,0.017350656911730766,correct,0
5773,1443,0,36,3,36,15,37,0,False,False,False,0.009270642884075642,other,33
5774,1443,1,36,3,36,37,15,17,False,False,False,0.012004378251731396,other,33
5775,1443,1,3,2,3,15,37,20,False,False,True,0.013206135481595993,off_by_one,1
5776,1444,0,33,27,33,18,16,19,False,False,False,0.04354404658079147,other,6
5777,1444,0,38,11,38,16,18,16,False,False,False,0.02178695797920227,other,27
5778,1444,1,38,36,38,18,16,21,False,False,False,0.022795597091317177,other,2
5779,1444,1,33,28,33,16,18,14,False,False,False,0.038902997970581055,other,5
5780,1445,0,10,28,10,12,7,12,False,False,False,0.040539808571338654,other,18
5781,1445,0,18,3,18,7,12,17,False,False,False,0.032061703503131866,other,15
5782,1445,1,18,1,18,12,7,24,False,False,False,0.031778786331415176,other,17
5783,1445,1,10,11,10,7,12,7,False,False,True,0.041078295558691025,off_by_one,1
5784,1446,0,42,42,42,0,27,23,True,True,False,0.054089851677417755,correct,0
5785,1446,0,4,45,4,27,0,0,False,False,False,0.029371414333581924,other,41
5786,1446,1,4,3,4,0,27,28,False,False,True,0.028694136068224907,off_by_one,1
5787,1446,1,42,42,42,27,0,14,True,True,False,0.057738564908504486,correct,0
5788,1447,0,23,35,23,38,18,14,False,False,False,0.054315224289894104,other,12
5789,1447,0,43,43,43,18,38,7,True,True,False,0.04830686375498772,correct,0
5790,1447,1,43,2,43,38,18,38,False,False,False,0.052068158984184265,other,41
5791,1447,1,23,41,23,18,38,26,False,False,False,0.043540108948946,other,18
5792,1448,0,36,1,36,26,6,6,False,False,False,0.026780860498547554,other,35
5793,1448,0,8,8,8,6,26,7,True,True,False,0.09409451484680176,correct,0
5794,1448,1,8,8,8,26,6,20,True,True,False,0.10538376867771149,correct,0
5795,1448,1,36,24,36,6,26,26,False,False,False,0.029470354318618774,other,12
5796,1449,0,14,45,14,16,14,16,False,False,False,0.022447649389505386,other,31
5797,1449,0,6,6,6,14,16,14,True,True,False,0.06163724884390831,correct,0
5798,1449,1,6,3,6,16,14,16,False,False,False,0.051806624978780746,other,3
5799,1449,1,14,44,14,14,16,14,False,False,False,0.022707533091306686,other,30
5800,1450,0,0,43,0,36,24,24,False,False,False,0.06657309085130692,other,43
5801,1450,0,34,47,34,24,36,24,False,False,False,0.0155037147924304,other,13
5802,1450,1,34,34,34,36,24,15,True,True,False,0.020786883309483528,correct,0
5803,1450,1,0,0,0,24,36,7,True,True,False,0.06194308027625084,correct,0
5804,1451,0,42,42,42,16,14,16,True,True,False,0.1795942783355713,correct,0
5805,1451,0,5,5,5,14,16,0,True,True,False,0.04128412902355194,correct,0
5806,1451,1,5,5,5,16,14,16,True,True,False,0.04797372967004776,correct,0
5807,1451,1,42,42,42,14,16,27,True,True,False,0.17318616807460785,correct,0
5808,1452,0,25,35,25,7,38,17,False,False,False,0.008092280477285385,other,10
5809,1452,0,42,5,42,38,7,7,False,False,False,0.08001554757356644,other,37
5810,1452,1,42,42,42,7,38,10,True,True,False,0.07891073077917099,correct,0
5811,1452,1,25,15,25,38,7,7,False,False,False,0.008407646790146828,other,10
5812,1453,0,15,15,15,6,14,6,True,True,False,0.017186161130666733,correct,0
5813,1453,0,19,3,19,14,6,23,False,False,False,0.05397350341081619,other,16
5814,1453,1,19,0,19,6,14,26,False,False,False,0.05091453343629837,other,19
5815,1453,1,15,15,15,14,6,31,True,True,False,0.01946137845516205,correct,0
5816,1454,0,7,7,7,17,6,0,True,True,False,0.05058969929814339,correct,0
5817,1454,0,0,0,0,6,17,6,True,True,False,0.016586657613515854,correct,0
5818,1454,1,0,0,0,17,6,17,True,True,False,0.01904289796948433,correct,0
5819,1454,1,7,7,7,6,17,12,True,True,False,0.04068741947412491,correct,0
5820,1455,0,48,2,48,10,12,16,False,False,False,0.02927703782916069,other,46
5821,1455,0,22,22,22,12,10,6,True,True,False,0.0394681841135025,correct,0
5822,1455,1,22,0,22,10,12,16,False,False,False,0.03642434999346733,other,22
5823,1455,1,48,3,48,12,10,26,False,False,False,0.029781175777316093,other,45
5824,1456,0,4,24,4,15,16,0,False,False,False,0.0015698173083364964,other,20
5825,1456,0,44,44,44,16,15,16,True,True,False,0.0070298463106155396,correct,0
5826,1456,1,44,44,44,15,16,21,True,True,False,0.004977850709110498,correct,0
5827,1456,1,4,35,4,16,15,0,False,False,False,0.0023963632993400097,other,31
5828,1457,0,19,3,19,27,0,15,False,False,False,0.03184084966778755,other,16
5829,1457,0,47,34,47,0,27,27,False,False,False,0.011264565400779247,other,13
5830,1457,1,47,46,47,27,0,27,False,False,True,0.011813506484031677,off_by_one,1
5831,1457,1,19,2,19,0,27,0,False,False,False,0.03342718631029129,other,17
5832,1458,0,26,35,26,15,18,16,False,False,False,0.011928193271160126,other,9
5833,1458,0,33,32,33,18,15,21,False,False,True,0.03094874694943428,off_by_one,1
5834,1458,1,33,1,33,15,18,16,False,False,False,0.028480350971221924,other,32
5835,1458,1,26,44,26,18,15,15,False,False,False,0.012953178025782108,other,18
5836,1459,0,1,24,1,15,21,0,False,False,False,0.006850086618214846,other,23
5837,1459,0,5,5,5,21,15,0,True,True,False,0.022108104079961777,correct,0
5838,1459,1,5,15,5,15,21,25,False,False,False,0.025261402130126953,other,10
5839,1459,1,1,17,1,21,15,21,False,False,False,0.0059781442396342754,other,16
5840,1460,0,27,45,27,27,0,31,False,False,False,0.07356814295053482,other,18
5841,1460,0,41,41,41,0,27,39,True,True,False,0.11968817561864853,correct,0
5842,1460,1,41,41,41,27,0,17,True,True,False,0.12688685953617096,correct,0
5843,1460,1,27,0,27,0,27,15,False,False,False,0.08578133583068848,other,27
5844,1461,0,17,18,17,12,15,18,False,False,True,0.04911234229803085,off_by_one,1
5845,1461,0,1,1,1,15,12,24,True,True,False,0.022697465494275093,correct,0
5846,1461,1,1,0,1,12,15,6,False,False,True,0.022562546655535698,off_by_one,1
5847,1461,1,17,17,17,15,12,21,True,True,False,0.04816501960158348,correct,0
5848,1462,0,33,28,33,18,7,26,False,False,False,0.08916932344436646,other,5
5849,1462,0,30,30,30,7,18,1,True,True,False,0.07668261975049973,correct,0
5850,1462,1,30,30,30,18,7,18,True,True,False,0.06840156763792038,correct,0
5851,1462,1,33,28,33,7,18,6,False,False,False,0.08129765093326569,other,5
5852,1463,0,11,28,11,27,16,11,False,False,False,0.024946294724941254,other,17
5853,1463,0,27,0,27,16,27,0,False,False,False,0.08268587291240692,other,27
5854,1463,1,27,29,27,27,16,14,False,False,False,0.06561824679374695,other,2
5855,1463,1,11,29,11,16,27,27,False,False,False,0.026636259630322456,other,18
5856,1464,0,25,35,25,7,17,7,False,False,False,0.013524106703698635,other,10
5857,1464,0,43,0,43,17,7,17,False,False,False,0.049092601984739304,other,43
5858,1464,1,43,43,43,7,17,0,True,True,False,0.04611608386039734,correct,0
5859,1464,1,25,35,25,17,7,0,False,False,False,0.013393772765994072,other,10
5860,1465,0,24,35,24,16,2,16,False,False,False,0.022547949105501175,other,11
5861,1465,0,25,15,25,2,16,38,False,False,False,0.03501390293240547,other,10
5862,1465,1,25,35,25,16,2,14,False,False,False,0.03861965984106064,other,10
5863,1465,1,24,45,24,2,16,24,False,False,False,0.023737521842122078,other,21
5864,1466,0,19,18,19,1,5,17,False,False,True,0.03604461997747421,off_by_one,1
5865,1466,0,48,2,48,5,1,5,False,False,False,0.020819947123527527,other,46
5866,1466,1,48,24,48,1,5,7,False,False,False,0.017344439402222633,other,24
5867,1466,1,19,17,19,5,1,6,False,False,False,0.0364198312163353,other,2
5868,1467,0,33,46,33,38,39,7,False,False,False,0.045113906264305115,other,13
5869,1467,0,41,41,41,39,38,17,True,True,False,0.02132677100598812,correct,0
5870,1467,1,41,47,41,38,39,14,False,False,False,0.022617390379309654,other,6
5871,1467,1,33,31,33,39,38,14,False,False,False,0.042695581912994385,other,2
5872,1468,0,34,34,34,36,15,1,True,True,False,0.01763850450515747,correct,0
5873,1468,0,42,42,42,15,36,17,True,True,False,0.042968664318323135,correct,0
5874,1468,1,42,42,42,36,15,18,True,True,False,0.043667588382959366,correct,0
5875,1468,1,34,16,34,15,36,20,False,False,False,0.021908549591898918,other,18
5876,1469,0,13,47,13,18,6,30,False,False,False,0.06862185895442963,other,34
5877,1469,0,5,5,5,6,18,26,True,True,False,0.014131077565252781,correct,0
5878,1469,1,5,5,5,18,6,15,True,True,False,0.01629100739955902,correct,0
5879,1469,1,13,40,13,6,18,30,False,False,False,0.0647040531039238,other,27
5880,1470,0,17,17,17,6,17,6,True,True,False,0.0423676036298275,correct,0
5881,1470,0,30,30,30,17,6,17,True,True,False,0.06101975217461586,correct,0
5882,1470,1,30,30,30,6,17,6,True,True,False,0.05619906634092331,correct,0
5883,1470,1,17,17,17,17,6,0,True,True,False,0.04588573798537254,correct,0
5884,1471,0,33,17,33,24,6,7,False,False,False,0.045217134058475494,other,16
5885,1471,0,15,15,15,6,24,7,True,True,False,0.08990366756916046,correct,0
5886,1471,1,15,47,15,24,6,0,False,False,False,0.09198702871799469,other,32
5887,1471,1,33,28,33,6,24,6,False,False,False,0.04195629805326462,other,5
5888,1472,0,21,31,21,8,2,20,False,False,False,0.04465459659695625,other,10
5889,1472,0,45,24,45,2,8,2,False,False,False,0.01911386474967003,other,21
5890,1472,1,45,24,45,8,2,24,False,False,False,0.0178964976221323,other,21
5891,1472,1,21,21,21,2,8,6,True,True,False,0.04268760606646538,correct,0
5892,1473,0,37,3,37,35,7,25,False,False,False,0.012324631214141846,other,34
5893,1473,0,21,21,21,7,35,0,True,True,False,0.04533388465642929,correct,0
5894,1473,1,21,21,21,35,7,10,True,True,False,0.04953240230679512,correct,0
5895,1473,1,37,2,37,7,35,17,False,False,False,0.010359136387705803,other,35
5896,1474,0,16,15,16,2,1,7,False,False,True,0.047597650438547134,off_by_one,1
5897,1474,0,32,24,32,1,2,15,False,False,False,0.05401739850640297,other,8
5898,1474,1,32,15,32,2,1,6,False,False,False,0.05674903839826584,other,17
5899,1474,1,16,31,16,1,2,20,False,False,False,0.04467868432402611,other,15
5900,1475,0,27,44,27,2,8,2,False,False,False,0.016724806278944016,other,17
5901,1475,0,4,15,4,8,2,24,False,False,False,0.0277788694947958,other,11
5902,1475,1,4,4,4,2,8,2,True,True,False,0.02922569029033184,correct,0
5903,1475,1,27,17,27,8,2,0,False,False,False,0.015876345336437225,other,10
5904,1476,0,31,15,31,7,19,19,False,False,False,0.044515933841466904,other,16
5905,1476,0,5,5,5,19,7,19,True,True,False,0.023787004873156548,correct,0
5906,1476,1,5,5,5,7,19,0,True,True,False,0.020558016374707222,correct,0
5907,1476,1,31,31,31,19,7,19,True,True,False,0.038398582488298416,correct,0
5908,1477,0,20,31,20,16,26,16,False,False,False,0.06508796662092209,other,11
5909,1477,0,12,31,12,26,16,24,False,False,False,0.08813241124153137,other,19
5910,1477,1,12,1,12,16,26,16,False,False,False,0.08837064355611801,other,11
5911,1477,1,20,24,20,26,16,6,False,False,False,0.06016779690980911,other,4
5912,1478,0,16,15,16,24,16,15,False,False,True,0.09726154804229736,off_by_one,1
5913,1478,0,3,43,3,16,24,15,False,False,False,0.040548745542764664,other,40
5914,1478,1,3,43,3,24,16,21,False,False,False,0.038510069251060486,other,40
5915,1478,1,16,16,16,16,24,31,True,True,False,0.09809673577547073,correct,0
5916,1479,0,42,42,42,7,0,24,True,True,False,0.06853191554546356,correct,0
5917,1479,0,20,18,20,0,7,0,False,False,False,0.06171759217977524,other,2
5918,1479,1,20,24,20,7,0,34,False,False,False,0.050692614167928696,other,4
5919,1479,1,42,42,42,0,7,27,True,True,False,0.06654616445302963,correct,0
5920,1480,0,18,18,18,7,37,2,True,True,False,0.056814923882484436,correct,0
5921,1480,0,39,1,39,37,7,0,False,False,False,0.029717877507209778,other,38
5922,1480,1,39,31,39,7,37,15,False,False,False,0.02548784576356411,other,8
5923,1480,1,18,17,18,37,7,27,False,False,True,0.058118388056755066,off_by_one,1
5924,1481,0,22,0,22,38,18,38,False,False,False,0.0409209206700325,other,22
5925,1481,0,10,28,10,18,38,6,False,False,False,0.03579779341816902,other,18
5926,1481,1,10,29,10,38,18,14,False,False,False,0.03655806556344032,other,19
5927,1481,1,22,22,22,18,38,6,True,True,False,0.04235244169831276,correct,0
5928,1482,0,17,17,17,12,8,26,True,True,False,0.05343245714902878,correct,0
5929,1482,0,1,1,1,8,12,7,True,True,False,0.05844816192984581,correct,0
5930,1482,1,1,17,1,12,8,12,False,False,False,0.06039704754948616,other,16
5931,1482,1,17,17,17,8,12,6,True,True,False,0.05514143034815788,correct,0
5932,1483,0,28,0,28,8,14,6,False,False,False,0.008359644562005997,other,28
5933,1483,0,32,32,32,14,8,14,True,True,False,0.0066166347824037075,correct,0
5934,1483,1,32,32,32,8,14,24,True,True,False,0.005882397294044495,correct,0
5935,1483,1,28,32,28,14,8,14,False,False,False,0.011765346862375736,other,4
5936,1484,0,7,31,7,7,15,16,False,False,False,0.105521559715271,other,24
5937,1484,0,47,47,47,15,7,14,True,True,False,0.03684001415967941,correct,0
5938,1484,1,47,47,47,7,15,16,True,True,False,0.03334466740489006,correct,0
5939,1484,1,7,7,7,15,7,14,True,True,False,0.11532844603061676,correct,0
5940,1485,0,46,0,46,7,11,7,False,False,False,0.0036317300982773304,other,46
5941,1485,0,30,31,30,11,7,0,False,False,True,0.04174795746803284,off_by_one,1
5942,1485,1,30,31,30,7,11,15,False,False,True,0.040775950998067856,off_by_one,1
5943,1485,1,46,44,46,11,7,1,False,False,False,0.0047419206239283085,other,2
5944,1486,0,25,35,25,1,7,17,False,False,False,0.01839977130293846,other,10
5945,1486,0,31,31,31,7,1,20,True,True,False,0.10845353454351425,correct,0
5946,1486,1,31,31,31,1,7,6,True,True,False,0.0999852642416954,correct,0
5947,1486,1,25,4,25,7,1,15,False,False,False,0.022471431642770767,other,21
5948,1487,0,33,17,33,1,16,17,False,False,False,0.03424596041440964,other,16
5949,1487,0,40,47,40,16,1,16,False,False,False,0.02922554314136505,other,7
5950,1487,1,40,27,40,1,16,1,False,False,False,0.02854115143418312,other,13
5951,1487,1,33,32,33,16,1,16,False,False,True,0.037630464881658554,off_by_one,1
5952,1488,0,27,27,27,6,7,6,True,True,False,0.02783648855984211,correct,0
5953,1488,0,2,2,2,7,6,30,True,True,False,0.05168001726269722,correct,0
5954,1488,1,2,0,2,6,7,26,False,False,False,0.048238158226013184,other,2
5955,1488,1,27,27,27,7,6,20,True,True,False,0.029167814180254936,correct,0
5956,1489,0,21,20,21,17,15,17,False,False,True,0.023087717592716217,off_by_one,1
5957,1489,0,11,31,11,15,17,0,False,False,False,0.016510196030139923,other,20
5958,1489,1,11,0,11,17,15,0,False,False,False,0.019227759912610054,other,11
5959,1489,1,21,21,21,15,17,21,True,True,False,0.02062399312853813,correct,0
5960,1490,0,39,39,39,0,23,28,True,True,False,0.016081256791949272,correct,0
5961,1490,0,23,15,23,23,0,23,False,False,False,0.010745146311819553,other,8
5962,1490,1,23,15,23,0,23,1,False,False,False,0.00784952100366354,other,8
5963,1490,1,39,17,39,23,0,16,False,False,False,0.01844339445233345,other,22
5964,1491,0,30,31,30,18,7,7,False,False,True,0.010894539766013622,off_by_one,1
5965,1491,0,31,32,31,7,18,10,False,False,True,0.09342191368341446,off_by_one,1
5966,1491,1,31,31,31,18,7,18,True,True,False,0.09023157507181168,correct,0
5967,1491,1,30,1,30,7,18,2,False,False,False,0.011477652937173843,other,29
5968,1492,0,2,2,2,27,16,14,True,True,False,0.02426379919052124,correct,0
5969,1492,0,29,28,29,16,27,0,False,False,True,0.021032916381955147,off_by_one,1
5970,1492,1,29,12,29,27,16,14,False,False,False,0.020328665152192116,other,17
5971,1492,1,2,17,2,16,27,37,False,False,False,0.025115327909588814,other,15
5972,1493,0,32,17,32,13,6,6,False,False,False,0.017258668318390846,other,15
5973,1493,0,48,3,48,6,13,26,False,False,False,0.04483359679579735,other,45
5974,1493,1,48,0,48,13,6,6,False,False,False,0.0386599525809288,other,48
5975,1493,1,32,32,32,6,13,30,True,True,False,0.016710516065359116,correct,0
5976,1494,0,39,39,39,15,7,0,True,True,False,0.014887647703289986,correct,0
5977,1494,0,24,24,24,7,15,15,True,True,False,0.008025017566978931,correct,0
5978,1494,1,24,24,24,15,7,17,True,True,False,0.009531712159514427,correct,0
5979,1494,1,39,0,39,7,15,7,False,False,False,0.010577375069260597,other,39
5980,1495,0,41,41,41,36,7,6,True,True,False,0.04312004894018173,correct,0
5981,1495,0,29,27,29,7,36,7,False,False,False,0.04439063370227814,other,2
5982,1495,1,29,15,29,36,7,7,False,False,False,0.04373385012149811,other,14
5983,1495,1,41,41,41,7,36,39,True,True,False,0.04228765144944191,correct,0
5984,1496,0,34,7,34,24,7,4,False,False,False,0.02026541158556938,other,27
5985,1496,0,15,15,15,7,24,0,True,True,False,0.09332845360040665,correct,0
5986,1496,1,15,42,15,24,7,19,False,False,False,0.09820783883333206,other,27
5987,1496,1,34,34,34,7,24,24,True,True,False,0.02518577314913273,correct,0
5988,1497,0,24,15,24,26,17,6,False,False,False,0.02564200572669506,other,9
5989,1497,0,13,4,13,17,26,15,False,False,False,0.032407019287347794,other,9
5990,1497,1,13,13,13,26,17,26,True,True,False,0.03324488177895546,correct,0
5991,1497,1,24,24,24,17,26,0,True,True,False,0.02241649106144905,correct,0
5992,1498,0,41,41,41,8,2,24,True,True,False,0.06334450840950012,correct,0
5993,1498,0,23,41,23,2,8,7,False,False,False,0.033048488199710846,other,18
5994,1498,1,23,41,23,8,2,4,False,False,False,0.033887527883052826,other,18
5995,1498,1,41,41,41,2,8,2,True,True,False,0.07234060019254684,correct,0
5996,1499,0,11,29,11,8,2,2,False,False,False,0.052501972764730453,other,18
5997,1499,0,16,15,16,2,8,7,False,False,True,0.07457783818244934,off_by_one,1
5998,1499,1,16,15,16,8,2,6,False,False,True,0.07636328041553497,off_by_one,1
5999,1499,1,11,28,11,2,8,19,False,False,False,0.051986195147037506,other,17
6000,1500,0,32,32,32,18,16,18,True,True,False,0.006122864317148924,correct,0
6001,1500,0,24,44,24,16,18,14,False,False,False,0.012284496799111366,other,20
6002,1500,1,24,24,24,18,16,24,True,True,False,0.010243537835776806,correct,0
6003,1500,1,32,1,32,16,18,14,False,False,False,0.006325121503323317,other,31
6004,1501,0,21,3,21,16,24,21,False,False,False,0.014914685860276222,other,18
6005,1501,0,35,35,35,24,16,24,True,True,False,0.0028090185951441526,correct,0
6006,1501,1,35,35,35,16,24,15,True,True,False,0.0031432106625288725,correct,0
6007,1501,1,21,3,21,24,16,24,False,False,False,0.015617035329341888,other,18
6008,1502,0,35,35,35,14,7,14,True,True,False,0.02114926278591156,correct,0
6009,1502,0,31,31,31,7,14,7,True,True,False,0.013138949871063232,correct,0
6010,1502,1,31,31,31,14,7,14,True,True,False,0.014760599471628666,correct,0
6011,1502,1,35,35,35,7,14,24,True,True,False,0.02208804339170456,correct,0
6012,1503,0,8,8,8,14,26,14,True,True,False,0.06998753547668457,correct,0
6013,1503,0,17,2,17,26,14,12,False,False,False,0.03742121532559395,other,15
6014,1503,1,17,1,17,14,26,27,False,False,False,0.03534951061010361,other,16
6015,1503,1,8,8,8,26,14,7,True,True,False,0.07237613946199417,correct,0
6016,1504,0,35,0,35,7,6,0,False,False,False,0.03031870909035206,other,35
6017,1504,0,9,1,9,6,7,6,False,False,False,0.07328338921070099,other,8
6018,1504,1,9,31,9,7,6,16,False,False,False,0.05352024734020233,other,22
6019,1504,1,35,35,35,6,7,6,True,True,False,0.035488154739141464,correct,0
6020,1505,0,7,7,7,11,10,14,True,True,False,0.047813721001148224,correct,0
6021,1505,0,6,31,6,10,11,7,False,False,False,0.021209904924035072,other,25
6022,1505,1,6,6,6,11,10,17,True,True,False,0.025954045355319977,correct,0
6023,1505,1,7,7,7,10,11,0,True,True,False,0.039319928735494614,correct,0
6024,1506,0,23,1,23,38,6,15,False,False,False,0.03252410888671875,other,22
6025,1506,0,20,18,20,6,38,6,False,False,False,0.04048939049243927,other,2
6026,1506,1,20,24,20,38,6,14,False,False,False,0.042887210845947266,other,4
6027,1506,1,23,41,23,6,38,6,False,False,False,0.02767357788980007,other,18
6028,1507,0,19,17,19,6,24,6,False,False,False,0.04274965450167656,other,2
6029,1507,0,39,17,39,24,6,24,False,False,False,0.02559402771294117,other,22
6030,1507,1,39,0,39,6,24,6,False,False,False,0.025872034952044487,other,39
6031,1507,1,19,46,19,24,6,24,False,False,False,0.04543924704194069,other,27
6032,1508,0,14,24,14,18,14,19,False,False,False,0.012061181478202343,other,10
6033,1508,0,6,40,6,14,18,14,False,False,False,0.020754896104335785,other,34
6034,1508,1,6,6,6,18,14,12,True,True,False,0.014542318880558014,correct,0
6035,1508,1,14,24,14,14,18,15,False,False,False,0.01623191311955452,other,10
6036,1509,0,45,35,45,16,1,31,False,False,False,0.0074094622395932674,other,10
6037,1509,0,24,35,24,1,16,0,False,False,False,0.008554571308195591,other,11
6038,1509,1,24,24,24,16,1,14,True,True,False,0.007734551560133696,correct,0
6039,1509,1,45,24,45,1,16,0,False,False,False,0.009050837717950344,other,21
6040,1510,0,12,6,12,24,18,15,False,False,False,0.01906774565577507,other,6
6041,1510,0,38,17,38,18,24,4,False,False,False,0.007286680396646261,other,21
6042,1510,1,38,38,38,24,18,18,True,True,False,0.003658775007352233,correct,0
6043,1510,1,12,28,12,18,24,18,False,False,False,0.026946907863020897,other,16
6044,1511,0,19,0,19,23,6,15,False,False,False,0.056385524570941925,other,19
6045,1511,0,10,15,10,6,23,6,False,False,False,0.06826837360858917,other,5
6046,1511,1,10,17,10,23,6,31,False,False,False,0.07151738554239273,other,7
6047,1511,1,19,1,19,6,23,18,False,False,False,0.06171395629644394,other,18
6048,1512,0,17,17,17,14,15,14,True,True,False,0.02487458474934101,correct,0
6049,1512,0,31,31,31,15,14,15,True,True,False,0.04910352826118469,correct,0
6050,1512,1,31,31,31,14,15,14,True,True,False,0.05221065506339073,correct,0
6051,1512,1,17,17,17,15,14,23,True,True,False,0.02823697403073311,correct,0
6052,1513,0,6,3,6,7,18,21,False,False,False,0.04413016140460968,other,3
6053,1513,0,48,2,48,18,7,24,False,False,False,0.010245341807603836,other,46
6054,1513,1,48,1,48,7,18,21,False,False,False,0.007867751643061638,other,47
6055,1513,1,6,6,6,18,7,18,True,True,False,0.05191589891910553,correct,0
6056,1514,0,18,17,18,0,5,14,False,False,True,0.043587520718574524,off_by_one,1
6057,1514,0,31,31,31,5,0,6,True,True,False,0.02829146385192871,correct,0
6058,1514,1,31,31,31,0,5,7,True,True,False,0.02656359225511551,correct,0
6059,1514,1,18,12,18,5,0,7,False,False,False,0.042011260986328125,other,6
6060,1515,0,43,43,43,20,18,1,True,True,False,0.04479861631989479,correct,0
6061,1515,0,44,44,44,18,20,7,True,True,False,0.017755135893821716,correct,0
6062,1515,1,44,24,44,20,18,0,False,False,False,0.023214785382151604,other,20
6063,1515,1,43,43,43,18,20,15,True,True,False,0.04751218482851982,correct,0
6064,1516,0,19,17,19,18,6,6,False,False,False,0.016726862639188766,other,2
6065,1516,0,3,0,3,6,18,6,False,False,False,0.010688445530831814,other,3
6066,1516,1,3,0,3,18,6,30,False,False,False,0.014940328896045685,other,3
6067,1516,1,19,0,19,6,18,10,False,False,False,0.0139096574857831,other,19
6068,1517,0,31,31,31,24,20,20,True,True,False,0.046840980648994446,correct,0
6069,1517,0,7,7,7,20,24,7,True,True,False,0.02730466239154339,correct,0
6070,1517,1,7,7,7,24,20,20,True,True,False,0.022465797141194344,correct,0
6071,1517,1,31,0,31,20,24,15,False,False,False,0.05066080018877983,other,31
6072,1518,0,46,3,46,3,16,30,False,False,False,0.022289609536528587,other,43
6073,1518,0,14,24,14,16,3,15,False,False,False,0.021046392619609833,other,10
6074,1518,1,14,24,14,3,16,24,False,False,False,0.015557525679469109,other,10
6075,1518,1,46,43,46,16,3,0,False,False,False,0.0243450365960598,other,3
6076,1519,0,38,28,38,14,15,0,False,False,False,0.014138918370008469,other,10
6077,1519,0,1,1,1,15,14,14,True,True,False,0.023987863212823868,correct,0
6078,1519,1,1,28,1,14,15,14,False,False,False,0.026564473286271095,other,27
6079,1519,1,38,1,38,15,14,0,False,False,False,0.012004772201180458,other,37
6080,1520,0,16,16,16,30,14,6,True,True,False,0.051379863172769547,correct,0
6081,1520,0,8,8,8,14,30,0,True,True,False,0.019778436049818993,correct,0
6082,1520,1,8,8,8,30,14,0,True,True,False,0.0182905662804842,correct,0
6083,1520,1,16,15,16,14,30,14,False,False,True,0.05023472011089325,off_by_one,1
6084,1521,0,24,44,24,38,24,14,False,False,False,0.008790649473667145,other,20
6085,1521,0,2,17,2,24,38,7,False,False,False,0.03734526410698891,other,15
6086,1521,1,2,2,2,38,24,38,True,True,False,0.03428075462579727,correct,0
6087,1521,1,24,24,24,24,38,3,True,True,False,0.008312604390084743,correct,0
6088,1522,0,35,45,35,16,14,15,False,False,False,0.02308727242052555,other,10
6089,1522,0,38,31,38,14,16,7,False,False,False,0.12359077483415604,other,7
6090,1522,1,38,17,38,16,14,0,False,False,False,0.1533462107181549,other,21
6091,1522,1,35,35,35,14,16,14,True,True,False,0.019624905660748482,correct,0
6092,1523,0,10,28,10,6,27,15,False,False,False,0.013891825452446938,other,18
6093,1523,0,21,18,21,27,6,14,False,False,False,0.03191090747714043,other,3
6094,1523,1,21,21,21,6,27,6,True,True,False,0.030901845544576645,correct,0
6095,1523,1,10,1,10,27,6,14,False,False,False,0.015994230285286903,other,9
6096,1524,0,24,35,24,24,25,23,False,False,False,0.02562743052840233,other,11
6097,1524,0,26,41,26,25,24,15,False,False,False,0.02356661856174469,other,15
6098,1524,1,26,25,26,24,25,6,False,False,True,0.025473549962043762,off_by_one,1
6099,1524,1,24,24,24,25,24,25,True,True,False,0.02735739015042782,correct,0
6100,1525,0,27,28,27,18,14,20,False,False,True,0.04255221411585808,off_by_one,1
6101,1525,0,45,35,45,14,18,14,False,False,False,0.024891560897231102,other,10
6102,1525,1,45,24,45,18,14,24,False,False,False,0.026890970766544342,other,21
6103,1525,1,27,44,27,14,18,14,False,False,False,0.03989744931459427,other,17
6104,1526,0,46,24,46,24,14,0,False,False,False,0.02111870050430298,other,22
6105,1526,0,34,44,34,14,24,16,False,False,False,0.04693179205060005,other,10
6106,1526,1,34,34,34,24,14,21,True,True,False,0.04273925721645355,correct,0
6107,1526,1,46,46,46,14,24,6,True,True,False,0.020998777821660042,correct,0
6108,1527,0,31,31,31,12,20,6,True,True,False,0.01360597275197506,correct,0
6109,1527,0,11,4,11,20,12,7,False,False,False,0.04466499760746956,other,7
6110,1527,1,11,28,11,12,20,6,False,False,False,0.04281990975141525,other,17
6111,1527,1,31,31,31,20,12,6,True,True,False,0.014927355572581291,correct,0
6112,1528,0,3,43,3,18,24,4,False,False,False,0.018307410180568695,other,40
6113,1528,0,20,43,20,24,18,18,False,False,False,0.039952583611011505,other,23
6114,1528,1,20,18,20,18,24,18,False,False,False,0.037425290793180466,other,2
6115,1528,1,3,43,3,24,18,4,False,False,False,0.017199015244841576,other,40
6116,1529,0,19,0,19,39,24,26,False,False,False,0.03515339270234108,other,19
6117,1529,0,22,31,22,24,39,18,False,False,False,0.045343704521656036,other,9
6118,1529,1,22,31,22,39,24,1,False,False,False,0.0492781400680542,other,9
6119,1529,1,19,0,19,24,39,7,False,False,False,0.0386919341981411,other,19
6120,1530,0,5,15,5,2,1,6,False,False,False,0.05253774672746658,other,10
6121,1530,0,14,3,14,1,2,7,False,False,False,0.06128745898604393,other,11
6122,1530,1,14,44,14,2,1,20,False,False,False,0.06442450731992722,other,30
6123,1530,1,5,5,5,1,2,6,True,True,False,0.05849722400307655,correct,0
6124,1531,0,24,44,24,7,16,15,False,False,False,0.021996788680553436,other,20
6125,1531,0,36,24,36,16,7,14,False,False,False,0.02774813584983349,other,12
6126,1531,1,36,17,36,7,16,0,False,False,False,0.026180768385529518,other,19
6127,1531,1,24,35,24,16,7,14,False,False,False,0.02079429104924202,other,11
6128,1532,0,13,3,13,20,18,15,False,False,False,0.035647034645080566,other,10
6129,1532,0,29,10,29,18,20,18,False,False,False,0.04457448795437813,other,19
6130,1532,1,29,29,29,20,18,7,True,True,False,0.043876294046640396,correct,0
6131,1532,1,13,31,13,18,20,26,False,False,False,0.0379970520734787,other,18
6132,1533,0,1,4,1,14,23,15,False,False,False,0.038016848266124725,other,3
6133,1533,0,36,0,36,23,14,23,False,False,False,0.05983802676200867,other,36
6134,1533,1,36,31,36,14,23,14,False,False,False,0.07041209191083908,other,5
6135,1533,1,1,29,1,23,14,14,False,False,False,0.03600035235285759,other,28
6136,1534,0,36,43,36,15,16,14,False,False,False,0.01976862922310829,other,7
6137,1534,0,34,34,34,16,15,16,True,True,False,0.028869062662124634,correct,0
6138,1534,1,34,34,34,15,16,0,True,True,False,0.030169524252414703,correct,0
6139,1534,1,36,24,36,16,15,16,False,False,False,0.02330445684492588,other,12
6140,1535,0,9,43,9,7,17,6,False,False,False,0.08896109461784363,other,34
6141,1535,0,8,8,8,17,7,17,True,True,False,0.0657607689499855,correct,0
6142,1535,1,8,8,8,7,17,7,True,True,False,0.05545266345143318,correct,0
6143,1535,1,9,24,9,17,7,7,False,False,False,0.10846003144979477,other,15
6144,1536,0,19,3,19,17,18,15,False,False,False,0.023339563980698586,other,16
6145,1536,0,12,31,12,18,17,18,False,False,False,0.05192502215504646,other,19
6146,1536,1,12,1,12,17,18,15,False,False,False,0.057029932737350464,other,11
6147,1536,1,19,3,19,18,17,18,False,False,False,0.02191358432173729,other,16
6148,1537,0,47,44,47,9,16,0,False,False,False,0.037486013025045395,other,3
6149,1537,0,25,35,25,16,9,14,False,False,False,0.08683013916015625,other,10
6150,1537,1,25,41,25,9,16,17,False,False,False,0.08477342873811722,other,16
6151,1537,1,47,47,47,16,9,23,True,True,False,0.04400622844696045,correct,0
6152,1538,0,30,31,30,29,33,6,False,False,True,0.04156145080924034,off_by_one,1
6153,1538,0,48,0,48,33,29,7,False,False,False,0.026343494653701782,other,48
6154,1538,1,48,3,48,29,33,30,False,False,False,0.02625569887459278,other,45
6155,1538,1,30,31,30,33,29,31,False,False,True,0.04109017178416252,off_by_one,1
6156,1539,0,8,8,8,26,6,0,True,True,False,0.02949819527566433,correct,0
6157,1539,0,4,45,4,6,26,6,False,False,False,0.009477688930928707,other,41
6158,1539,1,4,35,4,26,6,26,False,False,False,0.011175805702805519,other,31
6159,1539,1,8,8,8,6,26,6,True,True,False,0.030252037569880486,correct,0
6160,1540,0,15,15,15,7,24,33,True,True,False,0.08271804451942444,correct,0
6161,1540,0,3,43,3,24,7,4,False,False,False,0.06825284659862518,other,40
6162,1540,1,3,43,3,7,24,7,False,False,False,0.06850173324346542,other,40
6163,1540,1,15,15,15,24,7,21,True,True,False,0.0870848000049591,correct,0
6164,1541,0,13,41,13,24,14,15,False,False,False,0.021398192271590233,other,28
6165,1541,0,6,4,6,14,24,17,False,False,False,0.03133668377995491,other,2
6166,1541,1,6,47,6,24,14,20,False,False,False,0.037940897047519684,other,41
6167,1541,1,13,17,13,14,24,14,False,False,False,0.022209953516721725,other,4
6168,1542,0,0,0,0,6,7,15,True,True,False,0.039671000093221664,correct,0
6169,1542,0,39,39,39,7,6,7,True,True,False,0.03141540288925171,correct,0
6170,1542,1,39,9,39,6,7,6,False,False,False,0.03171265125274658,other,30
6171,1542,1,0,0,0,7,6,7,True,True,False,0.04110890254378319,correct,0
6172,1543,0,10,1,10,7,16,14,False,False,False,0.012301758863031864,other,9
6173,1543,0,34,34,34,16,7,0,True,True,False,0.026319455355405807,correct,0
6174,1543,1,34,34,34,7,16,0,True,True,False,0.020020391792058945,correct,0
6175,1543,1,10,1,10,16,7,38,False,False,False,0.01762714609503746,other,9
6176,1544,0,7,7,7,18,6,12,True,True,False,0.03444875031709671,correct,0
6177,1544,0,10,12,10,6,18,8,False,False,False,0.05825167894363403,other,2
6178,1544,1,10,29,10,18,6,0,False,False,False,0.05842762067914009,other,19
6179,1544,1,7,7,7,6,18,6,True,True,False,0.03201483562588692,correct,0
6180,1545,0,0,1,0,7,13,7,False,False,True,0.019036725163459778,off_by_one,1
6181,1545,0,1,1,1,13,7,30,True,True,False,0.01915239728987217,correct,0
6182,1545,1,1,3,1,7,13,7,False,False,False,0.01903381757438183,other,2
6183,1545,1,0,0,0,13,7,6,True,True,False,0.018611162900924683,correct,0
6184,1546,0,8,8,8,17,26,7,True,True,False,0.013673135079443455,correct,0
6185,1546,0,47,16,47,26,17,26,False,False,False,0.04098065197467804,other,31
6186,1546,1,47,24,47,17,26,0,False,False,False,0.04758080467581749,other,23
6187,1546,1,8,8,8,26,17,7,True,True,False,0.015160268172621727,correct,0
6188,1547,0,43,43,43,16,20,0,True,True,False,0.02625441737473011,correct,0
6189,1547,0,37,24,37,20,16,21,False,False,False,0.01994575373828411,other,13
6190,1547,1,37,31,37,16,20,0,False,False,False,0.019687257707118988,other,6
6191,1547,1,43,0,43,20,16,15,False,False,False,0.02985561639070511,other,43
6192,1548,0,5,5,5,8,6,6,True,True,False,0.039088062942028046,correct,0
6193,1548,0,35,35,35,6,8,19,True,True,False,0.003237914526835084,correct,0
6194,1548,1,35,35,35,8,6,22,True,True,False,0.002836754312738776,correct,0
6195,1548,1,5,5,5,6,8,6,True,True,False,0.04271549731492996,correct,0
6196,1549,0,7,7,7,27,7,0,True,True,False,0.026777712628245354,correct,0
6197,1549,0,1,4,1,7,27,7,False,False,False,0.03796131908893585,other,3
6198,1549,1,1,4,1,27,7,0,False,False,False,0.03475525975227356,other,3
6199,1549,1,7,7,7,7,27,7,True,True,False,0.02678988128900528,correct,0
6200,1550,0,38,1,38,18,1,18,False,False,False,0.014039142988622189,other,37
6201,1550,0,9,31,9,1,18,35,False,False,False,0.041343457996845245,other,22
6202,1550,1,9,33,9,18,1,7,False,False,False,0.04009784758090973,other,24
6203,1550,1,38,18,38,1,18,1,False,False,False,0.013696146197617054,other,20
6204,1551,0,31,0,31,19,2,19,False,False,False,0.0503140464425087,other,31
6205,1551,0,17,17,17,2,19,18,True,True,False,0.009319965727627277,correct,0
6206,1551,1,17,17,17,19,2,18,True,True,False,0.010301723144948483,correct,0
6207,1551,1,31,31,31,2,19,7,True,True,False,0.04454748332500458,correct,0
6208,1552,0,26,35,26,7,6,7,False,False,False,0.013931987807154655,other,9
6209,1552,0,10,15,10,6,7,6,False,False,False,0.0425291433930397,other,5
6210,1552,1,10,15,10,7,6,14,False,False,False,0.049449849873781204,other,5
6211,1552,1,26,34,26,6,7,26,False,False,False,0.008451041765511036,other,8
6212,1553,0,8,8,8,6,20,2,True,True,False,0.017120053991675377,correct,0
6213,1553,0,25,41,25,20,6,7,False,False,False,0.02774311788380146,other,16
6214,1553,1,25,24,25,6,20,39,False,False,True,0.03464939817786217,off_by_one,1
6215,1553,1,8,8,8,20,6,0,True,True,False,0.020227422937750816,correct,0
6216,1554,0,42,42,42,6,16,7,True,True,False,0.1709902137517929,correct,0
6217,1554,0,31,31,31,16,6,31,True,True,False,0.06602895259857178,correct,0
6218,1554,1,31,31,31,6,16,18,True,True,False,0.06240762025117874,correct,0
6219,1554,1,42,42,42,16,6,38,True,True,False,0.1792348027229309,correct,0
6220,1555,0,22,31,22,6,7,6,False,False,False,0.04456757381558418,other,9
6221,1555,0,0,0,0,7,6,2,True,True,False,0.04306497052311897,correct,0
6222,1555,1,0,0,0,6,7,6,True,True,False,0.05106208473443985,correct,0
6223,1555,1,22,30,22,7,6,9,False,False,False,0.05149279907345772,other,8
6224,1556,0,15,15,15,1,4,37,True,True,False,0.05912400409579277,correct,0
6225,1556,0,42,42,42,4,1,5,True,True,False,0.1319779008626938,correct,0
6226,1556,1,42,42,42,1,4,6,True,True,False,0.12499361485242844,correct,0
6227,1556,1,15,15,15,4,1,15,True,True,False,0.05385417863726616,correct,0
6228,1557,0,22,31,22,14,6,7,False,False,False,0.03715613856911659,other,9
6229,1557,0,2,0,2,6,14,14,False,False,False,0.02138686366379261,other,2
6230,1557,1,2,43,2,14,6,14,False,False,False,0.018775375559926033,other,41
6231,1557,1,22,31,22,6,14,7,False,False,False,0.03969622030854225,other,9
6232,1558,0,33,28,33,18,1,15,False,False,False,0.012043990194797516,other,5
6233,1558,0,47,43,47,1,18,21,False,False,False,0.024171683937311172,other,4
6234,1558,1,47,47,47,18,1,2,True,True,False,0.027803935110569,correct,0
6235,1558,1,33,1,33,1,18,15,False,False,False,0.01075450424104929,other,32
6236,1559,0,23,15,23,19,8,0,False,False,False,0.15261459350585938,other,8
6237,1559,0,10,33,10,8,19,6,False,False,False,0.02580988220870495,other,23
6238,1559,1,10,31,10,19,8,1,False,False,False,0.03354548662900925,other,21
6239,1559,1,23,22,23,8,19,14,False,False,True,0.11644607782363892,off_by_one,1
6240,1560,0,46,0,46,15,16,0,False,False,False,0.025881817564368248,other,46
6241,1560,0,3,36,3,16,15,0,False,False,False,0.04375532642006874,other,33
6242,1560,1,3,2,3,15,16,1,False,False,True,0.03330688551068306,off_by_one,1
6243,1560,1,46,3,46,16,15,17,False,False,False,0.03356082737445831,other,43
6244,1561,0,19,43,19,2,1,7,False,False,False,0.015411577187478542,other,24
6245,1561,0,40,45,40,1,2,1,False,False,False,0.028499413281679153,other,5
6246,1561,1,40,2,40,2,1,2,False,False,False,0.03007880225777626,other,38
6247,1561,1,19,18,19,1,2,17,False,False,True,0.016913941130042076,off_by_one,1
6248,1562,0,4,4,4,7,24,7,True,True,False,0.008243823423981667,correct,0
6249,1562,0,31,31,31,24,7,7,True,True,False,0.07070606201887131,correct,0
6250,1562,1,31,24,31,7,24,7,False,False,False,0.0689254030585289,other,7
6251,1562,1,4,35,4,24,7,21,False,False,False,0.013194979168474674,other,31
6252,1563,0,22,31,22,24,0,7,False,False,False,0.06607609987258911,other,9
6253,1563,0,14,24,14,0,24,0,False,False,False,0.034634385257959366,other,10
6254,1563,1,14,1,14,24,0,14,False,False,False,0.0346544049680233,other,13
6255,1563,1,22,1,22,0,24,14,False,False,False,0.0736624002456665,other,21
6256,1564,0,20,1,20,14,16,14,False,False,False,0.03176284581422806,other,19
6257,1564,0,12,16,12,16,14,16,False,False,False,0.04558787867426872,other,4
6258,1564,1,12,12,12,14,16,14,True,True,False,0.04351111128926277,correct,0
6259,1564,1,20,18,20,16,14,16,False,False,False,0.028125766664743423,other,2
6260,1565,0,40,46,40,12,16,21,False,False,False,0.01680418662726879,other,6
6261,1565,0,33,38,33,16,12,23,False,False,False,0.01801121234893799,other,5
6262,1565,1,33,33,33,12,16,21,True,True,False,0.016436545178294182,correct,0
6263,1565,1,40,1,40,16,12,0,False,False,False,0.01859290525317192,other,39
6264,1566,0,12,1,12,20,12,15,False,False,False,0.04279414191842079,other,11
6265,1566,0,22,31,22,12,20,6,False,False,False,0.08893639594316483,other,9
6266,1566,1,22,3,22,20,12,7,False,False,False,0.08924244344234467,other,19
6267,1566,1,12,4,12,12,20,5,False,False,False,0.03371206298470497,other,8
6268,1567,0,13,24,13,14,15,7,False,False,False,0.019097676500678062,other,11
6269,1567,0,47,47,47,15,14,15,True,True,False,0.022791380062699318,correct,0
6270,1567,1,47,47,47,14,15,20,True,True,False,0.02671210654079914,correct,0
6271,1567,1,13,44,13,15,14,15,False,False,False,0.016955101862549782,other,31
6272,1568,0,46,46,46,16,14,16,True,True,False,0.04068058729171753,correct,0
6273,1568,0,0,0,0,14,16,16,True,True,False,0.02901526167988777,correct,0
6274,1568,1,0,0,0,16,14,0,True,True,False,0.028025144711136818,correct,0
6275,1568,1,46,32,46,14,16,14,False,False,False,0.040339112281799316,other,14
6276,1569,0,18,18,18,15,6,0,True,True,False,0.02492590807378292,correct,0
6277,1569,0,33,28,33,6,15,14,False,False,False,0.03471553325653076,other,5
6278,1569,1,33,38,33,15,6,15,False,False,False,0.03747856616973877,other,5
6279,1569,1,18,18,18,6,15,6,True,True,False,0.019766075536608696,correct,0
6280,1570,0,0,0,0,3,0,36,True,True,False,0.013198590837419033,correct,0
6281,1570,0,47,44,47,0,3,0,False,False,False,0.03204686939716339,other,3
6282,1570,1,47,47,47,3,0,4,True,True,False,0.03006678819656372,correct,0
6283,1570,1,0,0,0,0,3,0,True,True,False,0.013264304958283901,correct,0
6284,1571,0,11,28,11,17,6,27,False,False,False,0.03385981172323227,other,17
6285,1571,0,3,0,3,6,17,26,False,False,False,0.03844055160880089,other,3
6286,1571,1,3,3,3,17,6,17,True,True,False,0.04550423473119736,correct,0
6287,1571,1,11,28,11,6,17,2,False,False,False,0.03439026698470116,other,17
6288,1572,0,41,41,41,2,15,17,True,True,False,0.016612088307738304,correct,0
6289,1572,0,10,44,10,15,2,38,False,False,False,0.05078016221523285,other,34
6290,1572,1,10,12,10,2,15,2,False,False,False,0.044368863105773926,other,2
6291,1572,1,41,41,41,15,2,17,True,True,False,0.018418187275528908,correct,0
6292,1573,0,41,44,41,6,7,6,False,False,False,0.028668692335486412,other,3
6293,1573,0,43,0,43,7,6,15,False,False,False,0.04346316307783127,other,43
6294,1573,1,43,17,43,6,7,6,False,False,False,0.04037953540682793,other,26
6295,1573,1,41,41,41,7,6,15,True,True,False,0.0419296994805336,correct,0
6296,1574,0,18,17,18,36,26,36,False,False,True,0.04549708217382431,off_by_one,1
6297,1574,0,32,32,32,26,36,24,True,True,False,0.007612560410052538,correct,0
6298,1574,1,32,32,32,36,26,7,True,True,False,0.007730863988399506,correct,0
6299,1574,1,18,18,18,26,36,6,True,True,False,0.04431367293000221,correct,0
6300,1575,0,23,15,23,25,26,15,False,False,False,0.03202105313539505,other,8
6301,1575,0,31,31,31,26,25,18,True,True,False,0.029522892087697983,correct,0
6302,1575,1,31,31,31,25,26,15,True,True,False,0.030382327735424042,correct,0
6303,1575,1,23,35,23,26,25,18,False,False,False,0.031378086656332016,other,12
6304,1576,0,20,43,20,24,38,4,False,False,False,0.013240544125437737,other,23
6305,1576,0,35,35,35,38,24,0,True,True,False,0.011491719633340836,correct,0
6306,1576,1,35,35,35,24,38,18,True,True,False,0.010347673669457436,correct,0
6307,1576,1,20,0,20,38,24,38,False,False,False,0.01294555701315403,other,20
6308,1577,0,10,10,10,6,7,6,True,True,False,0.07365655153989792,correct,0
6309,1577,0,31,35,31,7,6,7,False,False,False,0.11666180938482285,other,4
6310,1577,1,31,30,31,6,7,6,False,False,True,0.1101798489689827,off_by_one,1
6311,1577,1,10,16,10,7,6,31,False,False,False,0.07026302814483643,other,6
6312,1578,0,46,2,46,14,18,23,False,False,False,0.00651131197810173,other,44
6313,1578,0,27,0,27,18,14,18,False,False,False,0.004522683098912239,other,27
6314,1578,1,27,0,27,14,18,0,False,False,False,0.005097916815429926,other,27
6315,1578,1,46,2,46,18,14,18,False,False,False,0.00576850725337863,other,44
6316,1579,0,40,24,40,14,24,0,False,False,False,0.05517302826046944,other,16
6317,1579,0,25,35,25,24,14,18,False,False,False,0.016983063891530037,other,10
6318,1579,1,25,35,25,14,24,15,False,False,False,0.01817595399916172,other,10
6319,1579,1,40,47,40,24,14,6,False,False,False,0.04939359053969383,other,7
6320,1580,0,27,33,27,14,16,7,False,False,False,0.03459121286869049,other,6
6321,1580,0,5,5,5,16,14,14,True,True,False,0.0356980562210083,correct,0
6322,1580,1,5,5,5,14,16,15,True,True,False,0.0398520901799202,correct,0
6323,1580,1,27,17,27,16,14,14,False,False,False,0.0326085090637207,other,10
6324,1581,0,14,24,14,2,19,21,False,False,False,0.022466443479061127,other,10
6325,1581,0,19,17,19,19,2,36,False,False,False,0.022305553779006004,other,2
6326,1581,1,19,3,19,2,19,30,False,False,False,0.023807920515537262,other,16
6327,1581,1,14,14,14,19,2,21,True,True,False,0.021503590047359467,correct,0
6328,1582,0,21,21,21,24,16,14,True,True,False,0.02469458058476448,correct,0
6329,1582,0,37,3,37,16,24,0,False,False,False,0.05623506009578705,other,34
6330,1582,1,37,43,37,24,16,24,False,False,False,0.04824686050415039,other,6
6331,1582,1,21,21,21,16,24,23,True,True,False,0.030824054032564163,correct,0
6332,1583,0,16,15,16,7,15,16,False,False,True,0.07928495854139328,off_by_one,1
6333,1583,0,27,2,27,15,7,6,False,False,False,0.048319216817617416,other,25
6334,1583,1,27,17,27,7,15,21,False,False,False,0.05131523311138153,other,10
6335,1583,1,16,16,16,15,7,15,True,True,False,0.08343453705310822,correct,0
6336,1584,0,13,4,13,31,7,14,False,False,False,0.03460004925727844,other,9
6337,1584,0,32,32,32,7,31,15,True,True,False,0.0462266243994236,correct,0
6338,1584,1,32,33,32,31,7,14,False,False,True,0.05036512389779091,off_by_one,1
6339,1584,1,13,46,13,7,31,14,False,False,False,0.024345945566892624,other,33
6340,1585,0,11,1,11,1,14,21,False,False,False,0.02483982965350151,other,10
6341,1585,0,7,7,7,14,1,14,True,True,False,0.009536202996969223,correct,0
6342,1585,1,7,7,7,1,14,7,True,True,False,0.008890700526535511,correct,0
6343,1585,1,11,28,11,14,1,14,False,False,False,0.025006910786032677,other,17
6344,1586,0,21,31,21,15,16,15,False,False,False,0.03720243647694588,other,10
6345,1586,0,5,5,5,16,15,15,True,True,False,0.044842153787612915,correct,0
6346,1586,1,5,5,5,15,16,0,True,True,False,0.03918474167585373,correct,0
6347,1586,1,21,31,21,16,15,15,False,False,False,0.044359240680933,other,10
6348,1587,0,31,46,31,7,8,24,False,False,False,0.03283592686057091,other,15
6349,1587,0,14,14,14,8,7,24,True,True,False,0.014670133590698242,correct,0
6350,1587,1,14,24,14,7,8,7,False,False,False,0.020059222355484962,other,10
6351,1587,1,31,31,31,8,7,6,True,True,False,0.03438061848282814,correct,0
6352,1588,0,31,31,31,16,7,7,True,True,False,0.024063749238848686,correct,0
6353,1588,0,33,1,33,7,16,7,False,False,False,0.04810735955834389,other,32
6354,1588,1,33,27,33,16,7,15,False,False,False,0.05274546146392822,other,6
6355,1588,1,31,31,31,7,16,16,True,True,False,0.021496139466762543,correct,0
6356,1589,0,29,29,29,16,24,1,True,True,False,0.03443137928843498,correct,0
6357,1589,0,36,29,36,24,16,24,False,False,False,0.04938044399023056,other,7
6358,1589,1,36,2,36,16,24,38,False,False,False,0.048375532031059265,other,34
6359,1589,1,29,0,29,24,16,38,False,False,False,0.0323217399418354,other,29
6360,1590,0,24,24,24,16,14,21,True,True,False,0.004953471478074789,correct,0
6361,1590,0,20,18,20,14,16,14,False,False,False,0.041727326810359955,other,2
6362,1590,1,20,3,20,16,14,21,False,False,False,0.04329817742109299,other,17
6363,1590,1,24,44,24,14,16,14,False,False,False,0.004615080542862415,other,20
6364,1591,0,0,0,0,14,36,14,True,True,False,0.0591387040913105,correct,0
6365,1591,0,31,31,31,36,14,36,True,True,False,0.0689842626452446,correct,0
6366,1591,1,31,31,31,14,36,16,True,True,False,0.07067172974348068,correct,0
6367,1591,1,0,0,0,36,14,36,True,True,False,0.0620994046330452,correct,0
6368,1592,0,27,24,27,2,8,7,False,False,False,0.011285330168902874,other,3
6369,1592,0,7,7,7,8,2,6,True,True,False,0.02424350380897522,correct,0
6370,1592,1,7,7,7,2,8,6,True,True,False,0.02850969322025776,correct,0
6371,1592,1,27,44,27,8,2,7,False,False,False,0.011538981460034847,other,17
6372,1593,0,27,27,27,10,13,7,True,True,False,0.014576740562915802,correct,0
6373,1593,0,11,1,11,13,10,7,False,False,False,0.012657267972826958,other,10
6374,1593,1,11,10,11,10,13,16,False,False,True,0.01204751618206501,off_by_one,1
6375,1593,1,27,17,27,13,10,26,False,False,False,0.013294863514602184,other,10
6376,1594,0,33,0,33,24,20,7,False,False,False,0.039826780557632446,other,33
6377,1594,0,15,15,15,20,24,16,True,True,False,0.050537388771772385,correct,0
6378,1594,1,15,47,15,24,20,33,False,False,False,0.05175861343741417,other,32
6379,1594,1,33,44,33,20,24,7,False,False,False,0.0408419594168663,other,11
6380,1595,0,40,46,40,26,27,24,False,False,False,0.02016579918563366,other,6
6381,1595,0,21,3,21,27,26,17,False,False,False,0.023046249523758888,other,18
6382,1595,1,21,3,21,26,27,6,False,False,False,0.020838351920247078,other,18
6383,1595,1,40,46,40,27,26,27,False,False,False,0.02157280407845974,other,6
6384,1596,0,23,15,23,12,11,6,False,False,False,0.013802829198539257,other,8
6385,1596,0,6,30,6,11,12,17,False,False,False,0.029829291626811028,other,24
6386,1596,1,6,6,6,12,11,24,True,True,False,0.022964125499129295,correct,0
6387,1596,1,23,23,23,11,12,38,True,True,False,0.01448659598827362,correct,0
6388,1597,0,22,31,22,1,7,1,False,False,False,0.07625799626111984,other,9
6389,1597,0,27,27,27,7,1,7,True,True,False,0.04757780209183693,correct,0
6390,1597,1,27,35,27,1,7,1,False,False,False,0.04323958605527878,other,8
6391,1597,1,22,31,22,7,1,7,False,False,False,0.07465566694736481,other,9
6392,1598,0,42,42,42,1,4,6,True,True,False,0.05334866791963577,correct,0
6393,1598,0,36,36,36,4,1,6,True,True,False,0.058318909257650375,correct,0
6394,1598,1,36,28,36,1,4,14,False,False,False,0.056879591196775436,other,8
6395,1598,1,42,42,42,4,1,18,True,True,False,0.04946839436888695,correct,0
6396,1599,0,32,38,32,19,15,0,False,False,False,0.02046906016767025,other,6
6397,1599,0,14,14,14,15,19,14,True,True,False,0.012919265776872635,correct,0
6398,1599,1,14,24,14,19,15,7,False,False,False,0.012361234053969383,other,10
6399,1599,1,32,32,32,15,19,14,True,True,False,0.020241761580109596,correct,0
6400,1600,0,20,3,20,6,2,7,False,False,False,0.029932156205177307,other,17
6401,1600,0,35,35,35,2,6,6,True,True,False,0.030328648164868355,correct,0
6402,1600,1,35,35,35,6,2,7,True,True,False,0.03031911887228489,correct,0
6403,1600,1,20,18,20,2,6,7,False,False,False,0.03328268229961395,other,2
6404,1601,0,5,5,5,18,27,20,True,True,False,0.0421353355050087,correct,0
6405,1601,0,37,31,37,27,18,14,False,False,False,0.02952527441084385,other,6
6406,1601,1,37,43,37,18,27,36,False,False,False,0.03128939867019653,other,6
6407,1601,1,5,5,5,27,18,0,True,True,False,0.04068884253501892,correct,0
6408,1602,0,16,24,16,7,6,7,False,False,False,0.09091506153345108,other,8
6409,1602,0,8,8,8,6,7,20,True,True,False,0.11632831394672394,correct,0
6410,1602,1,8,8,8,7,6,15,True,True,False,0.1170215830206871,correct,0
6411,1602,1,16,15,16,6,7,15,False,False,True,0.08652246743440628,off_by_one,1
6412,1603,0,2,1,2,31,34,1,False,False,True,0.00424232380464673,off_by_one,1
6413,1603,0,38,44,38,34,31,20,False,False,False,0.011324392631649971,other,6
6414,1603,1,38,17,38,31,34,28,False,False,False,0.008816645480692387,other,21
6415,1603,1,2,2,2,34,31,7,True,True,False,0.0043775346130132675,correct,0
6416,1604,0,19,31,19,14,6,14,False,False,False,0.05494768172502518,other,12
6417,1604,0,30,30,30,6,14,6,True,True,False,0.016970178112387657,correct,0
6418,1604,1,30,31,30,14,6,14,False,False,True,0.019145658239722252,off_by_one,1
6419,1604,1,19,18,19,6,14,6,False,False,True,0.058144137263298035,off_by_one,1
6420,1605,0,46,0,46,6,7,24,False,False,False,0.06574464589357376,other,46
6421,1605,0,16,16,16,7,6,31,True,True,False,0.04092349857091904,correct,0
6422,1605,1,16,1,16,6,7,6,False,False,False,0.039121124893426895,other,15
6423,1605,1,46,17,46,7,6,7,False,False,False,0.06477005034685135,other,29
6424,1606,0,18,18,18,9,11,7,True,True,False,0.040239106863737106,correct,0
6425,1606,0,48,17,48,11,9,0,False,False,False,0.03666063770651817,other,31
6426,1606,1,48,2,48,9,11,0,False,False,False,0.04126311093568802,other,46
6427,1606,1,18,17,18,11,9,28,False,False,True,0.04157685115933418,off_by_one,1
6428,1607,0,5,5,5,25,7,14,True,True,False,0.025610247626900673,correct,0
6429,1607,0,32,38,32,7,25,15,False,False,False,0.01587287150323391,other,6
6430,1607,1,32,40,32,25,7,15,False,False,False,0.01486592460423708,other,8
6431,1607,1,5,5,5,7,25,27,True,True,False,0.025082379579544067,correct,0
6432,1608,0,11,28,11,17,6,17,False,False,False,0.04330185800790787,other,17
6433,1608,0,40,32,40,6,17,6,False,False,False,0.04462212324142456,other,8
6434,1608,1,40,0,40,17,6,1,False,False,False,0.04267085716128349,other,40
6435,1608,1,11,28,11,6,17,7,False,False,False,0.035821426659822464,other,17
6436,1609,0,4,28,4,0,7,0,False,False,False,0.014929746277630329,other,24
6437,1609,0,20,3,20,7,0,7,False,False,False,0.016171930357813835,other,17
6438,1609,1,20,19,20,0,7,1,False,False,True,0.012130945920944214,off_by_one,1
6439,1609,1,4,4,4,7,0,7,True,True,False,0.011357423849403858,correct,0
6440,1610,0,28,35,28,24,36,1,False,False,False,0.031195729970932007,other,7
6441,1610,0,45,45,45,36,24,24,True,True,False,0.03579492121934891,correct,0
6442,1610,1,45,45,45,24,36,18,True,True,False,0.03477848693728447,correct,0
6443,1610,1,28,28,28,36,24,24,True,True,False,0.030361223965883255,correct,0
6444,1611,0,17,0,17,16,14,14,False,False,False,0.020757878199219704,other,17
6445,1611,0,6,40,6,14,16,14,False,False,False,0.027633266523480415,other,34
6446,1611,1,6,30,6,16,14,27,False,False,False,0.028676752001047134,other,24
6447,1611,1,17,17,17,14,16,15,True,True,False,0.023667937144637108,correct,0
6448,1612,0,24,1,24,18,17,2,False,False,False,0.030167769640684128,other,23
6449,1612,0,0,0,0,17,18,17,True,True,False,0.017459148541092873,correct,0
6450,1612,1,0,0,0,18,17,21,True,True,False,0.010459606535732746,correct,0
6451,1612,1,24,24,24,17,18,15,True,True,False,0.02899189665913582,correct,0
6452,1613,0,4,35,4,2,6,7,False,False,False,0.017716987058520317,other,31
6453,1613,0,26,26,26,6,2,24,True,True,False,0.040864862501621246,correct,0
6454,1613,1,26,8,26,2,6,6,False,False,False,0.0464622862637043,other,18
6455,1613,1,4,35,4,6,2,6,False,False,False,0.013944997452199459,other,31
6456,1614,0,46,32,46,18,7,18,False,False,False,0.040332481265068054,other,14
6457,1614,0,12,31,12,7,18,15,False,False,False,0.012645676732063293,other,19
6458,1614,1,12,17,12,18,7,18,False,False,False,0.015097934752702713,other,5
6459,1614,1,46,46,46,7,18,7,True,True,False,0.04187103733420372,correct,0
6460,1615,0,34,34,34,24,6,15,True,True,False,0.015354401431977749,correct,0
6461,1615,0,29,28,29,6,24,26,False,False,True,0.01785155013203621,off_by_one,1
6462,1615,1,29,28,29,24,6,24,False,False,True,0.018836813047528267,off_by_one,1
6463,1615,1,34,24,34,6,24,8,False,False,False,0.016605472192168236,other,10
6464,1616,0,36,36,36,39,20,18,True,True,False,0.015416353940963745,correct,0
6465,1616,0,43,43,43,20,39,7,True,True,False,0.008272835984826088,correct,0
6466,1616,1,43,2,43,39,20,0,False,False,False,0.005217664409428835,other,41
6467,1616,1,36,2,36,20,39,11,False,False,False,0.016441641375422478,other,34
6468,1617,0,48,31,48,7,39,14,False,False,False,0.03911951929330826,other,17
6469,1617,0,9,32,9,39,7,10,False,False,False,0.08649495989084244,other,23
6470,1617,1,9,31,9,7,39,37,False,False,False,0.07270311564207077,other,22
6471,1617,1,48,27,48,39,7,39,False,False,False,0.03990090638399124,other,21
6472,1618,0,13,15,13,38,24,7,False,False,False,0.017508039250969887,other,2
6473,1618,0,45,16,45,24,38,0,False,False,False,0.03508228436112404,other,29
6474,1618,1,45,4,45,38,24,14,False,False,False,0.03598888963460922,other,41
6475,1618,1,13,0,13,24,38,7,False,False,False,0.027462031692266464,other,13
6476,1619,0,7,7,7,12,20,26,True,True,False,0.025060785934329033,correct,0
6477,1619,0,13,3,13,20,12,6,False,False,False,0.04214334860444069,other,10
6478,1619,1,13,0,13,12,20,6,False,False,False,0.046093448996543884,other,13
6479,1619,1,7,7,7,20,12,7,True,True,False,0.028236033394932747,correct,0
6480,1620,0,30,30,30,1,0,7,True,True,False,0.05101040005683899,correct,0
6481,1620,0,11,28,11,0,1,0,False,False,False,0.01680760458111763,other,17
6482,1620,1,11,0,11,1,0,0,False,False,False,0.014642760157585144,other,11
6483,1620,1,30,31,30,0,1,0,False,False,True,0.05062813311815262,off_by_one,1
6484,1621,0,18,1,18,1,5,0,False,False,False,0.025351446121931076,other,17
6485,1621,0,21,3,21,5,1,18,False,False,False,0.008959387429058552,other,18
6486,1621,1,21,3,21,1,5,18,False,False,False,0.008727249689400196,other,18
6487,1621,1,18,1,18,5,1,6,False,False,False,0.02177535742521286,other,17
6488,1622,0,8,8,8,7,12,7,True,True,False,0.02501470036804676,correct,0
6489,1622,0,29,24,29,12,7,12,False,False,False,0.00850711576640606,other,5
6490,1622,1,29,28,29,7,12,19,False,False,True,0.007839540019631386,off_by_one,1
6491,1622,1,8,8,8,12,7,7,True,True,False,0.024307312443852425,correct,0
6492,1623,0,46,0,46,7,15,7,False,False,False,0.022155558690428734,other,46
6493,1623,0,10,17,10,15,7,0,False,False,False,0.03958025947213173,other,7
6494,1623,1,10,17,10,7,15,14,False,False,False,0.03412213176488876,other,7
6495,1623,1,46,46,46,15,7,7,True,True,False,0.022100312635302544,correct,0
6496,1624,0,13,47,13,16,14,14,False,False,False,0.11968326568603516,other,34
6497,1624,0,10,27,10,14,16,14,False,False,False,0.01927868463099003,other,17
6498,1624,1,10,10,10,16,14,11,True,True,False,0.027047013863921165,correct,0
6499,1624,1,13,16,13,14,16,23,False,False,False,0.10250825434923172,other,3
6500,1625,0,34,34,34,6,15,24,True,True,False,0.018783971667289734,correct,0
6501,1625,0,2,2,2,15,6,14,True,True,False,0.03726476803421974,correct,0
6502,1625,1,2,2,2,6,15,7,True,True,False,0.031012246385216713,correct,0
6503,1625,1,34,34,34,15,6,0,True,True,False,0.026739830151200294,correct,0
6504,1626,0,27,0,27,0,37,0,False,False,False,0.01230178028345108,other,27
6505,1626,0,16,15,16,37,0,31,False,False,True,0.05987466126680374,off_by_one,1
6506,1626,1,16,10,16,0,37,37,False,False,False,0.062470220029354095,other,6
6507,1626,1,27,24,27,37,0,14,False,False,False,0.013617063872516155,other,3
6508,1627,0,13,16,13,16,8,14,False,False,False,0.03599577769637108,other,3
6509,1627,0,14,14,14,8,16,38,True,True,False,0.022754240781068802,correct,0
6510,1627,1,14,15,14,16,8,14,False,False,True,0.02608533203601837,off_by_one,1
6511,1627,1,13,12,13,8,16,38,False,False,True,0.04735242947936058,off_by_one,1
6512,1628,0,48,0,48,6,21,5,False,False,False,0.02082788571715355,other,48
6513,1628,0,22,46,22,21,6,21,False,False,False,0.07952890545129776,other,24
6514,1628,1,22,31,22,6,21,24,False,False,False,0.07254047691822052,other,9
6515,1628,1,48,12,48,21,6,1,False,False,False,0.02708061784505844,other,36
6516,1629,0,21,3,21,7,27,6,False,False,False,0.025931982323527336,other,18
6517,1629,0,39,43,39,27,7,0,False,False,False,0.027661606669425964,other,4
6518,1629,1,39,31,39,7,27,14,False,False,False,0.022167297080159187,other,8
6519,1629,1,21,3,21,27,7,15,False,False,False,0.027049172669649124,other,18
6520,1630,0,21,17,21,7,26,7,False,False,False,0.03185829147696495,other,4
6521,1630,0,10,28,10,26,7,24,False,False,False,0.06706494837999344,other,18
6522,1630,1,10,10,10,7,26,7,True,True,False,0.06561432778835297,correct,0
6523,1630,1,21,3,21,26,7,24,False,False,False,0.030669542029500008,other,18
6524,1631,0,36,0,36,17,16,15,False,False,False,0.03896976634860039,other,36
6525,1631,0,47,11,47,16,17,16,False,False,False,0.02716916985809803,other,36
6526,1631,1,47,44,47,17,16,0,False,False,False,0.03331884369254112,other,3
6527,1631,1,36,17,36,16,17,16,False,False,False,0.03503473103046417,other,19
6528,1632,0,41,41,41,7,24,24,True,True,False,0.0994172915816307,correct,0
6529,1632,0,10,15,10,24,7,1,False,False,False,0.050948526710271835,other,5
6530,1632,1,10,15,10,7,24,15,False,False,False,0.05010266229510307,other,5
6531,1632,1,41,41,41,24,7,24,True,True,False,0.10563895851373672,correct,0
6532,1633,0,37,2,37,33,6,33,False,False,False,0.019059808924794197,other,35
6533,1633,0,18,35,18,6,33,6,False,False,False,0.06381746381521225,other,17
6534,1633,1,18,18,18,33,6,14,True,True,False,0.06027096509933472,correct,0
6535,1633,1,37,24,37,6,33,6,False,False,False,0.017551936209201813,other,13
6536,1634,0,32,2,32,0,14,0,False,False,False,0.004305186681449413,other,30
6537,1634,0,26,44,26,14,0,14,False,False,False,0.028281206265091896,other,18
6538,1634,1,26,45,26,0,14,16,False,False,False,0.026217540726065636,other,19
6539,1634,1,32,2,32,14,0,14,False,False,False,0.006013521458953619,other,30
6540,1635,0,32,45,32,15,19,7,False,False,False,0.014035915955901146,other,13
6541,1635,0,42,42,42,19,15,26,True,True,False,0.04677053168416023,correct,0
6542,1635,1,42,42,42,15,19,15,True,True,False,0.06205684691667557,correct,0
6543,1635,1,32,27,32,19,15,7,False,False,False,0.012074491940438747,other,5
6544,1636,0,48,0,48,13,10,18,False,False,False,0.018316663801670074,other,48
6545,1636,0,46,3,46,10,13,17,False,False,False,0.010452236980199814,other,43
6546,1636,1,46,27,46,13,10,6,False,False,False,0.013918975368142128,other,19
6547,1636,1,48,0,48,10,13,17,False,False,False,0.013434149324893951,other,48
6548,1637,0,29,35,29,14,17,11,False,False,False,0.02706790529191494,other,6
6549,1637,0,35,35,35,17,14,21,True,True,False,0.001682786736637354,correct,0
6550,1637,1,35,35,35,14,17,25,True,True,False,0.0019700967241078615,correct,0
6551,1637,1,29,1,29,17,14,0,False,False,False,0.024829186499118805,other,28
6552,1638,0,15,15,15,7,6,20,True,True,False,0.1042441576719284,correct,0
6553,1638,0,3,0,3,6,7,6,False,False,False,0.025370154529809952,other,3
6554,1638,1,3,0,3,7,6,6,False,False,False,0.025042476132512093,other,3
6555,1638,1,15,7,15,6,7,10,False,False,False,0.10515787452459335,other,8
6556,1639,0,12,31,12,7,16,15,False,False,False,0.013528655283153057,other,19
6557,1639,0,40,40,40,16,7,10,True,True,False,0.009230382740497589,correct,0
6558,1639,1,40,17,40,7,16,16,False,False,False,0.005284603219479322,other,23
6559,1639,1,12,28,12,16,7,16,False,False,False,0.01950862817466259,other,16
6560,1640,0,44,44,44,20,6,1,True,True,False,0.027266250923275948,correct,0
6561,1640,0,45,24,45,6,20,6,False,False,False,0.011120921932160854,other,21
6562,1640,1,45,44,45,20,6,7,False,False,True,0.011577240191400051,off_by_one,1
6563,1640,1,44,44,44,6,20,7,True,True,False,0.022428805008530617,correct,0
6564,1641,0,45,46,45,24,7,0,False,False,True,0.05175348371267319,off_by_one,1
6565,1641,0,0,45,0,7,24,7,False,False,False,0.045588310807943344,other,45
6566,1641,1,0,31,0,24,7,38,False,False,False,0.03779902309179306,other,31
6567,1641,1,45,24,45,7,24,7,False,False,False,0.0621044784784317,other,21
6568,1642,0,27,17,27,7,18,0,False,False,False,0.01247141882777214,other,10
6569,1642,0,17,17,17,18,7,4,True,True,False,0.031747616827487946,correct,0
6570,1642,1,17,0,17,7,18,14,False,False,False,0.03092212602496147,other,17
6571,1642,1,27,27,27,18,7,30,True,True,False,0.01459458190947771,correct,0
6572,1643,0,11,27,11,12,7,6,False,False,False,0.06000415235757828,other,16
6573,1643,0,32,28,32,7,12,7,False,False,False,0.01179515477269888,other,4
6574,1643,1,32,27,32,12,7,17,False,False,False,0.011464442126452923,other,5
6575,1643,1,11,11,11,7,12,24,True,True,False,0.05763087049126625,correct,0
6576,1644,0,10,24,10,18,7,15,False,False,False,0.04282385855913162,other,14
6577,1644,0,28,10,28,7,18,2,False,False,False,0.019226938486099243,other,18
6578,1644,1,28,28,28,18,7,30,True,True,False,0.016459643840789795,correct,0
6579,1644,1,10,17,10,7,18,14,False,False,False,0.04338556528091431,other,7
6580,1645,0,23,15,23,20,9,18,False,False,False,0.008539662696421146,other,8
6581,1645,0,11,28,11,9,20,15,False,False,False,0.012032744474709034,other,17
6582,1645,1,11,28,11,20,9,0,False,False,False,0.010308506898581982,other,17
6583,1645,1,23,15,23,9,20,18,False,False,False,0.011775750666856766,other,8
6584,1646,0,29,15,29,6,7,7,False,False,False,0.048942241817712784,other,14
6585,1646,0,16,15,16,7,6,0,False,False,True,0.05618802458047867,off_by_one,1
6586,1646,1,16,29,16,6,7,6,False,False,False,0.06438973546028137,other,13
6587,1646,1,29,27,29,7,6,7,False,False,False,0.048000019043684006,other,2
6588,1647,0,47,47,47,19,7,21,True,True,False,0.013078676536679268,correct,0
6589,1647,0,40,46,40,7,19,15,False,False,False,0.03001011535525322,other,6
6590,1647,1,40,40,40,19,7,7,True,True,False,0.03178030997514725,correct,0
6591,1647,1,47,47,47,7,19,15,True,True,False,0.01248793862760067,correct,0
6592,1648,0,24,16,24,14,24,16,False,False,False,0.053930021822452545,other,8
6593,1648,0,37,3,37,24,14,8,False,False,False,0.03852999582886696,other,34
6594,1648,1,37,0,37,14,24,38,False,False,False,0.03323318809270859,other,37
6595,1648,1,24,31,24,24,14,31,False,False,False,0.08942094445228577,other,7
6596,1649,0,41,41,41,6,32,6,True,True,False,0.04641308635473251,correct,0
6597,1649,0,0,0,0,32,6,31,True,True,False,0.07868781685829163,correct,0
6598,1649,1,0,31,0,6,32,16,False,False,False,0.07152817398309708,other,31
6599,1649,1,41,41,41,32,6,6,True,True,False,0.05828604847192764,correct,0
6600,1650,0,47,47,47,6,14,2,True,True,False,0.015229731798171997,correct,0
6601,1650,0,44,47,44,14,6,14,False,False,False,0.022353220731019974,other,3
6602,1650,1,44,24,44,6,14,6,False,False,False,0.020252181217074394,other,20
6603,1650,1,47,44,47,14,6,38,False,False,False,0.016160449013113976,other,3
6604,1651,0,43,17,43,7,22,23,False,False,False,0.03966346010565758,other,26
6605,1651,0,27,27,27,22,7,21,True,True,False,0.023940863087773323,correct,0
6606,1651,1,27,27,27,7,22,19,True,True,False,0.030529048293828964,correct,0
6607,1651,1,43,43,43,22,7,26,True,True,False,0.037728987634181976,correct,0
6608,1652,0,15,16,15,14,6,38,False,False,True,0.03776154667139053,off_by_one,1
6609,1652,0,22,31,22,6,14,6,False,False,False,0.06835300475358963,other,9
6610,1652,1,22,0,22,14,6,38,False,False,False,0.07216670364141464,other,22
6611,1652,1,15,15,15,6,14,6,True,True,False,0.041307006031274796,correct,0
6612,1653,0,38,38,38,24,14,4,True,True,False,0.01847519539296627,correct,0
6613,1653,0,17,31,17,14,24,31,False,False,False,0.09397876262664795,other,14
6614,1653,1,17,17,17,24,14,24,True,True,False,0.10162492096424103,correct,0
6615,1653,1,38,38,38,14,24,14,True,True,False,0.018606362864375114,correct,0
6616,1654,0,47,47,47,19,7,21,True,True,False,0.031021684408187866,correct,0
6617,1654,0,1,27,1,7,19,30,False,False,False,0.01259805727750063,other,26
6618,1654,1,1,1,1,19,7,30,True,True,False,0.011239146813750267,correct,0
6619,1654,1,47,15,47,7,19,7,False,False,False,0.030035078525543213,other,32
6620,1655,0,9,17,9,8,7,21,False,False,False,0.031239937990903854,other,8
6621,1655,0,19,2,19,7,8,26,False,False,False,0.059617895632982254,other,17
6622,1655,1,19,3,19,8,7,7,False,False,False,0.06102540343999863,other,16
6623,1655,1,9,17,9,7,8,9,False,False,False,0.03178144618868828,other,8
6624,1656,0,17,17,17,27,6,14,True,True,False,0.04085221886634827,correct,0
6625,1656,0,39,0,39,6,27,6,False,False,False,0.02387303113937378,other,39
6626,1656,1,39,17,39,27,6,14,False,False,False,0.029412098228931427,other,22
6627,1656,1,17,18,17,6,27,6,False,False,True,0.03782226890325546,off_by_one,1
6628,1657,0,15,15,15,6,30,20,True,True,False,0.08919516950845718,correct,0
6629,1657,0,26,26,26,30,6,18,True,True,False,0.047140926122665405,correct,0
6630,1657,1,26,47,26,6,30,20,False,False,False,0.04975801333785057,other,21
6631,1657,1,15,15,15,30,6,10,True,True,False,0.08938530832529068,correct,0
6632,1658,0,13,0,13,14,16,14,False,False,False,0.04766083508729935,other,13
6633,1658,0,7,7,7,16,14,7,True,True,False,0.02507329173386097,correct,0
6634,1658,1,7,7,7,14,16,37,True,True,False,0.030072778463363647,correct,0
6635,1658,1,13,3,13,16,14,15,False,False,False,0.035441406071186066,other,10
6636,1659,0,1,17,1,27,26,38,False,False,False,0.02773215062916279,other,16
6637,1659,0,16,42,16,26,27,18,False,False,False,0.1201053336262703,other,26
6638,1659,1,16,31,16,27,26,31,False,False,False,0.10405788570642471,other,15
6639,1659,1,1,1,1,26,27,6,True,True,False,0.026662679389119148,correct,0
6640,1660,0,48,31,48,2,0,6,False,False,False,0.028081106022000313,other,17
6641,1660,0,2,2,2,0,2,0,True,True,False,0.06375161558389664,correct,0
6642,1660,1,2,0,2,2,0,2,False,False,False,0.06489114463329315,other,2
6643,1660,1,48,17,48,0,2,20,False,False,False,0.028971465304493904,other,31
6644,1661,0,6,6,6,18,39,26,True,True,False,0.13735949993133545,correct,0
6645,1661,0,17,24,17,39,18,1,False,False,False,0.0567418672144413,other,7
6646,1661,1,17,0,17,18,39,21,False,False,False,0.054759681224823,other,17
6647,1661,1,6,40,6,39,18,9,False,False,False,0.14566928148269653,other,34
6648,1662,0,42,42,42,12,18,22,True,True,False,0.10725593566894531,correct,0
6649,1662,0,6,4,6,18,12,18,False,False,False,0.03532048687338829,other,2
6650,1662,1,6,6,6,12,18,6,True,True,False,0.02666863054037094,correct,0
6651,1662,1,42,42,42,18,12,24,True,True,False,0.1261208951473236,correct,0
6652,1663,0,46,24,46,8,13,18,False,False,False,0.027411015704274178,other,22
6653,1663,0,34,34,34,13,8,6,True,True,False,0.03011254034936428,correct,0
6654,1663,1,34,34,34,8,13,26,True,True,False,0.02714112587273121,correct,0
6655,1663,1,46,46,46,13,8,4,True,True,False,0.02816701866686344,correct,0
6656,1664,0,12,31,12,7,1,7,False,False,False,0.05037184804677963,other,19
6657,1664,0,27,0,27,1,7,1,False,False,False,0.015080760233104229,other,27
6658,1664,1,27,0,27,7,1,6,False,False,False,0.023153267800807953,other,27
6659,1664,1,12,3,12,1,7,7,False,False,False,0.044914912432432175,other,9
6660,1665,0,31,3,31,12,16,21,False,False,False,0.026904350146651268,other,28
6661,1665,0,21,31,21,16,12,14,False,False,False,0.014997739344835281,other,10
6662,1665,1,21,21,21,12,16,6,True,True,False,0.017471207305788994,correct,0
6663,1665,1,31,22,31,16,12,33,False,False,False,0.024117931723594666,other,9
6664,1666,0,48,17,48,19,15,4,False,False,False,0.0266572292894125,other,31
6665,1666,0,15,15,15,15,19,15,True,True,False,0.09727785736322403,correct,0
6666,1666,1,15,5,15,19,15,16,False,False,False,0.08923105150461197,other,10
6667,1666,1,48,27,48,15,19,15,False,False,False,0.024849455803632736,other,21
6668,1667,0,37,0,37,20,24,7,False,False,False,0.029773352667689323,other,37
6669,1667,0,24,46,24,24,20,24,False,False,False,0.01626693829894066,other,22
6670,1667,1,24,24,24,20,24,7,True,True,False,0.01466452144086361,correct,0
6671,1667,1,37,0,37,24,20,0,False,False,False,0.02424314245581627,other,37
6672,1668,0,4,24,4,36,24,24,False,False,False,0.002708983374759555,other,20
6673,1668,0,36,17,36,24,36,4,False,False,False,0.027921097353100777,other,19
6674,1668,1,36,2,36,36,24,24,False,False,False,0.02697835862636566,other,34
6675,1668,1,4,4,4,24,36,15,True,True,False,0.005307029001414776,correct,0
6676,1669,0,26,24,26,2,0,6,False,False,False,0.038976725190877914,other,2
6677,1669,0,35,35,35,0,2,0,True,True,False,0.006265189033001661,correct,0
6678,1669,1,35,35,35,2,0,6,True,True,False,0.009405300952494144,correct,0
6679,1669,1,26,26,26,0,2,17,True,True,False,0.01631990447640419,correct,0
6680,1670,0,36,17,36,6,19,7,False,False,False,0.06687925010919571,other,19
6681,1670,0,41,7,41,19,6,15,False,False,False,0.02498486265540123,other,34
6682,1670,1,41,41,41,6,19,18,True,True,False,0.022169815376400948,correct,0
6683,1670,1,36,17,36,19,6,22,False,False,False,0.06805392354726791,other,19
6684,1671,0,6,41,6,26,18,26,False,False,False,0.10439407825469971,other,35
6685,1671,0,14,3,14,18,26,17,False,False,False,0.02406577207148075,other,11
6686,1671,1,14,6,14,26,18,18,False,False,False,0.02352764829993248,other,8
6687,1671,1,6,6,6,18,26,18,True,True,False,0.09261103719472885,correct,0
6688,1672,0,24,35,24,31,30,0,False,False,False,0.009067917242646217,other,11
6689,1672,0,8,8,8,30,31,7,True,True,False,0.07492563873529434,correct,0
6690,1672,1,8,8,8,31,30,27,True,True,False,0.07768183201551437,correct,0
6691,1672,1,24,35,24,30,31,30,False,False,False,0.009048144333064556,other,11
6692,1673,0,11,27,11,24,6,21,False,False,False,0.054085832089185715,other,16
6693,1673,0,33,28,33,6,24,6,False,False,False,0.03831072524189949,other,5
6694,1673,1,33,27,33,24,6,24,False,False,False,0.039453648030757904,other,6
6695,1673,1,11,15,11,6,24,7,False,False,False,0.05189140513539314,other,4
6696,1674,0,33,28,33,6,18,2,False,False,False,0.026704775169491768,other,5
6697,1674,0,21,21,21,18,6,18,True,True,False,0.0089398929849267,correct,0
6698,1674,1,21,21,21,6,18,6,True,True,False,0.011309981346130371,correct,0
6699,1674,1,33,33,33,18,6,18,True,True,False,0.02670896239578724,correct,0
6700,1675,0,11,27,11,26,17,18,False,False,False,0.01352748367935419,other,16
6701,1675,0,47,40,47,17,26,7,False,False,False,0.01646893471479416,other,7
6702,1675,1,47,47,47,26,17,6,True,True,False,0.014438355341553688,correct,0
6703,1675,1,11,10,11,17,26,15,False,False,True,0.012907084077596664,off_by_one,1
6704,1676,0,38,38,38,15,14,0,True,True,False,0.08551356196403503,correct,0
6705,1676,0,33,38,33,14,15,14,False,False,False,0.008613496087491512,other,5
6706,1676,1,33,17,33,15,14,14,False,False,False,0.009659234434366226,other,16
6707,1676,1,38,15,38,14,15,24,False,False,False,0.08087200671434402,other,23
6708,1677,0,29,35,29,20,9,14,False,False,False,0.006343192886561155,other,6
6709,1677,0,24,24,24,9,20,7,True,True,False,0.003396633081138134,correct,0
6710,1677,1,24,24,24,20,9,7,True,True,False,0.0035732793621718884,correct,0
6711,1677,1,29,29,29,9,20,14,True,True,False,0.006571127567440271,correct,0
6712,1678,0,5,5,5,18,26,20,True,True,False,0.05135957896709442,correct,0
6713,1678,0,33,1,33,26,18,12,False,False,False,0.021640431135892868,other,32
6714,1678,1,33,12,33,18,26,15,False,False,False,0.0198803897947073,other,21
6715,1678,1,5,5,5,26,18,21,True,True,False,0.04620969295501709,correct,0
6716,1679,0,40,2,40,0,15,16,False,False,False,0.014154220931231976,other,38
6717,1679,0,13,44,13,15,0,15,False,False,False,0.03847293555736542,other,31
6718,1679,1,13,31,13,0,15,15,False,False,False,0.03409549221396446,other,18
6719,1679,1,40,24,40,15,0,7,False,False,False,0.009307644329965115,other,16
6720,1680,0,29,12,29,17,14,0,False,False,False,0.03332403674721718,other,17
6721,1680,0,21,3,21,14,17,0,False,False,False,0.017678745090961456,other,18
6722,1680,1,21,18,21,17,14,17,False,False,False,0.017411982640624046,other,3
6723,1680,1,29,29,29,14,17,14,True,True,False,0.02842855453491211,correct,0
6724,1681,0,24,35,24,24,18,21,False,False,False,0.012575232423841953,other,11
6725,1681,0,13,31,13,18,24,24,False,False,False,0.040541961789131165,other,18
6726,1681,1,13,13,13,24,18,18,True,True,False,0.047719117254018784,correct,0
6727,1681,1,24,24,24,18,24,26,True,True,False,0.01502107921987772,correct,0
6728,1682,0,19,0,19,6,18,6,False,False,False,0.05842031538486481,other,19
6729,1682,0,2,17,2,18,6,14,False,False,False,0.018494445830583572,other,15
6730,1682,1,2,0,2,6,18,18,False,False,False,0.020829033106565475,other,2
6731,1682,1,19,3,19,18,6,6,False,False,False,0.055882956832647324,other,16
6732,1683,0,26,26,26,6,0,15,True,True,False,0.021330486983060837,correct,0
6733,1683,0,9,1,9,0,6,16,False,False,False,0.019056370481848717,other,8
6734,1683,1,9,0,9,6,0,6,False,False,False,0.019907942041754723,other,9
6735,1683,1,26,6,26,0,6,14,False,False,False,0.03936101496219635,other,20
6736,1684,0,25,15,25,36,18,36,False,False,False,0.01599450595676899,other,10
6737,1684,0,47,47,47,18,36,18,True,True,False,0.02254485711455345,correct,0
6738,1684,1,47,44,47,36,18,15,False,False,False,0.024228086695075035,other,3
6739,1684,1,25,24,25,18,36,13,False,False,True,0.014929343946278095,off_by_one,1
6740,1685,0,21,21,21,15,6,17,True,True,False,0.03845703974366188,correct,0
6741,1685,0,17,17,17,6,15,1,True,True,False,0.024807631969451904,correct,0
6742,1685,1,17,18,17,15,6,14,False,False,True,0.026439053937792778,off_by_one,1
6743,1685,1,21,31,21,6,15,7,False,False,False,0.037938714027404785,other,10
6744,1686,0,10,32,10,36,16,15,False,False,False,0.03227406367659569,other,22
6745,1686,0,6,31,6,16,36,15,False,False,False,0.035221997648477554,other,25
6746,1686,1,6,21,6,36,16,24,False,False,False,0.026550114154815674,other,15
6747,1686,1,10,12,10,16,36,14,False,False,False,0.03142702952027321,other,2
6748,1687,0,39,39,39,18,24,21,True,True,False,0.036583177745342255,correct,0
6749,1687,0,35,35,35,24,18,24,True,True,False,0.0018297048518434167,correct,0
6750,1687,1,35,35,35,18,24,21,True,True,False,0.0019270690390840173,correct,0
6751,1687,1,39,24,39,24,18,24,False,False,False,0.03751594200730324,other,15
6752,1688,0,23,41,23,13,8,6,False,False,False,0.02519119344651699,other,18
6753,1688,0,31,31,31,8,13,8,True,True,False,0.03567391633987427,correct,0
6754,1688,1,31,31,31,13,8,6,True,True,False,0.027911897748708725,correct,0
6755,1688,1,23,15,23,8,13,18,False,False,False,0.036030363291502,other,8
6756,1689,0,19,0,19,15,18,0,False,False,False,0.0397992841899395,other,19
6757,1689,0,34,34,34,18,15,18,True,True,False,0.011469858698546886,correct,0
6758,1689,1,34,34,34,15,18,15,True,True,False,0.00936573650687933,correct,0
6759,1689,1,19,3,19,18,15,18,False,False,False,0.041794225573539734,other,16
6760,1690,0,5,5,5,1,26,0,True,True,False,0.04898606240749359,correct,0
6761,1690,0,24,24,24,26,1,8,True,True,False,0.02216811291873455,correct,0
6762,1690,1,24,24,24,1,26,7,True,True,False,0.024398164823651314,correct,0
6763,1690,1,5,5,5,26,1,18,True,True,False,0.04632505774497986,correct,0
6764,1691,0,13,3,13,0,1,0,False,False,False,0.016205105930566788,other,10
6765,1691,0,17,17,17,1,0,14,True,True,False,0.02841079793870449,correct,0
6766,1691,1,17,17,17,0,1,14,True,True,False,0.028610432520508766,correct,0
6767,1691,1,13,13,13,1,0,15,True,True,False,0.011898125521838665,correct,0
6768,1692,0,4,4,4,7,17,7,True,True,False,0.006368129979819059,correct,0
6769,1692,0,9,4,9,17,7,16,False,False,False,0.031937193125486374,other,5
6770,1692,1,9,17,9,7,17,6,False,False,False,0.03040435165166855,other,8
6771,1692,1,4,35,4,17,7,14,False,False,False,0.008575178682804108,other,31
6772,1693,0,13,13,13,4,5,6,True,True,False,0.04363027587532997,correct,0
6773,1693,0,25,24,25,5,4,5,False,False,True,0.011606943793594837,off_by_one,1
6774,1693,1,25,35,25,4,5,24,False,False,False,0.013499620370566845,other,10
6775,1693,1,13,13,13,5,4,26,True,True,False,0.04851210117340088,correct,0
6776,1694,0,18,18,18,7,6,14,True,True,False,0.024765480309724808,correct,0
6777,1694,0,24,24,24,6,7,6,True,True,False,0.006691401824355125,correct,0
6778,1694,1,24,35,24,7,6,14,False,False,False,0.007475452497601509,other,11
6779,1694,1,18,17,18,6,7,6,False,False,True,0.02255161851644516,off_by_one,1
6780,1695,0,28,28,28,6,15,6,True,True,False,0.009761463850736618,correct,0
6781,1695,0,34,34,34,15,6,0,True,True,False,0.02569267898797989,correct,0
6782,1695,1,34,34,34,6,15,17,True,True,False,0.023060383275151253,correct,0
6783,1695,1,28,28,28,15,6,15,True,True,False,0.009581899270415306,correct,0
6784,1696,0,48,3,48,7,24,15,False,False,False,0.07751702517271042,other,45
6785,1696,0,4,17,4,24,7,0,False,False,False,0.09034397453069687,other,13
6786,1696,1,4,4,4,7,24,14,True,True,False,0.0990912914276123,correct,0
6787,1696,1,48,16,48,24,7,31,False,False,False,0.06591994315385818,other,32
6788,1697,0,26,25,26,12,13,30,False,False,True,0.04602491855621338,off_by_one,1
6789,1697,0,14,14,14,13,12,12,True,True,False,0.00739074544981122,correct,0
6790,1697,1,14,45,14,12,13,24,False,False,False,0.009971104562282562,other,31
6791,1697,1,26,26,26,13,12,20,True,True,False,0.036001257598400116,correct,0
6792,1698,0,26,26,26,6,14,26,True,True,False,0.025749333202838898,correct,0
6793,1698,0,35,35,35,14,6,38,True,True,False,0.025157874450087547,correct,0
6794,1698,1,35,24,35,6,14,6,False,False,False,0.025125669315457344,other,11
6795,1698,1,26,24,26,14,6,14,False,False,False,0.03499402850866318,other,2
6796,1699,0,10,12,10,18,17,1,False,False,False,0.004961394239217043,other,2
6797,1699,0,21,18,21,17,18,17,False,False,False,0.11829466372728348,other,3
6798,1699,1,21,21,21,18,17,18,True,True,False,0.11209186911582947,correct,0
6799,1699,1,10,28,10,17,18,1,False,False,False,0.008990251459181309,other,18
6800,1700,0,39,39,39,18,17,4,True,True,False,0.012700190767645836,correct,0
6801,1700,0,37,18,37,17,18,17,False,False,False,0.008306874893605709,other,19
6802,1700,1,37,31,37,18,17,18,False,False,False,0.00843501091003418,other,6
6803,1700,1,39,0,39,17,18,17,False,False,False,0.011900877580046654,other,39
6804,1701,0,2,40,2,36,14,18,False,False,False,0.03660595417022705,other,38
6805,1701,0,44,45,44,14,36,14,False,False,True,0.039588574320077896,off_by_one,1
6806,1701,1,44,44,44,36,14,24,True,True,False,0.040334030985832214,correct,0
6807,1701,1,2,43,2,14,36,14,False,False,False,0.03947395458817482,other,41
6808,1702,0,5,5,5,14,15,14,True,True,False,0.050155721604824066,correct,0
6809,1702,0,44,44,44,15,14,0,True,True,False,0.04821326211094856,correct,0
6810,1702,1,44,47,44,14,15,14,False,False,False,0.0456724539399147,other,3
6811,1702,1,5,5,5,15,14,27,True,True,False,0.05335149168968201,correct,0
6812,1703,0,29,15,29,24,28,1,False,False,False,0.04711043834686279,other,14
6813,1703,0,26,4,26,28,24,38,False,False,False,0.031256433576345444,other,22
6814,1703,1,26,26,26,24,28,4,True,True,False,0.03155633434653282,correct,0
6815,1703,1,29,29,29,28,24,0,True,True,False,0.05326354131102562,correct,0
6816,1704,0,16,16,16,15,18,17,True,True,False,0.05036558955907822,correct,0
6817,1704,0,17,43,17,18,15,1,False,False,False,0.030664145946502686,other,26
6818,1704,1,17,17,17,15,18,17,True,True,False,0.030126914381980896,correct,0
6819,1704,1,16,15,16,18,15,16,False,False,True,0.05177944153547287,off_by_one,1
6820,1705,0,8,8,8,9,15,7,True,True,False,0.06339062750339508,correct,0
6821,1705,0,37,37,37,15,9,16,True,True,False,0.0039894492365419865,correct,0
6822,1705,1,37,3,37,9,15,18,False,False,False,0.0036604555789381266,other,34
6823,1705,1,8,8,8,15,9,23,True,True,False,0.06274309754371643,correct,0
6824,1706,0,20,0,20,24,16,21,False,False,False,0.0361952930688858,other,20
6825,1706,0,45,24,45,16,24,15,False,False,False,0.015276800841093063,other,21
6826,1706,1,45,45,45,24,16,24,True,True,False,0.012718712911009789,correct,0
6827,1706,1,20,6,20,16,24,21,False,False,False,0.03677068650722504,other,14
6828,1707,0,25,35,25,6,7,6,False,False,False,0.02504631131887436,other,10
6829,1707,0,10,15,10,7,6,7,False,False,False,0.04102206230163574,other,5
6830,1707,1,10,10,10,6,7,6,True,True,False,0.03400524705648422,correct,0
6831,1707,1,25,15,25,7,6,6,False,False,False,0.02309371717274189,other,10
6832,1708,0,40,46,40,24,14,24,False,False,False,0.03297107666730881,other,6
6833,1708,0,3,43,3,14,24,14,False,False,False,0.022010914981365204,other,40
6834,1708,1,3,0,3,24,14,7,False,False,False,0.020172884687781334,other,3
6835,1708,1,40,17,40,14,24,0,False,False,False,0.033120643347501755,other,23
6836,1709,0,21,3,21,0,25,23,False,False,False,0.02805299684405327,other,18
6837,1709,0,38,17,38,25,0,25,False,False,False,0.01574680022895336,other,21
6838,1709,1,38,44,38,0,25,25,False,False,False,0.01577354222536087,other,6
6839,1709,1,21,21,21,25,0,15,True,True,False,0.028942162171006203,correct,0
6840,1710,0,1,2,1,36,24,18,False,False,True,0.014841774478554726,off_by_one,1
6841,1710,0,45,45,45,24,36,36,True,True,False,0.011457163840532303,correct,0
6842,1710,1,45,24,45,36,24,36,False,False,False,0.010192964226007462,other,21
6843,1710,1,1,1,1,24,36,0,True,True,False,0.017779171466827393,correct,0
6844,1711,0,30,31,30,18,16,18,False,False,True,0.06912688910961151,off_by_one,1
6845,1711,0,47,24,47,16,18,16,False,False,False,0.07410398125648499,other,23
6846,1711,1,47,47,47,18,16,4,True,True,False,0.0791650041937828,correct,0
6847,1711,1,30,30,30,16,18,14,True,True,False,0.06494992971420288,correct,0
6848,1712,0,13,13,13,15,12,15,True,True,False,0.03966826945543289,correct,0
6849,1712,0,8,8,8,12,15,17,True,True,False,0.020203981548547745,correct,0
6850,1712,1,8,8,8,15,12,11,True,True,False,0.016267359256744385,correct,0
6851,1712,1,13,0,13,12,15,30,False,False,False,0.037520941346883774,other,13
6852,1713,0,28,27,28,15,24,14,False,False,True,0.02090957574546337,off_by_one,1
6853,1713,0,14,24,14,24,15,18,False,False,False,0.035022951662540436,other,10
6854,1713,1,14,14,14,15,24,17,True,True,False,0.03576318547129631,correct,0
6855,1713,1,28,27,28,24,15,4,False,False,True,0.019116166979074478,off_by_one,1
6856,1714,0,11,11,11,16,7,11,True,True,False,0.03642793744802475,correct,0
6857,1714,0,31,31,31,7,16,24,True,True,False,0.07574325799942017,correct,0
6858,1714,1,31,31,31,16,7,10,True,True,False,0.0702798143029213,correct,0
6859,1714,1,11,29,11,7,16,18,False,False,False,0.035230014473199844,other,18
6860,1715,0,7,7,7,7,24,9,True,True,False,0.1603035032749176,correct,0
6861,1715,0,35,44,35,24,7,0,False,False,False,0.05830397829413414,other,9
6862,1715,1,35,35,35,7,24,10,True,True,False,0.06403927505016327,correct,0
6863,1715,1,7,46,7,24,7,33,False,False,False,0.1542326807975769,other,39
6864,1716,0,4,47,4,2,7,18,False,False,False,0.018455995246767998,other,43
6865,1716,0,12,10,12,7,2,7,False,False,False,0.012798156589269638,other,2
6866,1716,1,12,28,12,2,7,7,False,False,False,0.01970726251602173,other,16
6867,1716,1,4,4,4,7,2,7,True,True,False,0.01787799783051014,correct,0
6868,1717,0,3,0,3,26,7,6,False,False,False,0.06923481822013855,other,3
6869,1717,0,2,2,2,7,26,7,True,True,False,0.08682165294885635,correct,0
6870,1717,1,2,0,2,26,7,21,False,False,False,0.08593405783176422,other,2
6871,1717,1,3,15,3,7,26,7,False,False,False,0.07152073830366135,other,12
6872,1718,0,18,3,18,15,6,17,False,False,False,0.04252070188522339,other,15
6873,1718,0,47,47,47,6,15,6,True,True,False,0.029694855213165283,correct,0
6874,1718,1,47,44,47,15,6,20,False,False,False,0.030567960813641548,other,3
6875,1718,1,18,18,18,6,15,7,True,True,False,0.039250656962394714,correct,0
6876,1719,0,33,32,33,24,33,0,False,False,True,0.03568318113684654,off_by_one,1
6877,1719,0,26,24,26,33,24,33,False,False,False,0.03352866321802139,other,2
6878,1719,1,26,26,26,24,33,18,True,True,False,0.03627472370862961,correct,0
6879,1719,1,33,31,33,33,24,28,False,False,False,0.035966116935014725,other,2
6880,1720,0,17,17,17,6,14,6,True,True,False,0.042162634432315826,correct,0
6881,1720,0,48,1,48,14,6,0,False,False,False,0.021214034408330917,other,47
6882,1720,1,48,0,48,6,14,26,False,False,False,0.025578012689948082,other,48
6883,1720,1,17,17,17,14,6,11,True,True,False,0.040736742317676544,correct,0
6884,1721,0,44,44,44,6,2,4,True,True,False,0.011005327105522156,correct,0
6885,1721,0,41,41,41,2,6,6,True,True,False,0.03529554232954979,correct,0
6886,1721,1,41,41,41,6,2,18,True,True,False,0.03629931062459946,correct,0
6887,1721,1,44,44,44,2,6,6,True,True,False,0.009684080258011818,correct,0
6888,1722,0,41,41,41,29,14,6,True,True,False,0.1361512839794159,correct,0
6889,1722,0,24,35,24,14,29,14,False,False,False,0.011298677884042263,other,11
6890,1722,1,24,45,24,29,14,6,False,False,False,0.009378370828926563,other,21
6891,1722,1,41,41,41,14,29,14,True,True,False,0.1591956466436386,correct,0
6892,1723,0,7,7,7,7,6,20,True,True,False,0.04439638927578926,correct,0
6893,1723,0,43,40,43,6,7,24,False,False,False,0.04001046344637871,other,3
6894,1723,1,43,0,43,7,6,15,False,False,False,0.045273710042238235,other,43
6895,1723,1,7,7,7,6,7,6,True,True,False,0.04078604653477669,correct,0
6896,1724,0,39,38,39,24,38,18,False,False,True,0.031490620225667953,off_by_one,1
6897,1724,0,31,31,31,38,24,0,True,True,False,0.013202905654907227,correct,0
6898,1724,1,31,31,31,24,38,24,True,True,False,0.018474118784070015,correct,0
6899,1724,1,39,31,39,38,24,0,False,False,False,0.024172184988856316,other,8
6900,1725,0,4,24,4,33,24,28,False,False,False,0.019743990153074265,other,20
6901,1725,0,48,0,48,24,33,30,False,False,False,0.04161606729030609,other,48
6902,1725,1,48,0,48,33,24,14,False,False,False,0.04397645592689514,other,48
6903,1725,1,4,35,4,24,33,24,False,False,False,0.023431753739714622,other,31
6904,1726,0,28,1,28,16,14,38,False,False,False,0.010637867264449596,other,27
6905,1726,0,34,34,34,14,16,23,True,True,False,0.00851671863347292,correct,0
6906,1726,1,34,34,34,16,14,27,True,True,False,0.007225303445011377,correct,0
6907,1726,1,28,3,28,14,16,28,False,False,False,0.013118194416165352,other,25
6908,1727,0,20,3,20,3,5,2,False,False,False,0.06979307532310486,other,17
6909,1727,0,37,43,37,5,3,26,False,False,False,0.0123697305098176,other,6
6910,1727,1,37,0,37,3,5,36,False,False,False,0.012168499641120434,other,37
6911,1727,1,20,3,20,5,3,8,False,False,False,0.06790719926357269,other,17
6912,1728,0,34,34,34,7,27,27,True,True,False,0.011849576607346535,correct,0
6913,1728,0,10,12,10,27,7,16,False,False,False,0.028962554410099983,other,2
6914,1728,1,10,46,10,7,27,0,False,False,False,0.029614051803946495,other,36
6915,1728,1,34,34,34,27,7,14,True,True,False,0.01422495860606432,correct,0
6916,1729,0,0,0,0,7,2,18,True,True,False,0.05310024693608284,correct,0
6917,1729,0,16,45,16,2,7,9,False,False,False,0.01576017588376999,other,29
6918,1729,1,16,15,16,7,2,0,False,False,True,0.020092124119400978,off_by_one,1
6919,1729,1,0,17,0,2,7,7,False,False,False,0.04845891147851944,other,17
6920,1730,0,33,27,33,2,6,18,False,False,False,0.0968378335237503,other,6
6921,1730,0,38,38,38,6,2,18,True,True,False,0.004220832139253616,correct,0
6922,1730,1,38,38,38,2,6,6,True,True,False,0.005149046890437603,correct,0
6923,1730,1,33,31,33,6,2,7,False,False,False,0.09002670645713806,other,2
6924,1731,0,28,31,28,7,24,7,False,False,False,0.05463843047618866,other,3
6925,1731,0,26,26,26,24,7,18,True,True,False,0.008770156651735306,correct,0
6926,1731,1,26,35,26,7,24,19,False,False,False,0.016068492084741592,other,9
6927,1731,1,28,28,28,24,7,21,True,True,False,0.05724871903657913,correct,0
6928,1732,0,23,15,23,12,9,6,False,False,False,0.02135232649743557,other,8
6929,1732,0,14,14,14,9,12,20,True,True,False,0.021579761058092117,correct,0
6930,1732,1,14,24,14,12,9,30,False,False,False,0.013640064746141434,other,10
6931,1732,1,23,15,23,9,12,20,False,False,False,0.02043437398970127,other,8
6932,1733,0,43,2,43,7,6,7,False,False,False,0.04983340948820114,other,41
6933,1733,0,26,26,26,6,7,6,True,True,False,0.03698092699050903,correct,0
6934,1733,1,26,26,26,7,6,14,True,True,False,0.027067773044109344,correct,0
6935,1733,1,43,2,43,6,7,26,False,False,False,0.04678099974989891,other,41
6936,1734,0,7,7,7,16,6,7,True,True,False,0.0425293929874897,correct,0
6937,1734,0,41,45,41,6,16,18,False,False,False,0.06747165322303772,other,4
6938,1734,1,41,41,41,16,6,17,True,True,False,0.06328190118074417,correct,0
6939,1734,1,7,7,7,6,16,6,True,True,False,0.03992784023284912,correct,0
6940,1735,0,32,28,32,7,8,2,False,False,False,0.01872333511710167,other,4
6941,1735,0,40,40,40,8,7,4,True,True,False,0.018233366310596466,correct,0
6942,1735,1,40,44,40,7,8,1,False,False,False,0.017693113535642624,other,4
6943,1735,1,32,32,32,8,7,7,True,True,False,0.01724412851035595,correct,0
6944,1736,0,4,4,4,2,8,2,True,True,False,0.031406331807374954,correct,0
6945,1736,0,46,46,46,8,2,18,True,True,False,0.0310174822807312,correct,0
6946,1736,1,46,0,46,2,8,7,False,False,False,0.030791349709033966,other,46
6947,1736,1,4,45,4,8,2,24,False,False,False,0.030213413760066032,other,41
6948,1737,0,4,35,4,15,8,15,False,False,False,0.014196292497217655,other,31
6949,1737,0,18,18,18,8,15,14,True,True,False,0.0394427627325058,correct,0
6950,1737,1,18,18,18,15,8,14,True,True,False,0.04349128156900406,correct,0
6951,1737,1,4,15,4,8,15,6,False,False,False,0.012978918850421906,other,11
6952,1738,0,20,18,20,18,7,4,False,False,False,0.055555570870637894,other,2
6953,1738,0,5,47,5,7,18,15,False,False,False,0.03734416142106056,other,42
6954,1738,1,5,5,5,18,7,30,True,True,False,0.04074183851480484,correct,0
6955,1738,1,20,32,20,7,18,7,False,False,False,0.05895325914025307,other,12
6956,1739,0,11,17,11,23,6,23,False,False,False,0.05580790340900421,other,6
6957,1739,0,43,17,43,6,23,24,False,False,False,0.01856706105172634,other,26
6958,1739,1,43,1,43,23,6,11,False,False,False,0.02534608170390129,other,42
6959,1739,1,11,15,11,6,23,16,False,False,False,0.046812914311885834,other,4
6960,1740,0,41,41,41,20,18,17,True,True,False,0.0466085821390152,correct,0
6961,1740,0,23,41,23,18,20,18,False,False,False,0.10204349458217621,other,18
6962,1740,1,23,41,23,20,18,2,False,False,False,0.1067456528544426,other,18
6963,1740,1,41,41,41,18,20,26,True,True,False,0.04263973981142044,correct,0
6964,1741,0,17,17,17,12,6,14,True,True,False,0.029964612796902657,correct,0
6965,1741,0,33,28,33,6,12,6,False,False,False,0.06864307075738907,other,5
6966,1741,1,33,17,33,12,6,30,False,False,False,0.06855984032154083,other,16
6967,1741,1,17,31,17,6,12,17,False,False,False,0.030337566509842873,other,14
6968,1742,0,44,44,44,18,27,6,True,True,False,0.015374824404716492,correct,0
6969,1742,0,14,35,14,27,18,14,False,False,False,0.04357686638832092,other,21
6970,1742,1,14,14,14,18,27,2,True,True,False,0.04749428480863571,correct,0
6971,1742,1,44,17,44,27,18,11,False,False,False,0.010783588513731956,other,27
6972,1743,0,26,35,26,15,14,32,False,False,False,0.015311067923903465,other,9
6973,1743,0,25,35,25,14,15,23,False,False,False,0.008933953940868378,other,10
6974,1743,1,25,35,25,15,14,16,False,False,False,0.008489470928907394,other,10
6975,1743,1,26,35,26,14,15,15,False,False,False,0.014645686373114586,other,9
6976,1744,0,29,28,29,16,26,16,False,False,True,0.03209017589688301,off_by_one,1
6977,1744,0,36,27,36,26,16,19,False,False,False,0.07193642109632492,other,9
6978,1744,1,36,10,36,16,26,16,False,False,False,0.0703219324350357,other,26
6979,1744,1,29,27,29,26,16,6,False,False,False,0.032615724951028824,other,2
6980,1745,0,28,4,28,0,7,0,False,False,False,0.010549264959990978,other,24
6981,1745,0,8,8,8,7,0,7,True,True,False,0.01074768602848053,correct,0
6982,1745,1,8,8,8,0,7,0,True,True,False,0.012670050375163555,correct,0
6983,1745,1,28,28,28,7,0,30,True,True,False,0.009821729734539986,correct,0
6984,1746,0,12,27,12,7,18,15,False,False,False,0.04883485287427902,other,15
6985,1746,0,14,14,14,18,7,18,True,True,False,0.026387393474578857,correct,0
6986,1746,1,14,24,14,7,18,21,False,False,False,0.028129583224654198,other,10
6987,1746,1,12,15,12,18,7,16,False,False,False,0.045823611319065094,other,3
6988,1747,0,21,0,21,24,6,6,False,False,False,0.008807013742625713,other,21
6989,1747,0,35,35,35,6,24,6,True,True,False,0.01715606264770031,correct,0
6990,1747,1,35,24,35,24,6,24,False,False,False,0.013584431260824203,other,11
6991,1747,1,21,3,21,6,24,4,False,False,False,0.009444602765142918,other,18
6992,1748,0,23,35,23,4,5,36,False,False,False,0.022461116313934326,other,12
6993,1748,0,34,34,34,5,4,4,True,True,False,0.019207991659641266,correct,0
6994,1748,1,34,45,34,4,5,18,False,False,False,0.021300766617059708,other,11
6995,1748,1,23,15,23,5,4,6,False,False,False,0.02091856859624386,other,8
6996,1749,0,19,0,19,39,20,6,False,False,False,0.03356243297457695,other,19
6997,1749,0,12,12,12,20,39,2,True,True,False,0.025593219324946404,correct,0
6998,1749,1,12,12,12,39,20,6,True,True,False,0.024669161066412926,correct,0
6999,1749,1,19,31,19,20,39,38,False,False,False,0.036658961325883865,other,12
7000,1750,0,5,15,5,2,8,18,False,False,False,0.06285052001476288,other,10
7001,1750,0,7,7,7,8,2,5,True,True,False,0.07922714203596115,correct,0
7002,1750,1,7,7,7,2,8,20,True,True,False,0.08017574995756149,correct,0
7003,1750,1,5,5,5,8,2,26,True,True,False,0.06381236016750336,correct,0
7004,1751,0,35,35,35,19,15,7,True,True,False,0.008429937064647675,correct,0
7005,1751,0,5,5,5,15,19,14,True,True,False,0.03126741200685501,correct,0
7006,1751,1,5,5,5,19,15,17,True,True,False,0.032428935170173645,correct,0
7007,1751,1,35,35,35,15,19,14,True,True,False,0.008021232672035694,correct,0
7008,1752,0,38,1,38,4,7,4,False,False,False,0.01133513543754816,other,37
7009,1752,0,36,36,36,7,4,7,True,True,False,0.005987204145640135,correct,0
7010,1752,1,36,2,36,4,7,18,False,False,False,0.00674718851223588,other,34
7011,1752,1,38,0,38,7,4,24,False,False,False,0.009752962738275528,other,38
7012,1753,0,45,45,45,14,6,0,True,True,False,0.030256977304816246,correct,0
7013,1753,0,40,0,40,6,14,6,False,False,False,0.045736540108919144,other,40
7014,1753,1,40,24,40,14,6,14,False,False,False,0.044295717030763626,other,16
7015,1753,1,45,24,45,6,14,6,False,False,False,0.02759411558508873,other,21
7016,1754,0,19,43,19,26,18,26,False,False,False,0.02415759302675724,other,24
7017,1754,0,42,42,42,18,26,26,True,True,False,0.07212444394826889,correct,0
7018,1754,1,42,15,42,26,18,18,False,False,False,0.07173112034797668,other,27
7019,1754,1,19,0,19,18,26,26,False,False,False,0.022974379360675812,other,19
7020,1755,0,17,1,17,2,15,14,False,False,False,0.054380085319280624,other,16
7021,1755,0,8,8,8,15,2,38,True,True,False,0.0361567884683609,correct,0
7022,1755,1,8,8,8,2,15,0,True,True,False,0.03334444761276245,correct,0
7023,1755,1,17,35,17,15,2,37,False,False,False,0.05947008728981018,other,18
7024,1756,0,37,17,37,7,24,26,False,False,False,0.026454182341694832,other,20
7025,1756,0,45,16,45,24,7,14,False,False,False,0.030602823942899704,other,29
7026,1756,1,45,45,45,7,24,7,True,True,False,0.03550082817673683,correct,0
7027,1756,1,37,0,37,24,7,0,False,False,False,0.022615965455770493,other,37
7028,1757,0,48,24,48,14,3,7,False,False,False,0.022627687081694603,other,24
7029,1757,0,41,7,41,3,14,15,False,False,False,0.07870133966207504,other,34
7030,1757,1,41,41,41,14,3,15,True,True,False,0.08769752830266953,correct,0
7031,1757,1,48,47,48,3,14,18,False,False,True,0.022093631327152252,off_by_one,1
7032,1758,0,42,42,42,6,15,6,True,True,False,0.09559378027915955,correct,0
7033,1758,0,41,41,41,15,6,27,True,True,False,0.14058838784694672,correct,0
7034,1758,1,41,41,41,6,15,2,True,True,False,0.1312991827726364,correct,0
7035,1758,1,42,42,42,15,6,37,True,True,False,0.1005467101931572,correct,0
7036,1759,0,11,15,11,16,0,27,False,False,False,0.03976566344499588,other,4
7037,1759,0,41,41,41,0,16,0,True,True,False,0.09190884232521057,correct,0
7038,1759,1,41,41,41,16,0,16,True,True,False,0.09046994149684906,correct,0
7039,1759,1,11,29,11,0,16,14,False,False,False,0.03951411694288254,other,18
7040,1760,0,6,41,6,0,1,24,False,False,False,0.027888387441635132,other,35
7041,1760,0,41,41,41,1,0,10,True,True,False,0.10967569798231125,correct,0
7042,1760,1,41,41,41,0,1,0,True,True,False,0.13658493757247925,correct,0
7043,1760,1,6,24,6,1,0,14,False,False,False,0.029371436685323715,other,18
7044,1761,0,21,21,21,18,16,18,True,True,False,0.10211924463510513,correct,0
7045,1761,0,43,3,43,16,18,33,False,False,False,0.04277724772691727,other,40
7046,1761,1,43,0,43,18,16,18,False,False,False,0.03820125386118889,other,43
7047,1761,1,21,31,21,16,18,14,False,False,False,0.11740981787443161,other,10
7048,1762,0,26,24,26,17,6,6,False,False,False,0.03259694576263428,other,2
7049,1762,0,33,30,33,6,17,15,False,False,False,0.021613363176584244,other,3
7050,1762,1,33,46,33,17,6,31,False,False,False,0.029028574004769325,other,13
7051,1762,1,26,25,26,6,17,12,False,False,True,0.02212860994040966,off_by_one,1
7052,1763,0,5,5,5,7,2,0,True,True,False,0.0406629741191864,correct,0
7053,1763,0,48,43,48,2,7,2,False,False,False,0.027156708762049675,other,5
7054,1763,1,48,0,48,7,2,18,False,False,False,0.028287578374147415,other,48
7055,1763,1,5,5,5,2,7,7,True,True,False,0.04090007394552231,correct,0
7056,1764,0,47,44,47,6,26,6,False,False,False,0.058014221489429474,other,3
7057,1764,0,28,0,28,26,6,26,False,False,False,0.030170386657118797,other,28
7058,1764,1,28,10,28,6,26,26,False,False,False,0.033111389726400375,other,18
7059,1764,1,47,47,47,26,6,4,True,True,False,0.05754072964191437,correct,0
7060,1765,0,34,34,34,18,14,21,True,True,False,0.036871787160634995,correct,0
7061,1765,0,10,1,10,14,18,0,False,False,False,0.01309605035930872,other,9
7062,1765,1,10,28,10,18,14,15,False,False,False,0.014501617290079594,other,18
7063,1765,1,34,31,34,14,18,27,False,False,False,0.03265348821878433,other,3
7064,1766,0,18,43,18,6,15,6,False,False,False,0.00769710773602128,other,25
7065,1766,0,7,7,7,15,6,7,True,True,False,0.027580926194787025,correct,0
7066,1766,1,7,7,7,6,15,26,True,True,False,0.027687225490808487,correct,0
7067,1766,1,18,18,18,15,6,7,True,True,False,0.007031271234154701,correct,0
7068,1767,0,7,34,7,7,18,7,False,False,False,0.02783035673201084,other,27
7069,1767,0,5,5,5,18,7,18,True,True,False,0.03372654691338539,correct,0
7070,1767,1,5,5,5,7,18,0,True,True,False,0.02670702524483204,correct,0
7071,1767,1,7,7,7,18,7,22,True,True,False,0.025706730782985687,correct,0
7072,1768,0,39,39,39,6,7,26,True,True,False,0.015709659084677696,correct,0
7073,1768,0,9,17,9,7,6,14,False,False,False,0.028393490239977837,other,8
7074,1768,1,9,32,9,6,7,6,False,False,False,0.029655927792191505,other,23
7075,1768,1,39,39,39,7,6,7,True,True,False,0.015549167059361935,correct,0
7076,1769,0,14,44,14,7,6,6,False,False,False,0.050842080265283585,other,30
7077,1769,0,7,7,7,6,7,6,True,True,False,0.03402615338563919,correct,0
7078,1769,1,7,7,7,7,6,7,True,True,False,0.037348613142967224,correct,0
7079,1769,1,14,44,14,6,7,6,False,False,False,0.04559173434972763,other,30
7080,1770,0,27,24,27,38,7,38,False,False,False,0.03309658169746399,other,3
7081,1770,0,37,0,37,7,38,36,False,False,False,0.004800823517143726,other,37
7082,1770,1,37,43,37,38,7,38,False,False,False,0.003487425157800317,other,6
7083,1770,1,27,32,27,7,38,24,False,False,False,0.03031565062701702,other,5
7084,1771,0,9,17,9,6,19,24,False,False,False,0.0386200025677681,other,8
7085,1771,0,37,43,37,19,6,30,False,False,False,0.009377934038639069,other,6
7086,1771,1,37,2,37,6,19,6,False,False,False,0.0087938467040658,other,35
7087,1771,1,9,1,9,19,6,0,False,False,False,0.03941868618130684,other,8
7088,1772,0,14,45,14,16,14,7,False,False,False,0.0403844453394413,other,31
7089,1772,0,41,15,41,14,16,6,False,False,False,0.2140800803899765,other,26
7090,1772,1,41,41,41,16,14,15,True,True,False,0.24812327325344086,correct,0
7091,1772,1,14,16,14,14,16,14,False,False,False,0.03355010598897934,other,2
7092,1773,0,22,30,22,15,16,16,False,False,False,0.01576681062579155,other,8
7093,1773,0,39,0,39,16,15,15,False,False,False,0.008172550238668919,other,39
7094,1773,1,39,46,39,15,16,16,False,False,False,0.007157492451369762,other,7
7095,1773,1,22,3,22,16,15,16,False,False,False,0.013957465067505836,other,19
7096,1774,0,34,34,34,15,16,15,True,True,False,0.02985774725675583,correct,0
7097,1774,0,48,31,48,16,15,14,False,False,False,0.025167416781187057,other,17
7098,1774,1,48,31,48,15,16,15,False,False,False,0.028612272813916206,other,17
7099,1774,1,34,24,34,16,15,14,False,False,False,0.025156980380415916,other,10
7100,1775,0,28,1,28,19,6,21,False,False,False,0.012856810353696346,other,27
7101,1775,0,17,3,17,6,19,7,False,False,False,0.0467684268951416,other,14
7102,1775,1,17,0,17,19,6,24,False,False,False,0.04314330592751503,other,17
7103,1775,1,28,24,28,6,19,6,False,False,False,0.015451421961188316,other,4
7104,1776,0,30,30,30,16,17,28,True,True,False,0.03261306881904602,correct,0
7105,1776,0,4,4,4,17,16,0,True,True,False,0.009387040510773659,correct,0
7106,1776,1,4,4,4,16,17,14,True,True,False,0.011600294150412083,correct,0
7107,1776,1,30,30,30,17,16,0,True,True,False,0.03747372329235077,correct,0
7108,1777,0,28,27,28,7,23,7,False,False,True,0.01182439923286438,off_by_one,1
7109,1777,0,30,31,30,23,7,15,False,False,True,0.06670188903808594,off_by_one,1
7110,1777,1,30,30,30,7,23,7,True,True,False,0.06329359859228134,correct,0
7111,1777,1,28,28,28,23,7,23,True,True,False,0.012633902952075005,correct,0
7112,1778,0,30,31,30,19,7,21,False,False,True,0.01043129526078701,off_by_one,1
7113,1778,0,46,0,46,7,19,24,False,False,False,0.03405307978391647,other,46
7114,1778,1,46,3,46,19,7,18,False,False,False,0.03419128432869911,other,43
7115,1778,1,30,27,30,7,19,20,False,False,False,0.011180050671100616,other,3
7116,1779,0,13,32,13,23,15,16,False,False,False,0.0351991131901741,other,19
7117,1779,0,6,3,6,15,23,16,False,False,False,0.014592539519071579,other,3
7118,1779,1,6,46,6,23,15,0,False,False,False,0.013715633191168308,other,40
7119,1779,1,13,27,13,15,23,15,False,False,False,0.030449066311120987,other,14
7120,1780,0,4,35,4,17,18,7,False,False,False,0.005745003931224346,other,31
7121,1780,0,37,0,37,18,17,18,False,False,False,0.020209167152643204,other,37
7122,1780,1,37,3,37,17,18,21,False,False,False,0.019625963643193245,other,34
7123,1780,1,4,35,4,18,17,18,False,False,False,0.005458179395645857,other,31
7124,1781,0,23,35,23,7,14,15,False,False,False,0.020067526027560234,other,12
7125,1781,0,17,17,17,14,7,14,True,True,False,0.05775942653417587,correct,0
7126,1781,1,17,18,17,7,14,15,False,False,True,0.0559178926050663,off_by_one,1
7127,1781,1,23,35,23,14,7,14,False,False,False,0.021374743431806564,other,12
7128,1782,0,34,34,34,18,14,15,True,True,False,0.03148387372493744,correct,0
7129,1782,0,41,41,41,14,18,15,True,True,False,0.0360388346016407,correct,0
7130,1782,1,41,41,41,18,14,6,True,True,False,0.04424196481704712,correct,0
7131,1782,1,34,34,34,14,18,31,True,True,False,0.025653325021266937,correct,0
7132,1783,0,43,3,43,3,16,24,False,False,False,0.01718326099216938,other,40
7133,1783,0,7,7,7,16,3,7,True,True,False,0.023350002244114876,correct,0
7134,1783,1,7,7,7,3,16,21,True,True,False,0.022737575694918633,correct,0
7135,1783,1,43,17,43,16,3,17,False,False,False,0.014523124322295189,other,26
7136,1784,0,5,5,5,15,16,15,True,True,False,0.07303847372531891,correct,0
7137,1784,0,45,35,45,16,15,14,False,False,False,0.01407711673527956,other,10
7138,1784,1,45,45,45,15,16,15,True,True,False,0.016447221860289574,correct,0
7139,1784,1,5,5,5,16,15,14,True,True,False,0.06679506599903107,correct,0
7140,1785,0,26,35,26,39,6,6,False,False,False,0.038043878972530365,other,9
7141,1785,0,1,1,1,6,39,6,True,True,False,0.026396194472908974,correct,0
7142,1785,1,1,14,1,39,6,17,False,False,False,0.01975053921341896,other,13
7143,1785,1,26,34,26,6,39,17,False,False,False,0.03653206676244736,other,8
7144,1786,0,46,0,46,20,17,20,False,False,False,0.04054652154445648,other,46
7145,1786,0,11,1,11,17,20,1,False,False,False,0.012347561307251453,other,10
7146,1786,1,11,1,11,20,17,0,False,False,False,0.01370669063180685,other,10
7147,1786,1,46,27,46,17,20,15,False,False,False,0.038662876933813095,other,19
7148,1787,0,5,5,5,26,24,26,True,True,False,0.03875662386417389,correct,0
7149,1787,0,2,2,2,24,26,0,True,True,False,0.06679829955101013,correct,0
7150,1787,1,2,46,2,26,24,6,False,False,False,0.0647066980600357,other,44
7151,1787,1,5,5,5,24,26,39,True,True,False,0.03961670398712158,correct,0
7152,1788,0,1,1,1,0,14,0,True,True,False,0.034709382802248,correct,0
7153,1788,0,36,24,36,14,0,27,False,False,False,0.007344000972807407,other,12
7154,1788,1,36,24,36,0,14,15,False,False,False,0.009604728780686855,other,12
7155,1788,1,1,11,1,14,0,14,False,False,False,0.0352712944149971,other,10
7156,1789,0,25,35,25,19,2,6,False,False,False,0.006429333705455065,other,10
7157,1789,0,10,28,10,2,19,6,False,False,False,0.010214916430413723,other,18
7158,1789,1,10,28,10,19,2,15,False,False,False,0.010631204582750797,other,18
7159,1789,1,25,44,25,2,19,6,False,False,False,0.005807333625853062,other,19
7160,1790,0,30,31,30,26,16,6,False,False,True,0.055707499384880066,off_by_one,1
7161,1790,0,41,41,41,16,26,15,True,True,False,0.14472700655460358,correct,0
7162,1790,1,41,15,41,26,16,6,False,False,False,0.13164399564266205,other,26
7163,1790,1,30,30,30,16,26,15,True,True,False,0.05020758882164955,correct,0
7164,1791,0,28,27,28,18,23,21,False,False,True,0.005409382749348879,off_by_one,1
7165,1791,0,37,2,37,23,18,14,False,False,False,0.028818733990192413,other,35
7166,1791,1,37,24,37,18,23,18,False,False,False,0.0266252588480711,other,13
7167,1791,1,28,17,28,23,18,15,False,False,False,0.006593118421733379,other,11
7168,1792,0,29,3,29,17,15,15,False,False,False,0.036241158843040466,other,26
7169,1792,0,40,40,40,15,17,7,True,True,False,0.022706905379891396,correct,0
7170,1792,1,40,32,40,17,15,1,False,False,False,0.024970905855298042,other,8
7171,1792,1,29,11,29,15,17,9,False,False,False,0.037928495556116104,other,18
7172,1793,0,20,43,20,18,6,4,False,False,False,0.025155723094940186,other,23
7173,1793,0,9,0,9,6,18,17,False,False,False,0.026808788999915123,other,9
7174,1793,1,9,31,9,18,6,36,False,False,False,0.027822237461805344,other,22
7175,1793,1,20,18,20,6,18,1,False,False,False,0.020479971542954445,other,2
7176,1794,0,27,0,27,27,15,14,False,False,False,0.02376643568277359,other,27
7177,1794,0,35,35,35,15,27,14,True,True,False,0.01736302860081196,correct,0
7178,1794,1,35,35,35,27,15,14,True,True,False,0.017377333715558052,correct,0
7179,1794,1,27,27,27,15,27,1,True,True,False,0.022985992953181267,correct,0
7180,1795,0,37,43,37,13,12,6,False,False,False,0.014256855472922325,other,6
7181,1795,0,16,7,16,12,13,17,False,False,False,0.06933758407831192,other,9
7182,1795,1,16,15,16,13,12,9,False,False,True,0.07163772732019424,off_by_one,1
7183,1795,1,37,17,37,12,13,30,False,False,False,0.013749197125434875,other,20
7184,1796,0,44,44,44,14,16,0,True,True,False,0.010478462092578411,correct,0
7185,1796,0,29,16,29,16,14,0,False,False,False,0.032207176089286804,other,13
7186,1796,1,29,28,29,14,16,0,False,False,True,0.029731813818216324,off_by_one,1
7187,1796,1,44,24,44,16,14,0,False,False,False,0.012356866151094437,other,20
7188,1797,0,32,28,32,12,14,21,False,False,False,0.009600847959518433,other,4
7189,1797,0,27,1,27,14,12,14,False,False,False,0.03382454439997673,other,26
7190,1797,1,27,2,27,12,14,21,False,False,False,0.03321564570069313,other,25
7191,1797,1,32,32,32,14,12,0,True,True,False,0.01126089133322239,correct,0
7192,1798,0,5,15,5,24,16,27,False,False,False,0.021293384954333305,other,10
7193,1798,0,15,15,15,16,24,25,True,True,False,0.058717671781778336,correct,0
7194,1798,1,15,15,15,24,16,16,True,True,False,0.05472024902701378,correct,0
7195,1798,1,5,5,5,16,24,15,True,True,False,0.027044525370001793,correct,0
7196,1799,0,7,7,7,19,2,4,True,True,False,0.025344742462038994,correct,0
7197,1799,0,26,24,26,2,19,4,False,False,False,0.033888719975948334,other,2
7198,1799,1,26,45,26,19,2,8,False,False,False,0.03789568319916725,other,19
7199,1799,1,7,7,7,2,19,12,True,True,False,0.026596518233418465,correct,0
7200,1800,0,4,24,4,7,36,7,False,False,False,0.01016299333423376,other,20
7201,1800,0,3,0,3,36,7,36,False,False,False,0.06442448496818542,other,3
7202,1800,1,3,0,3,7,36,2,False,False,False,0.0698411613702774,other,3
7203,1800,1,4,4,4,36,7,36,True,True,False,0.013068011030554771,correct,0
7204,1801,0,23,35,23,14,15,14,False,False,False,0.01816987432539463,other,12
7205,1801,0,18,1,18,15,14,16,False,False,False,0.03571167215704918,other,17
7206,1801,1,18,10,18,14,15,0,False,False,False,0.03875469043850899,other,8
7207,1801,1,23,35,23,15,14,16,False,False,False,0.014659377746284008,other,12
7208,1802,0,17,31,17,18,14,24,False,False,False,0.03966421261429787,other,14
7209,1802,0,40,16,40,14,18,7,False,False,False,0.1640401929616928,other,24
7210,1802,1,40,40,40,18,14,18,True,True,False,0.18722140789031982,correct,0
7211,1802,1,17,1,17,14,18,14,False,False,False,0.034308061003685,other,16
7212,1803,0,15,7,15,17,24,37,False,False,False,0.03731204941868782,other,8
7213,1803,0,41,41,41,24,17,36,True,True,False,0.039034854620695114,correct,0
7214,1803,1,41,41,41,17,24,17,True,True,False,0.03322754055261612,correct,0
7215,1803,1,15,15,15,24,17,36,True,True,False,0.051932577043771744,correct,0
7216,1804,0,0,3,0,26,18,18,False,False,False,0.017726844176650047,other,3
7217,1804,0,46,2,46,18,26,6,False,False,False,0.01812531054019928,other,44
7218,1804,1,46,0,46,26,18,18,False,False,False,0.01596820540726185,other,46
7219,1804,1,0,0,0,18,26,20,True,True,False,0.02129436656832695,correct,0
7220,1805,0,24,24,24,34,24,3,True,True,False,0.0069926888681948185,correct,0
7221,1805,0,39,46,39,24,34,21,False,False,False,0.006372247356921434,other,7
7222,1805,1,39,38,39,34,24,21,False,False,True,0.0057191988453269005,off_by_one,1
7223,1805,1,24,24,24,24,34,34,True,True,False,0.007593982852995396,correct,0
7224,1806,0,25,35,25,16,17,15,False,False,False,0.012316416017711163,other,10
7225,1806,0,35,35,35,17,16,7,True,True,False,0.00236713164485991,correct,0
7226,1806,1,35,35,35,16,17,16,True,True,False,0.003554876195266843,correct,0
7227,1806,1,25,35,25,17,16,0,False,False,False,0.01030558068305254,other,10
7228,1807,0,25,35,25,26,14,18,False,False,False,0.009354646317660809,other,10
7229,1807,0,3,36,3,14,26,14,False,False,False,0.04958438500761986,other,33
7230,1807,1,3,43,3,26,14,18,False,False,False,0.05031904578208923,other,40
7231,1807,1,25,35,25,14,26,14,False,False,False,0.010435123927891254,other,10
7232,1808,0,18,18,18,3,15,6,True,True,False,0.04413579776883125,correct,0
7233,1808,0,48,2,48,15,3,7,False,False,False,0.02482607588171959,other,46
7234,1808,1,48,17,48,3,15,18,False,False,False,0.028632938861846924,other,31
7235,1808,1,18,18,18,15,3,21,True,True,False,0.04560403525829315,correct,0
7236,1809,0,20,19,20,7,2,6,False,False,True,0.057451553642749786,off_by_one,1
7237,1809,0,26,24,26,2,7,18,False,False,False,0.010647337883710861,other,2
7238,1809,1,26,26,26,7,2,30,True,True,False,0.010759195312857628,correct,0
7239,1809,1,20,18,20,2,7,2,False,False,False,0.049446482211351395,other,2
7240,1810,0,4,1,4,17,1,0,False,False,False,0.006002151872962713,other,3
7241,1810,0,6,4,6,1,17,1,False,False,False,0.017051778733730316,other,2
7242,1810,1,6,37,6,17,1,17,False,False,False,0.02223173715174198,other,31
7243,1810,1,4,4,4,1,17,17,True,True,False,0.005727862007915974,correct,0
7244,1811,0,46,24,46,37,26,0,False,False,False,0.046660225838422775,other,22
7245,1811,0,3,0,3,26,37,8,False,False,False,0.03958796337246895,other,3
7246,1811,1,3,1,3,37,26,0,False,False,False,0.03861091285943985,other,2
7247,1811,1,46,0,46,26,37,24,False,False,False,0.0431673564016819,other,46
7248,1812,0,21,31,21,15,7,15,False,False,False,0.047842610627412796,other,10
7249,1812,0,0,15,0,7,15,6,False,False,False,0.06834726780653,other,15
7250,1812,1,0,0,0,15,7,15,True,True,False,0.07430532574653625,correct,0
7251,1812,1,21,3,21,7,15,6,False,False,False,0.04050662741065025,other,18
7252,1813,0,23,35,23,15,3,15,False,False,False,0.022106437012553215,other,12
7253,1813,0,33,28,33,3,15,7,False,False,False,0.02790760062634945,other,5
7254,1813,1,33,17,33,15,3,0,False,False,False,0.02899162657558918,other,16
7255,1813,1,23,35,23,3,15,18,False,False,False,0.0216731745749712,other,12
7256,1814,0,12,12,12,15,7,11,True,True,False,0.01629258506000042,correct,0
7257,1814,0,19,17,19,7,15,0,False,False,False,0.03736424818634987,other,2
7258,1814,1,19,0,19,15,7,14,False,False,False,0.04454537853598595,other,19
7259,1814,1,12,31,12,7,15,7,False,False,False,0.018638258799910545,other,19
7260,1815,0,48,17,48,24,7,24,False,False,False,0.015181278809905052,other,31
7261,1815,0,19,0,19,7,24,7,False,False,False,0.05454282835125923,other,19
7262,1815,1,19,14,19,24,7,24,False,False,False,0.05702606961131096,other,5
7263,1815,1,48,0,48,7,24,6,False,False,False,0.01222529262304306,other,48
7264,1816,0,45,35,45,17,9,0,False,False,False,0.007381783332675695,other,10
7265,1816,0,31,31,31,9,17,1,True,True,False,0.02621322125196457,correct,0
7266,1816,1,31,31,31,17,9,14,True,True,False,0.02942570298910141,correct,0
7267,1816,1,45,45,45,9,17,20,True,True,False,0.0038644035812467337,correct,0
7268,1817,0,29,44,29,14,7,14,False,False,False,0.014731116592884064,other,15
7269,1817,0,43,0,43,7,14,20,False,False,False,0.02297215536236763,other,43
7270,1817,1,43,0,43,14,7,14,False,False,False,0.020536279305815697,other,43
7271,1817,1,29,1,29,7,14,0,False,False,False,0.014409425668418407,other,28
7272,1818,0,45,16,45,7,18,20,False,False,False,0.07499655336141586,other,29
7273,1818,0,33,12,33,18,7,24,False,False,False,0.01724991574883461,other,21
7274,1818,1,33,24,33,7,18,6,False,False,False,0.01524178497493267,other,9
7275,1818,1,45,45,45,18,7,19,True,True,False,0.07620323449373245,correct,0
7276,1819,0,45,45,45,6,16,7,True,True,False,0.03303181380033493,correct,0
7277,1819,0,35,35,35,16,6,15,True,True,False,0.00625582505017519,correct,0
7278,1819,1,35,35,35,6,16,6,True,True,False,0.005326731130480766,correct,0
7279,1819,1,45,45,45,16,6,0,True,True,False,0.034233544021844864,correct,0
7280,1820,0,36,24,36,7,16,21,False,False,False,0.033570632338523865,other,12
7281,1820,0,3,17,3,16,7,14,False,False,False,0.025492912158370018,other,14
7282,1820,1,3,2,3,7,16,24,False,False,True,0.02383306995034218,off_by_one,1
7283,1820,1,36,17,36,16,7,16,False,False,False,0.03618143871426582,other,19
7284,1821,0,45,44,45,16,7,15,False,False,True,0.039473336189985275,off_by_one,1
7285,1821,0,40,40,40,7,16,16,True,True,False,0.006109044421464205,correct,0
7286,1821,1,40,18,40,16,7,21,False,False,False,0.007195421028882265,other,22
7287,1821,1,45,44,45,7,16,7,False,False,True,0.03831498324871063,off_by_one,1
7288,1822,0,38,17,38,19,7,24,False,False,False,0.01796570047736168,other,21
7289,1822,0,20,18,20,7,19,18,False,False,False,0.055337581783533096,other,2
7290,1822,1,20,0,20,19,7,24,False,False,False,0.05671617016196251,other,20
7291,1822,1,38,17,38,7,19,7,False,False,False,0.01730298437178135,other,21
7292,1823,0,12,12,12,38,24,0,True,True,False,0.03004450723528862,correct,0
7293,1823,0,0,0,0,24,38,1,True,True,False,0.04677383974194527,correct,0
7294,1823,1,0,0,0,38,24,0,True,True,False,0.0432005375623703,correct,0
7295,1823,1,12,31,12,24,38,9,False,False,False,0.031165901571512222,other,19
7296,1824,0,13,13,13,18,16,24,True,True,False,0.04229090362787247,correct,0
7297,1824,0,35,45,35,16,18,16,False,False,False,0.004573596641421318,other,10
7298,1824,1,35,24,35,18,16,24,False,False,False,0.003952114377170801,other,11
7299,1824,1,13,3,13,16,18,14,False,False,False,0.04289673641324043,other,10
7300,1825,0,30,31,30,7,6,20,False,False,True,0.11322269588708878,off_by_one,1
7301,1825,0,35,35,35,6,7,3,True,True,False,0.002039388520643115,correct,0
7302,1825,1,35,35,35,7,6,15,True,True,False,0.0025196305941790342,correct,0
7303,1825,1,30,30,30,6,7,6,True,True,False,0.10199527442455292,correct,0
7304,1826,0,30,30,30,6,16,6,True,True,False,0.03674332797527313,correct,0
7305,1826,0,27,0,27,16,6,0,False,False,False,0.04287207871675491,other,27
7306,1826,1,27,0,27,6,16,18,False,False,False,0.04373577609658241,other,27
7307,1826,1,30,31,30,16,6,16,False,False,True,0.038728173822164536,off_by_one,1
7308,1827,0,41,15,41,6,19,18,False,False,False,0.02653340995311737,other,26
7309,1827,0,11,28,11,19,6,0,False,False,False,0.04635461047291756,other,17
7310,1827,1,11,15,11,6,19,15,False,False,False,0.045986074954271317,other,4
7311,1827,1,41,41,41,19,6,6,True,True,False,0.02610291726887226,correct,0
7312,1828,0,15,15,15,6,15,6,True,True,False,0.04323270544409752,correct,0
7313,1828,0,10,31,10,15,6,15,False,False,False,0.008297913707792759,other,21
7314,1828,1,10,28,10,6,15,6,False,False,False,0.009744546376168728,other,18
7315,1828,1,15,15,15,15,6,11,True,True,False,0.046224962919950485,correct,0
7316,1829,0,14,14,14,20,7,20,True,True,False,0.011217791587114334,correct,0
7317,1829,0,43,27,43,7,20,9,False,False,False,0.0054073757492005825,other,16
7318,1829,1,43,43,43,20,7,20,True,True,False,0.005329734180122614,correct,0
7319,1829,1,14,24,14,7,20,7,False,False,False,0.009427583776414394,other,10
7320,1830,0,38,38,38,34,14,3,True,True,False,0.006342401262372732,correct,0
7321,1830,0,39,0,39,14,34,0,False,False,False,0.009730065241456032,other,39
7322,1830,1,39,38,39,34,14,2,False,False,True,0.012301532551646233,off_by_one,1
7323,1830,1,38,24,38,14,34,14,False,False,False,0.0045405104756355286,other,14
7324,1831,0,7,7,7,17,6,0,True,True,False,0.03838479891419411,correct,0
7325,1831,0,17,17,17,6,17,30,True,True,False,0.03328920900821686,correct,0
7326,1831,1,17,3,17,17,6,17,False,False,False,0.03688574582338333,other,14
7327,1831,1,7,7,7,6,17,12,True,True,False,0.03133165463805199,correct,0
7328,1832,0,44,44,44,14,15,16,True,True,False,0.038655854761600494,correct,0
7329,1832,0,12,17,12,15,14,28,False,False,False,0.13862769305706024,other,5
7330,1832,1,12,16,12,14,15,7,False,False,False,0.10993779450654984,other,4
7331,1832,1,44,46,44,15,14,15,False,False,False,0.04384368285536766,other,2
7332,1833,0,30,31,30,2,11,6,False,False,True,0.05293892323970795,off_by_one,1
7333,1833,0,25,31,25,11,2,14,False,False,False,0.038072291761636734,other,6
7334,1833,1,25,45,25,2,11,10,False,False,False,0.0395120233297348,other,20
7335,1833,1,30,0,30,11,2,38,False,False,False,0.059984080493450165,other,30
7336,1834,0,16,7,16,14,15,38,False,False,False,0.03254244476556778,other,9
7337,1834,0,9,28,9,15,14,1,False,False,False,0.016530515626072884,other,19
7338,1834,1,9,18,9,14,15,16,False,False,False,0.01287676952779293,other,9
7339,1834,1,16,5,16,15,14,0,False,False,False,0.04545113071799278,other,11
7340,1835,0,16,16,16,27,18,15,True,True,False,0.026884686201810837,correct,0
7341,1835,0,37,31,37,18,27,6,False,False,False,0.016763633117079735,other,6
7342,1835,1,37,43,37,27,18,15,False,False,False,0.018155893310904503,other,6
7343,1835,1,16,15,16,18,27,18,False,False,True,0.02036801166832447,off_by_one,1
7344,1836,0,1,1,1,16,6,14,True,True,False,0.02602115087211132,correct,0
7345,1836,0,8,8,8,6,16,7,True,True,False,0.036716002970933914,correct,0
7346,1836,1,8,8,8,16,6,38,True,True,False,0.032507192343473434,correct,0
7347,1836,1,1,24,1,6,16,6,False,False,False,0.02782159112393856,other,23
7348,1837,0,6,6,6,18,7,6,True,True,False,0.04975937679409981,correct,0
7349,1837,0,46,46,46,7,18,37,True,True,False,0.006685656029731035,correct,0
7350,1837,1,46,46,46,18,7,10,True,True,False,0.006398228462785482,correct,0
7351,1837,1,6,47,6,7,18,7,False,False,False,0.04636016860604286,other,41
7352,1838,0,1,1,1,15,8,15,True,True,False,0.0295882448554039,correct,0
7353,1838,0,9,1,9,8,15,6,False,False,False,0.019129691645503044,other,8
7354,1838,1,9,1,9,15,8,14,False,False,False,0.01672908291220665,other,8
7355,1838,1,1,24,1,8,15,6,False,False,False,0.0351858027279377,other,23
7356,1839,0,12,12,12,6,19,7,True,True,False,0.017100486904382706,correct,0
7357,1839,0,26,24,26,19,6,21,False,False,False,0.016414755955338478,other,2
7358,1839,1,26,34,26,6,19,26,False,False,False,0.009570487774908543,other,8
7359,1839,1,12,28,12,19,6,2,False,False,False,0.0206539798527956,other,16
7360,1840,0,26,26,26,6,36,6,True,True,False,0.013360923156142235,correct,0
7361,1840,0,42,42,42,36,6,6,True,True,False,0.24777816236019135,correct,0
7362,1840,1,42,42,42,6,36,6,True,True,False,0.23285886645317078,correct,0
7363,1840,1,26,35,26,36,6,34,False,False,False,0.014244445599615574,other,9
7364,1841,0,5,5,5,7,3,24,True,True,False,0.04028107598423958,correct,0
7365,1841,0,12,24,12,3,7,2,False,False,False,0.011627456173300743,other,12
7366,1841,1,12,31,12,7,3,7,False,False,False,0.011019420810043812,other,19
7367,1841,1,5,5,5,3,7,18,True,True,False,0.03846489265561104,correct,0
7368,1842,0,5,5,5,15,18,20,True,True,False,0.028438758105039597,correct,0
7369,1842,0,23,41,23,18,15,18,False,False,False,0.0820571631193161,other,18
7370,1842,1,23,23,23,15,18,15,True,True,False,0.08621534705162048,correct,0
7371,1842,1,5,5,5,18,15,15,True,True,False,0.025612030178308487,correct,0
7372,1843,0,40,3,40,27,18,14,False,False,False,0.017803361639380455,other,37
7373,1843,0,12,12,12,18,27,7,True,True,False,0.009308758191764355,correct,0
7374,1843,1,12,11,12,27,18,11,False,False,True,0.00935506820678711,off_by_one,1
7375,1843,1,40,47,40,18,27,6,False,False,False,0.01851164735853672,other,7
7376,1844,0,2,43,2,1,3,7,False,False,False,0.05146799609065056,other,41
7377,1844,0,10,28,10,3,1,6,False,False,False,0.005453712772578001,other,18
7378,1844,1,10,28,10,1,3,0,False,False,False,0.006987365894019604,other,18
7379,1844,1,2,0,2,3,1,24,False,False,False,0.04814586043357849,other,2
7380,1845,0,2,15,2,20,16,23,False,False,False,0.07440376281738281,other,13
7381,1845,0,15,15,15,16,20,17,True,True,False,0.0359472893178463,correct,0
7382,1845,1,15,16,15,20,16,37,False,False,True,0.03233792632818222,off_by_one,1
7383,1845,1,2,17,2,16,20,15,False,False,False,0.07379920035600662,other,15
7384,1846,0,13,0,13,20,18,15,False,False,False,0.02269657701253891,other,13
7385,1846,0,45,35,45,18,20,9,False,False,False,0.013580277562141418,other,10
7386,1846,1,45,44,45,20,18,20,False,False,True,0.014576167799532413,off_by_one,1
7387,1846,1,13,0,13,18,20,7,False,False,False,0.023128196597099304,other,13
7388,1847,0,29,28,29,7,22,21,False,False,True,0.04677936062216759,off_by_one,1
7389,1847,0,27,1,27,22,7,24,False,False,False,0.021775944158434868,other,26
7390,1847,1,27,27,27,7,22,21,True,True,False,0.023676715791225433,correct,0
7391,1847,1,29,15,29,22,7,1,False,False,False,0.046874962747097015,other,14
7392,1848,0,31,31,31,24,6,18,True,True,False,0.0943542942404747,correct,0
7393,1848,0,5,34,5,6,24,6,False,False,False,0.04371762275695801,other,29
7394,1848,1,5,15,5,24,6,17,False,False,False,0.04250076785683632,other,10
7395,1848,1,31,31,31,6,24,6,True,True,False,0.08202456682920456,correct,0
7396,1849,0,31,31,31,7,0,15,True,True,False,0.07736140489578247,correct,0
7397,1849,0,6,24,6,0,7,17,False,False,False,0.04118211939930916,other,18
7398,1849,1,6,46,6,7,0,16,False,False,False,0.04065624251961708,other,40
7399,1849,1,31,31,31,0,7,15,True,True,False,0.06494133919477463,correct,0
7400,1850,0,38,43,38,18,16,18,False,False,False,0.0335075668990612,other,5
7401,1850,0,47,24,47,16,18,16,False,False,False,0.07726961374282837,other,23
7402,1850,1,47,47,47,18,16,2,True,True,False,0.08099447935819626,correct,0
7403,1850,1,38,17,38,16,18,16,False,False,False,0.03187811002135277,other,21
7404,1851,0,3,36,3,6,20,6,False,False,False,0.04642781615257263,other,33
7405,1851,0,22,31,22,20,6,21,False,False,False,0.0561290942132473,other,9
7406,1851,1,22,31,22,6,20,6,False,False,False,0.0524926632642746,other,9
7407,1851,1,3,0,3,20,6,33,False,False,False,0.05146564915776253,other,3
7408,1852,0,39,0,39,17,25,16,False,False,False,0.014892413280904293,other,39
7409,1852,0,25,41,25,25,17,25,False,False,False,0.008580903522670269,other,16
7410,1852,1,25,4,25,17,25,16,False,False,False,0.007813766598701477,other,21
7411,1852,1,39,43,39,25,17,28,False,False,False,0.01448483020067215,other,4
7412,1853,0,17,0,17,26,18,26,False,False,False,0.0408448688685894,other,17
7413,1853,0,13,0,13,18,26,21,False,False,False,0.04011235386133194,other,13
7414,1853,1,13,31,13,26,18,26,False,False,False,0.04131767898797989,other,18
7415,1853,1,17,3,17,18,26,21,False,False,False,0.03898339718580246,other,14
7416,1854,0,20,18,20,18,17,18,False,False,False,0.02682325430214405,other,2
7417,1854,0,17,17,17,17,18,15,True,True,False,0.013991178013384342,correct,0
7418,1854,1,17,17,17,18,17,15,True,True,False,0.010860790498554707,correct,0
7419,1854,1,20,2,20,17,18,17,False,False,False,0.02946775034070015,other,18
7420,1855,0,30,30,30,16,17,14,True,True,False,0.04222740978002548,correct,0
7421,1855,0,16,15,16,17,16,14,False,False,True,0.1196456179022789,off_by_one,1
7422,1855,1,16,10,16,16,17,16,False,False,False,0.12694141268730164,other,6
7423,1855,1,30,31,30,17,16,15,False,False,True,0.040012434124946594,off_by_one,1
7424,1856,0,44,24,44,7,24,7,False,False,False,0.016279686242341995,other,20
7425,1856,0,9,21,9,24,7,6,False,False,False,0.11280054599046707,other,12
7426,1856,1,9,30,9,7,24,14,False,False,False,0.11090394109487534,other,21
7427,1856,1,44,16,44,24,7,12,False,False,False,0.0149984834715724,other,28
7428,1857,0,48,2,48,39,38,6,False,False,False,0.02171497419476509,other,46
7429,1857,0,16,4,16,38,39,14,False,False,False,0.05754657834768295,other,12
7430,1857,1,16,15,16,39,38,37,False,False,True,0.04689720645546913,off_by_one,1
7431,1857,1,48,17,48,38,39,7,False,False,False,0.027862532064318657,other,31
7432,1858,0,9,17,9,6,27,6,False,False,False,0.051492009311914444,other,8
7433,1858,0,34,34,34,27,6,16,True,True,False,0.03189229965209961,correct,0
7434,1858,1,34,34,34,6,27,24,True,True,False,0.026511596515774727,correct,0
7435,1858,1,9,3,9,27,6,7,False,False,False,0.05668474733829498,other,6
7436,1859,0,28,35,28,7,18,7,False,False,False,0.06505808234214783,other,7
7437,1859,0,31,31,31,18,7,18,True,True,False,0.07259321957826614,correct,0
7438,1859,1,31,31,31,7,18,6,True,True,False,0.07479121536016464,correct,0
7439,1859,1,28,28,28,18,7,18,True,True,False,0.07059454917907715,correct,0
7440,1860,0,23,41,23,6,15,6,False,False,False,0.018152181059122086,other,18
7441,1860,0,48,28,48,15,6,15,False,False,False,0.013608945533633232,other,20
7442,1860,1,48,2,48,6,15,6,False,False,False,0.013491835445165634,other,46
7443,1860,1,23,23,23,15,6,15,True,True,False,0.022900311276316643,correct,0
7444,1861,0,30,31,30,7,20,15,False,False,True,0.0796353816986084,off_by_one,1
7445,1861,0,27,17,27,20,7,20,False,False,False,0.05595943331718445,other,10
7446,1861,1,27,24,27,7,20,7,False,False,False,0.054971251636743546,other,3
7447,1861,1,30,31,30,20,7,36,False,False,True,0.09045189619064331,off_by_one,1
7448,1862,0,38,18,38,12,16,21,False,False,False,0.03216462954878807,other,20
7449,1862,0,28,11,28,16,12,16,False,False,False,0.06477367132902145,other,17
7450,1862,1,28,28,28,12,16,6,True,True,False,0.06466713547706604,correct,0
7451,1862,1,38,1,38,16,12,16,False,False,False,0.035207271575927734,other,37
7452,1863,0,6,1,6,15,18,16,False,False,False,0.021009031683206558,other,5
7453,1863,0,12,28,12,18,15,18,False,False,False,0.008903726935386658,other,16
7454,1863,1,12,28,12,15,18,15,False,False,False,0.008186995051801205,other,16
7455,1863,1,6,6,6,18,15,18,True,True,False,0.01726466231048107,correct,0
7456,1864,0,25,44,25,0,18,14,False,False,False,0.0426015704870224,other,19
7457,1864,0,2,0,2,18,0,6,False,False,False,0.0034624552354216576,other,2
7458,1864,1,2,0,2,0,18,0,False,False,False,0.0052151451818645,other,2
7459,1864,1,25,41,25,18,0,18,False,False,False,0.03841765597462654,other,16
7460,1865,0,33,32,33,22,0,18,False,False,True,0.030488675460219383,off_by_one,1
7461,1865,0,3,0,3,0,22,0,False,False,False,0.04407111927866936,other,3
7462,1865,1,3,21,3,22,0,17,False,False,False,0.03241496905684471,other,18
7463,1865,1,33,1,33,0,22,0,False,False,False,0.03049146942794323,other,32
7464,1866,0,0,0,0,32,29,7,True,True,False,0.04613248258829117,correct,0
7465,1866,0,3,3,3,29,32,6,True,True,False,0.05896816402673721,correct,0
7466,1866,1,3,0,3,32,29,32,False,False,False,0.05803713575005531,other,3
7467,1866,1,0,0,0,29,32,30,True,True,False,0.04175150766968727,correct,0
7468,1867,0,41,41,41,15,26,6,True,True,False,0.1326231062412262,correct,0
7469,1867,0,26,35,26,26,15,15,False,False,False,0.019128024578094482,other,9
7470,1867,1,26,34,26,15,26,15,False,False,False,0.02445106953382492,other,8
7471,1867,1,41,41,41,26,15,15,True,True,False,0.12563356757164001,correct,0
7472,1868,0,21,31,21,16,18,16,False,False,False,0.09283121675252914,other,10
7473,1868,0,31,31,31,18,16,18,True,True,False,0.029064251109957695,correct,0
7474,1868,1,31,22,31,16,18,27,False,False,False,0.034019093960523605,other,9
7475,1868,1,21,21,21,18,16,26,True,True,False,0.08963976800441742,correct,0
7476,1869,0,2,43,2,18,24,18,False,False,False,0.003187822178006172,other,41
7477,1869,0,22,20,22,24,18,18,False,False,False,0.02661210298538208,other,2
7478,1869,1,22,30,22,18,24,12,False,False,False,0.020137028768658638,other,8
7479,1869,1,2,2,2,24,18,24,True,True,False,0.004575987812131643,correct,0
7480,1870,0,36,17,36,15,14,21,False,False,False,0.022080011665821075,other,19
7481,1870,0,17,17,17,14,15,14,True,True,False,0.03865586221218109,correct,0
7482,1870,1,17,17,17,15,14,21,True,True,False,0.04014255478978157,correct,0
7483,1870,1,36,2,36,14,15,14,False,False,False,0.019923869520425797,other,34
7484,1871,0,15,15,15,6,16,26,True,True,False,0.027568388730287552,correct,0
7485,1871,0,47,1,47,16,6,27,False,False,False,0.022905414924025536,other,46
7486,1871,1,47,44,47,6,16,4,False,False,False,0.023998606950044632,other,3
7487,1871,1,15,15,15,16,6,0,True,True,False,0.028498459607362747,correct,0
7488,1872,0,43,27,43,24,7,18,False,False,False,0.0043533118441700935,other,16
7489,1872,0,47,1,47,7,24,20,False,False,False,0.04044517129659653,other,46
7490,1872,1,47,47,47,24,7,18,True,True,False,0.037512898445129395,correct,0
7491,1872,1,43,43,43,7,24,20,True,True,False,0.004062637686729431,correct,0
7492,1873,0,12,28,12,18,15,7,False,False,False,0.039924200624227524,other,16
7493,1873,0,23,15,23,15,18,7,False,False,False,0.010696842335164547,other,8
7494,1873,1,23,15,23,18,15,18,False,False,False,0.009174629114568233,other,8
7495,1873,1,12,28,12,15,18,15,False,False,False,0.0359945073723793,other,16
7496,1874,0,45,46,45,24,36,10,False,False,True,0.03150337561964989,off_by_one,1
7497,1874,0,30,31,30,36,24,18,False,False,True,0.061520691961050034,off_by_one,1
7498,1874,1,30,31,30,24,36,7,False,False,True,0.06328089535236359,off_by_one,1
7499,1874,1,45,44,45,36,24,19,False,False,True,0.03114415518939495,off_by_one,1
7500,1875,0,17,33,17,14,6,14,False,False,False,0.01504581794142723,other,16
7501,1875,0,39,27,39,6,14,26,False,False,False,0.04279131069779396,other,12
7502,1875,1,39,31,39,14,6,28,False,False,False,0.04464628919959068,other,8
7503,1875,1,17,17,17,6,14,7,True,True,False,0.014505335129797459,correct,0
7504,1876,0,23,24,23,34,31,3,False,False,True,0.07789317518472672,off_by_one,1
7505,1876,0,14,24,14,31,34,15,False,False,False,0.027726011350750923,other,10
7506,1876,1,14,14,14,34,31,20,True,True,False,0.02576259896159172,correct,0
7507,1876,1,23,41,23,31,34,23,False,False,False,0.0725848525762558,other,18
7508,1877,0,27,32,27,0,24,15,False,False,False,0.008516179397702217,other,5
7509,1877,0,32,28,32,24,0,1,False,False,False,0.007590127643197775,other,4
7510,1877,1,32,10,32,0,24,14,False,False,False,0.008661025203764439,other,22
7511,1877,1,27,1,27,24,0,4,False,False,False,0.010074022226035595,other,26
7512,1878,0,23,35,23,7,4,17,False,False,False,0.01680183969438076,other,12
7513,1878,0,26,25,26,4,7,26,False,False,True,0.0130844721570611,off_by_one,1
7514,1878,1,26,26,26,7,4,17,True,True,False,0.010949419811367989,correct,0
7515,1878,1,23,15,23,4,7,24,False,False,False,0.02625976875424385,other,8
7516,1879,0,31,31,31,3,17,7,True,True,False,0.02991488389670849,correct,0
7517,1879,0,25,15,25,17,3,6,False,False,False,0.008739547803997993,other,10
7518,1879,1,25,15,25,3,17,26,False,False,False,0.010256417095661163,other,10
7519,1879,1,31,31,31,17,3,7,True,True,False,0.03444754704833031,correct,0
7520,1880,0,34,34,34,24,7,15,True,True,False,0.02595639042556286,correct,0
7521,1880,0,43,2,43,7,24,0,False,False,False,0.04670974984765053,other,41
7522,1880,1,43,40,43,24,7,4,False,False,False,0.04605361446738243,other,3
7523,1880,1,34,47,34,7,24,24,False,False,False,0.024796107783913612,other,13
7524,1881,0,22,3,22,27,25,16,False,False,False,0.00640773493796587,other,19
7525,1881,0,32,24,32,25,27,25,False,False,False,0.024587756022810936,other,8
7526,1881,1,32,4,32,27,25,14,False,False,False,0.021494070068001747,other,28
7527,1881,1,22,31,22,25,27,16,False,False,False,0.006394438911229372,other,9
7528,1882,0,24,44,24,15,16,17,False,False,False,0.007269862573593855,other,20
7529,1882,0,27,28,27,16,15,14,False,False,True,0.0030633690766990185,off_by_one,1
7530,1882,1,27,28,27,15,16,0,False,False,True,0.003408899297937751,off_by_one,1
7531,1882,1,24,44,24,16,15,27,False,False,False,0.006769300438463688,other,20
7532,1883,0,19,17,19,18,14,7,False,False,False,0.04384976252913475,other,2
7533,1883,0,47,47,47,14,18,11,True,True,False,0.036662328988313675,correct,0
7534,1883,1,47,44,47,18,14,18,False,False,False,0.03374197334051132,other,3
7535,1883,1,19,18,19,14,18,14,False,False,True,0.03976354002952576,off_by_one,1
7536,1884,0,1,1,1,7,15,2,True,True,False,0.0316837877035141,correct,0
7537,1884,0,14,24,14,15,7,21,False,False,False,0.027780262753367424,other,10
7538,1884,1,14,44,14,7,15,6,False,False,False,0.02896401658654213,other,30
7539,1884,1,1,1,1,15,7,15,True,True,False,0.0325201041996479,correct,0
7540,1885,0,38,38,38,7,13,30,True,True,False,0.01235254481434822,correct,0
7541,1885,0,29,29,29,13,7,7,True,True,False,0.04712200164794922,correct,0
7542,1885,1,29,28,29,7,13,15,False,False,True,0.047606680542230606,off_by_one,1
7543,1885,1,38,17,38,13,7,26,False,False,False,0.010474087670445442,other,21
7544,1886,0,26,35,26,19,2,15,False,False,False,0.04260443523526192,other,9
7545,1886,0,20,1,20,2,19,6,False,False,False,0.033353470265865326,other,19
7546,1886,1,20,0,20,19,2,10,False,False,False,0.03206614777445793,other,20
7547,1886,1,26,24,26,2,19,6,False,False,False,0.03571179881691933,other,2
7548,1887,0,21,21,21,19,2,18,True,True,False,0.058065857738256454,correct,0
7549,1887,0,42,42,42,2,19,6,True,True,False,0.015156961977481842,correct,0
7550,1887,1,42,42,42,19,2,6,True,True,False,0.020080246031284332,correct,0
7551,1887,1,21,21,21,2,19,2,True,True,False,0.054676685482263565,correct,0
7552,1888,0,3,46,3,18,0,15,False,False,False,0.018736928701400757,other,43
7553,1888,0,7,7,7,0,18,25,True,True,False,0.027071984484791756,correct,0
7554,1888,1,7,7,7,18,0,18,True,True,False,0.02811846137046814,correct,0
7555,1888,1,3,1,3,0,18,0,False,False,False,0.016501614823937416,other,2
7556,1889,0,14,3,14,24,18,38,False,False,False,0.07574497163295746,other,11
7557,1889,0,47,47,47,18,24,18,True,True,False,0.07898257672786713,correct,0
7558,1889,1,47,44,47,24,18,31,False,False,False,0.0865732878446579,other,3
7559,1889,1,14,45,14,18,24,18,False,False,False,0.07765322178602219,other,31
7560,1890,0,28,33,28,15,24,21,False,False,False,0.01781262271106243,other,5
7561,1890,0,12,33,12,24,15,18,False,False,False,0.009887795895338058,other,21
7562,1890,1,12,12,12,15,24,19,True,True,False,0.011256176978349686,correct,0
7563,1890,1,28,24,28,24,15,21,False,False,False,0.016120506450533867,other,4
7564,1891,0,23,41,23,27,17,14,False,False,False,0.02274991385638714,other,18
7565,1891,0,5,5,5,17,27,15,True,True,False,0.017859825864434242,correct,0
7566,1891,1,5,5,5,27,17,14,True,True,False,0.010133377276360989,correct,0
7567,1891,1,23,35,23,17,27,0,False,False,False,0.022921252995729446,other,12
7568,1892,0,47,47,47,6,7,21,True,True,False,0.028957564383745193,correct,0
7569,1892,0,33,44,33,7,6,15,False,False,False,0.02171114645898342,other,11
7570,1892,1,33,28,33,6,7,7,False,False,False,0.021119145676493645,other,5
7571,1892,1,47,47,47,7,6,0,True,True,False,0.030672674998641014,correct,0
7572,1893,0,45,45,45,36,14,19,True,True,False,0.029998762533068657,correct,0
7573,1893,0,39,16,39,14,36,23,False,False,False,0.15422400832176208,other,23
7574,1893,1,39,39,39,36,14,36,True,True,False,0.19200536608695984,correct,0
7575,1893,1,45,45,45,14,36,14,True,True,False,0.030918588861823082,correct,0
7576,1894,0,40,4,40,17,27,0,False,False,False,0.01741785742342472,other,36
7577,1894,0,45,45,45,27,17,14,True,True,False,0.010747025720775127,correct,0
7578,1894,1,45,35,45,17,27,0,False,False,False,0.009695188142359257,other,10
7579,1894,1,40,43,40,27,17,27,False,False,False,0.016705280169844627,other,3
7580,1895,0,41,15,41,6,15,24,False,False,False,0.04096827656030655,other,26
7581,1895,0,15,15,15,15,6,15,True,True,False,0.04484175518155098,correct,0
7582,1895,1,15,15,15,6,15,7,True,True,False,0.05281905457377434,correct,0
7583,1895,1,41,41,41,15,6,17,True,True,False,0.03389359638094902,correct,0
7584,1896,0,18,18,18,7,19,17,True,True,False,0.028365476056933403,correct,0
7585,1896,0,14,14,14,19,7,21,True,True,False,0.02735702134668827,correct,0
7586,1896,1,14,14,14,7,19,6,True,True,False,0.027772722765803337,correct,0
7587,1896,1,18,43,18,19,7,30,False,False,False,0.02977878972887993,other,25
7588,1897,0,0,0,0,24,14,21,True,True,False,0.021638603881001472,correct,0
7589,1897,0,27,0,27,14,24,25,False,False,False,0.015025097876787186,other,27
7590,1897,1,27,24,27,24,14,21,False,False,False,0.013880087994039059,other,3
7591,1897,1,0,0,0,14,24,0,True,True,False,0.026683606207370758,correct,0
7592,1898,0,4,35,4,1,4,15,False,False,False,0.012137643992900848,other,31
7593,1898,0,44,44,44,4,1,21,True,True,False,0.03437381610274315,correct,0
7594,1898,1,44,46,44,1,4,1,False,False,False,0.03423631936311722,other,2
7595,1898,1,4,35,4,4,1,24,False,False,False,0.011043256148695946,other,31
7596,1899,0,38,2,38,16,14,14,False,False,False,0.01827910542488098,other,36
7597,1899,0,26,31,26,14,16,14,False,False,False,0.04854140058159828,other,5
7598,1899,1,26,45,26,16,14,14,False,False,False,0.0693088248372078,other,19
7599,1899,1,38,46,38,14,16,14,False,False,False,0.016048487275838852,other,8
7600,1900,0,19,24,19,26,38,4,False,False,False,0.018567455932497978,other,5
7601,1900,0,44,44,44,38,26,7,True,True,False,0.0143593680113554,correct,0
7602,1900,1,44,44,44,26,38,26,True,True,False,0.013889511115849018,correct,0
7603,1900,1,19,0,19,38,26,38,False,False,False,0.02242995612323284,other,19
7604,1901,0,24,24,24,17,16,23,True,True,False,0.004358670674264431,correct,0
7605,1901,0,38,38,38,16,17,0,True,True,False,0.002156270435079932,correct,0
7606,1901,1,38,38,38,17,16,14,True,True,False,0.00283592427149415,correct,0
7607,1901,1,24,44,24,16,17,14,False,False,False,0.003441781271249056,other,20
7608,1902,0,13,0,13,18,39,19,False,False,False,0.035249680280685425,other,13
7609,1902,0,34,5,34,39,18,7,False,False,False,0.02405310980975628,other,29
7610,1902,1,34,34,34,18,39,26,True,True,False,0.03216533735394478,correct,0
7611,1902,1,13,0,13,39,18,38,False,False,False,0.02945917472243309,other,13
7612,1903,0,30,30,30,18,24,7,True,True,False,0.017977215349674225,correct,0
7613,1903,0,4,4,4,24,18,39,True,True,False,0.003087537130340934,correct,0
7614,1903,1,4,4,4,18,24,3,True,True,False,0.0015998180024325848,correct,0
7615,1903,1,30,31,30,24,18,2,False,False,True,0.021478161215782166,off_by_one,1
7616,1904,0,42,42,42,16,7,16,True,True,False,0.025730442255735397,correct,0
7617,1904,0,24,44,24,7,16,15,False,False,False,0.012097594328224659,other,20
7618,1904,1,24,44,24,16,7,0,False,False,False,0.01571081019937992,other,20
7619,1904,1,42,5,42,7,16,20,False,False,False,0.020780768245458603,other,37
7620,1905,0,26,26,26,24,38,26,True,True,False,0.011866933666169643,correct,0
7621,1905,0,9,17,9,38,24,38,False,False,False,0.028967397287487984,other,8
7622,1905,1,9,31,9,24,38,6,False,False,False,0.02899126335978508,other,22
7623,1905,1,26,24,26,38,24,38,False,False,False,0.014074020087718964,other,2
7624,1906,0,10,17,10,6,24,6,False,False,False,0.07322407513856888,other,7
7625,1906,0,43,17,43,24,6,4,False,False,False,0.044370029121637344,other,26
7626,1906,1,43,0,43,6,24,8,False,False,False,0.03955608978867531,other,43
7627,1906,1,10,27,10,24,6,21,False,False,False,0.08189742267131805,other,17
7628,1907,0,22,3,22,14,12,15,False,False,False,0.021809009835124016,other,19
7629,1907,0,17,18,17,12,14,7,False,False,True,0.04354697838425636,off_by_one,1
7630,1907,1,17,1,17,14,12,31,False,False,False,0.04448213800787926,other,16
7631,1907,1,22,3,22,12,14,6,False,False,False,0.020926358178257942,other,19
7632,1908,0,23,15,23,7,6,7,False,False,False,0.02205696515738964,other,8
7633,1908,0,29,15,29,6,7,6,False,False,False,0.01918492279946804,other,14
7634,1908,1,29,15,29,7,6,7,False,False,False,0.019234908744692802,other,14
7635,1908,1,23,15,23,6,7,26,False,False,False,0.02288329415023327,other,8
7636,1909,0,40,17,40,36,7,36,False,False,False,0.0317557156085968,other,23
7637,1909,0,28,24,28,7,36,24,False,False,False,0.025899546220898628,other,4
7638,1909,1,28,27,28,36,7,0,False,False,True,0.021495396271348,off_by_one,1
7639,1909,1,40,4,40,7,36,1,False,False,False,0.028439311310648918,other,36
7640,1910,0,30,31,30,6,14,6,False,False,True,0.07052068412303925,off_by_one,1
7641,1910,0,14,45,14,14,6,38,False,False,False,0.034853383898735046,other,31
7642,1910,1,14,14,14,6,14,3,True,True,False,0.030899615958333015,correct,0
7643,1910,1,30,31,30,14,6,14,False,False,True,0.07178382575511932,off_by_one,1
7644,1911,0,22,1,22,17,7,16,False,False,False,0.044074833393096924,other,21
7645,1911,0,0,3,0,7,17,6,False,False,False,0.038898877799510956,other,3
7646,1911,1,0,2,0,17,7,17,False,False,False,0.03720575571060181,other,2
7647,1911,1,22,30,22,7,17,6,False,False,False,0.04260370507836342,other,8
7648,1912,0,41,15,41,24,14,23,False,False,False,0.08501589298248291,other,26
7649,1912,0,8,8,8,14,24,37,True,True,False,0.05194058269262314,correct,0
7650,1912,1,8,8,8,24,14,23,True,True,False,0.04359615221619606,correct,0
7651,1912,1,41,41,41,14,24,7,True,True,False,0.09337519109249115,correct,0
7652,1913,0,48,36,48,15,16,18,False,False,False,0.010166123509407043,other,12
7653,1913,0,16,16,16,16,15,23,True,True,False,0.05701349303126335,correct,0
7654,1913,1,16,15,16,15,16,21,False,False,True,0.05642133206129074,off_by_one,1
7655,1913,1,48,46,48,16,15,21,False,False,False,0.011762160807847977,other,2
7656,1914,0,6,30,6,8,15,39,False,False,False,0.047446731477975845,other,24
7657,1914,0,15,15,15,15,8,15,True,True,False,0.06602173298597336,correct,0
7658,1914,1,15,15,15,8,15,7,True,True,False,0.06097619980573654,correct,0
7659,1914,1,6,21,6,15,8,2,False,False,False,0.03867368400096893,other,15
7660,1915,0,3,33,3,16,14,16,False,False,False,0.0419694148004055,other,30
7661,1915,0,0,0,0,14,16,38,True,True,False,0.0350077748298645,correct,0
7662,1915,1,0,0,0,16,14,16,True,True,False,0.033516548573970795,correct,0
7663,1915,1,3,43,3,14,16,14,False,False,False,0.04254649952054024,other,40
7664,1916,0,35,35,35,19,7,21,True,True,False,0.011662411503493786,correct,0
7665,1916,0,8,8,8,7,19,0,True,True,False,0.094295434653759,correct,0
7666,1916,1,8,8,8,19,7,25,True,True,False,0.09499049186706543,correct,0
7667,1916,1,35,35,35,7,19,21,True,True,False,0.011289222165942192,correct,0
7668,1917,0,35,46,35,6,7,6,False,False,False,0.030970830470323563,other,11
7669,1917,0,1,1,1,7,6,14,True,True,False,0.04770336300134659,correct,0
7670,1917,1,1,1,1,6,7,6,True,True,False,0.05075574666261673,correct,0
7671,1917,1,35,35,35,7,6,7,True,True,False,0.03367062285542488,correct,0
7672,1918,0,19,12,19,7,16,0,False,False,False,0.021723946556448936,other,7
7673,1918,0,42,42,42,16,7,14,True,True,False,0.06149156391620636,correct,0
7674,1918,1,42,7,42,7,16,7,False,False,False,0.057988833636045456,other,35
7675,1918,1,19,17,19,16,7,16,False,False,False,0.0229591503739357,other,2
7676,1919,0,33,28,33,6,7,18,False,False,False,0.021500784903764725,other,5
7677,1919,0,11,28,11,7,6,7,False,False,False,0.014766722917556763,other,17
7678,1919,1,11,15,11,6,7,7,False,False,False,0.013137917034327984,other,4
7679,1919,1,33,28,33,7,6,16,False,False,False,0.021130306646227837,other,5
7680,1920,0,0,40,0,16,24,7,False,False,False,0.02182629145681858,other,40
7681,1920,0,5,5,5,24,16,24,True,True,False,0.037884436547756195,correct,0
7682,1920,1,5,5,5,16,24,0,True,True,False,0.03512914478778839,correct,0
7683,1920,1,0,36,0,24,16,30,False,False,False,0.01961621455848217,other,36
7684,1921,0,48,0,48,23,16,0,False,False,False,0.016601895913481712,other,48
7685,1921,0,4,4,4,16,23,23,True,True,False,0.002462887205183506,correct,0
7686,1921,1,4,4,4,23,16,0,True,True,False,0.0018403046997264028,correct,0
7687,1921,1,48,43,48,16,23,0,False,False,False,0.01848449744284153,other,5
7688,1922,0,11,11,11,14,24,16,True,True,False,0.043046630918979645,correct,0
7689,1922,0,6,46,6,24,14,33,False,False,False,0.04842876270413399,other,40
7690,1922,1,6,18,6,14,24,14,False,False,False,0.05941765382885933,other,12
7691,1922,1,11,15,11,24,14,14,False,False,False,0.040757402777671814,other,4
7692,1923,0,30,31,30,12,2,18,False,False,True,0.06446900963783264,off_by_one,1
7693,1923,0,2,2,2,2,12,2,True,True,False,0.05116303637623787,correct,0
7694,1923,1,2,0,2,12,2,24,False,False,False,0.05183570459485054,other,2
7695,1923,1,30,31,30,2,12,6,False,False,True,0.05953473970293999,off_by_one,1
7696,1924,0,21,31,21,14,15,17,False,False,False,0.020619619637727737,other,10
7697,1924,0,17,17,17,15,14,0,True,True,False,0.026496633887290955,correct,0
7698,1924,1,17,17,17,14,15,11,True,True,False,0.024981457740068436,correct,0
7699,1924,1,21,21,21,15,14,17,True,True,False,0.020174065604805946,correct,0
7700,1925,0,34,34,34,22,6,21,True,True,False,0.030787408351898193,correct,0
7701,1925,0,46,46,46,6,22,8,True,True,False,0.013370736502110958,correct,0
7702,1925,1,46,46,46,22,6,6,True,True,False,0.012697880156338215,correct,0
7703,1925,1,34,34,34,6,22,22,True,True,False,0.024849124252796173,correct,0
7704,1926,0,9,18,9,27,24,14,False,False,False,0.04399942606687546,other,9
7705,1926,0,33,28,33,24,27,1,False,False,False,0.039540063589811325,other,5
7706,1926,1,33,12,33,27,24,14,False,False,False,0.040687691420316696,other,21
7707,1926,1,9,31,9,24,27,26,False,False,False,0.03659232333302498,other,22
7708,1927,0,28,1,28,18,16,21,False,False,False,0.05717987194657326,other,27
7709,1927,0,13,0,13,16,18,14,False,False,False,0.05616087093949318,other,13
7710,1927,1,13,27,13,18,16,18,False,False,False,0.05806779861450195,other,14
7711,1927,1,28,1,28,16,18,14,False,False,False,0.05447714403271675,other,27
7712,1928,0,24,24,24,10,9,17,True,True,False,0.0644509345293045,correct,0
7713,1928,0,17,18,17,9,10,1,False,False,True,0.040279485285282135,off_by_one,1
7714,1928,1,17,17,17,10,9,11,True,True,False,0.0393068753182888,correct,0
7715,1928,1,24,15,24,9,10,7,False,False,False,0.0599995031952858,other,9
7716,1929,0,22,31,22,16,6,15,False,False,False,0.011754126287996769,other,9
7717,1929,0,15,15,15,6,16,6,True,True,False,0.029946696013212204,correct,0
7718,1929,1,15,15,15,16,6,0,True,True,False,0.025024477392435074,correct,0
7719,1929,1,22,31,22,6,16,6,False,False,False,0.009972119703888893,other,9
7720,1930,0,37,43,37,24,38,24,False,False,False,0.007952996529638767,other,6
7721,1930,0,41,41,41,38,24,15,True,True,False,0.037917885929346085,correct,0
7722,1930,1,41,41,41,24,38,10,True,True,False,0.03811248391866684,correct,0
7723,1930,1,37,0,37,38,24,38,False,False,False,0.007555169053375721,other,37
7724,1931,0,47,47,47,32,34,16,True,True,False,0.026275241747498512,correct,0
7725,1931,0,0,0,0,34,32,21,True,True,False,0.004614421632140875,correct,0
7726,1931,1,0,0,0,32,34,15,True,True,False,0.00402515335008502,correct,0
7727,1931,1,47,31,47,34,32,25,False,False,False,0.021758899092674255,other,16
7728,1932,0,32,27,32,0,3,38,False,False,False,0.010216452181339264,other,5
7729,1932,0,41,41,41,3,0,26,True,True,False,0.018395837396383286,correct,0
7730,1932,1,41,41,41,0,3,0,True,True,False,0.021488981321454048,correct,0
7731,1932,1,32,24,32,3,0,7,False,False,False,0.010045504197478294,other,8
7732,1933,0,21,31,21,22,7,0,False,False,False,0.03129621967673302,other,10
7733,1933,0,6,1,6,7,22,21,False,False,False,0.03880758956074715,other,5
7734,1933,1,6,31,6,22,7,26,False,False,False,0.0417865626513958,other,25
7735,1933,1,21,3,21,7,22,36,False,False,False,0.02970907837152481,other,18
7736,1934,0,5,5,5,2,7,15,True,True,False,0.02824655920267105,correct,0
7737,1934,0,3,3,3,7,2,6,True,True,False,0.05294307693839073,correct,0
7738,1934,1,3,43,3,2,7,6,False,False,False,0.05587754398584366,other,40
7739,1934,1,5,5,5,7,2,6,True,True,False,0.03019147925078869,correct,0
7740,1935,0,23,35,23,17,24,15,False,False,False,0.04260038211941719,other,12
7741,1935,0,0,17,0,24,17,23,False,False,False,0.04771731421351433,other,17
7742,1935,1,0,0,0,17,24,7,True,True,False,0.05560916289687157,correct,0
7743,1935,1,23,15,23,24,17,16,False,False,False,0.031073881313204765,other,8
7744,1936,0,3,40,3,16,14,16,False,False,False,0.03043973259627819,other,37
7745,1936,0,20,18,20,14,16,17,False,False,False,0.021809613332152367,other,2
7746,1936,1,20,6,20,16,14,17,False,False,False,0.022928806021809578,other,14
7747,1936,1,3,3,3,14,16,14,True,True,False,0.03231574222445488,correct,0
7748,1937,0,31,31,31,6,14,6,True,True,False,0.0658244639635086,correct,0
7749,1937,0,41,41,41,14,6,14,True,True,False,0.040801238268613815,correct,0
7750,1937,1,41,41,41,6,14,18,True,True,False,0.04168500751256943,correct,0
7751,1937,1,31,31,31,14,6,16,True,True,False,0.07113844901323318,correct,0
7752,1938,0,37,43,37,23,6,14,False,False,False,0.028193479403853416,other,6
7753,1938,0,28,32,28,6,23,18,False,False,False,0.018930086866021156,other,4
7754,1938,1,28,38,28,23,6,14,False,False,False,0.022394241765141487,other,10
7755,1938,1,37,24,37,6,23,18,False,False,False,0.020657295361161232,other,13
7756,1939,0,32,27,32,17,0,17,False,False,False,0.012466236017644405,other,5
7757,1939,0,27,17,27,0,17,21,False,False,False,0.015801820904016495,other,10
7758,1939,1,27,24,27,17,0,23,False,False,False,0.011052874848246574,other,3
7759,1939,1,32,32,32,0,17,16,True,True,False,0.011091663502156734,correct,0
7760,1940,0,39,38,39,26,18,18,False,False,True,0.007566782645881176,off_by_one,1
7761,1940,0,37,43,37,18,26,8,False,False,False,0.07202614843845367,other,6
7762,1940,1,37,43,37,26,18,26,False,False,False,0.07632062584161758,other,6
7763,1940,1,39,31,39,18,26,30,False,False,False,0.006835093721747398,other,8
7764,1941,0,27,0,27,17,24,0,False,False,False,0.01719316467642784,other,27
7765,1941,0,22,31,22,24,17,4,False,False,False,0.02813425101339817,other,9
7766,1941,1,22,1,22,17,24,15,False,False,False,0.02624361775815487,other,21
7767,1941,1,27,28,27,24,17,4,False,False,True,0.019698914140462875,off_by_one,1
7768,1942,0,47,34,47,20,7,0,False,False,False,0.021605677902698517,other,13
7769,1942,0,35,35,35,7,20,17,True,True,False,0.002835226012393832,correct,0
7770,1942,1,35,35,35,20,7,20,True,True,False,0.0023632433731108904,correct,0
7771,1942,1,47,47,47,7,20,0,True,True,False,0.02410648949444294,correct,0
7772,1943,0,29,29,29,15,25,31,True,True,False,0.013779966160655022,correct,0
7773,1943,0,46,0,46,25,15,28,False,False,False,0.033376362174749374,other,46
7774,1943,1,46,3,46,15,25,0,False,False,False,0.03336884826421738,other,43
7775,1943,1,29,29,29,25,15,14,True,True,False,0.01585393026471138,correct,0
7776,1944,0,8,8,8,20,12,31,True,True,False,0.06206538528203964,correct,0
7777,1944,0,42,42,42,12,20,26,True,True,False,0.10409309715032578,correct,0
7778,1944,1,42,42,42,20,12,7,True,True,False,0.10223305970430374,correct,0
7779,1944,1,8,8,8,12,20,7,True,True,False,0.05738750472664833,correct,0
7780,1945,0,28,31,28,7,0,31,False,False,False,0.06094180420041084,other,3
7781,1945,0,39,31,39,0,7,10,False,False,False,0.05773649737238884,other,8
7782,1945,1,39,18,39,7,0,7,False,False,False,0.058881014585494995,other,21
7783,1945,1,28,0,28,0,7,0,False,False,False,0.06526406854391098,other,28
7784,1946,0,4,17,4,0,26,0,False,False,False,0.02297835983335972,other,13
7785,1946,0,9,38,9,26,0,6,False,False,False,0.05581013485789299,other,29
7786,1946,1,9,17,9,0,26,14,False,False,False,0.051320478320121765,other,8
7787,1946,1,4,4,4,26,0,24,True,True,False,0.022608010098338127,correct,0
7788,1947,0,32,27,32,18,7,19,False,False,False,0.016336873173713684,other,5
7789,1947,0,8,24,8,7,18,33,False,False,False,0.06922519952058792,other,16
7790,1947,1,8,8,8,18,7,20,True,True,False,0.07648347318172455,correct,0
7791,1947,1,32,0,32,7,18,7,False,False,False,0.016659118235111237,other,32
7792,1948,0,11,45,11,18,6,17,False,False,False,0.0073622227646410465,other,34
7793,1948,0,7,7,7,6,18,20,True,True,False,0.05869133770465851,correct,0
7794,1948,1,7,7,7,18,6,20,True,True,False,0.0670824721455574,correct,0
7795,1948,1,11,10,11,6,18,6,False,False,True,0.013437089510262012,off_by_one,1
7796,1949,0,8,8,8,2,7,7,True,True,False,0.007383699528872967,correct,0
7797,1949,0,0,0,0,7,2,7,True,True,False,0.006400448270142078,correct,0
7798,1949,1,0,0,0,2,7,6,True,True,False,0.009337196126580238,correct,0
7799,1949,1,8,8,8,7,2,16,True,True,False,0.006578960455954075,correct,0
7800,1950,0,16,15,16,18,0,21,False,False,True,0.06366640329360962,off_by_one,1
7801,1950,0,36,24,36,0,18,15,False,False,False,0.01310793124139309,other,12
7802,1950,1,36,1,36,18,0,18,False,False,False,0.013911769725382328,other,35
7803,1950,1,16,16,16,0,18,27,True,True,False,0.060361962765455246,correct,0
7804,1951,0,0,0,0,2,5,7,True,True,False,0.009129554033279419,correct,0
7805,1951,0,2,2,2,5,2,7,True,True,False,0.04619891941547394,correct,0
7806,1951,1,2,2,2,2,5,7,True,True,False,0.046768128871917725,correct,0
7807,1951,1,0,0,0,5,2,5,True,True,False,0.007823601365089417,correct,0
7808,1952,0,34,34,34,24,18,0,True,True,False,0.023862138390541077,correct,0
7809,1952,0,2,17,2,18,24,18,False,False,False,0.004185427445918322,other,15
7810,1952,1,2,2,2,24,18,36,True,True,False,0.003977467771619558,correct,0
7811,1952,1,34,34,34,18,24,15,True,True,False,0.026341421529650688,correct,0
7812,1953,0,32,17,32,24,39,7,False,False,False,0.017129480838775635,other,15
7813,1953,0,17,17,17,39,24,18,True,True,False,0.0357438325881958,correct,0
7814,1953,1,17,17,17,24,39,38,True,True,False,0.03241441398859024,correct,0
7815,1953,1,32,32,32,39,24,18,True,True,False,0.01666788011789322,correct,0
7816,1954,0,11,27,11,17,24,17,False,False,False,0.03171054273843765,other,16
7817,1954,0,18,16,18,24,17,2,False,False,False,0.04210783541202545,other,2
7818,1954,1,18,24,18,17,24,17,False,False,False,0.04362902790307999,other,6
7819,1954,1,11,29,11,24,17,14,False,False,False,0.03492501750588417,other,18
7820,1955,0,26,24,26,14,0,31,False,False,False,0.043162405490875244,other,2
7821,1955,0,36,1,36,0,14,0,False,False,False,0.011655737645924091,other,35
7822,1955,1,36,2,36,14,0,14,False,False,False,0.012717005796730518,other,34
7823,1955,1,26,41,26,0,14,23,False,False,False,0.035893913358449936,other,15
7824,1956,0,8,8,8,15,12,15,True,True,False,0.02966976724565029,correct,0
7825,1956,0,15,15,15,12,15,33,True,True,False,0.024663256481289864,correct,0
7826,1956,1,15,15,15,15,12,15,True,True,False,0.02422942966222763,correct,0
7827,1956,1,8,8,8,12,15,6,True,True,False,0.02833651937544346,correct,0
7828,1957,0,30,4,30,12,3,6,False,False,False,0.0636139065027237,other,26
7829,1957,0,14,24,14,3,12,20,False,False,False,0.01837497018277645,other,10
7830,1957,1,14,24,14,12,3,30,False,False,False,0.010776578448712826,other,10
7831,1957,1,30,30,30,3,12,7,True,True,False,0.05927670747041702,correct,0
7832,1958,0,0,17,0,36,18,36,False,False,False,0.03673267737030983,other,17
7833,1958,0,9,17,9,18,36,24,False,False,False,0.00810329057276249,other,8
7834,1958,1,9,10,9,36,18,1,False,False,True,0.007185652852058411,off_by_one,1
7835,1958,1,0,0,0,18,36,24,True,True,False,0.034489475190639496,correct,0
7836,1959,0,14,24,14,6,14,6,False,False,False,0.01769164763391018,other,10
7837,1959,0,8,8,8,14,6,14,True,True,False,0.052992083132267,correct,0
7838,1959,1,8,8,8,6,14,6,True,True,False,0.046391651034355164,correct,0
7839,1959,1,14,24,14,14,6,15,False,False,False,0.02018941380083561,other,10
7840,1960,0,24,35,24,14,18,14,False,False,False,0.010406055487692356,other,11
7841,1960,0,28,28,28,18,14,18,True,True,False,0.011679254472255707,correct,0
7842,1960,1,28,28,28,14,18,0,True,True,False,0.012436612509191036,correct,0
7843,1960,1,24,27,24,18,14,20,False,False,False,0.009466602467000484,other,3
7844,1961,0,0,17,0,5,0,8,False,False,False,0.05905378982424736,other,17
7845,1961,0,22,31,22,0,5,37,False,False,False,0.03169958293437958,other,9
7846,1961,1,22,31,22,5,0,6,False,False,False,0.03238520398736,other,9
7847,1961,1,0,0,0,0,5,0,True,True,False,0.05427843704819679,correct,0
7848,1962,0,1,0,1,7,2,3,False,False,True,0.03292537108063698,off_by_one,1
7849,1962,0,45,45,45,2,7,2,True,True,False,0.029703667387366295,correct,0
7850,1962,1,45,44,45,7,2,6,False,False,True,0.032695222645998,off_by_one,1
7851,1962,1,1,0,1,2,7,2,False,False,True,0.02903774194419384,off_by_one,1
7852,1963,0,32,1,32,37,15,16,False,False,False,0.04333191365003586,other,31
7853,1963,0,0,0,0,15,37,38,True,True,False,0.011792561039328575,correct,0
7854,1963,1,0,0,0,37,15,11,True,True,False,0.013010653667151928,correct,0
7855,1963,1,32,32,32,15,37,16,True,True,False,0.04014686122536659,correct,0
7856,1964,0,10,28,10,6,8,6,False,False,False,0.011965789832174778,other,18
7857,1964,0,44,47,44,8,6,7,False,False,False,0.015954386442899704,other,3
7858,1964,1,44,24,44,6,8,7,False,False,False,0.02061060629785061,other,20
7859,1964,1,10,33,10,8,6,30,False,False,False,0.01114013884216547,other,23
7860,1965,0,30,30,30,6,15,20,True,True,False,0.12254608422517776,correct,0
7861,1965,0,3,0,3,15,6,21,False,False,False,0.07481110841035843,other,3
7862,1965,1,3,43,3,6,15,6,False,False,False,0.07630862295627594,other,40
7863,1965,1,30,31,30,15,6,15,False,False,True,0.12272871285676956,off_by_one,1
7864,1966,0,11,28,11,36,24,2,False,False,False,0.06531406939029694,other,17
7865,1966,0,23,15,23,24,36,4,False,False,False,0.041394785046577454,other,8
7866,1966,1,23,15,23,36,24,24,False,False,False,0.042389076203107834,other,8
7867,1966,1,11,15,11,24,36,7,False,False,False,0.0655195489525795,other,4
7868,1967,0,2,2,2,25,27,16,True,True,False,0.022333133965730667,correct,0
7869,1967,0,11,16,11,27,25,33,False,False,False,0.015029546804726124,other,5
7870,1967,1,11,29,11,25,27,25,False,False,False,0.01841416209936142,other,18
7871,1967,1,2,2,2,27,25,25,True,True,False,0.022843603044748306,correct,0
7872,1968,0,39,39,39,9,3,24,True,True,False,0.020402036607265472,correct,0
7873,1968,0,29,29,29,3,9,6,True,True,False,0.03660427778959274,correct,0
7874,1968,1,29,29,29,9,3,7,True,True,False,0.03597892075777054,correct,0
7875,1968,1,39,0,39,3,9,8,False,False,False,0.017996741458773613,other,39
7876,1969,0,12,12,12,20,7,2,True,True,False,0.017994068562984467,correct,0
7877,1969,0,20,24,20,7,20,20,False,False,False,0.06002475693821907,other,4
7878,1969,1,20,18,20,20,7,7,False,False,False,0.06254884600639343,other,2
7879,1969,1,12,17,12,7,20,38,False,False,False,0.026426715776324272,other,5
7880,1970,0,17,0,17,7,18,10,False,False,False,0.05429180711507797,other,17
7881,1970,0,4,35,4,18,7,18,False,False,False,0.004409755580127239,other,31
7882,1970,1,4,24,4,7,18,15,False,False,False,0.003513441886752844,other,20
7883,1970,1,17,17,17,18,7,18,True,True,False,0.06216423213481903,correct,0
7884,1971,0,6,31,6,5,0,6,False,False,False,0.05503901094198227,other,25
7885,1971,0,9,38,9,0,5,37,False,False,False,0.02985890954732895,other,29
7886,1971,1,9,32,9,5,0,7,False,False,False,0.030907176434993744,other,23
7887,1971,1,6,24,6,0,5,0,False,False,False,0.04984399676322937,other,18
7888,1972,0,11,11,11,16,27,27,True,True,False,0.03463001176714897,correct,0
7889,1972,0,21,3,21,27,16,0,False,False,False,0.02670319937169552,other,18
7890,1972,1,21,3,21,16,27,16,False,False,False,0.02005857601761818,other,18
7891,1972,1,11,1,11,27,16,28,False,False,False,0.03568599000573158,other,10
7892,1973,0,34,34,34,19,7,21,True,True,False,0.013677016831934452,correct,0
7893,1973,0,39,43,39,7,19,36,False,False,False,0.009067777544260025,other,4
7894,1973,1,39,43,39,19,7,4,False,False,False,0.012335482984781265,other,4
7895,1973,1,34,5,34,7,19,16,False,False,False,0.012974844314157963,other,29
7896,1974,0,7,7,7,2,7,10,True,True,False,0.040909361094236374,correct,0
7897,1974,0,30,31,30,7,2,2,False,False,True,0.06537136435508728,off_by_one,1
7898,1974,1,30,31,30,2,7,2,False,False,True,0.07019444555044174,off_by_one,1
7899,1974,1,7,7,7,7,2,7,True,True,False,0.03656353801488876,correct,0
7900,1975,0,24,3,24,6,14,7,False,False,False,0.03997993841767311,other,21
7901,1975,0,20,14,20,14,6,14,False,False,False,0.06643891334533691,other,6
7902,1975,1,20,18,20,6,14,6,False,False,False,0.05714568495750427,other,2
7903,1975,1,24,4,24,14,6,14,False,False,False,0.0392882414162159,other,20
7904,1976,0,28,28,28,7,2,20,True,True,False,0.03181503340601921,correct,0
7905,1976,0,14,24,14,2,7,7,False,False,False,0.02237790636718273,other,10
7906,1976,1,14,44,14,7,2,7,False,False,False,0.027906673029065132,other,30
7907,1976,1,28,24,28,2,7,6,False,False,False,0.02590402215719223,other,4
7908,1977,0,9,17,9,16,38,16,False,False,False,0.031281083822250366,other,8
7909,1977,0,10,31,10,38,16,14,False,False,False,0.02627614513039589,other,21
7910,1977,1,10,17,10,16,38,16,False,False,False,0.027443891391158104,other,7
7911,1977,1,9,31,9,38,16,14,False,False,False,0.030905522406101227,other,22
7912,1978,0,47,24,47,7,16,7,False,False,False,0.019159574061632156,other,23
7913,1978,0,31,3,31,16,7,17,False,False,False,0.04022080451250076,other,28
7914,1978,1,31,31,31,7,16,36,True,True,False,0.03275051340460777,correct,0
7915,1978,1,47,47,47,16,7,16,True,True,False,0.019787851721048355,correct,0
7916,1979,0,7,7,7,0,15,0,True,True,False,0.0245257206261158,correct,0
7917,1979,0,25,15,25,15,0,16,False,False,False,0.010791951790452003,other,10
7918,1979,1,25,15,25,0,15,15,False,False,False,0.0116061270236969,other,10
7919,1979,1,7,7,7,15,0,0,True,True,False,0.01851445809006691,correct,0
7920,1980,0,24,35,24,14,6,14,False,False,False,0.05080099031329155,other,11
7921,1980,0,23,41,23,6,14,18,False,False,False,0.05809026211500168,other,18
7922,1980,1,23,35,23,14,6,14,False,False,False,0.06543925404548645,other,12
7923,1980,1,24,15,24,6,14,6,False,False,False,0.04333364963531494,other,9
7924,1981,0,25,35,25,0,35,23,False,False,False,0.004078999161720276,other,10
7925,1981,0,1,2,1,35,0,21,False,False,True,0.023076912388205528,off_by_one,1
7926,1981,1,1,1,1,0,35,0,True,True,False,0.02100914902985096,correct,0
7927,1981,1,25,35,25,35,0,7,False,False,False,0.006242516450583935,other,10
7928,1982,0,17,17,17,39,7,6,True,True,False,0.03545600175857544,correct,0
7929,1982,0,14,45,14,7,39,7,False,False,False,0.009757382795214653,other,31
7930,1982,1,14,14,14,39,7,6,True,True,False,0.009021828882396221,correct,0
7931,1982,1,17,17,17,7,39,7,True,True,False,0.03520933911204338,correct,0
7932,1983,0,42,5,42,17,16,15,False,False,False,0.038336340337991714,other,37
7933,1983,0,39,31,39,16,17,16,False,False,False,0.02574394829571247,other,8
7934,1983,1,39,0,39,17,16,17,False,False,False,0.02347092516720295,other,39
7935,1983,1,42,42,42,16,17,15,True,True,False,0.02979077585041523,correct,0
7936,1984,0,23,15,23,36,6,36,False,False,False,0.1358441859483719,other,8
7937,1984,0,22,31,22,6,36,18,False,False,False,0.024919720366597176,other,9
7938,1984,1,22,31,22,36,6,15,False,False,False,0.022234581410884857,other,9
7939,1984,1,23,41,23,6,36,6,False,False,False,0.11932140588760376,other,18
7940,1985,0,21,21,21,7,24,17,True,True,False,0.05774982273578644,correct,0
7941,1985,0,36,10,36,24,7,1,False,False,False,0.054944928735494614,other,26
7942,1985,1,36,17,36,7,24,17,False,False,False,0.05620851367712021,other,19
7943,1985,1,21,31,21,24,7,18,False,False,False,0.06384962797164917,other,10
7944,1986,0,19,0,19,5,1,7,False,False,False,0.041932351887226105,other,19
7945,1986,0,28,28,28,1,5,0,True,True,False,0.025927497074007988,correct,0
7946,1986,1,28,24,28,5,1,5,False,False,False,0.027967624366283417,other,4
7947,1986,1,19,18,19,1,5,14,False,False,True,0.03934774920344353,off_by_one,1
7948,1987,0,43,0,43,2,19,2,False,False,False,0.004634925164282322,other,43
7949,1987,0,31,0,31,19,2,19,False,False,False,0.026876399293541908,other,31
7950,1987,1,31,31,31,2,19,6,True,True,False,0.03253227099776268,correct,0
7951,1987,1,43,0,43,19,2,18,False,False,False,0.0037606977857649326,other,43
7952,1988,0,8,8,8,18,7,20,True,True,False,0.03275376558303833,correct,0
7953,1988,0,26,6,26,7,18,6,False,False,False,0.026761841028928757,other,20
7954,1988,1,26,24,26,18,7,18,False,False,False,0.045551400631666183,other,2
7955,1988,1,8,8,8,7,18,7,True,True,False,0.021246405318379402,correct,0
7956,1989,0,19,43,19,38,6,14,False,False,False,0.08073887974023819,other,24
7957,1989,0,16,16,16,6,38,24,True,True,False,0.04456273838877678,correct,0
7958,1989,1,16,47,16,38,6,31,False,False,False,0.0423690527677536,other,31
7959,1989,1,19,17,19,6,38,6,False,False,False,0.07447359710931778,other,2
7960,1990,0,10,32,10,36,15,15,False,False,False,0.014000393450260162,other,22
7961,1990,0,6,21,6,15,36,7,False,False,False,0.0543401725590229,other,15
7962,1990,1,6,6,6,36,15,24,True,True,False,0.0473579466342926,correct,0
7963,1990,1,10,28,10,15,36,1,False,False,False,0.015117919072508812,other,18
7964,1991,0,45,24,45,7,2,7,False,False,False,0.01976628787815571,other,21
7965,1991,0,4,4,4,2,7,21,True,True,False,0.014112119562923908,correct,0
7966,1991,1,4,35,4,7,2,20,False,False,False,0.01666390337049961,other,31
7967,1991,1,45,45,45,2,7,20,True,True,False,0.018274787813425064,correct,0
7968,1992,0,18,43,18,7,15,20,False,False,False,0.018523503094911575,other,25
7969,1992,0,24,44,24,15,7,16,False,False,False,0.008964203298091888,other,20
7970,1992,1,24,24,24,7,15,36,True,True,False,0.008429992944002151,correct,0
7971,1992,1,18,18,18,15,7,14,True,True,False,0.017884282395243645,correct,0
7972,1993,0,0,2,0,14,16,0,False,False,False,0.03972078114748001,other,2
7973,1993,0,6,15,6,16,14,27,False,False,False,0.07406707108020782,other,9
7974,1993,1,6,4,6,14,16,14,False,False,False,0.08745953440666199,other,2
7975,1993,1,0,10,0,16,14,14,False,False,False,0.04175369441509247,other,10
7976,1994,0,10,17,10,2,7,6,False,False,False,0.027995843440294266,other,7
7977,1994,0,44,24,44,7,2,7,False,False,False,0.013440246693789959,other,20
7978,1994,1,44,44,44,2,7,6,True,True,False,0.016385376453399658,correct,0
7979,1994,1,10,10,10,7,2,7,True,True,False,0.025157181546092033,correct,0
7980,1995,0,8,8,8,30,28,21,True,True,False,0.10253727436065674,correct,0
7981,1995,0,27,28,27,28,30,23,False,False,True,0.021487098187208176,off_by_one,1
7982,1995,1,27,0,27,30,28,30,False,False,False,0.020352745428681374,other,27
7983,1995,1,8,8,8,28,30,0,True,True,False,0.09935769438743591,correct,0
7984,1996,0,17,17,17,6,7,6,True,True,False,0.016869032755494118,correct,0
7985,1996,0,34,34,34,7,6,21,True,True,False,0.01599063165485859,correct,0
7986,1996,1,34,34,34,6,7,26,True,True,False,0.01872382126748562,correct,0
7987,1996,1,17,17,17,7,6,7,True,True,False,0.018320566043257713,correct,0
7988,1997,0,26,44,26,6,7,6,False,False,False,0.017399197444319725,other,18
7989,1997,0,2,46,2,7,6,7,False,False,False,0.051252420991659164,other,44
7990,1997,1,2,2,2,6,7,2,True,True,False,0.04537634551525116,correct,0
7991,1997,1,26,26,26,7,6,17,True,True,False,0.018047284334897995,correct,0
7992,1998,0,34,34,34,14,9,23,True,True,False,0.01515617873519659,correct,0
7993,1998,0,43,43,43,9,14,18,True,True,False,0.024930406361818314,correct,0
7994,1998,1,43,17,43,14,9,38,False,False,False,0.02172183059155941,other,26
7995,1998,1,34,34,34,9,14,21,True,True,False,0.013278256170451641,correct,0
7996,1999,0,30,31,30,31,32,23,False,False,True,0.004860239569097757,off_by_one,1
7997,1999,0,22,31,22,32,31,0,False,False,False,0.007831493392586708,other,9
7998,1999,1,22,31,22,31,32,31,False,False,False,0.009552319534122944,other,9
7999,1999,1,30,30,30,32,31,35,True,True,False,0.0032500638626515865,correct,0
