idx,batch_idx,pair_idx,true_action,pred_action,dummy_action,orig_actor,ret_actor,pred_actor,is_correct_action,is_dummy_action,is_off_by_one,mse,prediction_category,abs_error
0,0,0,5,5,5,0,5,0,True,True,False,0.12655913829803467,correct,0
1,0,0,29,28,29,5,0,5,False,False,True,0.06154707446694374,off_by_one,1
2,0,1,29,29,29,0,5,0,True,True,False,0.06154707446694374,correct,0
3,0,1,5,5,5,5,0,5,True,True,False,0.12655913829803467,correct,0
4,1,0,43,43,43,24,14,24,True,True,False,0.04310552775859833,correct,0
5,1,0,23,23,23,14,24,14,True,True,False,0.04998631775379181,correct,0
6,1,1,23,23,23,24,14,24,True,True,False,0.04998631775379181,correct,0
7,1,1,43,43,43,14,24,14,True,True,False,0.04310552775859833,correct,0
8,2,0,21,21,21,6,14,6,True,True,False,0.06697824597358704,correct,0
9,2,0,48,48,48,14,6,14,True,True,False,0.019465738907456398,correct,0
10,2,1,48,48,48,6,14,6,True,True,False,0.019465738907456398,correct,0
11,2,1,21,21,21,14,6,14,True,True,False,0.06697824597358704,correct,0
12,3,0,29,29,29,24,36,24,True,True,False,0.028698232024908066,correct,0
13,3,0,32,32,32,36,24,36,True,True,False,0.06807415932416916,correct,0
14,3,1,32,32,32,24,36,24,True,True,False,0.06807415932416916,correct,0
15,3,1,29,10,29,36,24,24,False,False,False,0.028698232024908066,other,19
16,4,0,4,4,4,6,38,39,True,True,False,0.024733256548643112,correct,0
17,4,0,11,18,11,38,6,14,False,False,False,0.052125539630651474,other,7
18,4,1,11,11,11,6,38,6,True,True,False,0.052125539630651474,correct,0
19,4,1,4,29,4,38,6,14,False,False,False,0.024733256548643112,other,25
20,5,0,12,33,12,6,38,6,False,False,False,0.02445472963154316,other,21
21,5,0,31,31,31,38,6,38,True,True,False,0.01228264719247818,correct,0
22,5,1,31,31,31,6,38,6,True,True,False,0.01228264719247818,correct,0
23,5,1,12,12,12,38,6,14,True,True,False,0.02445472963154316,correct,0
24,6,0,17,17,17,22,21,22,True,True,False,0.056466203182935715,correct,0
25,6,0,2,2,2,21,22,21,True,True,False,0.016871077939867973,correct,0
26,6,1,2,2,2,22,21,22,True,True,False,0.016871077939867973,correct,0
27,6,1,17,17,17,21,22,21,True,True,False,0.056466203182935715,correct,0
28,7,0,18,18,18,0,5,14,True,True,False,0.05015571415424347,correct,0
29,7,0,42,42,42,5,0,5,True,True,False,0.2320920079946518,correct,0
30,7,1,42,42,42,0,5,0,True,True,False,0.2320920079946518,correct,0
31,7,1,18,18,18,5,0,5,True,True,False,0.05015571415424347,correct,0
32,8,0,29,29,29,26,36,26,True,True,False,0.05142339691519737,correct,0
33,8,0,8,8,8,36,26,24,True,True,False,0.02681032568216324,correct,0
34,8,1,8,8,8,26,36,4,True,True,False,0.02681032568216324,correct,0
35,8,1,29,29,29,36,26,24,True,True,False,0.05142339691519737,correct,0
36,9,0,43,43,43,18,28,18,True,True,False,0.0474991574883461,correct,0
37,9,0,25,25,25,28,18,23,True,True,False,0.044402673840522766,correct,0
38,9,1,25,25,25,18,28,18,True,True,False,0.044402673840522766,correct,0
39,9,1,43,43,43,28,18,0,True,True,False,0.0474991574883461,correct,0
40,10,0,4,4,4,24,7,36,True,True,False,0.01644269749522209,correct,0
41,10,0,39,39,39,7,24,7,True,True,False,0.017089055851101875,correct,0
42,10,1,39,39,39,24,7,24,True,True,False,0.017089055851101875,correct,0
43,10,1,4,4,4,7,24,7,True,True,False,0.01644269749522209,correct,0
44,11,0,28,27,28,15,18,15,False,False,True,0.010640165768563747,off_by_one,1
45,11,0,42,42,42,18,15,18,True,True,False,0.051669955253601074,correct,0
46,11,1,42,42,42,15,18,17,True,True,False,0.051669955253601074,correct,0
47,11,1,28,27,28,18,15,18,False,False,True,0.010640165768563747,off_by_one,1
48,12,0,36,36,36,26,16,26,True,True,False,0.07199346274137497,correct,0
49,12,0,29,29,29,16,26,16,True,True,False,0.06222904101014137,correct,0
50,12,1,29,11,29,26,16,6,False,False,False,0.06222904101014137,other,18
51,12,1,36,36,36,16,26,16,True,True,False,0.07199346274137497,correct,0
52,13,0,48,24,48,7,24,7,False,False,False,0.05704254284501076,other,24
53,13,0,33,33,33,24,7,24,True,True,False,0.04125973954796791,correct,0
54,13,1,33,33,33,7,24,7,True,True,False,0.04125973954796791,correct,0
55,13,1,48,48,48,24,7,24,True,True,False,0.05704254284501076,correct,0
56,14,0,11,29,11,2,7,2,False,False,False,0.03536184877157211,other,18
57,14,0,2,37,2,7,2,7,False,False,False,0.04615560546517372,other,35
58,14,1,2,2,2,2,7,2,True,True,False,0.04615560546517372,correct,0
59,14,1,11,11,11,7,2,7,True,True,False,0.03536184877157211,correct,0
60,15,0,29,29,29,17,6,17,True,True,False,0.043089792132377625,correct,0
61,15,0,21,21,21,6,17,6,True,True,False,0.08796902745962143,correct,0
62,15,1,21,21,21,17,6,17,True,True,False,0.08796902745962143,correct,0
63,15,1,29,29,29,6,17,6,True,True,False,0.043089792132377625,correct,0
64,16,0,41,41,41,16,17,16,True,True,False,0.12062437832355499,correct,0
65,16,0,36,36,36,17,16,17,True,True,False,0.0188046433031559,correct,0
66,16,1,36,36,36,16,17,16,True,True,False,0.0188046433031559,correct,0
67,16,1,41,41,41,17,16,17,True,True,False,0.12062437832355499,correct,0
68,17,0,22,22,22,6,14,7,True,True,False,0.018834304064512253,correct,0
69,17,0,20,20,20,14,6,14,True,True,False,0.041113585233688354,correct,0
70,17,1,20,20,20,6,14,6,True,True,False,0.041113585233688354,correct,0
71,17,1,22,22,22,14,6,14,True,True,False,0.018834304064512253,correct,0
72,18,0,45,45,45,15,18,16,True,True,False,0.013261622749269009,correct,0
73,18,0,9,9,9,18,15,18,True,True,False,0.054621707648038864,correct,0
74,18,1,9,9,9,15,18,10,True,True,False,0.054621707648038864,correct,0
75,18,1,45,45,45,18,15,18,True,True,False,0.013261622749269009,correct,0
76,19,0,35,35,35,38,6,38,True,True,False,0.020895032212138176,correct,0
77,19,0,24,24,24,6,38,6,True,True,False,0.01608908176422119,correct,0
78,19,1,24,44,24,38,6,14,False,False,False,0.01608908176422119,other,20
79,19,1,35,24,35,6,38,6,False,False,False,0.020895032212138176,other,11
80,20,0,4,4,4,2,19,2,True,True,False,0.032689619809389114,correct,0
81,20,0,36,36,36,19,2,19,True,True,False,0.036219216883182526,correct,0
82,20,1,36,36,36,2,19,7,True,True,False,0.036219216883182526,correct,0
83,20,1,4,4,4,19,2,18,True,True,False,0.032689619809389114,correct,0
84,21,0,31,31,31,6,7,6,True,True,False,0.01467765960842371,correct,0
85,21,0,3,3,3,7,6,7,True,True,False,0.03611920773983002,correct,0
86,21,1,3,3,3,6,7,6,True,True,False,0.03611920773983002,correct,0
87,21,1,31,31,31,7,6,7,True,True,False,0.01467765960842371,correct,0
88,22,0,45,45,45,24,16,24,True,True,False,0.05524083599448204,correct,0
89,22,0,6,6,6,16,24,14,True,True,False,0.11030423641204834,correct,0
90,22,1,6,22,6,24,16,24,False,False,False,0.11030423641204834,other,16
91,22,1,45,45,45,16,24,15,True,True,False,0.05524083599448204,correct,0
92,23,0,20,3,20,14,6,14,False,False,False,0.04466312378644943,other,17
93,23,0,13,13,13,6,14,6,True,True,False,0.04633371904492378,correct,0
94,23,1,13,13,13,14,6,14,True,True,False,0.04633371904492378,correct,0
95,23,1,20,20,20,6,14,6,True,True,False,0.04466312378644943,correct,0
96,24,0,22,22,22,17,24,17,True,True,False,0.038726840168237686,correct,0
97,24,0,28,28,28,24,17,3,True,True,False,0.014435138553380966,correct,0
98,24,1,28,11,28,17,24,17,False,False,False,0.014435138553380966,other,17
99,24,1,22,22,22,24,17,24,True,True,False,0.038726840168237686,correct,0
100,25,0,20,20,20,18,7,18,True,True,False,0.06609682738780975,correct,0
101,25,0,2,2,2,7,18,7,True,True,False,0.014852927066385746,correct,0
102,25,1,2,2,2,18,7,18,True,True,False,0.014852927066385746,correct,0
103,25,1,20,20,20,7,18,7,True,True,False,0.06609682738780975,correct,0
104,26,0,12,12,12,14,7,14,True,True,False,0.048575785011053085,correct,0
105,26,0,33,33,33,7,14,7,True,True,False,0.0163059514015913,correct,0
106,26,1,33,33,33,14,7,14,True,True,False,0.0163059514015913,correct,0
107,26,1,12,12,12,7,14,7,True,True,False,0.048575785011053085,correct,0
108,27,0,14,14,14,34,24,34,True,True,False,0.03474491834640503,correct,0
109,27,0,1,1,1,24,34,24,True,True,False,0.06267549097537994,correct,0
110,27,1,1,31,1,34,24,3,False,False,False,0.06267549097537994,other,30
111,27,1,14,14,14,24,34,24,True,True,False,0.03474491834640503,correct,0
112,28,0,37,37,37,7,19,7,True,True,False,0.060037191957235336,correct,0
113,28,0,21,21,21,19,7,19,True,True,False,0.02528274431824684,correct,0
114,28,1,21,21,21,7,19,7,True,True,False,0.02528274431824684,correct,0
115,28,1,37,37,37,19,7,19,True,True,False,0.060037191957235336,correct,0
116,29,0,23,23,23,15,18,15,True,True,False,0.043756235390901566,correct,0
117,29,0,24,24,24,18,15,18,True,True,False,0.010558963753283024,correct,0
118,29,1,24,4,24,15,18,0,False,False,False,0.010558963753283024,other,20
119,29,1,23,23,23,18,15,18,True,True,False,0.043756235390901566,correct,0
120,30,0,5,5,5,6,13,6,True,True,False,0.07656240463256836,correct,0
121,30,0,11,11,11,13,6,13,True,True,False,0.03805050626397133,correct,0
122,30,1,11,11,11,6,13,6,True,True,False,0.03805050626397133,correct,0
123,30,1,5,5,5,13,6,13,True,True,False,0.07656240463256836,correct,0
124,31,0,47,47,47,34,32,34,True,True,False,0.047139111906290054,correct,0
125,31,0,40,40,40,32,34,32,True,True,False,0.005546152591705322,correct,0
126,31,1,40,40,40,34,32,34,True,True,False,0.005546152591705322,correct,0
127,31,1,47,47,47,32,34,32,True,True,False,0.047139111906290054,correct,0
128,32,0,24,24,24,16,15,0,True,True,False,0.005696737207472324,correct,0
129,32,0,11,11,11,15,16,15,True,True,False,0.03418616205453873,correct,0
130,32,1,11,29,11,16,15,11,False,False,False,0.03418616205453873,other,18
131,32,1,24,35,24,15,16,0,False,False,False,0.005696737207472324,other,11
132,33,0,5,5,5,0,7,0,True,True,False,0.040946394205093384,correct,0
133,33,0,45,45,45,7,0,7,True,True,False,0.013533041812479496,correct,0
134,33,1,45,45,45,0,7,0,True,True,False,0.013533041812479496,correct,0
135,33,1,5,5,5,7,0,7,True,True,False,0.040946394205093384,correct,0
136,34,0,40,40,40,18,20,18,True,True,False,0.020010244101285934,correct,0
137,34,0,6,6,6,20,18,20,True,True,False,0.06288447976112366,correct,0
138,34,1,6,6,6,18,20,18,True,True,False,0.06288447976112366,correct,0
139,34,1,40,40,40,20,18,20,True,True,False,0.020010244101285934,correct,0
140,35,0,17,10,17,14,36,24,False,False,False,0.08722742646932602,other,7
141,35,0,15,15,15,36,14,36,True,True,False,0.04655010253190994,correct,0
142,35,1,15,15,15,14,36,38,True,True,False,0.04655010253190994,correct,0
143,35,1,17,17,17,36,14,2,True,True,False,0.08722742646932602,correct,0
144,36,0,26,26,26,6,14,6,True,True,False,0.08038070052862167,correct,0
145,36,0,33,33,33,14,6,14,True,True,False,0.048916906118392944,correct,0
146,36,1,33,33,33,6,14,6,True,True,False,0.048916906118392944,correct,0
147,36,1,26,26,26,14,6,14,True,True,False,0.08038070052862167,correct,0
148,37,0,38,38,38,7,2,7,True,True,False,0.014172832481563091,correct,0
149,37,0,10,10,10,2,7,2,True,True,False,0.05223235860466957,correct,0
150,37,1,10,10,10,7,2,7,True,True,False,0.05223235860466957,correct,0
151,37,1,38,38,38,2,7,2,True,True,False,0.014172832481563091,correct,0
152,38,0,40,40,40,7,24,7,True,True,False,0.019391419366002083,correct,0
153,38,0,14,14,14,24,7,24,True,True,False,0.04809075593948364,correct,0
154,38,1,14,44,14,7,24,7,False,False,False,0.04809075593948364,other,30
155,38,1,40,36,40,24,7,24,False,False,False,0.019391419366002083,other,4
156,39,0,24,24,24,18,24,18,True,True,False,0.020932702347636223,correct,0
157,39,0,35,35,35,24,18,24,True,True,False,0.0007237663958221674,correct,0
158,39,1,35,35,35,18,24,18,True,True,False,0.0007237663958221674,correct,0
159,39,1,24,24,24,24,18,24,True,True,False,0.020932702347636223,correct,0
160,40,0,48,48,48,36,17,36,True,True,False,0.02344033122062683,correct,0
161,40,0,9,38,9,17,36,17,False,False,False,0.02552088350057602,other,29
162,40,1,9,9,9,36,17,36,True,True,False,0.02552088350057602,correct,0
163,40,1,48,48,48,17,36,17,True,True,False,0.02344033122062683,correct,0
164,41,0,18,18,18,6,19,6,True,True,False,0.07166086882352829,correct,0
165,41,0,0,2,0,19,6,19,False,False,False,0.026635440066456795,other,2
166,41,1,0,0,0,6,19,6,True,True,False,0.026635440066456795,correct,0
167,41,1,18,18,18,19,6,19,True,True,False,0.07166086882352829,correct,0
168,42,0,12,12,12,15,14,15,True,True,False,0.011844639666378498,correct,0
169,42,0,23,23,23,14,15,14,True,True,False,0.015637798234820366,correct,0
170,42,1,23,23,23,15,14,16,True,True,False,0.015637798234820366,correct,0
171,42,1,12,12,12,14,15,17,True,True,False,0.011844639666378498,correct,0
172,43,0,11,11,11,15,17,15,True,True,False,0.002872944576665759,correct,0
173,43,0,40,40,40,17,15,17,True,True,False,0.004014482721686363,correct,0
174,43,1,40,40,40,15,17,14,True,True,False,0.004014482721686363,correct,0
175,43,1,11,11,11,17,15,17,True,True,False,0.002872944576665759,correct,0
176,44,0,7,7,7,24,38,24,True,True,False,0.031683459877967834,correct,0
177,44,0,10,1,10,38,24,0,False,False,False,0.03916395083069801,other,9
178,44,1,10,10,10,24,38,7,True,True,False,0.03916395083069801,correct,0
179,44,1,7,7,7,38,24,38,True,True,False,0.031683459877967834,correct,0
180,45,0,44,44,44,2,6,2,True,True,False,0.0065425243228673935,correct,0
181,45,0,28,28,28,6,2,6,True,True,False,0.026333337649703026,correct,0
182,45,1,28,28,28,2,6,2,True,True,False,0.026333337649703026,correct,0
183,45,1,44,44,44,6,2,6,True,True,False,0.0065425243228673935,correct,0
184,46,0,11,11,11,16,12,16,True,True,False,0.049588125199079514,correct,0
185,46,0,9,9,9,12,16,12,True,True,False,0.017387812957167625,correct,0
186,46,1,9,9,9,16,12,16,True,True,False,0.017387812957167625,correct,0
187,46,1,11,11,11,12,16,7,True,True,False,0.049588125199079514,correct,0
188,47,0,31,31,31,6,16,6,True,True,False,0.00984745379537344,correct,0
189,47,0,46,46,46,16,6,16,True,True,False,0.024654705077409744,correct,0
190,47,1,46,27,46,6,16,6,False,False,False,0.024654705077409744,other,19
191,47,1,31,31,31,16,6,16,True,True,False,0.00984745379537344,correct,0
192,48,0,6,6,6,6,24,6,True,True,False,0.039856549352407455,correct,0
193,48,0,30,30,30,24,6,24,True,True,False,0.10475611686706543,correct,0
194,48,1,30,30,30,6,24,6,True,True,False,0.10475611686706543,correct,0
195,48,1,6,6,6,24,6,24,True,True,False,0.039856549352407455,correct,0
196,49,0,4,4,4,18,15,36,True,True,False,0.0031114567536860704,correct,0
197,49,0,31,31,31,15,18,1,True,True,False,0.013373155146837234,correct,0
198,49,1,31,31,31,18,15,18,True,True,False,0.013373155146837234,correct,0
199,49,1,4,4,4,15,18,15,True,True,False,0.0031114567536860704,correct,0
200,50,0,42,42,42,14,7,14,True,True,False,0.054910626262426376,correct,0
201,50,0,28,10,28,7,14,24,False,False,False,0.03476199880242348,other,18
202,50,1,28,28,28,14,7,14,True,True,False,0.03476199880242348,correct,0
203,50,1,42,42,42,7,14,7,True,True,False,0.054910626262426376,correct,0
204,51,0,46,46,46,14,9,14,True,True,False,0.058585796505212784,correct,0
205,51,0,26,26,26,9,14,9,True,True,False,0.027789808809757233,correct,0
206,51,1,26,26,26,14,9,14,True,True,False,0.027789808809757233,correct,0
207,51,1,46,46,46,9,14,9,True,True,False,0.058585796505212784,correct,0
208,52,0,35,35,35,18,27,18,True,True,False,0.005505335982888937,correct,0
209,52,0,14,14,14,27,18,14,True,True,False,0.046280764043331146,correct,0
210,52,1,14,14,14,18,27,18,True,True,False,0.046280764043331146,correct,0
211,52,1,35,35,35,27,18,23,True,True,False,0.005505335982888937,correct,0
212,53,0,20,20,20,26,14,26,True,True,False,0.07096449285745621,correct,0
213,53,0,19,19,19,14,26,14,True,True,False,0.05100199952721596,correct,0
214,53,1,19,19,19,26,14,26,True,True,False,0.05100199952721596,correct,0
215,53,1,20,3,20,14,26,14,False,False,False,0.07096449285745621,other,17
216,54,0,3,3,3,19,2,7,True,True,False,0.05197440832853317,correct,0
217,54,0,9,9,9,2,19,6,True,True,False,0.014301716350018978,correct,0
218,54,1,9,33,9,19,2,9,False,False,False,0.014301716350018978,other,24
219,54,1,3,3,3,2,19,2,True,True,False,0.05197440832853317,correct,0
220,55,0,48,48,48,6,2,6,True,True,False,0.034025516360998154,correct,0
221,55,0,32,32,32,2,6,2,True,True,False,0.004055236466228962,correct,0
222,55,1,32,32,32,6,2,6,True,True,False,0.004055236466228962,correct,0
223,55,1,48,48,48,2,6,2,True,True,False,0.034025516360998154,correct,0
224,56,0,12,12,12,9,16,7,True,True,False,0.04933633655309677,correct,0
225,56,0,25,25,25,16,9,16,True,True,False,0.07780526578426361,correct,0
226,56,1,25,25,25,9,16,9,True,True,False,0.07780526578426361,correct,0
227,56,1,12,12,12,16,9,16,True,True,False,0.04933633655309677,correct,0
228,57,0,20,20,20,28,34,0,True,True,False,0.017685065045952797,correct,0
229,57,0,7,7,7,34,28,34,True,True,False,0.019441476091742516,correct,0
230,57,1,7,7,7,28,34,28,True,True,False,0.019441476091742516,correct,0
231,57,1,20,20,20,34,28,12,True,True,False,0.017685065045952797,correct,0
232,58,0,23,23,23,14,7,14,True,True,False,0.04332336038351059,correct,0
233,58,0,3,3,3,7,14,20,True,True,False,0.017415551468729973,correct,0
234,58,1,3,3,3,14,7,14,True,True,False,0.017415551468729973,correct,0
235,58,1,23,23,23,7,14,7,True,True,False,0.04332336038351059,correct,0
236,59,0,29,11,29,16,24,14,False,False,False,0.03673023730516434,other,18
237,59,0,25,25,25,24,16,24,True,True,False,0.018761523067951202,correct,0
238,59,1,25,25,25,16,24,27,True,True,False,0.018761523067951202,correct,0
239,59,1,29,29,29,24,16,7,True,True,False,0.03673023730516434,correct,0
240,60,0,10,10,10,12,20,18,True,True,False,0.014372211880981922,correct,0
241,60,0,23,23,23,20,12,7,True,True,False,0.01770182140171528,correct,0
242,60,1,23,23,23,12,20,12,True,True,False,0.01770182140171528,correct,0
243,60,1,10,29,10,20,12,7,False,False,False,0.014372211880981922,other,19
244,61,0,10,10,10,14,16,14,True,True,False,0.01985233835875988,correct,0
245,61,0,41,41,41,16,14,16,True,True,False,0.028244273737072945,correct,0
246,61,1,41,41,41,14,16,14,True,True,False,0.028244273737072945,correct,0
247,61,1,10,10,10,16,14,0,True,True,False,0.01985233835875988,correct,0
248,62,0,47,47,47,0,15,0,True,True,False,0.022628415375947952,correct,0
249,62,0,43,43,43,15,0,15,True,True,False,0.0034680652897804976,correct,0
250,62,1,43,43,43,0,15,14,True,True,False,0.0034680652897804976,correct,0
251,62,1,47,47,47,15,0,15,True,True,False,0.022628415375947952,correct,0
252,63,0,46,46,46,18,14,24,True,True,False,0.06189078465104103,correct,0
253,63,0,23,30,23,14,18,6,False,False,False,0.2029738873243332,other,7
254,63,1,23,23,23,18,14,18,True,True,False,0.2029738873243332,correct,0
255,63,1,46,46,46,14,18,14,True,True,False,0.06189078465104103,correct,0
256,64,0,5,5,5,26,6,26,True,True,False,0.03089674562215805,correct,0
257,64,0,28,28,28,6,26,6,True,True,False,0.03537105396389961,correct,0
258,64,1,28,28,28,26,6,26,True,True,False,0.03537105396389961,correct,0
259,64,1,5,5,5,6,26,6,True,True,False,0.03089674562215805,correct,0
260,65,0,10,10,10,7,20,7,True,True,False,0.012081338092684746,correct,0
261,65,0,4,4,4,20,7,7,True,True,False,0.01914914697408676,correct,0
262,65,1,4,4,4,7,20,7,True,True,False,0.01914914697408676,correct,0
263,65,1,10,10,10,20,7,7,True,True,False,0.012081338092684746,correct,0
264,66,0,20,20,20,7,18,7,True,True,False,0.05589286983013153,correct,0
265,66,0,19,19,19,18,7,18,True,True,False,0.06517110764980316,correct,0
266,66,1,19,19,19,7,18,7,True,True,False,0.06517110764980316,correct,0
267,66,1,20,20,20,18,7,18,True,True,False,0.05589286983013153,correct,0
268,67,0,46,46,46,7,17,7,True,True,False,0.02282867021858692,correct,0
269,67,0,1,1,1,17,7,17,True,True,False,0.0181232001632452,correct,0
270,67,1,1,1,1,7,17,7,True,True,False,0.0181232001632452,correct,0
271,67,1,46,46,46,17,7,17,True,True,False,0.02282867021858692,correct,0
272,68,0,13,13,13,24,7,24,True,True,False,0.04708979278802872,correct,0
273,68,0,11,10,11,7,24,7,False,False,True,0.025839591398835182,off_by_one,1
274,68,1,11,29,11,24,7,7,False,False,False,0.025839591398835182,other,18
275,68,1,13,13,13,7,24,7,True,True,False,0.04708979278802872,correct,0
276,69,0,9,9,9,38,6,38,True,True,False,0.03744225576519966,correct,0
277,69,0,40,40,40,6,38,6,True,True,False,0.03939158841967583,correct,0
278,69,1,40,40,40,38,6,38,True,True,False,0.03939158841967583,correct,0
279,69,1,9,9,9,6,38,6,True,True,False,0.03744225576519966,correct,0
280,70,0,12,12,12,24,15,18,True,True,False,0.019428756088018417,correct,0
281,70,0,8,8,8,15,24,15,True,True,False,0.015545226633548737,correct,0
282,70,1,8,8,8,24,15,24,True,True,False,0.015545226633548737,correct,0
283,70,1,12,12,12,15,24,15,True,True,False,0.019428756088018417,correct,0
284,71,0,21,21,21,36,26,36,True,True,False,0.007920453324913979,correct,0
285,71,0,34,34,34,26,36,26,True,True,False,0.01706458069384098,correct,0
286,71,1,34,34,34,36,26,3,True,True,False,0.01706458069384098,correct,0
287,71,1,21,21,21,26,36,8,True,True,False,0.007920453324913979,correct,0
288,72,0,10,29,10,9,2,9,False,False,False,0.043759506195783615,other,19
289,72,0,15,15,15,2,9,2,True,True,False,0.029514694586396217,correct,0
290,72,1,15,15,15,9,2,9,True,True,False,0.029514694586396217,correct,0
291,72,1,10,11,10,2,9,2,False,False,True,0.043759506195783615,off_by_one,1
292,73,0,14,14,14,2,19,2,True,True,False,0.020220721140503883,correct,0
293,73,0,46,46,46,19,2,19,True,True,False,0.04263566434383392,correct,0
294,73,1,46,46,46,2,19,2,True,True,False,0.04263566434383392,correct,0
295,73,1,14,14,14,19,2,19,True,True,False,0.020220721140503883,correct,0
296,74,0,23,23,23,7,16,7,True,True,False,0.021008972078561783,correct,0
297,74,0,24,24,24,16,7,16,True,True,False,0.0063640824519097805,correct,0
298,74,1,24,24,24,7,16,7,True,True,False,0.0063640824519097805,correct,0
299,74,1,23,23,23,16,7,16,True,True,False,0.021008972078561783,correct,0
300,75,0,41,41,41,12,14,12,True,True,False,0.021629855036735535,correct,0
301,75,0,26,26,26,14,12,14,True,True,False,0.02630867436528206,correct,0
302,75,1,26,26,26,12,14,12,True,True,False,0.02630867436528206,correct,0
303,75,1,41,41,41,14,12,14,True,True,False,0.021629855036735535,correct,0
304,76,0,27,27,27,39,38,7,True,True,False,0.030655959621071815,correct,0
305,76,0,20,20,20,38,39,38,True,True,False,0.026779884472489357,correct,0
306,76,1,20,20,20,39,38,36,True,True,False,0.026779884472489357,correct,0
307,76,1,27,1,27,38,39,17,False,False,False,0.030655959621071815,other,26
308,77,0,41,41,41,20,24,2,True,True,False,0.03248758986592293,correct,0
309,77,0,7,7,7,24,20,24,True,True,False,0.027533791959285736,correct,0
310,77,1,7,7,7,20,24,20,True,True,False,0.027533791959285736,correct,0
311,77,1,41,41,41,24,20,24,True,True,False,0.03248758986592293,correct,0
312,78,0,43,43,43,18,6,18,True,True,False,0.07311523705720901,correct,0
313,78,0,44,44,44,6,18,6,True,True,False,0.029674459248781204,correct,0
314,78,1,44,44,44,18,6,18,True,True,False,0.029674459248781204,correct,0
315,78,1,43,43,43,6,18,6,True,True,False,0.07311523705720901,correct,0
316,79,0,27,28,27,7,2,7,False,False,True,0.012149497866630554,off_by_one,1
317,79,0,22,22,22,2,7,2,True,True,False,0.022315548732876778,correct,0
318,79,1,22,22,22,7,2,7,True,True,False,0.022315548732876778,correct,0
319,79,1,27,28,27,2,7,2,False,False,True,0.012149497866630554,off_by_one,1
320,80,0,18,18,18,14,15,14,True,True,False,0.03802311420440674,correct,0
321,80,0,9,9,9,15,14,16,True,True,False,0.024304760619997978,correct,0
322,80,1,9,9,9,14,15,14,True,True,False,0.024304760619997978,correct,0
323,80,1,18,18,18,15,14,15,True,True,False,0.03802311420440674,correct,0
324,81,0,20,20,20,26,14,26,True,True,False,0.036013856530189514,correct,0
325,81,0,25,25,25,14,26,14,True,True,False,0.018231797963380814,correct,0
326,81,1,25,25,25,26,14,26,True,True,False,0.018231797963380814,correct,0
327,81,1,20,20,20,14,26,14,True,True,False,0.036013856530189514,correct,0
328,82,0,32,0,32,7,26,7,False,False,False,0.07057468593120575,other,32
329,82,0,38,38,38,26,7,26,True,True,False,0.014222415164113045,correct,0
330,82,1,38,38,38,7,26,7,True,True,False,0.014222415164113045,correct,0
331,82,1,32,32,32,26,7,26,True,True,False,0.07057468593120575,correct,0
332,83,0,45,3,45,18,14,18,False,False,False,0.021942198276519775,other,42
333,83,0,6,6,6,14,18,14,True,True,False,0.09623284637928009,correct,0
334,83,1,6,6,6,18,14,18,True,True,False,0.09623284637928009,correct,0
335,83,1,45,45,45,14,18,14,True,True,False,0.021942198276519775,correct,0
336,84,0,36,36,36,1,0,1,True,True,False,0.00986521691083908,correct,0
337,84,0,26,26,26,0,1,0,True,True,False,0.04809865355491638,correct,0
338,84,1,26,26,26,1,0,1,True,True,False,0.04809865355491638,correct,0
339,84,1,36,36,36,0,1,0,True,True,False,0.00986521691083908,correct,0
340,85,0,6,6,6,26,17,26,True,True,False,0.05570948123931885,correct,0
341,85,0,42,42,42,17,26,17,True,True,False,0.060294315218925476,correct,0
342,85,1,42,42,42,26,17,26,True,True,False,0.060294315218925476,correct,0
343,85,1,6,6,6,17,26,1,True,True,False,0.05570948123931885,correct,0
344,86,0,43,43,43,18,0,18,True,True,False,0.006050600204616785,correct,0
345,86,0,20,20,20,0,18,0,True,True,False,0.01875779591500759,correct,0
346,86,1,20,20,20,18,0,22,True,True,False,0.01875779591500759,correct,0
347,86,1,43,43,43,0,18,0,True,True,False,0.006050600204616785,correct,0
348,87,0,10,27,10,17,20,1,False,False,False,0.04201456904411316,other,17
349,87,0,15,15,15,20,17,20,True,True,False,0.10034682601690292,correct,0
350,87,1,15,15,15,17,20,17,True,True,False,0.10034682601690292,correct,0
351,87,1,10,29,10,20,17,7,False,False,False,0.04201456904411316,other,19
352,88,0,43,43,43,16,20,16,True,True,False,0.021103575825691223,correct,0
353,88,0,2,16,2,20,16,7,False,False,False,0.0759560763835907,other,14
354,88,1,2,2,2,16,20,23,True,True,False,0.0759560763835907,correct,0
355,88,1,43,37,43,20,16,20,False,False,False,0.021103575825691223,other,6
356,89,0,12,12,12,16,15,14,True,True,False,0.0049439980648458,correct,0
357,89,0,23,23,23,15,16,15,True,True,False,0.02667735144495964,correct,0
358,89,1,23,23,23,16,15,16,True,True,False,0.02667735144495964,correct,0
359,89,1,12,12,12,15,16,15,True,True,False,0.0049439980648458,correct,0
360,90,0,20,20,20,8,11,8,True,True,False,0.030886443331837654,correct,0
361,90,0,9,36,9,11,8,14,False,False,False,0.058126144111156464,other,27
362,90,1,9,9,9,8,11,8,True,True,False,0.058126144111156464,correct,0
363,90,1,20,20,20,11,8,11,True,True,False,0.030886443331837654,correct,0
364,91,0,35,35,35,18,39,18,True,True,False,0.015136866830289364,correct,0
365,91,0,5,5,5,39,18,39,True,True,False,0.07495014369487762,correct,0
366,91,1,5,5,5,18,39,18,True,True,False,0.07495014369487762,correct,0
367,91,1,35,3,35,39,18,39,False,False,False,0.015136866830289364,other,32
368,92,0,27,27,27,7,24,7,True,True,False,0.02623561955988407,correct,0
369,92,0,37,37,37,24,7,2,True,True,False,0.03275473415851593,correct,0
370,92,1,37,37,37,7,24,7,True,True,False,0.03275473415851593,correct,0
371,92,1,27,27,27,24,7,24,True,True,False,0.02623561955988407,correct,0
372,93,0,7,7,7,9,13,9,True,True,False,0.01773463375866413,correct,0
373,93,0,12,12,12,13,9,13,True,True,False,0.045526303350925446,correct,0
374,93,1,12,28,12,9,13,9,False,False,False,0.045526303350925446,other,16
375,93,1,7,7,7,13,9,13,True,True,False,0.01773463375866413,correct,0
376,94,0,3,3,3,0,37,0,True,True,False,0.013592499308288097,correct,0
377,94,0,29,29,29,37,0,11,True,True,False,0.0053037600591778755,correct,0
378,94,1,29,29,29,0,37,0,True,True,False,0.0053037600591778755,correct,0
379,94,1,3,3,3,37,0,0,True,True,False,0.013592499308288097,correct,0
380,95,0,33,33,33,14,16,14,True,True,False,0.033924650400877,correct,0
381,95,0,44,44,44,16,14,16,True,True,False,0.014751710928976536,correct,0
382,95,1,44,44,44,14,16,14,True,True,False,0.014751710928976536,correct,0
383,95,1,33,33,33,16,14,16,True,True,False,0.033924650400877,correct,0
384,96,0,19,19,19,16,6,0,True,True,False,0.050475966185331345,correct,0
385,96,0,12,12,12,6,16,6,True,True,False,0.05331360176205635,correct,0
386,96,1,12,12,12,16,6,16,True,True,False,0.05331360176205635,correct,0
387,96,1,19,33,19,6,16,6,False,False,False,0.050475966185331345,other,14
388,97,0,23,23,23,16,24,16,True,True,False,0.03916075453162193,correct,0
389,97,0,40,40,40,24,16,24,True,True,False,0.05015332251787186,correct,0
390,97,1,40,40,40,16,24,16,True,True,False,0.05015332251787186,correct,0
391,97,1,23,23,23,24,16,24,True,True,False,0.03916075453162193,correct,0
392,98,0,17,17,17,18,17,18,True,True,False,0.03711408004164696,correct,0
393,98,0,37,37,37,17,18,17,True,True,False,0.008954448625445366,correct,0
394,98,1,37,37,37,18,17,18,True,True,False,0.008954448625445366,correct,0
395,98,1,17,17,17,17,18,0,True,True,False,0.03711408004164696,correct,0
396,99,0,29,29,29,37,14,11,True,True,False,0.0053043365478515625,correct,0
397,99,0,30,30,30,14,37,14,True,True,False,0.03354591876268387,correct,0
398,99,1,30,30,30,37,14,14,True,True,False,0.03354591876268387,correct,0
399,99,1,29,11,29,14,37,14,False,False,False,0.0053043365478515625,other,18
400,100,0,24,24,24,9,20,9,True,True,False,0.010022927075624466,correct,0
401,100,0,23,23,23,20,9,20,True,True,False,0.04102924466133118,correct,0
402,100,1,23,23,23,9,20,9,True,True,False,0.04102924466133118,correct,0
403,100,1,24,24,24,20,9,7,True,True,False,0.010022927075624466,correct,0
404,101,0,12,12,12,7,2,7,True,True,False,0.02705724723637104,correct,0
405,101,0,31,10,31,2,7,2,False,False,False,0.08347631245851517,other,21
406,101,1,31,31,31,7,2,7,True,True,False,0.08347631245851517,correct,0
407,101,1,12,12,12,2,7,2,True,True,False,0.02705724723637104,correct,0
408,102,0,2,2,2,24,18,24,True,True,False,0.04827906936407089,correct,0
409,102,0,9,9,9,18,24,18,True,True,False,0.041893817484378815,correct,0
410,102,1,9,9,9,24,18,24,True,True,False,0.041893817484378815,correct,0
411,102,1,2,2,2,18,24,36,True,True,False,0.04827906936407089,correct,0
412,103,0,20,20,20,15,24,14,True,True,False,0.0499248243868351,correct,0
413,103,0,7,7,7,24,15,24,True,True,False,0.04053032770752907,correct,0
414,103,1,7,7,7,15,24,15,True,True,False,0.04053032770752907,correct,0
415,103,1,20,20,20,24,15,24,True,True,False,0.0499248243868351,correct,0
416,104,0,43,36,43,17,16,17,False,False,False,0.036177970468997955,other,7
417,104,0,28,28,28,16,17,16,True,True,False,0.03783363848924637,correct,0
418,104,1,28,28,28,17,16,17,True,True,False,0.03783363848924637,correct,0
419,104,1,43,2,43,16,17,16,False,False,False,0.036177970468997955,other,41
420,105,0,18,18,18,7,6,14,True,True,False,0.028784405440092087,correct,0
421,105,0,8,8,8,6,7,6,True,True,False,0.08191303163766861,correct,0
422,105,1,8,15,8,7,6,7,False,False,False,0.08191303163766861,other,7
423,105,1,18,18,18,6,7,6,True,True,False,0.028784405440092087,correct,0
424,106,0,46,40,46,14,18,14,False,False,False,0.012301634065806866,other,6
425,106,0,12,12,12,18,14,18,True,True,False,0.01756286434829235,correct,0
426,106,1,12,12,12,14,18,14,True,True,False,0.01756286434829235,correct,0
427,106,1,46,46,46,18,14,18,True,True,False,0.012301634065806866,correct,0
428,107,0,43,43,43,7,6,7,True,True,False,0.02058304101228714,correct,0
429,107,0,6,6,6,6,7,6,True,True,False,0.03919440135359764,correct,0
430,107,1,6,6,6,7,6,7,True,True,False,0.03919440135359764,correct,0
431,107,1,43,43,43,6,7,6,True,True,False,0.02058304101228714,correct,0
432,108,0,5,5,5,2,7,2,True,True,False,0.03161832317709923,correct,0
433,108,0,13,13,13,7,2,7,True,True,False,0.03525384142994881,correct,0
434,108,1,13,13,13,2,7,2,True,True,False,0.03525384142994881,correct,0
435,108,1,5,5,5,7,2,7,True,True,False,0.03161832317709923,correct,0
436,109,0,1,1,1,14,7,16,True,True,False,0.03275042399764061,correct,0
437,109,0,48,48,48,7,14,7,True,True,False,0.023886557668447495,correct,0
438,109,1,48,48,48,14,7,16,True,True,False,0.023886557668447495,correct,0
439,109,1,1,29,1,7,14,7,False,False,False,0.03275042399764061,other,28
440,110,0,18,18,18,14,15,14,True,True,False,0.018393583595752716,correct,0
441,110,0,45,45,45,15,14,15,True,True,False,0.011922519654035568,correct,0
442,110,1,45,45,45,14,15,14,True,True,False,0.011922519654035568,correct,0
443,110,1,18,18,18,15,14,15,True,True,False,0.018393583595752716,correct,0
444,111,0,44,44,44,38,18,38,True,True,False,0.007344797253608704,correct,0
445,111,0,10,10,10,18,38,18,True,True,False,0.04029601812362671,correct,0
446,111,1,10,10,10,38,18,10,True,True,False,0.04029601812362671,correct,0
447,111,1,44,44,44,18,38,18,True,True,False,0.007344797253608704,correct,0
448,112,0,40,40,40,16,9,16,True,True,False,0.008611195720732212,correct,0
449,112,0,27,27,27,9,16,9,True,True,False,0.013894966803491116,correct,0
450,112,1,27,27,27,16,9,16,True,True,False,0.013894966803491116,correct,0
451,112,1,40,40,40,9,16,9,True,True,False,0.008611195720732212,correct,0
452,113,0,18,18,18,9,16,9,True,True,False,0.03257868438959122,correct,0
453,113,0,8,8,8,16,9,16,True,True,False,0.058866340667009354,correct,0
454,113,1,8,8,8,9,16,1,True,True,False,0.058866340667009354,correct,0
455,113,1,18,18,18,16,9,23,True,True,False,0.03257868438959122,correct,0
456,114,0,23,23,23,17,14,17,True,True,False,0.01699718087911606,correct,0
457,114,0,37,37,37,14,17,14,True,True,False,0.03300880268216133,correct,0
458,114,1,37,37,37,17,14,17,True,True,False,0.03300880268216133,correct,0
459,114,1,23,23,23,14,17,14,True,True,False,0.01699718087911606,correct,0
460,115,0,40,40,40,35,0,35,True,True,False,0.010302675887942314,correct,0
461,115,0,46,46,46,0,35,0,True,True,False,0.004716563504189253,correct,0
462,115,1,46,46,46,35,0,1,True,True,False,0.004716563504189253,correct,0
463,115,1,40,40,40,0,35,0,True,True,False,0.010302675887942314,correct,0
464,116,0,15,15,15,6,24,6,True,True,False,0.13819578289985657,correct,0
465,116,0,19,19,19,24,6,24,True,True,False,0.03258610889315605,correct,0
466,116,1,19,19,19,6,24,6,True,True,False,0.03258610889315605,correct,0
467,116,1,15,15,15,24,6,24,True,True,False,0.13819578289985657,correct,0
468,117,0,7,7,7,26,36,26,True,True,False,0.015763718634843826,correct,0
469,117,0,31,31,31,36,26,36,True,True,False,0.07960709184408188,correct,0
470,117,1,31,31,31,26,36,26,True,True,False,0.07960709184408188,correct,0
471,117,1,7,7,7,36,26,15,True,True,False,0.015763718634843826,correct,0
472,118,0,32,32,32,7,15,7,True,True,False,0.039628878235816956,correct,0
473,118,0,11,11,11,15,7,36,True,True,False,0.046053074300289154,correct,0
474,118,1,11,29,11,7,15,9,False,False,False,0.046053074300289154,other,18
475,118,1,32,32,32,15,7,15,True,True,False,0.039628878235816956,correct,0
476,119,0,2,2,2,0,6,0,True,True,False,0.06213685870170593,correct,0
477,119,0,20,20,20,6,0,6,True,True,False,0.04085836559534073,correct,0
478,119,1,20,20,20,0,6,0,True,True,False,0.04085836559534073,correct,0
479,119,1,2,2,2,6,0,6,True,True,False,0.06213685870170593,correct,0
480,120,0,40,40,40,17,16,17,True,True,False,0.013527863658964634,correct,0
481,120,0,9,9,9,16,17,16,True,True,False,0.02712024748325348,correct,0
482,120,1,9,29,9,17,16,17,False,False,False,0.02712024748325348,other,20
483,120,1,40,40,40,16,17,16,True,True,False,0.013527863658964634,correct,0
484,121,0,16,16,16,6,19,6,True,True,False,0.153679758310318,correct,0
485,121,0,1,17,1,19,6,20,False,False,False,0.049682021141052246,other,16
486,121,1,1,27,1,6,19,6,False,False,False,0.049682021141052246,other,26
487,121,1,16,16,16,19,6,19,True,True,False,0.153679758310318,correct,0
488,122,0,3,3,3,15,17,15,True,True,False,0.014266605488955975,correct,0
489,122,0,4,4,4,17,15,17,True,True,False,0.006749732419848442,correct,0
490,122,1,4,4,4,15,17,15,True,True,False,0.006749732419848442,correct,0
491,122,1,3,3,3,17,15,17,True,True,False,0.014266605488955975,correct,0
492,123,0,18,18,18,26,27,26,True,True,False,0.017375467345118523,correct,0
493,123,0,8,8,8,27,26,27,True,True,False,0.02940918318927288,correct,0
494,123,1,8,8,8,26,27,26,True,True,False,0.02940918318927288,correct,0
495,123,1,18,18,18,27,26,27,True,True,False,0.017375467345118523,correct,0
496,124,0,37,37,37,24,18,24,True,True,False,0.022981449961662292,correct,0
497,124,0,44,44,44,18,24,18,True,True,False,0.013763478957116604,correct,0
498,124,1,44,45,44,24,18,18,False,False,True,0.013763478957116604,off_by_one,1
499,124,1,37,37,37,18,24,18,True,True,False,0.022981449961662292,correct,0
500,125,0,24,24,24,16,18,16,True,True,False,0.017588844522833824,correct,0
501,125,0,27,27,27,18,16,18,True,True,False,0.04882744699716568,correct,0
502,125,1,27,27,27,16,18,7,True,True,False,0.04882744699716568,correct,0
503,125,1,24,24,24,18,16,18,True,True,False,0.017588844522833824,correct,0
504,126,0,27,28,27,2,6,2,False,False,True,0.010358676314353943,off_by_one,1
505,126,0,18,18,18,6,2,6,True,True,False,0.0027397109661251307,correct,0
506,126,1,18,18,18,2,6,2,True,True,False,0.0027397109661251307,correct,0
507,126,1,27,27,27,6,2,6,True,True,False,0.010358676314353943,correct,0
508,127,0,22,22,22,6,2,6,True,True,False,0.053147219121456146,correct,0
509,127,0,28,28,28,2,6,2,True,True,False,0.043433744460344315,correct,0
510,127,1,28,28,28,6,2,6,True,True,False,0.043433744460344315,correct,0
511,127,1,22,22,22,2,6,2,True,True,False,0.053147219121456146,correct,0
512,128,0,48,48,48,15,26,0,True,True,False,0.027430452406406403,correct,0
513,128,0,25,25,25,26,15,26,True,True,False,0.015682704746723175,correct,0
514,128,1,25,25,25,15,26,15,True,True,False,0.015682704746723175,correct,0
515,128,1,48,48,48,26,15,26,True,True,False,0.027430452406406403,correct,0
516,129,0,10,11,10,7,24,6,False,False,True,0.053627610206604004,off_by_one,1
517,129,0,8,8,8,24,7,24,True,True,False,0.022000618278980255,correct,0
518,129,1,8,8,8,7,24,7,True,True,False,0.022000618278980255,correct,0
519,129,1,10,10,10,24,7,24,True,True,False,0.053627610206604004,correct,0
520,130,0,36,36,36,14,24,0,True,True,False,0.045633960515260696,correct,0
521,130,0,37,37,37,24,14,24,True,True,False,0.015541618689894676,correct,0
522,130,1,37,37,37,14,24,14,True,True,False,0.015541618689894676,correct,0
523,130,1,36,17,36,24,14,24,False,False,False,0.045633960515260696,other,19
524,131,0,36,36,36,9,14,9,True,True,False,0.039145756512880325,correct,0
525,131,0,25,25,25,14,9,14,True,True,False,0.03387165814638138,correct,0
526,131,1,25,25,25,9,14,9,True,True,False,0.03387165814638138,correct,0
527,131,1,36,36,36,14,9,14,True,True,False,0.039145756512880325,correct,0
528,132,0,10,29,10,10,9,24,False,False,False,0.04979684203863144,other,19
529,132,0,13,13,13,9,10,9,True,True,False,0.047597311437129974,correct,0
530,132,1,13,13,13,10,9,10,True,True,False,0.047597311437129974,correct,0
531,132,1,10,29,10,9,10,9,False,False,False,0.04979684203863144,other,19
532,133,0,43,43,43,18,16,18,True,True,False,0.027187298983335495,correct,0
533,133,0,24,24,24,16,18,0,True,True,False,0.012306624092161655,correct,0
534,133,1,24,24,24,18,16,2,True,True,False,0.012306624092161655,correct,0
535,133,1,43,43,43,16,18,16,True,True,False,0.027187298983335495,correct,0
536,134,0,34,34,34,18,36,18,True,True,False,0.029923664405941963,correct,0
537,134,0,22,22,22,36,18,36,True,True,False,0.005181571468710899,correct,0
538,134,1,22,22,22,18,36,18,True,True,False,0.005181571468710899,correct,0
539,134,1,34,34,34,36,18,3,True,True,False,0.029923664405941963,correct,0
540,135,0,22,22,22,6,16,6,True,True,False,0.13229669630527496,correct,0
541,135,0,13,13,13,16,6,16,True,True,False,0.04699116572737694,correct,0
542,135,1,13,13,13,6,16,6,True,True,False,0.04699116572737694,correct,0
543,135,1,22,22,22,16,6,16,True,True,False,0.13229669630527496,correct,0
544,136,0,43,43,43,35,31,35,True,True,False,0.023408006876707077,correct,0
545,136,0,4,4,4,31,35,31,True,True,False,0.029772790148854256,correct,0
546,136,1,4,4,4,35,31,35,True,True,False,0.029772790148854256,correct,0
547,136,1,43,43,43,31,35,31,True,True,False,0.023408006876707077,correct,0
548,137,0,2,2,2,15,14,15,True,True,False,0.013654565438628197,correct,0
549,137,0,18,18,18,14,15,14,True,True,False,0.040194716304540634,correct,0
550,137,1,18,18,18,15,14,15,True,True,False,0.040194716304540634,correct,0
551,137,1,2,2,2,14,15,0,True,True,False,0.013654565438628197,correct,0
552,138,0,39,39,39,18,7,18,True,True,False,0.02851024642586708,correct,0
553,138,0,14,14,14,7,18,7,True,True,False,0.051479265093803406,correct,0
554,138,1,14,14,14,18,7,18,True,True,False,0.051479265093803406,correct,0
555,138,1,39,39,39,7,18,7,True,True,False,0.02851024642586708,correct,0
556,139,0,18,17,18,6,15,6,False,False,True,0.04235406592488289,off_by_one,1
557,139,0,11,29,11,15,6,15,False,False,False,0.04380156099796295,other,18
558,139,1,11,11,11,6,15,18,True,True,False,0.04380156099796295,correct,0
559,139,1,18,18,18,15,6,15,True,True,False,0.04235406592488289,correct,0
560,140,0,34,34,34,6,18,6,True,True,False,0.01523103378713131,correct,0
561,140,0,48,48,48,18,6,18,True,True,False,0.054990965873003006,correct,0
562,140,1,48,9,48,6,18,6,False,False,False,0.054990965873003006,other,39
563,140,1,34,34,34,18,6,18,True,True,False,0.01523103378713131,correct,0
564,141,0,48,48,48,23,14,23,True,True,False,0.008888703770935535,correct,0
565,141,0,17,17,17,14,23,17,True,True,False,0.0327354297041893,correct,0
566,141,1,17,0,17,23,14,23,False,False,False,0.0327354297041893,other,17
567,141,1,48,48,48,14,23,14,True,True,False,0.008888703770935535,correct,0
568,142,0,19,19,19,4,3,4,True,True,False,0.05044054239988327,correct,0
569,142,0,48,48,48,3,4,3,True,True,False,0.01877417601644993,correct,0
570,142,1,48,48,48,4,3,4,True,True,False,0.01877417601644993,correct,0
571,142,1,19,19,19,3,4,3,True,True,False,0.05044054239988327,correct,0
572,143,0,35,35,35,36,15,36,True,True,False,0.005464376416057348,correct,0
573,143,0,31,31,31,15,36,15,True,True,False,0.010041141882538795,correct,0
574,143,1,31,31,31,36,15,36,True,True,False,0.010041141882538795,correct,0
575,143,1,35,35,35,15,36,15,True,True,False,0.005464376416057348,correct,0
576,144,0,44,44,44,16,7,16,True,True,False,0.0064865886233747005,correct,0
577,144,0,28,29,28,7,16,7,False,False,True,0.016562791541218758,off_by_one,1
578,144,1,28,29,28,16,7,16,False,False,True,0.016562791541218758,off_by_one,1
579,144,1,44,44,44,7,16,7,True,True,False,0.0064865886233747005,correct,0
580,145,0,4,4,4,16,6,16,True,True,False,0.017596812918782234,correct,0
581,145,0,40,31,40,6,16,6,False,False,False,0.025969229638576508,other,9
582,145,1,40,40,40,16,6,16,True,True,False,0.025969229638576508,correct,0
583,145,1,4,4,4,6,16,6,True,True,False,0.017596812918782234,correct,0
584,146,0,48,48,48,23,22,23,True,True,False,0.037705838680267334,correct,0
585,146,0,44,44,44,22,23,22,True,True,False,0.009175828658044338,correct,0
586,146,1,44,44,44,23,22,23,True,True,False,0.009175828658044338,correct,0
587,146,1,48,48,48,22,23,6,True,True,False,0.037705838680267334,correct,0
588,147,0,1,1,1,2,6,2,True,True,False,0.01956770196557045,correct,0
589,147,0,10,10,10,6,2,6,True,True,False,0.0163671113550663,correct,0
590,147,1,10,12,10,2,6,2,False,False,False,0.0163671113550663,other,2
591,147,1,1,1,1,6,2,6,True,True,False,0.01956770196557045,correct,0
592,148,0,0,0,0,18,27,18,True,True,False,0.024750595912337303,correct,0
593,148,0,2,2,2,27,18,27,True,True,False,0.02951013296842575,correct,0
594,148,1,2,2,2,18,27,5,True,True,False,0.02951013296842575,correct,0
595,148,1,0,0,0,27,18,27,True,True,False,0.024750595912337303,correct,0
596,149,0,16,16,16,0,34,0,True,True,False,0.014266695827245712,correct,0
597,149,0,47,47,47,34,0,34,True,True,False,0.021722374483942986,correct,0
598,149,1,47,47,47,0,34,0,True,True,False,0.021722374483942986,correct,0
599,149,1,16,16,16,34,0,34,True,True,False,0.014266695827245712,correct,0
600,150,0,8,8,8,36,7,24,True,True,False,0.15420688688755035,correct,0
601,150,0,30,31,30,7,36,7,False,False,True,0.06054528430104256,off_by_one,1
602,150,1,30,30,30,36,7,36,True,True,False,0.06054528430104256,correct,0
603,150,1,8,8,8,7,36,14,True,True,False,0.15420688688755035,correct,0
604,151,0,12,12,12,14,7,14,True,True,False,0.04063130542635918,correct,0
605,151,0,27,10,27,7,14,7,False,False,False,0.04476337507367134,other,17
606,151,1,27,27,27,14,7,14,True,True,False,0.04476337507367134,correct,0
607,151,1,12,12,12,7,14,7,True,True,False,0.04063130542635918,correct,0
608,152,0,0,4,0,16,6,14,False,False,False,0.053091756999492645,other,4
609,152,0,38,38,38,6,16,6,True,True,False,0.023846570402383804,correct,0
610,152,1,38,38,38,16,6,16,True,True,False,0.023846570402383804,correct,0
611,152,1,0,0,0,6,16,6,True,True,False,0.053091756999492645,correct,0
612,153,0,39,39,39,7,17,7,True,True,False,0.025815365836024284,correct,0
613,153,0,45,35,45,17,7,17,False,False,False,0.031724732369184494,other,10
614,153,1,45,29,45,7,17,7,False,False,False,0.031724732369184494,other,16
615,153,1,39,39,39,17,7,0,True,True,False,0.025815365836024284,correct,0
616,154,0,46,46,46,7,16,7,True,True,False,0.0533369816839695,correct,0
617,154,0,3,3,3,16,7,16,True,True,False,0.06607963144779205,correct,0
618,154,1,3,36,3,7,16,7,False,False,False,0.06607963144779205,other,33
619,154,1,46,46,46,16,7,16,True,True,False,0.0533369816839695,correct,0
620,155,0,23,23,23,24,14,24,True,True,False,0.029823236167430878,correct,0
621,155,0,17,17,17,14,24,11,True,True,False,0.014264332130551338,correct,0
622,155,1,17,17,17,24,14,24,True,True,False,0.014264332130551338,correct,0
623,155,1,23,23,23,14,24,14,True,True,False,0.029823236167430878,correct,0
624,156,0,39,39,39,30,0,12,True,True,False,0.022967491298913956,correct,0
625,156,0,28,28,28,0,30,0,True,True,False,0.02151326835155487,correct,0
626,156,1,28,27,28,30,0,30,False,False,True,0.02151326835155487,off_by_one,1
627,156,1,39,39,39,0,30,0,True,True,False,0.022967491298913956,correct,0
628,157,0,16,16,16,15,22,25,True,True,False,0.05232694745063782,correct,0
629,157,0,14,14,14,22,15,6,True,True,False,0.03316321223974228,correct,0
630,157,1,14,14,14,15,22,15,True,True,False,0.03316321223974228,correct,0
631,157,1,16,16,16,22,15,18,True,True,False,0.05232694745063782,correct,0
632,158,0,47,47,47,9,7,9,True,True,False,0.02462739311158657,correct,0
633,158,0,25,25,25,7,9,7,True,True,False,0.009616355411708355,correct,0
634,158,1,25,25,25,9,7,9,True,True,False,0.009616355411708355,correct,0
635,158,1,47,47,47,7,9,7,True,True,False,0.02462739311158657,correct,0
636,159,0,47,47,47,0,7,0,True,True,False,0.03375779092311859,correct,0
637,159,0,13,13,13,7,0,7,True,True,False,0.06017450988292694,correct,0
638,159,1,13,13,13,0,7,16,True,True,False,0.06017450988292694,correct,0
639,159,1,47,47,47,7,0,7,True,True,False,0.03375779092311859,correct,0
640,160,0,24,24,24,16,14,16,True,True,False,0.013340757228434086,correct,0
641,160,0,47,47,47,14,16,14,True,True,False,0.014104139059782028,correct,0
642,160,1,47,47,47,16,14,23,True,True,False,0.014104139059782028,correct,0
643,160,1,24,24,24,14,16,14,True,True,False,0.013340757228434086,correct,0
644,161,0,3,3,3,24,7,24,True,True,False,0.053588658571243286,correct,0
645,161,0,22,22,22,7,24,7,True,True,False,0.07674340903759003,correct,0
646,161,1,22,21,22,24,7,24,False,False,True,0.07674340903759003,off_by_one,1
647,161,1,3,3,3,7,24,14,True,True,False,0.053588658571243286,correct,0
648,162,0,12,12,12,16,18,15,True,True,False,0.041604429483413696,correct,0
649,162,0,21,21,21,18,16,18,True,True,False,0.043942760676145554,correct,0
650,162,1,21,21,21,16,18,16,True,True,False,0.043942760676145554,correct,0
651,162,1,12,12,12,18,16,18,True,True,False,0.041604429483413696,correct,0
652,163,0,47,47,47,16,14,16,True,True,False,0.05587034299969673,correct,0
653,163,0,32,16,32,14,16,6,False,False,False,0.12632012367248535,other,16
654,163,1,32,32,32,16,14,16,True,True,False,0.12632012367248535,correct,0
655,163,1,47,47,47,14,16,14,True,True,False,0.05587034299969673,correct,0
656,164,0,40,40,40,20,15,20,True,True,False,0.016269003972411156,correct,0
657,164,0,9,9,9,15,20,15,True,True,False,0.024403568357229233,correct,0
658,164,1,9,9,9,20,15,7,True,True,False,0.024403568357229233,correct,0
659,164,1,40,40,40,15,20,15,True,True,False,0.016269003972411156,correct,0
660,165,0,42,42,42,26,16,26,True,True,False,0.06755099445581436,correct,0
661,165,0,37,37,37,16,26,16,True,True,False,0.07608775794506073,correct,0
662,165,1,37,37,37,26,16,26,True,True,False,0.07608775794506073,correct,0
663,165,1,42,42,42,16,26,14,True,True,False,0.06755099445581436,correct,0
664,166,0,43,43,43,34,28,34,True,True,False,0.04277905449271202,correct,0
665,166,0,47,47,47,28,34,23,True,True,False,0.03551828861236572,correct,0
666,166,1,47,47,47,34,28,34,True,True,False,0.03551828861236572,correct,0
667,166,1,43,43,43,28,34,0,True,True,False,0.04277905449271202,correct,0
668,167,0,10,11,10,19,7,18,False,False,True,0.06432905048131943,off_by_one,1
669,167,0,12,12,12,7,19,7,True,True,False,0.06315238028764725,correct,0
670,167,1,12,12,12,19,7,6,True,True,False,0.06315238028764725,correct,0
671,167,1,10,10,10,7,19,7,True,True,False,0.06432905048131943,correct,0
672,168,0,1,1,1,2,15,2,True,True,False,0.012337703257799149,correct,0
673,168,0,38,38,38,15,2,15,True,True,False,0.016021747142076492,correct,0
674,168,1,38,38,38,2,15,2,True,True,False,0.016021747142076492,correct,0
675,168,1,1,1,1,15,2,15,True,True,False,0.012337703257799149,correct,0
676,169,0,38,38,38,7,2,7,True,True,False,0.021620305255055428,correct,0
677,169,0,37,37,37,2,7,2,True,True,False,0.010334540158510208,correct,0
678,169,1,37,37,37,7,2,7,True,True,False,0.010334540158510208,correct,0
679,169,1,38,44,38,2,7,2,False,False,False,0.021620305255055428,other,6
680,170,0,6,6,6,20,3,20,True,True,False,0.0627816915512085,correct,0
681,170,0,40,40,40,3,20,3,True,True,False,0.010140985250473022,correct,0
682,170,1,40,40,40,20,3,20,True,True,False,0.010140985250473022,correct,0
683,170,1,6,6,6,3,20,3,True,True,False,0.0627816915512085,correct,0
684,171,0,31,31,31,14,7,14,True,True,False,0.04728548973798752,correct,0
685,171,0,0,0,0,7,14,7,True,True,False,0.039698805660009384,correct,0
686,171,1,0,0,0,14,7,14,True,True,False,0.039698805660009384,correct,0
687,171,1,31,31,31,7,14,7,True,True,False,0.04728548973798752,correct,0
688,172,0,33,33,33,13,9,13,True,True,False,0.04990725964307785,correct,0
689,172,0,25,25,25,9,13,9,True,True,False,0.06711923331022263,correct,0
690,172,1,25,25,25,13,9,13,True,True,False,0.06711923331022263,correct,0
691,172,1,33,33,33,9,13,9,True,True,False,0.04990725964307785,correct,0
692,173,0,9,9,9,1,0,1,True,True,False,0.03410927206277847,correct,0
693,173,0,28,28,28,0,1,0,True,True,False,0.010591470636427402,correct,0
694,173,1,28,28,28,1,0,1,True,True,False,0.010591470636427402,correct,0
695,173,1,9,9,9,0,1,0,True,True,False,0.03410927206277847,correct,0
696,174,0,10,10,10,14,38,14,True,True,False,0.04121699929237366,correct,0
697,174,0,15,15,15,38,14,38,True,True,False,0.04644116759300232,correct,0
698,174,1,15,15,15,14,38,14,True,True,False,0.04644116759300232,correct,0
699,174,1,10,10,10,38,14,14,True,True,False,0.04121699929237366,correct,0
700,175,0,20,20,20,18,24,18,True,True,False,0.04039747640490532,correct,0
701,175,0,8,8,8,24,18,2,True,True,False,0.015636704862117767,correct,0
702,175,1,8,8,8,18,24,18,True,True,False,0.015636704862117767,correct,0
703,175,1,20,20,20,24,18,24,True,True,False,0.04039747640490532,correct,0
704,176,0,2,2,2,37,26,37,True,True,False,0.06689608842134476,correct,0
705,176,0,9,9,9,26,37,26,True,True,False,0.010680674575269222,correct,0
706,176,1,9,29,9,37,26,37,False,False,False,0.010680674575269222,other,20
707,176,1,2,1,2,26,37,26,False,False,True,0.06689608842134476,off_by_one,1
708,177,0,6,21,6,16,6,16,False,False,False,0.142756849527359,other,15
709,177,0,21,21,21,6,16,6,True,True,False,0.06342763453722,correct,0
710,177,1,21,21,21,16,6,14,True,True,False,0.06342763453722,correct,0
711,177,1,6,6,6,6,16,6,True,True,False,0.142756849527359,correct,0
712,178,0,16,16,16,3,17,3,True,True,False,0.10398353636264801,correct,0
713,178,0,40,40,40,17,3,7,True,True,False,0.0060938820242881775,correct,0
714,178,1,40,40,40,3,17,3,True,True,False,0.0060938820242881775,correct,0
715,178,1,16,16,16,17,3,17,True,True,False,0.10398353636264801,correct,0
716,179,0,18,18,18,28,32,28,True,True,False,0.02410076931118965,correct,0
717,179,0,40,40,40,32,28,32,True,True,False,0.015571472235023975,correct,0
718,179,1,40,40,40,28,32,14,True,True,False,0.015571472235023975,correct,0
719,179,1,18,18,18,32,28,12,True,True,False,0.02410076931118965,correct,0
720,180,0,37,37,37,27,6,27,True,True,False,0.009524919092655182,correct,0
721,180,0,22,22,22,6,27,6,True,True,False,0.10610322654247284,correct,0
722,180,1,22,22,22,27,6,27,True,True,False,0.10610322654247284,correct,0
723,180,1,37,37,37,6,27,6,True,True,False,0.009524919092655182,correct,0
724,181,0,3,3,3,36,6,36,True,True,False,0.04477448761463165,correct,0
725,181,0,19,19,19,6,36,6,True,True,False,0.06617101281881332,correct,0
726,181,1,19,19,19,36,6,36,True,True,False,0.06617101281881332,correct,0
727,181,1,3,3,3,6,36,6,True,True,False,0.04477448761463165,correct,0
728,182,0,31,31,31,22,15,22,True,True,False,0.0655396431684494,correct,0
729,182,0,32,32,32,15,22,15,True,True,False,0.022633835673332214,correct,0
730,182,1,32,32,32,22,15,18,True,True,False,0.022633835673332214,correct,0
731,182,1,31,31,31,15,22,15,True,True,False,0.0655396431684494,correct,0
732,183,0,17,17,17,16,36,16,True,True,False,0.021654555574059486,correct,0
733,183,0,3,3,3,36,16,36,True,True,False,0.05376968905329704,correct,0
734,183,1,3,3,3,16,36,16,True,True,False,0.05376968905329704,correct,0
735,183,1,17,27,17,36,16,36,False,False,False,0.021654555574059486,other,10
736,184,0,14,14,14,26,7,26,True,True,False,0.02016921527683735,correct,0
737,184,0,48,48,48,7,26,7,True,True,False,0.036832187324762344,correct,0
738,184,1,48,48,48,26,7,26,True,True,False,0.036832187324762344,correct,0
739,184,1,14,14,14,7,26,7,True,True,False,0.02016921527683735,correct,0
740,185,0,33,33,33,18,16,18,True,True,False,0.005242879968136549,correct,0
741,185,0,43,43,43,16,18,0,True,True,False,0.018095411360263824,correct,0
742,185,1,43,43,43,18,16,18,True,True,False,0.018095411360263824,correct,0
743,185,1,33,33,33,16,18,16,True,True,False,0.005242879968136549,correct,0
744,186,0,26,26,26,0,25,0,True,True,False,0.01448747143149376,correct,0
745,186,0,1,37,1,25,0,23,False,False,False,0.04176687076687813,other,36
746,186,1,1,28,1,0,25,0,False,False,False,0.04176687076687813,other,27
747,186,1,26,26,26,25,0,25,True,True,False,0.01448747143149376,correct,0
748,187,0,6,6,6,24,26,24,True,True,False,0.07922620326280594,correct,0
749,187,0,7,7,7,26,24,12,True,True,False,0.05116754397749901,correct,0
750,187,1,7,7,7,24,26,16,True,True,False,0.05116754397749901,correct,0
751,187,1,6,6,6,26,24,26,True,True,False,0.07922620326280594,correct,0
752,188,0,23,23,23,17,15,17,True,True,False,0.01624336652457714,correct,0
753,188,0,4,4,4,15,17,15,True,True,False,0.013242600485682487,correct,0
754,188,1,4,4,4,17,15,17,True,True,False,0.013242600485682487,correct,0
755,188,1,23,23,23,15,17,15,True,True,False,0.01624336652457714,correct,0
756,189,0,26,26,26,18,24,18,True,True,False,0.021268783137202263,correct,0
757,189,0,35,35,35,24,18,24,True,True,False,0.0022113723680377007,correct,0
758,189,1,35,35,35,18,24,18,True,True,False,0.0022113723680377007,correct,0
759,189,1,26,26,26,24,18,24,True,True,False,0.021268783137202263,correct,0
760,190,0,26,26,26,14,24,14,True,True,False,0.01977824606001377,correct,0
761,190,0,2,43,2,24,14,24,False,False,False,0.06507683545351028,other,41
762,190,1,2,2,2,14,24,14,True,True,False,0.06507683545351028,correct,0
763,190,1,26,26,26,24,14,24,True,True,False,0.01977824606001377,correct,0
764,191,0,17,17,17,18,7,18,True,True,False,0.04785551875829697,correct,0
765,191,0,7,7,7,7,18,7,True,True,False,0.056184299290180206,correct,0
766,191,1,7,7,7,18,7,18,True,True,False,0.056184299290180206,correct,0
767,191,1,17,17,17,7,18,7,True,True,False,0.04785551875829697,correct,0
768,192,0,43,43,43,17,14,17,True,True,False,0.016069436445832253,correct,0
769,192,0,23,23,23,14,17,14,True,True,False,0.01394724566489458,correct,0
770,192,1,23,23,23,17,14,17,True,True,False,0.01394724566489458,correct,0
771,192,1,43,43,43,14,17,14,True,True,False,0.016069436445832253,correct,0
772,193,0,46,46,46,15,12,15,True,True,False,0.02846885286271572,correct,0
773,193,0,39,39,39,12,15,12,True,True,False,0.027940528467297554,correct,0
774,193,1,39,39,39,15,12,15,True,True,False,0.027940528467297554,correct,0
775,193,1,46,46,46,12,15,12,True,True,False,0.02846885286271572,correct,0
776,194,0,27,29,27,7,37,7,False,False,False,0.04150616377592087,other,2
777,194,0,16,16,16,37,7,16,True,True,False,0.08940977603197098,correct,0
778,194,1,16,16,16,7,37,24,True,True,False,0.08940977603197098,correct,0
779,194,1,27,4,27,37,7,37,False,False,False,0.04150616377592087,other,23
780,195,0,42,42,42,14,17,14,True,True,False,0.10210692137479782,correct,0
781,195,0,48,48,48,17,14,17,True,True,False,0.03052634187042713,correct,0
782,195,1,48,46,48,14,17,14,False,False,False,0.03052634187042713,other,2
783,195,1,42,42,42,17,14,17,True,True,False,0.10210692137479782,correct,0
784,196,0,37,37,37,33,31,33,True,True,False,0.053825169801712036,correct,0
785,196,0,42,42,42,31,33,31,True,True,False,0.1507124900817871,correct,0
786,196,1,42,42,42,33,31,33,True,True,False,0.1507124900817871,correct,0
787,196,1,37,43,37,31,33,31,False,False,False,0.053825169801712036,other,6
788,197,0,47,47,47,16,12,23,True,True,False,0.03140733018517494,correct,0
789,197,0,31,31,31,12,16,12,True,True,False,0.026257585734128952,correct,0
790,197,1,31,31,31,16,12,16,True,True,False,0.026257585734128952,correct,0
791,197,1,47,47,47,12,16,12,True,True,False,0.03140733018517494,correct,0
792,198,0,20,20,20,15,7,14,True,True,False,0.04966265708208084,correct,0
793,198,0,14,14,14,7,15,7,True,True,False,0.02016010694205761,correct,0
794,198,1,14,14,14,15,7,0,True,True,False,0.02016010694205761,correct,0
795,198,1,20,20,20,7,15,7,True,True,False,0.04966265708208084,correct,0
796,199,0,23,23,23,13,11,13,True,True,False,0.03532854840159416,correct,0
797,199,0,37,37,37,11,13,11,True,True,False,0.011825491674244404,correct,0
798,199,1,37,37,37,13,11,13,True,True,False,0.011825491674244404,correct,0
799,199,1,23,23,23,11,13,0,True,True,False,0.03532854840159416,correct,0
800,200,0,14,14,14,17,18,17,True,True,False,0.016700340434908867,correct,0
801,200,0,47,47,47,18,17,18,True,True,False,0.05618637800216675,correct,0
802,200,1,47,47,47,17,18,17,True,True,False,0.05618637800216675,correct,0
803,200,1,14,14,14,18,17,18,True,True,False,0.016700340434908867,correct,0
804,201,0,13,13,13,26,24,26,True,True,False,0.05402710661292076,correct,0
805,201,0,39,39,39,24,26,4,True,True,False,0.0226634182035923,correct,0
806,201,1,39,39,39,26,24,26,True,True,False,0.0226634182035923,correct,0
807,201,1,13,13,13,24,26,24,True,True,False,0.05402710661292076,correct,0
808,202,0,19,19,19,22,15,18,True,True,False,0.0391639806330204,correct,0
809,202,0,39,39,39,15,22,15,True,True,False,0.02245062217116356,correct,0
810,202,1,39,39,39,22,15,8,True,True,False,0.02245062217116356,correct,0
811,202,1,19,19,19,15,22,15,True,True,False,0.0391639806330204,correct,0
812,203,0,5,5,5,2,9,2,True,True,False,0.034987322986125946,correct,0
813,203,0,2,2,2,9,2,9,True,True,False,0.03736129030585289,correct,0
814,203,1,2,2,2,2,9,2,True,True,False,0.03736129030585289,correct,0
815,203,1,5,5,5,9,2,9,True,True,False,0.034987322986125946,correct,0
816,204,0,46,46,46,22,18,8,True,True,False,0.06621788442134857,correct,0
817,204,0,17,17,17,18,22,18,True,True,False,0.03273094817996025,correct,0
818,204,1,17,17,17,22,18,22,True,True,False,0.03273094817996025,correct,0
819,204,1,46,46,46,18,22,18,True,True,False,0.06621788442134857,correct,0
820,205,0,46,46,46,27,18,27,True,True,False,0.06241079792380333,correct,0
821,205,0,28,28,28,18,27,18,True,True,False,0.014662551693618298,correct,0
822,205,1,28,28,28,27,18,14,True,True,False,0.014662551693618298,correct,0
823,205,1,46,46,46,18,27,18,True,True,False,0.06241079792380333,correct,0
824,206,0,5,5,5,14,2,14,True,True,False,0.057996831834316254,correct,0
825,206,0,34,34,34,2,14,2,True,True,False,0.06866827607154846,correct,0
826,206,1,34,34,34,14,2,27,True,True,False,0.06866827607154846,correct,0
827,206,1,5,5,5,2,14,2,True,True,False,0.057996831834316254,correct,0
828,207,0,35,35,35,15,18,15,True,True,False,0.002560613676905632,correct,0
829,207,0,27,27,27,18,15,18,True,True,False,0.00606871210038662,correct,0
830,207,1,27,27,27,15,18,15,True,True,False,0.00606871210038662,correct,0
831,207,1,35,35,35,18,15,18,True,True,False,0.002560613676905632,correct,0
832,208,0,25,25,25,18,16,18,True,True,False,0.012368351221084595,correct,0
833,208,0,21,21,21,16,18,16,True,True,False,0.03550949692726135,correct,0
834,208,1,21,21,21,18,16,18,True,True,False,0.03550949692726135,correct,0
835,208,1,25,25,25,16,18,27,True,True,False,0.012368351221084595,correct,0
836,209,0,46,46,46,2,15,2,True,True,False,0.01139520388096571,correct,0
837,209,0,24,44,24,15,2,15,False,False,False,0.009921866469085217,other,20
838,209,1,24,45,24,2,15,2,False,False,False,0.009921866469085217,other,21
839,209,1,46,46,46,15,2,15,True,True,False,0.01139520388096571,correct,0
840,210,0,17,17,17,7,5,7,True,True,False,0.06648270785808563,correct,0
841,210,0,9,9,9,5,7,5,True,True,False,0.03317493572831154,correct,0
842,210,1,9,9,9,7,5,7,True,True,False,0.03317493572831154,correct,0
843,210,1,17,17,17,5,7,18,True,True,False,0.06648270785808563,correct,0
844,211,0,41,41,41,6,3,6,True,True,False,0.05132880434393883,correct,0
845,211,0,12,12,12,3,6,3,True,True,False,0.014235766604542732,correct,0
846,211,1,12,12,12,6,3,6,True,True,False,0.014235766604542732,correct,0
847,211,1,41,41,41,3,6,3,True,True,False,0.05132880434393883,correct,0
848,212,0,48,48,48,14,18,14,True,True,False,0.024475103244185448,correct,0
849,212,0,2,2,2,18,14,18,True,True,False,0.013122791424393654,correct,0
850,212,1,2,2,2,14,18,27,True,True,False,0.013122791424393654,correct,0
851,212,1,48,48,48,18,14,18,True,True,False,0.024475103244185448,correct,0
852,213,0,31,31,31,3,1,3,True,True,False,0.01003599725663662,correct,0
853,213,0,35,29,35,1,3,1,False,False,False,0.040702372789382935,other,6
854,213,1,35,35,35,3,1,3,True,True,False,0.040702372789382935,correct,0
855,213,1,31,31,31,1,3,1,True,True,False,0.01003599725663662,correct,0
856,214,0,23,23,23,30,18,12,True,True,False,0.09913749992847443,correct,0
857,214,0,24,24,24,18,30,18,True,True,False,0.008934886194765568,correct,0
858,214,1,24,24,24,30,18,12,True,True,False,0.008934886194765568,correct,0
859,214,1,23,23,23,18,30,18,True,True,False,0.09913749992847443,correct,0
860,215,0,19,19,19,15,27,15,True,True,False,0.046301618218421936,correct,0
861,215,0,3,3,3,27,15,27,True,True,False,0.011023513041436672,correct,0
862,215,1,3,36,3,15,27,17,False,False,False,0.011023513041436672,other,33
863,215,1,19,19,19,27,15,27,True,True,False,0.046301618218421936,correct,0
864,216,0,43,43,43,6,39,6,True,True,False,0.017871057614684105,correct,0
865,216,0,44,44,44,39,6,39,True,True,False,0.015593976713716984,correct,0
866,216,1,44,44,44,6,39,6,True,True,False,0.015593976713716984,correct,0
867,216,1,43,43,43,39,6,39,True,True,False,0.017871057614684105,correct,0
868,217,0,34,34,34,6,17,6,True,True,False,0.02626187354326248,correct,0
869,217,0,16,16,16,17,6,17,True,True,False,0.10997723788022995,correct,0
870,217,1,16,16,16,6,17,6,True,True,False,0.10997723788022995,correct,0
871,217,1,34,34,34,17,6,0,True,True,False,0.02626187354326248,correct,0
872,218,0,45,45,45,14,36,14,True,True,False,0.010035008192062378,correct,0
873,218,0,20,20,20,36,14,36,True,True,False,0.06853535026311874,correct,0
874,218,1,20,20,20,14,36,11,True,True,False,0.06853535026311874,correct,0
875,218,1,45,45,45,36,14,3,True,True,False,0.010035008192062378,correct,0
876,219,0,31,31,31,6,24,6,True,True,False,0.11595990508794785,correct,0
877,219,0,0,0,0,24,6,3,True,True,False,0.07052892446517944,correct,0
878,219,1,0,0,0,6,24,6,True,True,False,0.07052892446517944,correct,0
879,219,1,31,30,31,24,6,24,False,False,True,0.11595990508794785,off_by_one,1
880,220,0,10,10,10,16,24,11,True,True,False,0.027916966006159782,correct,0
881,220,0,37,37,37,24,16,24,True,True,False,0.053351160138845444,correct,0
882,220,1,37,37,37,16,24,0,True,True,False,0.053351160138845444,correct,0
883,220,1,10,29,10,24,16,7,False,False,False,0.027916966006159782,other,19
884,221,0,18,18,18,18,6,18,True,True,False,0.07159898430109024,correct,0
885,221,0,31,31,31,6,18,6,True,True,False,0.1151663213968277,correct,0
886,221,1,31,31,31,18,6,18,True,True,False,0.1151663213968277,correct,0
887,221,1,18,18,18,6,18,6,True,True,False,0.07159898430109024,correct,0
888,222,0,32,32,32,8,19,36,True,True,False,0.015277924947440624,correct,0
889,222,0,16,7,16,19,8,7,False,False,False,0.0944971814751625,other,9
890,222,1,16,15,16,8,19,7,False,False,True,0.0944971814751625,off_by_one,1
891,222,1,32,32,32,19,8,19,True,True,False,0.015277924947440624,correct,0
892,223,0,37,37,37,6,24,6,True,True,False,0.0064231944270431995,correct,0
893,223,0,28,28,28,24,6,24,True,True,False,0.04608704522252083,correct,0
894,223,1,28,11,28,6,24,13,False,False,False,0.04608704522252083,other,17
895,223,1,37,37,37,24,6,36,True,True,False,0.0064231944270431995,correct,0
896,224,0,24,24,24,24,0,24,True,True,False,0.011767703108489513,correct,0
897,224,0,31,30,31,0,24,14,False,False,True,0.010573192499577999,off_by_one,1
898,224,1,31,31,31,24,0,24,True,True,False,0.010573192499577999,correct,0
899,224,1,24,45,24,0,24,14,False,False,False,0.011767703108489513,other,21
900,225,0,35,29,35,6,19,6,False,False,False,0.0346832200884819,other,6
901,225,0,25,25,25,19,6,19,True,True,False,0.018710726872086525,correct,0
902,225,1,25,25,25,6,19,6,True,True,False,0.018710726872086525,correct,0
903,225,1,35,35,35,19,6,19,True,True,False,0.0346832200884819,correct,0
904,226,0,17,17,17,3,9,3,True,True,False,0.014662124216556549,correct,0
905,226,0,28,28,28,9,3,9,True,True,False,0.01829575002193451,correct,0
906,226,1,28,28,28,3,9,3,True,True,False,0.01829575002193451,correct,0
907,226,1,17,17,17,9,3,9,True,True,False,0.014662124216556549,correct,0
908,227,0,12,12,12,2,19,2,True,True,False,0.03059196099638939,correct,0
909,227,0,20,43,20,19,2,20,False,False,False,0.0415821336209774,other,23
910,227,1,20,20,20,2,19,2,True,True,False,0.0415821336209774,correct,0
911,227,1,12,12,12,19,2,20,True,True,False,0.03059196099638939,correct,0
912,228,0,14,14,14,17,0,0,True,True,False,0.014858446083962917,correct,0
913,228,0,22,22,22,0,17,38,True,True,False,0.06656952202320099,correct,0
914,228,1,22,22,22,17,0,1,True,True,False,0.06656952202320099,correct,0
915,228,1,14,14,14,0,17,27,True,True,False,0.014858446083962917,correct,0
916,229,0,29,29,29,6,22,6,True,True,False,0.016871439293026924,correct,0
917,229,0,2,2,2,22,6,22,True,True,False,0.02161669358611107,correct,0
918,229,1,2,0,2,6,22,6,False,False,False,0.02161669358611107,other,2
919,229,1,29,29,29,22,6,22,True,True,False,0.016871439293026924,correct,0
920,230,0,10,10,10,17,15,0,True,True,False,0.028455981984734535,correct,0
921,230,0,43,43,43,15,17,1,True,True,False,0.02710661292076111,correct,0
922,230,1,43,36,43,17,15,17,False,False,False,0.02710661292076111,other,7
923,230,1,10,10,10,15,17,15,True,True,False,0.028455981984734535,correct,0
924,231,0,19,19,19,2,19,2,True,True,False,0.03434434533119202,correct,0
925,231,0,0,0,0,19,2,20,True,True,False,0.030381103977560997,correct,0
926,231,1,0,0,0,2,19,2,True,True,False,0.030381103977560997,correct,0
927,231,1,19,19,19,19,2,19,True,True,False,0.03434434533119202,correct,0
928,232,0,29,29,29,6,7,6,True,True,False,0.05231666564941406,correct,0
929,232,0,0,0,0,7,6,18,True,True,False,0.021171070635318756,correct,0
930,232,1,0,0,0,6,7,6,True,True,False,0.021171070635318756,correct,0
931,232,1,29,29,29,7,6,7,True,True,False,0.05231666564941406,correct,0
932,233,0,17,17,17,15,17,15,True,True,False,0.020726321265101433,correct,0
933,233,0,29,11,29,17,15,17,False,False,False,0.03514071926474571,other,18
934,233,1,29,29,29,15,17,37,True,True,False,0.03514071926474571,correct,0
935,233,1,17,17,17,17,15,17,True,True,False,0.020726321265101433,correct,0
936,234,0,27,27,27,15,14,15,True,True,False,0.03470858931541443,correct,0
937,234,0,15,15,15,14,15,14,True,True,False,0.0227277223020792,correct,0
938,234,1,15,15,15,15,14,15,True,True,False,0.0227277223020792,correct,0
939,234,1,27,27,27,14,15,14,True,True,False,0.03470858931541443,correct,0
940,235,0,33,36,33,23,16,23,False,False,False,0.0160810686647892,other,3
941,235,0,48,48,48,16,23,16,True,True,False,0.02040429227054119,correct,0
942,235,1,48,48,48,23,16,23,True,True,False,0.02040429227054119,correct,0
943,235,1,33,33,33,16,23,16,True,True,False,0.0160810686647892,correct,0
944,236,0,46,46,46,9,10,9,True,True,False,0.01286393217742443,correct,0
945,236,0,41,41,41,10,9,10,True,True,False,0.13575367629528046,correct,0
946,236,1,41,41,41,9,10,9,True,True,False,0.13575367629528046,correct,0
947,236,1,46,46,46,10,9,10,True,True,False,0.01286393217742443,correct,0
948,237,0,35,35,35,23,15,23,True,True,False,0.01009322702884674,correct,0
949,237,0,31,31,31,15,23,15,True,True,False,0.06750473380088806,correct,0
950,237,1,31,31,31,23,15,23,True,True,False,0.06750473380088806,correct,0
951,237,1,35,35,35,15,23,0,True,True,False,0.01009322702884674,correct,0
952,238,0,35,35,35,15,19,15,True,True,False,0.00873356219381094,correct,0
953,238,0,18,18,18,19,15,36,True,True,False,0.05179094895720482,correct,0
954,238,1,18,18,18,15,19,16,True,True,False,0.05179094895720482,correct,0
955,238,1,35,35,35,19,15,19,True,True,False,0.00873356219381094,correct,0
956,239,0,33,33,33,0,14,0,True,True,False,0.001980029745027423,correct,0
957,239,0,29,29,29,14,0,14,True,True,False,0.0316791832447052,correct,0
958,239,1,29,29,29,0,14,0,True,True,False,0.0316791832447052,correct,0
959,239,1,33,33,33,14,0,14,True,True,False,0.001980029745027423,correct,0
960,240,0,34,34,34,6,16,6,True,True,False,0.045409977436065674,correct,0
961,240,0,16,16,16,16,6,14,True,True,False,0.029217656701803207,correct,0
962,240,1,16,16,16,6,16,6,True,True,False,0.029217656701803207,correct,0
963,240,1,34,34,34,16,6,16,True,True,False,0.045409977436065674,correct,0
964,241,0,32,32,32,7,23,7,True,True,False,0.05343171954154968,correct,0
965,241,0,43,33,43,23,7,23,False,False,False,0.04798000678420067,other,10
966,241,1,43,43,43,7,23,7,True,True,False,0.04798000678420067,correct,0
967,241,1,32,32,32,23,7,23,True,True,False,0.05343171954154968,correct,0
968,242,0,27,10,27,9,12,9,False,False,False,0.06304440647363663,other,17
969,242,0,42,42,42,12,9,12,True,True,False,0.171285018324852,correct,0
970,242,1,42,42,42,9,12,9,True,True,False,0.171285018324852,correct,0
971,242,1,27,27,27,12,9,12,True,True,False,0.06304440647363663,correct,0
972,243,0,12,12,12,16,15,16,True,True,False,0.009603611193597317,correct,0
973,243,0,0,0,0,15,16,15,True,True,False,0.00932656042277813,correct,0
974,243,1,0,1,0,16,15,16,False,False,True,0.00932656042277813,off_by_one,1
975,243,1,12,12,12,15,16,15,True,True,False,0.009603611193597317,correct,0
976,244,0,16,16,16,1,0,1,True,True,False,0.03896581754088402,correct,0
977,244,0,13,13,13,0,1,16,True,True,False,0.02237657830119133,correct,0
978,244,1,13,13,13,1,0,7,True,True,False,0.02237657830119133,correct,0
979,244,1,16,16,16,0,1,14,True,True,False,0.03896581754088402,correct,0
980,245,0,32,32,32,19,7,19,True,True,False,0.03904867172241211,correct,0
981,245,0,17,17,17,7,19,7,True,True,False,0.04710004851222038,correct,0
982,245,1,17,17,17,19,7,19,True,True,False,0.04710004851222038,correct,0
983,245,1,32,32,32,7,19,7,True,True,False,0.03904867172241211,correct,0
984,246,0,32,32,32,14,6,14,True,True,False,0.033131640404462814,correct,0
985,246,0,12,33,12,6,14,6,False,False,False,0.04094536229968071,other,21
986,246,1,12,12,12,14,6,14,True,True,False,0.04094536229968071,correct,0
987,246,1,32,32,32,6,14,6,True,True,False,0.033131640404462814,correct,0
988,247,0,3,3,3,30,34,30,True,True,False,0.03676191344857216,correct,0
989,247,0,44,44,44,34,30,34,True,True,False,0.0035034159664064646,correct,0
990,247,1,44,44,44,30,34,12,True,True,False,0.0035034159664064646,correct,0
991,247,1,3,3,3,34,30,18,True,True,False,0.03676191344857216,correct,0
992,248,0,31,31,31,27,36,38,True,True,False,0.007149597629904747,correct,0
993,248,0,8,8,8,36,27,36,True,True,False,0.04473500698804855,correct,0
994,248,1,8,8,8,27,36,27,True,True,False,0.04473500698804855,correct,0
995,248,1,31,31,31,36,27,36,True,True,False,0.007149597629904747,correct,0
996,249,0,6,6,6,20,3,20,True,True,False,0.0627816915512085,correct,0
997,249,0,39,39,39,3,20,3,True,True,False,0.04629248380661011,correct,0
998,249,1,39,39,39,20,3,7,True,True,False,0.04629248380661011,correct,0
999,249,1,6,6,6,3,20,3,True,True,False,0.0627816915512085,correct,0
1000,250,0,3,3,3,14,17,16,True,True,False,0.013871431350708008,correct,0
1001,250,0,25,25,25,17,14,17,True,True,False,0.005626198370009661,correct,0
1002,250,1,25,25,25,14,17,14,True,True,False,0.005626198370009661,correct,0
1003,250,1,3,3,3,17,14,17,True,True,False,0.013871431350708008,correct,0
1004,251,0,0,0,0,6,0,6,True,True,False,0.02153550274670124,correct,0
1005,251,0,48,48,48,0,6,0,True,True,False,0.017104625701904297,correct,0
1006,251,1,48,31,48,6,0,6,False,False,False,0.017104625701904297,other,17
1007,251,1,0,0,0,0,6,0,True,True,False,0.02153550274670124,correct,0
1008,252,0,46,46,46,16,14,16,True,True,False,0.022107023745775223,correct,0
1009,252,0,23,23,23,14,16,14,True,True,False,0.02845468558371067,correct,0
1010,252,1,23,23,23,16,14,16,True,True,False,0.02845468558371067,correct,0
1011,252,1,46,46,46,14,16,14,True,True,False,0.022107023745775223,correct,0
1012,253,0,39,39,39,20,3,20,True,True,False,0.037345435470342636,correct,0
1013,253,0,38,38,38,3,20,3,True,True,False,0.02258462645113468,correct,0
1014,253,1,38,38,38,20,3,20,True,True,False,0.02258462645113468,correct,0
1015,253,1,39,39,39,3,20,3,True,True,False,0.037345435470342636,correct,0
1016,254,0,5,5,5,7,14,7,True,True,False,0.015598058700561523,correct,0
1017,254,0,6,6,6,14,7,14,True,True,False,0.03541615977883339,correct,0
1018,254,1,6,6,6,7,14,7,True,True,False,0.03541615977883339,correct,0
1019,254,1,5,5,5,14,7,14,True,True,False,0.015598058700561523,correct,0
1020,255,0,45,45,45,19,8,19,True,True,False,0.0060762264765799046,correct,0
1021,255,0,4,4,4,8,19,8,True,True,False,0.02248162217438221,correct,0
1022,255,1,4,4,4,19,8,2,True,True,False,0.02248162217438221,correct,0
1023,255,1,45,45,45,8,19,2,True,True,False,0.0060762264765799046,correct,0
1024,256,0,20,20,20,18,16,18,True,True,False,0.03700445964932442,correct,0
1025,256,0,5,5,5,16,18,16,True,True,False,0.04153519496321678,correct,0
1026,256,1,5,5,5,18,16,18,True,True,False,0.04153519496321678,correct,0
1027,256,1,20,20,20,16,18,16,True,True,False,0.03700445964932442,correct,0
1028,257,0,22,22,22,24,7,24,True,True,False,0.08061385899782181,correct,0
1029,257,0,27,1,27,7,24,7,False,False,False,0.08841255307197571,other,26
1030,257,1,27,27,27,24,7,24,True,True,False,0.08841255307197571,correct,0
1031,257,1,22,22,22,7,24,7,True,True,False,0.08061385899782181,correct,0
1032,258,0,16,16,16,36,18,36,True,True,False,0.053636886179447174,correct,0
1033,258,0,10,10,10,18,36,18,True,True,False,0.03035907819867134,correct,0
1034,258,1,10,10,10,36,18,36,True,True,False,0.03035907819867134,correct,0
1035,258,1,16,16,16,18,36,18,True,True,False,0.053636886179447174,correct,0
1036,259,0,12,12,12,18,38,18,True,True,False,0.026011845096945763,correct,0
1037,259,0,30,30,30,38,18,14,True,True,False,0.0061226640827953815,correct,0
1038,259,1,30,30,30,18,38,18,True,True,False,0.0061226640827953815,correct,0
1039,259,1,12,12,12,38,18,0,True,True,False,0.026011845096945763,correct,0
1040,260,0,41,41,41,18,27,18,True,True,False,0.025558846071362495,correct,0
1041,260,0,17,17,17,27,18,23,True,True,False,0.017319975420832634,correct,0
1042,260,1,17,17,17,18,27,18,True,True,False,0.017319975420832634,correct,0
1043,260,1,41,41,41,27,18,27,True,True,False,0.025558846071362495,correct,0
1044,261,0,38,38,38,15,7,15,True,True,False,0.008701479062438011,correct,0
1045,261,0,21,21,21,7,15,7,True,True,False,0.011076468974351883,correct,0
1046,261,1,21,21,21,15,7,15,True,True,False,0.011076468974351883,correct,0
1047,261,1,38,38,38,7,15,7,True,True,False,0.008701479062438011,correct,0
1048,262,0,15,15,15,36,24,36,True,True,False,0.05940074846148491,correct,0
1049,262,0,12,12,12,24,36,7,True,True,False,0.08785597234964371,correct,0
1050,262,1,12,32,12,36,24,36,False,False,False,0.08785597234964371,other,20
1051,262,1,15,15,15,24,36,18,True,True,False,0.05940074846148491,correct,0
1052,263,0,3,3,3,27,17,27,True,True,False,0.028180474415421486,correct,0
1053,263,0,40,40,40,17,27,17,True,True,False,0.00977515708655119,correct,0
1054,263,1,40,40,40,27,17,27,True,True,False,0.00977515708655119,correct,0
1055,263,1,3,3,3,17,27,17,True,True,False,0.028180474415421486,correct,0
1056,264,0,33,33,33,1,16,1,True,True,False,0.02209973894059658,correct,0
1057,264,0,21,21,21,16,1,16,True,True,False,0.01194659061729908,correct,0
1058,264,1,21,21,21,1,16,1,True,True,False,0.01194659061729908,correct,0
1059,264,1,33,33,33,16,1,16,True,True,False,0.02209973894059658,correct,0
1060,265,0,30,30,30,2,6,2,True,True,False,0.08131925016641617,correct,0
1061,265,0,33,33,33,6,2,6,True,True,False,0.006106785498559475,correct,0
1062,265,1,33,33,33,2,6,6,True,True,False,0.006106785498559475,correct,0
1063,265,1,30,30,30,6,2,6,True,True,False,0.08131925016641617,correct,0
1064,266,0,0,0,0,6,7,6,True,True,False,0.06415531784296036,correct,0
1065,266,0,37,37,37,7,6,7,True,True,False,0.015825139358639717,correct,0
1066,266,1,37,37,37,6,7,6,True,True,False,0.015825139358639717,correct,0
1067,266,1,0,0,0,7,6,7,True,True,False,0.06415531784296036,correct,0
1068,267,0,5,5,5,19,15,19,True,True,False,0.03692883253097534,correct,0
1069,267,0,6,6,6,15,19,15,True,True,False,0.059106700122356415,correct,0
1070,267,1,6,6,6,19,15,19,True,True,False,0.059106700122356415,correct,0
1071,267,1,5,5,5,15,19,15,True,True,False,0.03692883253097534,correct,0
1072,268,0,12,12,12,25,16,25,True,True,False,0.035206470638513565,correct,0
1073,268,0,43,43,43,16,25,16,True,True,False,0.0047524357214570045,correct,0
1074,268,1,43,43,43,25,16,25,True,True,False,0.0047524357214570045,correct,0
1075,268,1,12,12,12,16,25,15,True,True,False,0.035206470638513565,correct,0
1076,269,0,8,8,8,23,14,0,True,True,False,0.07104136049747467,correct,0
1077,269,0,11,9,11,14,23,14,False,False,False,0.02248956635594368,other,2
1078,269,1,11,27,11,23,14,23,False,False,False,0.02248956635594368,other,16
1079,269,1,8,8,8,14,23,14,True,True,False,0.07104136049747467,correct,0
1080,270,0,35,35,35,7,1,7,True,True,False,0.0460946150124073,correct,0
1081,270,0,17,17,17,1,7,17,True,True,False,0.02149917557835579,correct,0
1082,270,1,17,17,17,7,1,7,True,True,False,0.02149917557835579,correct,0
1083,270,1,35,29,35,1,7,1,False,False,False,0.0460946150124073,other,6
1084,271,0,28,28,28,7,19,7,True,True,False,0.024420978501439095,correct,0
1085,271,0,24,24,24,19,7,12,True,True,False,0.004659766331315041,correct,0
1086,271,1,24,24,24,7,19,7,True,True,False,0.004659766331315041,correct,0
1087,271,1,28,28,28,19,7,19,True,True,False,0.024420978501439095,correct,0
1088,272,0,16,16,16,17,18,17,True,True,False,0.027885068207979202,correct,0
1089,272,0,34,34,34,18,17,18,True,True,False,0.019634926691651344,correct,0
1090,272,1,34,34,34,17,18,17,True,True,False,0.019634926691651344,correct,0
1091,272,1,16,16,16,18,17,18,True,True,False,0.027885068207979202,correct,0
1092,273,0,34,34,34,18,7,24,True,True,False,0.018017897382378578,correct,0
1093,273,0,46,46,46,7,18,7,True,True,False,0.031445469707250595,correct,0
1094,273,1,46,46,46,18,7,18,True,True,False,0.031445469707250595,correct,0
1095,273,1,34,34,34,7,18,7,True,True,False,0.018017897382378578,correct,0
1096,274,0,40,40,40,11,2,11,True,True,False,0.03503785654902458,correct,0
1097,274,0,12,12,12,2,11,2,True,True,False,0.04430771991610527,correct,0
1098,274,1,12,12,12,11,2,11,True,True,False,0.04430771991610527,correct,0
1099,274,1,40,40,40,2,11,2,True,True,False,0.03503785654902458,correct,0
1100,275,0,15,15,15,18,36,18,True,True,False,0.03503354638814926,correct,0
1101,275,0,42,42,42,36,18,36,True,True,False,0.03962758556008339,correct,0
1102,275,1,42,42,42,18,36,18,True,True,False,0.03962758556008339,correct,0
1103,275,1,15,15,15,36,18,10,True,True,False,0.03503354638814926,correct,0
1104,276,0,15,15,15,30,7,30,True,True,False,0.06489693373441696,correct,0
1105,276,0,32,10,32,7,30,7,False,False,False,0.07825528085231781,other,22
1106,276,1,32,32,32,30,7,4,True,True,False,0.07825528085231781,correct,0
1107,276,1,15,15,15,7,30,7,True,True,False,0.06489693373441696,correct,0
1108,277,0,31,31,31,27,6,14,True,True,False,0.04271569475531578,correct,0
1109,277,0,30,30,30,6,27,6,True,True,False,0.05334329605102539,correct,0
1110,277,1,30,22,30,27,6,14,False,False,False,0.05334329605102539,other,8
1111,277,1,31,31,31,6,27,6,True,True,False,0.04271569475531578,correct,0
1112,278,0,26,26,26,14,17,14,True,True,False,0.005315545480698347,correct,0
1113,278,0,33,33,33,17,14,17,True,True,False,0.014023713767528534,correct,0
1114,278,1,33,33,33,14,17,14,True,True,False,0.014023713767528534,correct,0
1115,278,1,26,26,26,17,14,17,True,True,False,0.005315545480698347,correct,0
1116,279,0,22,22,22,36,24,36,True,True,False,0.07782856374979019,correct,0
1117,279,0,12,12,12,24,36,7,True,True,False,0.06786985695362091,correct,0
1118,279,1,12,12,12,36,24,36,True,True,False,0.06786985695362091,correct,0
1119,279,1,22,22,22,24,36,24,True,True,False,0.07782856374979019,correct,0
1120,280,0,5,5,5,24,38,36,True,True,False,0.10666552186012268,correct,0
1121,280,0,31,31,31,38,24,38,True,True,False,0.038279928267002106,correct,0
1122,280,1,31,31,31,24,38,7,True,True,False,0.038279928267002106,correct,0
1123,280,1,5,5,5,38,24,38,True,True,False,0.10666552186012268,correct,0
1124,281,0,32,32,32,14,17,14,True,True,False,0.029877370223402977,correct,0
1125,281,0,21,21,21,17,14,17,True,True,False,0.06328723579645157,correct,0
1126,281,1,21,21,21,14,17,14,True,True,False,0.06328723579645157,correct,0
1127,281,1,32,32,32,17,14,17,True,True,False,0.029877370223402977,correct,0
1128,282,0,16,16,16,17,14,17,True,True,False,0.09411866962909698,correct,0
1129,282,0,26,26,26,14,17,14,True,True,False,0.01057836227118969,correct,0
1130,282,1,26,26,26,17,14,17,True,True,False,0.01057836227118969,correct,0
1131,282,1,16,16,16,14,17,14,True,True,False,0.09411866962909698,correct,0
1132,283,0,24,24,24,16,17,16,True,True,False,0.004045271314680576,correct,0
1133,283,0,12,12,12,17,16,17,True,True,False,0.02463771216571331,correct,0
1134,283,1,12,12,12,16,17,16,True,True,False,0.02463771216571331,correct,0
1135,283,1,24,24,24,17,16,17,True,True,False,0.004045271314680576,correct,0
1136,284,0,8,8,8,2,7,2,True,True,False,0.007336255628615618,correct,0
1137,284,0,22,22,22,7,2,7,True,True,False,0.043381985276937485,correct,0
1138,284,1,22,22,22,2,7,2,True,True,False,0.043381985276937485,correct,0
1139,284,1,8,8,8,7,2,7,True,True,False,0.007336255628615618,correct,0
1140,285,0,16,16,16,24,15,24,True,True,False,0.08436521142721176,correct,0
1141,285,0,15,16,15,15,24,15,False,False,True,0.08064055442810059,off_by_one,1
1142,285,1,15,15,15,24,15,24,True,True,False,0.08064055442810059,correct,0
1143,285,1,16,16,16,15,24,16,True,True,False,0.08436521142721176,correct,0
1144,286,0,29,29,29,6,14,6,True,True,False,0.044019781053066254,correct,0
1145,286,0,30,30,30,14,6,14,True,True,False,0.12182647734880447,correct,0
1146,286,1,30,31,30,6,14,7,False,False,True,0.12182647734880447,off_by_one,1
1147,286,1,29,29,29,14,6,11,True,True,False,0.044019781053066254,correct,0
1148,287,0,47,47,47,2,7,2,True,True,False,0.02471909113228321,correct,0
1149,287,0,28,28,28,7,2,7,True,True,False,0.007446394767612219,correct,0
1150,287,1,28,28,28,2,7,2,True,True,False,0.007446394767612219,correct,0
1151,287,1,47,47,47,7,2,7,True,True,False,0.02471909113228321,correct,0
1152,288,0,12,10,12,15,16,14,False,False,False,0.035740744322538376,other,2
1153,288,0,36,36,36,16,15,16,True,True,False,0.04282267019152641,correct,0
1154,288,1,36,36,36,15,16,15,True,True,False,0.04282267019152641,correct,0
1155,288,1,12,12,12,16,15,16,True,True,False,0.035740744322538376,correct,0
1156,289,0,30,30,30,36,26,24,True,True,False,0.08076412230730057,correct,0
1157,289,0,20,20,20,26,36,26,True,True,False,0.050775740295648575,correct,0
1158,289,1,20,20,20,36,26,36,True,True,False,0.050775740295648575,correct,0
1159,289,1,30,30,30,26,36,26,True,True,False,0.08076412230730057,correct,0
1160,290,0,10,28,10,32,6,32,False,False,False,0.00810542143881321,other,18
1161,290,0,39,39,39,6,32,6,True,True,False,0.030005820095539093,correct,0
1162,290,1,39,39,39,32,6,7,True,True,False,0.030005820095539093,correct,0
1163,290,1,10,10,10,6,32,6,True,True,False,0.00810542143881321,correct,0
1164,291,0,4,4,4,7,16,7,True,True,False,0.03053792379796505,correct,0
1165,291,0,15,16,15,16,7,16,False,False,True,0.05901673063635826,off_by_one,1
1166,291,1,15,15,15,7,16,7,True,True,False,0.05901673063635826,correct,0
1167,291,1,4,4,4,16,7,16,True,True,False,0.03053792379796505,correct,0
1168,292,0,27,27,27,7,6,7,True,True,False,0.020317895337939262,correct,0
1169,292,0,30,30,30,6,7,6,True,True,False,0.027456410229206085,correct,0
1170,292,1,30,30,30,7,6,7,True,True,False,0.027456410229206085,correct,0
1171,292,1,27,27,27,6,7,6,True,True,False,0.020317895337939262,correct,0
1172,293,0,36,36,36,26,18,26,True,True,False,0.008641484193503857,correct,0
1173,293,0,3,3,3,18,26,18,True,True,False,0.04927331581711769,correct,0
1174,293,1,3,3,3,26,18,26,True,True,False,0.04927331581711769,correct,0
1175,293,1,36,1,36,18,26,18,False,False,False,0.008641484193503857,other,35
1176,294,0,40,40,40,23,14,23,True,True,False,0.0020724087953567505,correct,0
1177,294,0,28,33,28,14,23,14,False,False,False,0.010129101574420929,other,5
1178,294,1,28,28,28,23,14,23,True,True,False,0.010129101574420929,correct,0
1179,294,1,40,40,40,14,23,14,True,True,False,0.0020724087953567505,correct,0
1180,295,0,11,29,11,6,4,6,False,False,False,0.002500656759366393,other,18
1181,295,0,33,9,33,4,6,4,False,False,False,0.0025060442276299,other,24
1182,295,1,33,33,33,6,4,6,True,True,False,0.0025060442276299,correct,0
1183,295,1,11,11,11,4,6,4,True,True,False,0.002500656759366393,correct,0
1184,296,0,7,7,7,18,16,18,True,True,False,0.013355165719985962,correct,0
1185,296,0,8,8,8,16,18,16,True,True,False,0.052062682807445526,correct,0
1186,296,1,8,8,8,18,16,18,True,True,False,0.052062682807445526,correct,0
1187,296,1,7,7,7,16,18,16,True,True,False,0.013355165719985962,correct,0
1188,297,0,46,46,46,16,7,16,True,True,False,0.0030651979614049196,correct,0
1189,297,0,33,33,33,7,16,7,True,True,False,0.024073829874396324,correct,0
1190,297,1,33,33,33,16,7,16,True,True,False,0.024073829874396324,correct,0
1191,297,1,46,46,46,7,16,7,True,True,False,0.0030651979614049196,correct,0
1192,298,0,43,43,43,7,6,7,True,True,False,0.06657928228378296,correct,0
1193,298,0,14,14,14,6,7,24,True,True,False,0.05354944244027138,correct,0
1194,298,1,14,14,14,7,6,7,True,True,False,0.05354944244027138,correct,0
1195,298,1,43,43,43,6,7,6,True,True,False,0.06657928228378296,correct,0
1196,299,0,35,35,35,4,7,4,True,True,False,0.009916487149894238,correct,0
1197,299,0,23,23,23,7,4,7,True,True,False,0.022243889048695564,correct,0
1198,299,1,23,23,23,4,7,4,True,True,False,0.022243889048695564,correct,0
1199,299,1,35,35,35,7,4,7,True,True,False,0.009916487149894238,correct,0
1200,300,0,5,5,5,27,14,14,True,True,False,0.023661041632294655,correct,0
1201,300,0,29,29,29,14,27,11,True,True,False,0.053088828921318054,correct,0
1202,300,1,29,29,29,27,14,27,True,True,False,0.053088828921318054,correct,0
1203,300,1,5,5,5,14,27,14,True,True,False,0.023661041632294655,correct,0
1204,301,0,16,15,16,13,8,2,False,False,True,0.06817815452814102,off_by_one,1
1205,301,0,27,27,27,8,13,8,True,True,False,0.035977352410554886,correct,0
1206,301,1,27,27,27,13,8,13,True,True,False,0.035977352410554886,correct,0
1207,301,1,16,16,16,8,13,8,True,True,False,0.06817815452814102,correct,0
1208,302,0,43,43,43,22,15,8,True,True,False,0.009700842201709747,correct,0
1209,302,0,7,7,7,15,22,15,True,True,False,0.03184991702437401,correct,0
1210,302,1,7,7,7,22,15,22,True,True,False,0.03184991702437401,correct,0
1211,302,1,43,43,43,15,22,15,True,True,False,0.009700842201709747,correct,0
1212,303,0,7,7,7,4,5,6,True,True,False,0.008346390910446644,correct,0
1213,303,0,3,3,3,5,4,5,True,True,False,0.0705927312374115,correct,0
1214,303,1,3,43,3,4,5,4,False,False,False,0.0705927312374115,other,40
1215,303,1,7,7,7,5,4,5,True,True,False,0.008346390910446644,correct,0
1216,304,0,11,29,11,6,8,6,False,False,False,0.027790594846010208,other,18
1217,304,0,13,13,13,8,6,6,True,True,False,0.03472774103283882,correct,0
1218,304,1,13,13,13,6,8,6,True,True,False,0.03472774103283882,correct,0
1219,304,1,11,11,11,8,6,8,True,True,False,0.027790594846010208,correct,0
1220,305,0,32,32,32,28,7,0,True,True,False,0.053759459406137466,correct,0
1221,305,0,13,13,13,7,28,7,True,True,False,0.03327763080596924,correct,0
1222,305,1,13,13,13,28,7,15,True,True,False,0.03327763080596924,correct,0
1223,305,1,32,10,32,7,28,7,False,False,False,0.053759459406137466,other,22
1224,306,0,41,41,41,13,8,13,True,True,False,0.0848444402217865,correct,0
1225,306,0,1,40,1,8,13,8,False,False,False,0.05013895407319069,other,39
1226,306,1,1,1,1,13,8,13,True,True,False,0.05013895407319069,correct,0
1227,306,1,41,41,41,8,13,8,True,True,False,0.0848444402217865,correct,0
1228,307,0,18,18,18,13,9,13,True,True,False,0.007623069453984499,correct,0
1229,307,0,41,41,41,9,13,9,True,True,False,0.06719100475311279,correct,0
1230,307,1,41,41,41,13,9,13,True,True,False,0.06719100475311279,correct,0
1231,307,1,18,18,18,9,13,9,True,True,False,0.007623069453984499,correct,0
1232,308,0,14,14,14,16,15,16,True,True,False,0.01786894164979458,correct,0
1233,308,0,12,12,12,15,16,15,True,True,False,0.017344169318675995,correct,0
1234,308,1,12,12,12,16,15,0,True,True,False,0.017344169318675995,correct,0
1235,308,1,14,14,14,15,16,15,True,True,False,0.01786894164979458,correct,0
1236,309,0,45,45,45,17,12,17,True,True,False,0.005286961328238249,correct,0
1237,309,0,29,29,29,12,17,12,True,True,False,0.006456701084971428,correct,0
1238,309,1,29,29,29,17,12,17,True,True,False,0.006456701084971428,correct,0
1239,309,1,45,45,45,12,17,12,True,True,False,0.005286961328238249,correct,0
1240,310,0,18,18,18,18,16,18,True,True,False,0.019831430166959763,correct,0
1241,310,0,37,37,37,16,18,16,True,True,False,0.02208033576607704,correct,0
1242,310,1,37,37,37,18,16,18,True,True,False,0.02208033576607704,correct,0
1243,310,1,18,18,18,16,18,16,True,True,False,0.019831430166959763,correct,0
1244,311,0,2,2,2,14,18,14,True,True,False,0.021131185814738274,correct,0
1245,311,0,40,40,40,18,14,18,True,True,False,0.03113795630633831,correct,0
1246,311,1,40,40,40,14,18,14,True,True,False,0.03113795630633831,correct,0
1247,311,1,2,2,2,18,14,36,True,True,False,0.021131185814738274,correct,0
1248,312,0,7,19,7,7,14,7,False,False,False,0.09719976782798767,other,12
1249,312,0,39,39,39,14,7,16,True,True,False,0.03286081179976463,correct,0
1250,312,1,39,39,39,7,14,7,True,True,False,0.03286081179976463,correct,0
1251,312,1,7,7,7,14,7,14,True,True,False,0.09719976782798767,correct,0
1252,313,0,34,34,34,17,16,17,True,True,False,0.005287361331284046,correct,0
1253,313,0,3,3,3,16,17,16,True,True,False,0.043344900012016296,correct,0
1254,313,1,3,3,3,17,16,0,True,True,False,0.043344900012016296,correct,0
1255,313,1,34,34,34,16,17,0,True,True,False,0.005287361331284046,correct,0
1256,314,0,35,35,35,14,35,23,True,True,False,0.058345209807157516,correct,0
1257,314,0,10,10,10,35,14,20,True,True,False,0.024311242625117302,correct,0
1258,314,1,10,10,10,14,35,27,True,True,False,0.024311242625117302,correct,0
1259,314,1,35,35,35,35,14,14,True,True,False,0.058345209807157516,correct,0
1260,315,0,2,2,2,16,18,16,True,True,False,0.028453251346945763,correct,0
1261,315,0,44,44,44,18,16,18,True,True,False,0.03582733869552612,correct,0
1262,315,1,44,44,44,16,18,16,True,True,False,0.03582733869552612,correct,0
1263,315,1,2,2,2,18,16,18,True,True,False,0.028453251346945763,correct,0
1264,316,0,48,48,48,17,14,14,True,True,False,0.013944149017333984,correct,0
1265,316,0,25,25,25,14,17,14,True,True,False,0.01451569888740778,correct,0
1266,316,1,25,25,25,17,14,17,True,True,False,0.01451569888740778,correct,0
1267,316,1,48,48,48,14,17,14,True,True,False,0.013944149017333984,correct,0
1268,317,0,6,6,6,24,7,24,True,True,False,0.06148727983236313,correct,0
1269,317,0,38,38,38,7,24,7,True,True,False,0.015728630125522614,correct,0
1270,317,1,38,39,38,24,7,24,False,False,True,0.015728630125522614,off_by_one,1
1271,317,1,6,6,6,7,24,7,True,True,False,0.06148727983236313,correct,0
1272,318,0,6,6,6,14,15,14,True,True,False,0.025916606187820435,correct,0
1273,318,0,3,3,3,15,14,15,True,True,False,0.016473229974508286,correct,0
1274,318,1,3,36,3,14,15,14,False,False,False,0.016473229974508286,other,33
1275,318,1,6,6,6,15,14,15,True,True,False,0.025916606187820435,correct,0
1276,319,0,4,4,4,3,20,2,True,True,False,0.03718414902687073,correct,0
1277,319,0,48,48,48,20,3,20,True,True,False,0.014589255675673485,correct,0
1278,319,1,48,48,48,3,20,3,True,True,False,0.014589255675673485,correct,0
1279,319,1,4,4,4,20,3,2,True,True,False,0.03718414902687073,correct,0
1280,320,0,1,1,1,16,26,16,True,True,False,0.024502279236912727,correct,0
1281,320,0,12,12,12,26,16,26,True,True,False,0.029114659875631332,correct,0
1282,320,1,12,12,12,16,26,15,True,True,False,0.029114659875631332,correct,0
1283,320,1,1,1,1,26,16,26,True,True,False,0.024502279236912727,correct,0
1284,321,0,29,11,29,21,16,0,False,False,False,0.06352944672107697,other,18
1285,321,0,8,8,8,16,21,16,True,True,False,0.03019915521144867,correct,0
1286,321,1,8,8,8,21,16,38,True,True,False,0.03019915521144867,correct,0
1287,321,1,29,11,29,16,21,16,False,False,False,0.06352944672107697,other,18
1288,322,0,36,32,36,14,8,6,False,False,False,0.09673052281141281,other,4
1289,322,0,14,14,14,8,14,8,True,True,False,0.019405411556363106,correct,0
1290,322,1,14,14,14,14,8,14,True,True,False,0.019405411556363106,correct,0
1291,322,1,36,36,36,8,14,8,True,True,False,0.09673052281141281,correct,0
1292,323,0,12,12,12,14,18,14,True,True,False,0.025297529995441437,correct,0
1293,323,0,37,37,37,18,14,18,True,True,False,0.010229978710412979,correct,0
1294,323,1,37,37,37,14,18,14,True,True,False,0.010229978710412979,correct,0
1295,323,1,12,12,12,18,14,18,True,True,False,0.025297529995441437,correct,0
1296,324,0,31,31,31,15,18,15,True,True,False,0.05417060852050781,correct,0
1297,324,0,14,14,14,18,15,18,True,True,False,0.02955927886068821,correct,0
1298,324,1,14,14,14,15,18,15,True,True,False,0.02955927886068821,correct,0
1299,324,1,31,31,31,18,15,18,True,True,False,0.05417060852050781,correct,0
1300,325,0,22,22,22,14,16,14,True,True,False,0.036116618663072586,correct,0
1301,325,0,33,33,33,16,14,16,True,True,False,0.0035534047055989504,correct,0
1302,325,1,33,33,33,14,16,14,True,True,False,0.0035534047055989504,correct,0
1303,325,1,22,22,22,16,14,16,True,True,False,0.036116618663072586,correct,0
1304,326,0,48,48,48,8,12,8,True,True,False,0.021905243396759033,correct,0
1305,326,0,22,22,22,12,8,12,True,True,False,0.0063835857436060905,correct,0
1306,326,1,22,22,22,8,12,8,True,True,False,0.0063835857436060905,correct,0
1307,326,1,48,48,48,12,8,12,True,True,False,0.021905243396759033,correct,0
1308,327,0,11,11,11,6,18,18,True,True,False,0.01097833551466465,correct,0
1309,327,0,48,48,48,18,6,18,True,True,False,0.06998880952596664,correct,0
1310,327,1,48,48,48,6,18,6,True,True,False,0.06998880952596664,correct,0
1311,327,1,11,11,11,18,6,18,True,True,False,0.01097833551466465,correct,0
1312,328,0,0,0,0,7,8,7,True,True,False,0.007388295140117407,correct,0
1313,328,0,31,31,31,8,7,8,True,True,False,0.05902157351374626,correct,0
1314,328,1,31,31,31,7,8,7,True,True,False,0.05902157351374626,correct,0
1315,328,1,0,0,0,8,7,8,True,True,False,0.007388295140117407,correct,0
1316,329,0,27,28,27,14,18,14,False,False,True,0.008667411282658577,off_by_one,1
1317,329,0,3,3,3,18,14,24,True,True,False,0.07183171063661575,correct,0
1318,329,1,3,3,3,14,18,14,True,True,False,0.07183171063661575,correct,0
1319,329,1,27,27,27,18,14,18,True,True,False,0.008667411282658577,correct,0
1320,330,0,32,32,32,15,6,15,True,True,False,0.05044500157237053,correct,0
1321,330,0,30,30,30,6,15,6,True,True,False,0.13295602798461914,correct,0
1322,330,1,30,31,30,15,6,18,False,False,True,0.13295602798461914,off_by_one,1
1323,330,1,32,32,32,6,15,6,True,True,False,0.05044500157237053,correct,0
1324,331,0,48,48,48,18,15,18,True,True,False,0.007104324642568827,correct,0
1325,331,0,3,3,3,15,18,15,True,True,False,0.016470877453684807,correct,0
1326,331,1,3,3,3,18,15,18,True,True,False,0.016470877453684807,correct,0
1327,331,1,48,48,48,15,18,17,True,True,False,0.007104324642568827,correct,0
1328,332,0,15,15,15,35,32,35,True,True,False,0.02697277069091797,correct,0
1329,332,0,11,10,11,32,35,32,False,False,True,0.016749626025557518,off_by_one,1
1330,332,1,11,17,11,35,32,35,False,False,False,0.016749626025557518,other,6
1331,332,1,15,5,15,32,35,32,False,False,False,0.02697277069091797,other,10
1332,333,0,0,2,0,38,39,38,False,False,False,0.04884719476103783,other,2
1333,333,0,31,31,31,39,38,39,True,True,False,0.03514297306537628,correct,0
1334,333,1,31,31,31,38,39,38,True,True,False,0.03514297306537628,correct,0
1335,333,1,0,0,0,39,38,39,True,True,False,0.04884719476103783,correct,0
1336,334,0,16,16,16,18,20,15,True,True,False,0.07215898483991623,correct,0
1337,334,0,28,28,28,20,18,0,True,True,False,0.014847248792648315,correct,0
1338,334,1,28,28,28,18,20,18,True,True,False,0.014847248792648315,correct,0
1339,334,1,16,15,16,20,18,24,False,False,True,0.07215898483991623,off_by_one,1
1340,335,0,21,21,21,0,4,0,True,True,False,0.025730518624186516,correct,0
1341,335,0,37,37,37,4,0,4,True,True,False,0.05200522020459175,correct,0
1342,335,1,37,37,37,0,4,0,True,True,False,0.05200522020459175,correct,0
1343,335,1,21,21,21,4,0,4,True,True,False,0.025730518624186516,correct,0
1344,336,0,31,31,31,8,12,8,True,True,False,0.03563624247908592,correct,0
1345,336,0,2,2,2,12,8,12,True,True,False,0.03618394955992699,correct,0
1346,336,1,2,2,2,8,12,9,True,True,False,0.03618394955992699,correct,0
1347,336,1,31,31,31,12,8,12,True,True,False,0.03563624247908592,correct,0
1348,337,0,25,25,25,6,24,6,True,True,False,0.04270634055137634,correct,0
1349,337,0,14,14,14,24,6,24,True,True,False,0.05551352724432945,correct,0
1350,337,1,14,14,14,6,24,7,True,True,False,0.05551352724432945,correct,0
1351,337,1,25,25,25,24,6,24,True,True,False,0.04270634055137634,correct,0
1352,338,0,30,30,30,14,17,14,True,True,False,0.027923444285988808,correct,0
1353,338,0,44,44,44,17,14,17,True,True,False,0.012117923237383366,correct,0
1354,338,1,44,44,44,14,17,14,True,True,False,0.012117923237383366,correct,0
1355,338,1,30,30,30,17,14,17,True,True,False,0.027923444285988808,correct,0
1356,339,0,26,26,26,12,16,12,True,True,False,0.039361704140901566,correct,0
1357,339,0,27,27,27,16,12,16,True,True,False,0.05784596875309944,correct,0
1358,339,1,27,27,27,12,16,12,True,True,False,0.05784596875309944,correct,0
1359,339,1,26,26,26,16,12,16,True,True,False,0.039361704140901566,correct,0
1360,340,0,47,47,47,16,7,16,True,True,False,0.01284766010940075,correct,0
1361,340,0,27,1,27,7,16,7,False,False,False,0.034863851964473724,other,26
1362,340,1,27,27,27,16,7,7,True,True,False,0.034863851964473724,correct,0
1363,340,1,47,47,47,7,16,7,True,True,False,0.01284766010940075,correct,0
1364,341,0,7,7,7,5,4,5,True,True,False,0.008346390910446644,correct,0
1365,341,0,17,17,17,4,5,4,True,True,False,0.00613609841093421,correct,0
1366,341,1,17,17,17,5,4,5,True,True,False,0.00613609841093421,correct,0
1367,341,1,7,7,7,4,5,6,True,True,False,0.008346390910446644,correct,0
1368,342,0,47,47,47,7,5,7,True,True,False,0.04369961470365524,correct,0
1369,342,0,32,32,32,5,7,5,True,True,False,0.04824179783463478,correct,0
1370,342,1,32,32,32,7,5,7,True,True,False,0.04824179783463478,correct,0
1371,342,1,47,47,47,5,7,5,True,True,False,0.04369961470365524,correct,0
1372,343,0,4,4,4,4,5,4,True,True,False,0.007868490181863308,correct,0
1373,343,0,42,42,42,5,4,5,True,True,False,0.09525776654481888,correct,0
1374,343,1,42,42,42,4,5,4,True,True,False,0.09525776654481888,correct,0
1375,343,1,4,4,4,5,4,5,True,True,False,0.007868490181863308,correct,0
1376,344,0,39,39,39,6,7,6,True,True,False,0.003912853077054024,correct,0
1377,344,0,11,10,11,7,6,7,False,False,True,0.03936677426099777,off_by_one,1
1378,344,1,11,29,11,6,7,6,False,False,False,0.03936677426099777,other,18
1379,344,1,39,39,39,7,6,7,True,True,False,0.003912853077054024,correct,0
1380,345,0,23,23,23,6,18,6,True,True,False,0.008654143661260605,correct,0
1381,345,0,47,47,47,18,6,18,True,True,False,0.05645769089460373,correct,0
1382,345,1,47,47,47,6,18,6,True,True,False,0.05645769089460373,correct,0
1383,345,1,23,23,23,18,6,18,True,True,False,0.008654143661260605,correct,0
1384,346,0,26,26,26,19,8,19,True,True,False,0.01880788803100586,correct,0
1385,346,0,42,42,42,8,19,8,True,True,False,0.0659521147608757,correct,0
1386,346,1,42,42,42,19,8,7,True,True,False,0.0659521147608757,correct,0
1387,346,1,26,26,26,8,19,26,True,True,False,0.01880788803100586,correct,0
1388,347,0,16,16,16,7,3,7,True,True,False,0.054796211421489716,correct,0
1389,347,0,28,28,28,3,7,3,True,True,False,0.01723421737551689,correct,0
1390,347,1,28,28,28,7,3,7,True,True,False,0.01723421737551689,correct,0
1391,347,1,16,16,16,3,7,7,True,True,False,0.054796211421489716,correct,0
1392,348,0,2,2,2,6,7,6,True,True,False,0.046079300343990326,correct,0
1393,348,0,24,24,24,7,6,7,True,True,False,0.017896464094519615,correct,0
1394,348,1,24,24,24,6,7,6,True,True,False,0.017896464094519615,correct,0
1395,348,1,2,2,2,7,6,7,True,True,False,0.046079300343990326,correct,0
1396,349,0,20,20,20,20,14,7,True,True,False,0.05749231204390526,correct,0
1397,349,0,44,44,44,14,20,14,True,True,False,0.009743890725076199,correct,0
1398,349,1,44,44,44,20,14,20,True,True,False,0.009743890725076199,correct,0
1399,349,1,20,20,20,14,20,14,True,True,False,0.05749231204390526,correct,0
1400,350,0,42,42,42,24,15,24,True,True,False,0.09179859608411789,correct,0
1401,350,0,32,32,32,15,24,15,True,True,False,0.04739959537982941,correct,0
1402,350,1,32,32,32,24,15,24,True,True,False,0.04739959537982941,correct,0
1403,350,1,42,42,42,15,24,17,True,True,False,0.09179859608411789,correct,0
1404,351,0,1,1,1,18,14,18,True,True,False,0.03661448135972023,correct,0
1405,351,0,12,12,12,14,18,14,True,True,False,0.03267861157655716,correct,0
1406,351,1,12,12,12,18,14,18,True,True,False,0.03267861157655716,correct,0
1407,351,1,1,27,1,14,18,14,False,False,False,0.03661448135972023,other,26
1408,352,0,5,5,5,26,17,26,True,True,False,0.0327034518122673,correct,0
1409,352,0,16,16,16,17,26,17,True,True,False,0.04667738825082779,correct,0
1410,352,1,16,16,16,26,17,26,True,True,False,0.04667738825082779,correct,0
1411,352,1,5,5,5,17,26,17,True,True,False,0.0327034518122673,correct,0
1412,353,0,10,11,10,0,1,0,False,False,True,0.021771153435111046,off_by_one,1
1413,353,0,44,44,44,1,0,1,True,True,False,0.01656363531947136,correct,0
1414,353,1,44,44,44,0,1,0,True,True,False,0.01656363531947136,correct,0
1415,353,1,10,10,10,1,0,1,True,True,False,0.021771153435111046,correct,0
1416,354,0,30,30,30,15,20,15,True,True,False,0.0611356720328331,correct,0
1417,354,0,13,13,13,20,15,17,True,True,False,0.0372735820710659,correct,0
1418,354,1,13,13,13,15,20,15,True,True,False,0.0372735820710659,correct,0
1419,354,1,30,30,30,20,15,20,True,True,False,0.0611356720328331,correct,0
1420,355,0,14,14,14,12,14,12,True,True,False,0.02440446801483631,correct,0
1421,355,0,17,17,17,14,12,14,True,True,False,0.0807684063911438,correct,0
1422,355,1,17,17,17,12,14,6,True,True,False,0.0807684063911438,correct,0
1423,355,1,14,14,14,14,12,14,True,True,False,0.02440446801483631,correct,0
1424,356,0,21,21,21,2,4,2,True,True,False,0.036708272993564606,correct,0
1425,356,0,26,26,26,4,2,4,True,True,False,0.0183083675801754,correct,0
1426,356,1,26,26,26,2,4,2,True,True,False,0.0183083675801754,correct,0
1427,356,1,21,21,21,4,2,4,True,True,False,0.036708272993564606,correct,0
1428,357,0,24,24,24,16,14,16,True,True,False,0.01719638891518116,correct,0
1429,357,0,9,33,9,14,16,14,False,False,False,0.038037095218896866,other,24
1430,357,1,9,9,9,16,14,16,True,True,False,0.038037095218896866,correct,0
1431,357,1,24,24,24,14,16,14,True,True,False,0.01719638891518116,correct,0
1432,358,0,28,28,28,14,7,16,True,True,False,0.05112012103199959,correct,0
1433,358,0,15,15,15,7,14,7,True,True,False,0.05017504841089249,correct,0
1434,358,1,15,15,15,14,7,16,True,True,False,0.05017504841089249,correct,0
1435,358,1,28,28,28,7,14,7,True,True,False,0.05112012103199959,correct,0
1436,359,0,23,23,23,6,0,6,True,True,False,0.04716165363788605,correct,0
1437,359,0,18,18,18,0,6,0,True,True,False,0.046708282083272934,correct,0
1438,359,1,18,18,18,6,0,24,True,True,False,0.046708282083272934,correct,0
1439,359,1,23,23,23,0,6,0,True,True,False,0.04716165363788605,correct,0
1440,360,0,10,10,10,32,34,32,True,True,False,0.011668430641293526,correct,0
1441,360,0,28,28,28,34,32,34,True,True,False,0.01965457573533058,correct,0
1442,360,1,28,28,28,32,34,32,True,True,False,0.01965457573533058,correct,0
1443,360,1,10,11,10,34,32,18,False,False,True,0.011668430641293526,off_by_one,1
1444,361,0,36,36,36,2,9,2,True,True,False,0.019911203533411026,correct,0
1445,361,0,10,29,10,9,2,9,False,False,False,0.033924829214811325,other,19
1446,361,1,10,10,10,2,9,2,True,True,False,0.033924829214811325,correct,0
1447,361,1,36,36,36,9,2,9,True,True,False,0.019911203533411026,correct,0
1448,362,0,5,5,5,12,15,12,True,True,False,0.03050023317337036,correct,0
1449,362,0,38,38,38,15,12,16,True,True,False,0.012349716387689114,correct,0
1450,362,1,38,38,38,12,15,12,True,True,False,0.012349716387689114,correct,0
1451,362,1,5,5,5,15,12,15,True,True,False,0.03050023317337036,correct,0
1452,363,0,6,22,6,24,14,24,False,False,False,0.05973084270954132,other,16
1453,363,0,7,7,7,14,24,14,True,True,False,0.13579465448856354,correct,0
1454,363,1,7,22,7,24,14,24,False,False,False,0.13579465448856354,other,15
1455,363,1,6,6,6,14,24,14,True,True,False,0.05973084270954132,correct,0
1456,364,0,39,39,39,0,16,0,True,True,False,0.003820273093879223,correct,0
1457,364,0,13,13,13,16,0,14,True,True,False,0.050625499337911606,correct,0
1458,364,1,13,13,13,0,16,9,True,True,False,0.050625499337911606,correct,0
1459,364,1,39,39,39,16,0,16,True,True,False,0.003820273093879223,correct,0
1460,365,0,8,8,8,7,5,12,True,True,False,0.044402312487363815,correct,0
1461,365,0,11,11,11,5,7,5,True,True,False,0.04117223620414734,correct,0
1462,365,1,11,11,11,7,5,7,True,True,False,0.04117223620414734,correct,0
1463,365,1,8,8,8,5,7,13,True,True,False,0.044402312487363815,correct,0
1464,366,0,29,29,29,7,0,7,True,True,False,0.038691941648721695,correct,0
1465,366,0,8,8,8,0,7,0,True,True,False,0.010445532388985157,correct,0
1466,366,1,8,8,8,7,0,7,True,True,False,0.010445532388985157,correct,0
1467,366,1,29,11,29,0,7,0,False,False,False,0.038691941648721695,other,18
1468,367,0,17,17,17,6,18,6,True,True,False,0.020050086081027985,correct,0
1469,367,0,35,35,35,18,6,18,True,True,False,0.0126104224473238,correct,0
1470,367,1,35,35,35,6,18,6,True,True,False,0.0126104224473238,correct,0
1471,367,1,17,0,17,18,6,24,False,False,False,0.020050086081027985,other,17
1472,368,0,2,2,2,2,11,2,True,True,False,0.03314938023686409,correct,0
1473,368,0,20,20,20,11,2,11,True,True,False,0.05398907512426376,correct,0
1474,368,1,20,20,20,2,11,5,True,True,False,0.05398907512426376,correct,0
1475,368,1,2,2,2,11,2,11,True,True,False,0.03314938023686409,correct,0
1476,369,0,36,43,36,17,26,17,False,False,False,0.017343418672680855,other,7
1477,369,0,16,16,16,26,17,26,True,True,False,0.05474657192826271,correct,0
1478,369,1,16,16,16,17,26,17,True,True,False,0.05474657192826271,correct,0
1479,369,1,36,36,36,26,17,26,True,True,False,0.017343418672680855,correct,0
1480,370,0,48,48,48,20,14,20,True,True,False,0.02565017156302929,correct,0
1481,370,0,37,37,37,14,20,14,True,True,False,0.021117229014635086,correct,0
1482,370,1,37,37,37,20,14,20,True,True,False,0.021117229014635086,correct,0
1483,370,1,48,48,48,14,20,14,True,True,False,0.02565017156302929,correct,0
1484,371,0,29,11,29,14,15,14,False,False,False,0.02950393036007881,other,18
1485,371,0,25,25,25,15,14,16,True,True,False,0.010486527346074581,correct,0
1486,371,1,25,25,25,14,15,14,True,True,False,0.010486527346074581,correct,0
1487,371,1,29,11,29,15,14,1,False,False,False,0.02950393036007881,other,18
1488,372,0,40,40,40,35,33,35,True,True,False,0.025140589103102684,correct,0
1489,372,0,21,21,21,33,35,33,True,True,False,0.015581409446895123,correct,0
1490,372,1,21,21,21,35,33,35,True,True,False,0.015581409446895123,correct,0
1491,372,1,40,40,40,33,35,33,True,True,False,0.025140589103102684,correct,0
1492,373,0,16,16,16,6,9,6,True,True,False,0.09368728846311569,correct,0
1493,373,0,20,20,20,9,6,7,True,True,False,0.05210626870393753,correct,0
1494,373,1,20,20,20,6,9,6,True,True,False,0.05210626870393753,correct,0
1495,373,1,16,16,16,9,6,18,True,True,False,0.09368728846311569,correct,0
1496,374,0,0,0,0,19,2,19,True,True,False,0.020756034180521965,correct,0
1497,374,0,26,26,26,2,19,2,True,True,False,0.019433701410889626,correct,0
1498,374,1,26,26,26,19,2,19,True,True,False,0.019433701410889626,correct,0
1499,374,1,0,0,0,2,19,2,True,True,False,0.020756034180521965,correct,0
1500,375,0,1,1,1,16,18,16,True,True,False,0.0312669612467289,correct,0
1501,375,0,42,42,42,18,16,18,True,True,False,0.10538195073604584,correct,0
1502,375,1,42,42,42,16,18,16,True,True,False,0.10538195073604584,correct,0
1503,375,1,1,1,1,18,16,18,True,True,False,0.0312669612467289,correct,0
1504,376,0,31,31,31,16,24,0,True,True,False,0.10010494291782379,correct,0
1505,376,0,1,1,1,24,16,3,True,True,False,0.047861672937870026,correct,0
1506,376,1,1,1,1,16,24,27,True,True,False,0.047861672937870026,correct,0
1507,376,1,31,31,31,24,16,24,True,True,False,0.10010494291782379,correct,0
1508,377,0,30,30,30,14,17,14,True,True,False,0.03924709931015968,correct,0
1509,377,0,26,26,26,17,14,17,True,True,False,0.004590125288814306,correct,0
1510,377,1,26,26,26,14,17,14,True,True,False,0.004590125288814306,correct,0
1511,377,1,30,30,30,17,14,17,True,True,False,0.03924709931015968,correct,0
1512,378,0,29,29,29,17,7,17,True,True,False,0.016458619385957718,correct,0
1513,378,0,1,29,1,7,17,7,False,False,False,0.01408624928444624,other,28
1514,378,1,1,1,1,17,7,17,True,True,False,0.01408624928444624,correct,0
1515,378,1,29,29,29,7,17,7,True,True,False,0.016458619385957718,correct,0
1516,379,0,15,15,15,19,6,12,True,True,False,0.1477200984954834,correct,0
1517,379,0,37,37,37,6,19,6,True,True,False,0.0203276164829731,correct,0
1518,379,1,37,37,37,19,6,19,True,True,False,0.0203276164829731,correct,0
1519,379,1,15,15,15,6,19,6,True,True,False,0.1477200984954834,correct,0
1520,380,0,7,7,7,0,18,0,True,True,False,0.03528311476111412,correct,0
1521,380,0,10,29,10,18,0,6,False,False,False,0.055297430604696274,other,19
1522,380,1,10,30,10,0,18,25,False,False,False,0.055297430604696274,other,20
1523,380,1,7,7,7,18,0,18,True,True,False,0.03528311476111412,correct,0
1524,381,0,34,34,34,13,10,13,True,True,False,0.02985522523522377,correct,0
1525,381,0,41,41,41,10,13,10,True,True,False,0.05509759113192558,correct,0
1526,381,1,41,41,41,13,10,13,True,True,False,0.05509759113192558,correct,0
1527,381,1,34,16,34,10,13,10,False,False,False,0.02985522523522377,other,18
1528,382,0,36,36,36,16,15,16,True,True,False,0.05107973888516426,correct,0
1529,382,0,46,46,46,15,16,0,True,True,False,0.050320103764534,correct,0
1530,382,1,46,3,46,16,15,16,False,False,False,0.050320103764534,other,43
1531,382,1,36,36,36,15,16,15,True,True,False,0.05107973888516426,correct,0
1532,383,0,10,10,10,27,15,27,True,True,False,0.038665540516376495,correct,0
1533,383,0,7,7,7,15,27,15,True,True,False,0.015762606635689735,correct,0
1534,383,1,7,7,7,27,15,27,True,True,False,0.015762606635689735,correct,0
1535,383,1,10,10,10,15,27,7,True,True,False,0.038665540516376495,correct,0
1536,384,0,32,32,32,10,8,10,True,True,False,0.07756885141134262,correct,0
1537,384,0,34,34,34,8,10,8,True,True,False,0.024558719247579575,correct,0
1538,384,1,34,16,34,10,8,10,False,False,False,0.024558719247579575,other,18
1539,384,1,32,32,32,8,10,8,True,True,False,0.07756885141134262,correct,0
1540,385,0,15,15,15,16,6,16,True,True,False,0.038269512355327606,correct,0
1541,385,0,3,3,3,6,16,6,True,True,False,0.0709095373749733,correct,0
1542,385,1,3,3,3,16,6,16,True,True,False,0.0709095373749733,correct,0
1543,385,1,15,15,15,6,16,6,True,True,False,0.038269512355327606,correct,0
1544,386,0,42,42,42,15,12,4,True,True,False,0.11331414431333542,correct,0
1545,386,0,46,46,46,12,15,12,True,True,False,0.034597765654325485,correct,0
1546,386,1,46,46,46,15,12,15,True,True,False,0.034597765654325485,correct,0
1547,386,1,42,42,42,12,15,12,True,True,False,0.11331414431333542,correct,0
1548,387,0,47,47,47,24,16,24,True,True,False,0.04992116987705231,correct,0
1549,387,0,6,6,6,16,24,27,True,True,False,0.12360996007919312,correct,0
1550,387,1,6,6,6,24,16,24,True,True,False,0.12360996007919312,correct,0
1551,387,1,47,47,47,16,24,16,True,True,False,0.04992116987705231,correct,0
1552,388,0,14,14,14,12,2,8,True,True,False,0.02744816429913044,correct,0
1553,388,0,48,48,48,2,12,2,True,True,False,0.03299213945865631,correct,0
1554,388,1,48,48,48,12,2,12,True,True,False,0.03299213945865631,correct,0
1555,388,1,14,14,14,2,12,2,True,True,False,0.02744816429913044,correct,0
1556,389,0,41,41,41,12,18,6,True,True,False,0.05567058548331261,correct,0
1557,389,0,24,24,24,18,12,18,True,True,False,0.016946082934737206,correct,0
1558,389,1,24,24,24,12,18,12,True,True,False,0.016946082934737206,correct,0
1559,389,1,41,41,41,18,12,18,True,True,False,0.05567058548331261,correct,0
1560,390,0,14,14,14,20,17,20,True,True,False,0.02837398461997509,correct,0
1561,390,0,21,21,21,17,20,17,True,True,False,0.04066812992095947,correct,0
1562,390,1,21,21,21,20,17,20,True,True,False,0.04066812992095947,correct,0
1563,390,1,14,14,14,17,20,17,True,True,False,0.02837398461997509,correct,0
1564,391,0,22,22,22,0,7,0,True,True,False,0.0775059163570404,correct,0
1565,391,0,29,11,29,7,0,7,False,False,False,0.004321810323745012,other,18
1566,391,1,29,11,29,0,7,0,False,False,False,0.004321810323745012,other,18
1567,391,1,22,22,22,7,0,7,True,True,False,0.0775059163570404,correct,0
1568,392,0,48,48,48,17,9,17,True,True,False,0.025402627885341644,correct,0
1569,392,0,22,22,22,9,17,1,True,True,False,0.03593036159873009,correct,0
1570,392,1,22,22,22,17,9,17,True,True,False,0.03593036159873009,correct,0
1571,392,1,48,48,48,9,17,9,True,True,False,0.025402627885341644,correct,0
1572,393,0,27,27,27,14,3,14,True,True,False,0.005292268004268408,correct,0
1573,393,0,2,2,2,3,14,3,True,True,False,0.00372441322542727,correct,0
1574,393,1,2,2,2,14,3,14,True,True,False,0.00372441322542727,correct,0
1575,393,1,27,27,27,3,14,3,True,True,False,0.005292268004268408,correct,0
1576,394,0,11,43,11,20,12,12,False,False,False,0.009069906547665596,other,32
1577,394,0,46,46,46,12,20,12,True,True,False,0.014405711553990841,correct,0
1578,394,1,46,46,46,20,12,7,True,True,False,0.014405711553990841,correct,0
1579,394,1,11,11,11,12,20,7,True,True,False,0.009069906547665596,correct,0
1580,395,0,33,33,33,24,18,24,True,True,False,0.021834805607795715,correct,0
1581,395,0,40,40,40,18,24,18,True,True,False,0.017578786239027977,correct,0
1582,395,1,40,40,40,24,18,24,True,True,False,0.017578786239027977,correct,0
1583,395,1,33,33,33,18,24,2,True,True,False,0.021834805607795715,correct,0
1584,396,0,41,41,41,14,24,14,True,True,False,0.15428954362869263,correct,0
1585,396,0,42,42,42,24,14,24,True,True,False,0.16197362542152405,correct,0
1586,396,1,42,42,42,14,24,14,True,True,False,0.16197362542152405,correct,0
1587,396,1,41,41,41,24,14,24,True,True,False,0.15428954362869263,correct,0
1588,397,0,24,24,24,32,29,32,True,True,False,0.009986666031181812,correct,0
1589,397,0,38,38,38,29,32,29,True,True,False,0.011535837315022945,correct,0
1590,397,1,38,38,38,32,29,7,True,True,False,0.011535837315022945,correct,0
1591,397,1,24,24,24,29,32,5,True,True,False,0.009986666031181812,correct,0
1592,398,0,27,27,27,15,24,15,True,True,False,0.024224858731031418,correct,0
1593,398,0,3,3,3,24,15,24,True,True,False,0.048111192882061005,correct,0
1594,398,1,3,3,3,15,24,15,True,True,False,0.048111192882061005,correct,0
1595,398,1,27,27,27,24,15,24,True,True,False,0.024224858731031418,correct,0
1596,399,0,47,47,47,14,6,14,True,True,False,0.025129616260528564,correct,0
1597,399,0,32,32,32,6,14,6,True,True,False,0.024425499141216278,correct,0
1598,399,1,32,32,32,14,6,14,True,True,False,0.024425499141216278,correct,0
1599,399,1,47,47,47,6,14,6,True,True,False,0.025129616260528564,correct,0
1600,400,0,45,45,45,14,38,14,True,True,False,0.010846611112356186,correct,0
1601,400,0,43,46,43,38,14,0,False,False,False,0.006838275585323572,other,3
1602,400,1,43,43,43,14,38,14,True,True,False,0.006838275585323572,correct,0
1603,400,1,45,45,45,38,14,0,True,True,False,0.010846611112356186,correct,0
1604,401,0,35,35,35,6,14,6,True,True,False,0.005560605321079493,correct,0
1605,401,0,48,48,48,14,6,14,True,True,False,0.048848770558834076,correct,0
1606,401,1,48,48,48,6,14,6,True,True,False,0.048848770558834076,correct,0
1607,401,1,35,35,35,14,6,14,True,True,False,0.005560605321079493,correct,0
1608,402,0,36,36,36,22,6,5,True,True,False,0.024913009256124496,correct,0
1609,402,0,21,21,21,6,22,6,True,True,False,0.029419921338558197,correct,0
1610,402,1,21,21,21,22,6,6,True,True,False,0.029419921338558197,correct,0
1611,402,1,36,36,36,6,22,6,True,True,False,0.024913009256124496,correct,0
1612,403,0,7,7,7,6,16,6,True,True,False,0.036028314381837845,correct,0
1613,403,0,40,40,40,16,6,16,True,True,False,0.04082091525197029,correct,0
1614,403,1,40,31,40,6,16,6,False,False,False,0.04082091525197029,other,9
1615,403,1,7,7,7,16,6,16,True,True,False,0.036028314381837845,correct,0
1616,404,0,27,27,27,3,4,3,True,True,False,0.027013003826141357,correct,0
1617,404,0,31,31,31,4,3,4,True,True,False,0.021559670567512512,correct,0
1618,404,1,31,31,31,3,4,3,True,True,False,0.021559670567512512,correct,0
1619,404,1,27,43,27,4,3,4,False,False,False,0.027013003826141357,other,16
1620,405,0,36,43,36,25,6,25,False,False,False,0.02373437024652958,other,7
1621,405,0,5,5,5,6,25,6,True,True,False,0.024277420714497566,correct,0
1622,405,1,5,5,5,25,6,25,True,True,False,0.024277420714497566,correct,0
1623,405,1,36,36,36,6,25,6,True,True,False,0.02373437024652958,correct,0
1624,406,0,0,0,0,18,25,18,True,True,False,0.054821230471134186,correct,0
1625,406,0,48,40,48,25,18,25,False,False,False,0.03556118160486221,other,8
1626,406,1,48,48,48,18,25,18,True,True,False,0.03556118160486221,correct,0
1627,406,1,0,2,0,25,18,16,False,False,False,0.054821230471134186,other,2
1628,407,0,45,45,45,7,15,7,True,True,False,0.019934169948101044,correct,0
1629,407,0,27,27,27,15,7,15,True,True,False,0.019897671416401863,correct,0
1630,407,1,27,27,27,7,15,7,True,True,False,0.019897671416401863,correct,0
1631,407,1,45,45,45,15,7,15,True,True,False,0.019934169948101044,correct,0
1632,408,0,30,30,30,16,15,16,True,True,False,0.0025385404005646706,correct,0
1633,408,0,1,1,1,15,16,0,True,True,False,0.02482856996357441,correct,0
1634,408,1,1,1,1,16,15,16,True,True,False,0.02482856996357441,correct,0
1635,408,1,30,30,30,15,16,15,True,True,False,0.0025385404005646706,correct,0
1636,409,0,41,41,41,18,17,18,True,True,False,0.03212520480155945,correct,0
1637,409,0,39,39,39,17,18,17,True,True,False,0.015363956801593304,correct,0
1638,409,1,39,39,39,18,17,18,True,True,False,0.015363956801593304,correct,0
1639,409,1,41,41,41,17,18,17,True,True,False,0.03212520480155945,correct,0
1640,410,0,0,0,0,35,24,35,True,True,False,0.03856527805328369,correct,0
1641,410,0,7,7,7,24,35,24,True,True,False,0.054733745753765106,correct,0
1642,410,1,7,7,7,35,24,35,True,True,False,0.054733745753765106,correct,0
1643,410,1,0,0,0,24,35,7,True,True,False,0.03856527805328369,correct,0
1644,411,0,6,6,6,13,2,13,True,True,False,0.039055000990629196,correct,0
1645,411,0,17,17,17,2,13,2,True,True,False,0.03479897603392601,correct,0
1646,411,1,17,17,17,13,2,13,True,True,False,0.03479897603392601,correct,0
1647,411,1,6,6,6,2,13,2,True,True,False,0.039055000990629196,correct,0
1648,412,0,36,36,36,24,6,4,True,True,False,0.038406942039728165,correct,0
1649,412,0,34,34,34,6,24,6,True,True,False,0.054332632571458817,correct,0
1650,412,1,34,34,34,24,6,24,True,True,False,0.054332632571458817,correct,0
1651,412,1,36,1,36,6,24,6,False,False,False,0.038406942039728165,other,35
1652,413,0,48,48,48,36,24,36,True,True,False,0.09193145483732224,correct,0
1653,413,0,19,19,19,24,36,24,True,True,False,0.04700794443488121,correct,0
1654,413,1,19,19,19,36,24,36,True,True,False,0.04700794443488121,correct,0
1655,413,1,48,29,48,24,36,7,False,False,False,0.09193145483732224,other,19
1656,414,0,2,2,2,15,12,16,True,True,False,0.06590595841407776,correct,0
1657,414,0,8,8,8,12,15,12,True,True,False,0.11506690829992294,correct,0
1658,414,1,8,8,8,15,12,15,True,True,False,0.11506690829992294,correct,0
1659,414,1,2,27,2,12,15,3,False,False,False,0.06590595841407776,other,25
1660,415,0,3,3,3,8,14,8,True,True,False,0.02957635186612606,correct,0
1661,415,0,21,21,21,14,8,27,True,True,False,0.09861049801111221,correct,0
1662,415,1,21,21,21,8,14,24,True,True,False,0.09861049801111221,correct,0
1663,415,1,3,3,3,14,8,14,True,True,False,0.02957635186612606,correct,0
1664,416,0,26,26,26,26,16,26,True,True,False,0.03357355669140816,correct,0
1665,416,0,14,14,14,16,26,16,True,True,False,0.02213115058839321,correct,0
1666,416,1,14,14,14,26,16,26,True,True,False,0.02213115058839321,correct,0
1667,416,1,26,26,26,16,26,16,True,True,False,0.03357355669140816,correct,0
1668,417,0,14,14,14,7,17,7,True,True,False,0.014762080274522305,correct,0
1669,417,0,22,22,22,17,7,17,True,True,False,0.05006935074925423,correct,0
1670,417,1,22,22,22,7,17,7,True,True,False,0.05006935074925423,correct,0
1671,417,1,14,14,14,17,7,17,True,True,False,0.014762080274522305,correct,0
1672,418,0,18,18,18,20,15,13,True,True,False,0.034081824123859406,correct,0
1673,418,0,10,10,10,15,20,15,True,True,False,0.020184660330414772,correct,0
1674,418,1,10,11,10,20,15,7,False,False,True,0.020184660330414772,off_by_one,1
1675,418,1,18,18,18,15,20,16,True,True,False,0.034081824123859406,correct,0
1676,419,0,32,32,32,3,0,3,True,True,False,0.021063677966594696,correct,0
1677,419,0,27,27,27,0,3,0,True,True,False,0.005355997942388058,correct,0
1678,419,1,27,27,27,3,0,7,True,True,False,0.005355997942388058,correct,0
1679,419,1,32,32,32,0,3,0,True,True,False,0.021063677966594696,correct,0
1680,420,0,45,45,45,18,24,18,True,True,False,0.04267856478691101,correct,0
1681,420,0,10,10,10,24,18,13,True,True,False,0.03741844743490219,correct,0
1682,420,1,10,10,10,18,24,18,True,True,False,0.03741844743490219,correct,0
1683,420,1,45,44,45,24,18,7,False,False,True,0.04267856478691101,off_by_one,1
1684,421,0,25,25,25,7,14,7,True,True,False,0.020119018852710724,correct,0
1685,421,0,23,23,23,14,7,0,True,True,False,0.028183085843920708,correct,0
1686,421,1,23,23,23,7,14,7,True,True,False,0.028183085843920708,correct,0
1687,421,1,25,25,25,14,7,14,True,True,False,0.020119018852710724,correct,0
1688,422,0,25,25,25,7,15,6,True,True,False,0.021393410861492157,correct,0
1689,422,0,29,29,29,15,7,16,True,True,False,0.018460795283317566,correct,0
1690,422,1,29,29,29,7,15,7,True,True,False,0.018460795283317566,correct,0
1691,422,1,25,25,25,15,7,17,True,True,False,0.021393410861492157,correct,0
1692,423,0,29,22,29,14,15,6,False,False,False,0.13705460727214813,other,7
1693,423,0,19,19,19,15,14,15,True,True,False,0.04055899381637573,correct,0
1694,423,1,19,19,19,14,15,14,True,True,False,0.04055899381637573,correct,0
1695,423,1,29,28,29,15,14,20,False,False,True,0.13705460727214813,off_by_one,1
1696,424,0,19,19,19,6,7,6,True,True,False,0.055066388100385666,correct,0
1697,424,0,48,48,48,7,6,7,True,True,False,0.04088498651981354,correct,0
1698,424,1,48,48,48,6,7,6,True,True,False,0.04088498651981354,correct,0
1699,424,1,19,19,19,7,6,7,True,True,False,0.055066388100385666,correct,0
1700,425,0,5,5,5,14,24,14,True,True,False,0.1146736666560173,correct,0
1701,425,0,23,23,23,24,14,24,True,True,False,0.05008386820554733,correct,0
1702,425,1,23,23,23,14,24,16,True,True,False,0.05008386820554733,correct,0
1703,425,1,5,5,5,24,14,24,True,True,False,0.1146736666560173,correct,0
1704,426,0,34,34,34,14,17,14,True,True,False,0.01831847056746483,correct,0
1705,426,0,28,11,28,17,14,17,False,False,False,0.015148664824664593,other,17
1706,426,1,28,28,28,14,17,14,True,True,False,0.015148664824664593,correct,0
1707,426,1,34,34,34,17,14,17,True,True,False,0.01831847056746483,correct,0
1708,427,0,28,28,28,14,24,14,True,True,False,0.01930750161409378,correct,0
1709,427,0,48,48,48,24,14,24,True,True,False,0.03966612368822098,correct,0
1710,427,1,48,48,48,14,24,14,True,True,False,0.03966612368822098,correct,0
1711,427,1,28,28,28,24,14,3,True,True,False,0.01930750161409378,correct,0
1712,428,0,9,33,9,16,14,16,False,False,False,0.044288139790296555,other,24
1713,428,0,45,24,45,14,16,14,False,False,False,0.008973781019449234,other,21
1714,428,1,45,45,45,16,14,0,True,True,False,0.008973781019449234,correct,0
1715,428,1,9,9,9,14,16,14,True,True,False,0.044288139790296555,correct,0
1716,429,0,4,4,4,16,15,16,True,True,False,0.023547040298581123,correct,0
1717,429,0,26,26,26,15,16,15,True,True,False,0.013640525750815868,correct,0
1718,429,1,26,26,26,16,15,16,True,True,False,0.013640525750815868,correct,0
1719,429,1,4,4,4,15,16,15,True,True,False,0.023547040298581123,correct,0
1720,430,0,12,12,12,24,6,24,True,True,False,0.05293940380215645,correct,0
1721,430,0,44,44,44,6,24,6,True,True,False,0.012089436873793602,correct,0
1722,430,1,44,45,44,24,6,24,False,False,True,0.012089436873793602,off_by_one,1
1723,430,1,12,12,12,6,24,6,True,True,False,0.05293940380215645,correct,0
1724,431,0,38,38,38,4,0,4,True,True,False,0.008368128910660744,correct,0
1725,431,0,46,46,46,0,4,0,True,True,False,0.018906163051724434,correct,0
1726,431,1,46,46,46,4,0,4,True,True,False,0.018906163051724434,correct,0
1727,431,1,38,44,38,0,4,0,False,False,False,0.008368128910660744,other,6
1728,432,0,13,13,13,7,36,7,True,True,False,0.04317739978432655,correct,0
1729,432,0,37,37,37,36,7,36,True,True,False,0.04043101146817207,correct,0
1730,432,1,37,37,37,7,36,7,True,True,False,0.04043101146817207,correct,0
1731,432,1,13,13,13,36,7,36,True,True,False,0.04317739978432655,correct,0
1732,433,0,2,2,2,16,7,16,True,True,False,0.016328029334545135,correct,0
1733,433,0,47,47,47,7,16,7,True,True,False,0.028343016281723976,correct,0
1734,433,1,47,47,47,16,7,16,True,True,False,0.028343016281723976,correct,0
1735,433,1,2,2,2,7,16,3,True,True,False,0.016328029334545135,correct,0
1736,434,0,42,42,42,8,7,8,True,True,False,0.03166721388697624,correct,0
1737,434,0,14,14,14,7,8,7,True,True,False,0.06331175565719604,correct,0
1738,434,1,14,14,14,8,7,8,True,True,False,0.06331175565719604,correct,0
1739,434,1,42,42,42,7,8,7,True,True,False,0.03166721388697624,correct,0
1740,435,0,29,11,29,0,3,0,False,False,False,0.04058616980910301,other,18
1741,435,0,46,46,46,3,0,3,True,True,False,0.010605081915855408,correct,0
1742,435,1,46,46,46,0,3,0,True,True,False,0.010605081915855408,correct,0
1743,435,1,29,29,29,3,0,13,True,True,False,0.04058616980910301,correct,0
1744,436,0,5,5,5,7,16,7,True,True,False,0.06728781014680862,correct,0
1745,436,0,31,31,31,16,7,16,True,True,False,0.07244419306516647,correct,0
1746,436,1,31,31,31,7,16,7,True,True,False,0.07244419306516647,correct,0
1747,436,1,5,5,5,16,7,16,True,True,False,0.06728781014680862,correct,0
1748,437,0,42,42,42,15,14,15,True,True,False,0.10254335403442383,correct,0
1749,437,0,18,18,18,14,15,14,True,True,False,0.040194716304540634,correct,0
1750,437,1,18,18,18,15,14,15,True,True,False,0.040194716304540634,correct,0
1751,437,1,42,42,42,14,15,14,True,True,False,0.10254335403442383,correct,0
1752,438,0,15,15,15,6,14,6,True,True,False,0.05168365314602852,correct,0
1753,438,0,5,5,5,14,6,38,True,True,False,0.03970706835389137,correct,0
1754,438,1,5,5,5,6,14,13,True,True,False,0.03970706835389137,correct,0
1755,438,1,15,15,15,14,6,38,True,True,False,0.05168365314602852,correct,0
1756,439,0,9,9,9,16,7,16,True,True,False,0.05781976133584976,correct,0
1757,439,0,8,8,8,7,16,7,True,True,False,0.05491425096988678,correct,0
1758,439,1,8,8,8,16,7,16,True,True,False,0.05491425096988678,correct,0
1759,439,1,9,21,9,7,16,7,False,False,False,0.05781976133584976,other,12
1760,440,0,36,36,36,14,15,14,True,True,False,0.01410573162138462,correct,0
1761,440,0,38,38,38,15,14,16,True,True,False,0.0048714252188801765,correct,0
1762,440,1,38,38,38,14,15,14,True,True,False,0.0048714252188801765,correct,0
1763,440,1,36,36,36,15,14,7,True,True,False,0.01410573162138462,correct,0
1764,441,0,47,47,47,6,2,6,True,True,False,0.026731571182608604,correct,0
1765,441,0,1,1,1,2,6,2,True,True,False,0.05324501544237137,correct,0
1766,441,1,1,27,1,6,2,6,False,False,False,0.05324501544237137,other,26
1767,441,1,47,47,47,2,6,2,True,True,False,0.026731571182608604,correct,0
1768,442,0,31,31,31,3,20,3,True,True,False,0.03085639700293541,correct,0
1769,442,0,18,18,18,20,3,13,True,True,False,0.0639398992061615,correct,0
1770,442,1,18,18,18,3,20,7,True,True,False,0.0639398992061615,correct,0
1771,442,1,31,28,31,20,3,7,False,False,False,0.03085639700293541,other,3
1772,443,0,22,22,22,18,15,18,True,True,False,0.058114465326070786,correct,0
1773,443,0,43,43,43,15,18,15,True,True,False,0.032459601759910583,correct,0
1774,443,1,43,43,43,18,15,18,True,True,False,0.032459601759910583,correct,0
1775,443,1,22,22,22,15,18,14,True,True,False,0.058114465326070786,correct,0
1776,444,0,21,21,21,38,20,38,True,True,False,0.016281666234135628,correct,0
1777,444,0,27,27,27,20,38,20,True,True,False,0.014522962272167206,correct,0
1778,444,1,27,1,27,38,20,17,False,False,False,0.014522962272167206,other,26
1779,444,1,21,36,21,20,38,20,False,False,False,0.016281666234135628,other,15
1780,445,0,45,14,45,7,15,7,False,False,False,0.05768052488565445,other,31
1781,445,0,17,17,17,15,7,15,True,True,False,0.018129399046301842,correct,0
1782,445,1,17,17,17,7,15,7,True,True,False,0.018129399046301842,correct,0
1783,445,1,45,45,45,15,7,10,True,True,False,0.05768052488565445,correct,0
1784,446,0,19,19,19,27,16,14,True,True,False,0.037756260484457016,correct,0
1785,446,0,44,40,44,16,27,0,False,False,False,0.015301940962672234,other,4
1786,446,1,44,44,44,27,16,27,True,True,False,0.015301940962672234,correct,0
1787,446,1,19,19,19,16,27,16,True,True,False,0.037756260484457016,correct,0
1788,447,0,7,7,7,15,16,15,True,True,False,0.09808279573917389,correct,0
1789,447,0,1,1,1,16,15,16,True,True,False,0.02580329217016697,correct,0
1790,447,1,1,1,1,15,16,15,True,True,False,0.02580329217016697,correct,0
1791,447,1,7,7,7,16,15,16,True,True,False,0.09808279573917389,correct,0
1792,448,0,2,0,2,6,15,6,False,False,False,0.09860782325267792,other,2
1793,448,0,43,43,43,15,6,17,True,True,False,0.06407532095909119,correct,0
1794,448,1,43,43,43,6,15,6,True,True,False,0.06407532095909119,correct,0
1795,448,1,2,2,2,15,6,15,True,True,False,0.09860782325267792,correct,0
1796,449,0,34,34,34,17,24,17,True,True,False,0.028438087552785873,correct,0
1797,449,0,21,21,21,24,17,24,True,True,False,0.07744210958480835,correct,0
1798,449,1,21,21,21,17,24,17,True,True,False,0.07744210958480835,correct,0
1799,449,1,34,47,34,24,17,24,False,False,False,0.028438087552785873,other,13
1800,450,0,34,34,34,7,6,7,True,True,False,0.013110353611409664,correct,0
1801,450,0,33,33,33,6,7,6,True,True,False,0.05733783543109894,correct,0
1802,450,1,33,33,33,7,6,7,True,True,False,0.05733783543109894,correct,0
1803,450,1,34,34,34,6,7,6,True,True,False,0.013110353611409664,correct,0
1804,451,0,5,5,5,19,14,20,True,True,False,0.03185030072927475,correct,0
1805,451,0,16,35,16,14,19,7,False,False,False,0.1892506182193756,other,19
1806,451,1,16,15,16,19,14,7,False,False,True,0.1892506182193756,off_by_one,1
1807,451,1,5,5,5,14,19,0,True,True,False,0.03185030072927475,correct,0
1808,452,0,29,29,29,7,20,7,True,True,False,0.047745343297719955,correct,0
1809,452,0,34,34,34,20,7,20,True,True,False,0.020968694239854813,correct,0
1810,452,1,34,34,34,7,20,7,True,True,False,0.020968694239854813,correct,0
1811,452,1,29,29,29,20,7,14,True,True,False,0.047745343297719955,correct,0
1812,453,0,0,0,0,7,6,18,True,True,False,0.06133466213941574,correct,0
1813,453,0,13,13,13,6,7,6,True,True,False,0.05265362933278084,correct,0
1814,453,1,13,13,13,7,6,15,True,True,False,0.05265362933278084,correct,0
1815,453,1,0,0,0,6,7,6,True,True,False,0.06133466213941574,correct,0
1816,454,0,37,37,37,36,6,36,True,True,False,0.003925408702343702,correct,0
1817,454,0,45,45,45,6,36,6,True,True,False,0.03617214038968086,correct,0
1818,454,1,45,45,45,36,6,36,True,True,False,0.03617214038968086,correct,0
1819,454,1,37,37,37,6,36,6,True,True,False,0.003925408702343702,correct,0
1820,455,0,41,41,41,36,18,36,True,True,False,0.04037192836403847,correct,0
1821,455,0,37,37,37,18,36,36,True,True,False,0.03132352977991104,correct,0
1822,455,1,37,37,37,36,18,36,True,True,False,0.03132352977991104,correct,0
1823,455,1,41,41,41,18,36,18,True,True,False,0.04037192836403847,correct,0
1824,456,0,23,23,23,6,30,6,True,True,False,0.03676239773631096,correct,0
1825,456,0,6,6,6,30,6,30,True,True,False,0.0957523062825203,correct,0
1826,456,1,6,6,6,6,30,6,True,True,False,0.0957523062825203,correct,0
1827,456,1,23,23,23,30,6,30,True,True,False,0.03676239773631096,correct,0
1828,457,0,28,11,28,7,6,9,False,False,False,0.07663839310407639,other,17
1829,457,0,36,36,36,6,7,18,True,True,False,0.02234409935772419,correct,0
1830,457,1,36,36,36,7,6,7,True,True,False,0.02234409935772419,correct,0
1831,457,1,28,11,28,6,7,7,False,False,False,0.07663839310407639,other,17
1832,458,0,2,2,2,16,7,16,True,True,False,0.05572248622775078,correct,0
1833,458,0,7,7,7,7,16,7,True,True,False,0.07793230563402176,correct,0
1834,458,1,7,7,7,16,7,16,True,True,False,0.07793230563402176,correct,0
1835,458,1,2,2,2,7,16,7,True,True,False,0.05572248622775078,correct,0
1836,459,0,10,43,10,24,26,24,False,False,False,0.06162729859352112,other,33
1837,459,0,12,12,12,26,24,26,True,True,False,0.05583982542157173,correct,0
1838,459,1,12,12,12,24,26,6,True,True,False,0.05583982542157173,correct,0
1839,459,1,10,10,10,26,24,26,True,True,False,0.06162729859352112,correct,0
1840,460,0,39,39,39,36,14,36,True,True,False,0.03316953033208847,correct,0
1841,460,0,23,23,23,14,36,27,True,True,False,0.020353877916932106,correct,0
1842,460,1,23,23,23,36,14,12,True,True,False,0.020353877916932106,correct,0
1843,460,1,39,39,39,14,36,14,True,True,False,0.03316953033208847,correct,0
1844,461,0,35,35,35,18,6,18,True,True,False,0.0484493114054203,correct,0
1845,461,0,30,30,30,6,18,6,True,True,False,0.12184195220470428,correct,0
1846,461,1,30,30,30,18,6,18,True,True,False,0.12184195220470428,correct,0
1847,461,1,35,35,35,6,18,18,True,True,False,0.0484493114054203,correct,0
1848,462,0,45,45,45,15,17,16,True,True,False,0.010998750105500221,correct,0
1849,462,0,39,39,39,17,15,17,True,True,False,0.02081490308046341,correct,0
1850,462,1,39,39,39,15,17,15,True,True,False,0.02081490308046341,correct,0
1851,462,1,45,35,45,17,15,17,False,False,False,0.010998750105500221,other,10
1852,463,0,25,25,25,19,6,19,True,True,False,0.025893205776810646,correct,0
1853,463,0,17,17,17,6,19,6,True,True,False,0.041627608239650726,correct,0
1854,463,1,17,17,17,19,6,19,True,True,False,0.041627608239650726,correct,0
1855,463,1,25,25,25,6,19,6,True,True,False,0.025893205776810646,correct,0
1856,464,0,10,10,10,26,36,26,True,True,False,0.00438271788880229,correct,0
1857,464,0,48,48,48,36,26,36,True,True,False,0.028260797262191772,correct,0
1858,464,1,48,48,48,26,36,26,True,True,False,0.028260797262191772,correct,0
1859,464,1,10,10,10,36,26,36,True,True,False,0.00438271788880229,correct,0
1860,465,0,17,17,17,14,16,14,True,True,False,0.023035861551761627,correct,0
1861,465,0,33,33,33,16,14,16,True,True,False,0.009204128757119179,correct,0
1862,465,1,33,33,33,14,16,14,True,True,False,0.009204128757119179,correct,0
1863,465,1,17,17,17,16,14,11,True,True,False,0.023035861551761627,correct,0
1864,466,0,4,4,4,16,6,16,True,True,False,0.03572123497724533,correct,0
1865,466,0,44,44,44,6,16,6,True,True,False,0.029003148898482323,correct,0
1866,466,1,44,44,44,16,6,16,True,True,False,0.029003148898482323,correct,0
1867,466,1,4,4,4,6,16,6,True,True,False,0.03572123497724533,correct,0
1868,467,0,28,28,28,6,8,6,True,True,False,0.029959196224808693,correct,0
1869,467,0,29,11,29,8,6,8,False,False,False,0.03284139931201935,other,18
1870,467,1,29,29,29,6,8,6,True,True,False,0.03284139931201935,correct,0
1871,467,1,28,28,28,8,6,8,True,True,False,0.029959196224808693,correct,0
1872,468,0,12,12,12,15,16,15,True,True,False,0.01861688867211342,correct,0
1873,468,0,27,27,27,16,15,16,True,True,False,0.0037910465616732836,correct,0
1874,468,1,27,27,27,15,16,15,True,True,False,0.0037910465616732836,correct,0
1875,468,1,12,12,12,16,15,14,True,True,False,0.01861688867211342,correct,0
1876,469,0,44,24,44,7,15,7,False,False,False,0.012230172753334045,other,20
1877,469,0,6,6,6,15,7,15,True,True,False,0.0632360428571701,correct,0
1878,469,1,6,6,6,7,15,7,True,True,False,0.0632360428571701,correct,0
1879,469,1,44,44,44,15,7,15,True,True,False,0.012230172753334045,correct,0
1880,470,0,4,4,4,0,15,15,True,True,False,0.0380781851708889,correct,0
1881,470,0,7,7,7,15,0,15,True,True,False,0.0395243801176548,correct,0
1882,470,1,7,7,7,0,15,0,True,True,False,0.0395243801176548,correct,0
1883,470,1,4,4,4,15,0,15,True,True,False,0.0380781851708889,correct,0
1884,471,0,20,20,20,2,8,2,True,True,False,0.06262440979480743,correct,0
1885,471,0,9,9,9,8,2,8,True,True,False,0.03797806054353714,correct,0
1886,471,1,9,9,9,2,8,2,True,True,False,0.03797806054353714,correct,0
1887,471,1,20,20,20,8,2,7,True,True,False,0.06262440979480743,correct,0
1888,472,0,44,35,44,17,9,17,False,False,False,0.0317625030875206,other,9
1889,472,0,23,23,23,9,17,9,True,True,False,0.0337071418762207,correct,0
1890,472,1,23,23,23,17,9,17,True,True,False,0.0337071418762207,correct,0
1891,472,1,44,15,44,9,17,7,False,False,False,0.0317625030875206,other,29
1892,473,0,10,10,10,2,16,2,True,True,False,0.0358562096953392,correct,0
1893,473,0,9,9,9,16,2,16,True,True,False,0.06516198813915253,correct,0
1894,473,1,9,9,9,2,16,2,True,True,False,0.06516198813915253,correct,0
1895,473,1,10,10,10,16,2,16,True,True,False,0.0358562096953392,correct,0
1896,474,0,10,10,10,16,6,16,True,True,False,0.06464321166276932,correct,0
1897,474,0,27,27,27,6,16,6,True,True,False,0.06135154142975807,correct,0
1898,474,1,27,16,27,16,6,16,False,False,False,0.06135154142975807,other,11
1899,474,1,10,11,10,6,16,6,False,False,True,0.06464321166276932,off_by_one,1
1900,475,0,38,38,38,17,26,17,True,True,False,0.014967427588999271,correct,0
1901,475,0,34,34,34,26,17,26,True,True,False,0.020793389528989792,correct,0
1902,475,1,34,34,34,17,26,17,True,True,False,0.020793389528989792,correct,0
1903,475,1,38,38,38,26,17,26,True,True,False,0.014967427588999271,correct,0
1904,476,0,4,4,4,27,17,27,True,True,False,0.010663083754479885,correct,0
1905,476,0,46,43,46,17,27,7,False,False,False,0.0450625978410244,other,3
1906,476,1,46,46,46,27,17,27,True,True,False,0.0450625978410244,correct,0
1907,476,1,4,4,4,17,27,17,True,True,False,0.010663083754479885,correct,0
1908,477,0,26,26,26,18,6,18,True,True,False,0.0400623194873333,correct,0
1909,477,0,2,2,2,6,18,6,True,True,False,0.08613251894712448,correct,0
1910,477,1,2,2,2,18,6,18,True,True,False,0.08613251894712448,correct,0
1911,477,1,26,26,26,6,18,6,True,True,False,0.0400623194873333,correct,0
1912,478,0,23,23,23,0,1,0,True,True,False,0.03598368912935257,correct,0
1913,478,0,39,39,39,1,0,1,True,True,False,0.003998749423772097,correct,0
1914,478,1,39,39,39,0,1,0,True,True,False,0.003998749423772097,correct,0
1915,478,1,23,23,23,1,0,1,True,True,False,0.03598368912935257,correct,0
1916,479,0,24,45,24,15,7,15,False,False,False,0.01590556837618351,other,21
1917,479,0,36,2,36,7,15,7,False,False,False,0.027722232043743134,other,34
1918,479,1,36,36,36,15,7,15,True,True,False,0.027722232043743134,correct,0
1919,479,1,24,24,24,7,15,7,True,True,False,0.01590556837618351,correct,0
1920,480,0,5,5,5,26,15,26,True,True,False,0.09734981507062912,correct,0
1921,480,0,6,6,6,15,26,15,True,True,False,0.12256993353366852,correct,0
1922,480,1,6,6,6,26,15,26,True,True,False,0.12256993353366852,correct,0
1923,480,1,5,5,5,15,26,15,True,True,False,0.09734981507062912,correct,0
1924,481,0,33,33,33,1,6,1,True,True,False,0.019358467310667038,correct,0
1925,481,0,13,13,13,6,1,6,True,True,False,0.048476770520210266,correct,0
1926,481,1,13,13,13,1,6,1,True,True,False,0.048476770520210266,correct,0
1927,481,1,33,33,33,6,1,6,True,True,False,0.019358467310667038,correct,0
1928,482,0,48,48,48,24,7,24,True,True,False,0.010542720556259155,correct,0
1929,482,0,23,23,23,7,24,7,True,True,False,0.07222152501344681,correct,0
1930,482,1,23,23,23,24,7,24,True,True,False,0.07222152501344681,correct,0
1931,482,1,48,12,48,7,24,7,False,False,False,0.010542720556259155,other,36
1932,483,0,34,34,34,12,9,12,True,True,False,0.03372407332062721,correct,0
1933,483,0,40,40,40,9,12,9,True,True,False,0.02024891786277294,correct,0
1934,483,1,40,40,40,12,9,12,True,True,False,0.02024891786277294,correct,0
1935,483,1,34,34,34,9,12,7,True,True,False,0.03372407332062721,correct,0
1936,484,0,47,47,47,7,0,7,True,True,False,0.03350143879652023,correct,0
1937,484,0,29,29,29,0,7,0,True,True,False,0.02288687974214554,correct,0
1938,484,1,29,29,29,7,0,24,True,True,False,0.02288687974214554,correct,0
1939,484,1,47,5,47,0,7,0,False,False,False,0.03350143879652023,other,42
1940,485,0,26,26,26,24,16,24,True,True,False,0.046962738037109375,correct,0
1941,485,0,29,29,29,16,24,16,True,True,False,0.02840747870504856,correct,0
1942,485,1,29,11,29,24,16,24,False,False,False,0.02840747870504856,other,18
1943,485,1,26,26,26,16,24,16,True,True,False,0.046962738037109375,correct,0
1944,486,0,38,38,38,6,0,6,True,True,False,0.00703488988801837,correct,0
1945,486,0,18,18,18,0,6,15,True,True,False,0.03613379970192909,correct,0
1946,486,1,18,18,18,6,0,6,True,True,False,0.03613379970192909,correct,0
1947,486,1,38,38,38,0,6,14,True,True,False,0.00703488988801837,correct,0
1948,487,0,25,25,25,16,6,27,True,True,False,0.011810392141342163,correct,0
1949,487,0,30,30,30,6,16,6,True,True,False,0.04706120863556862,correct,0
1950,487,1,30,30,30,16,6,14,True,True,False,0.04706120863556862,correct,0
1951,487,1,25,25,25,6,16,6,True,True,False,0.011810392141342163,correct,0
1952,488,0,25,25,25,36,18,36,True,True,False,0.031774260103702545,correct,0
1953,488,0,17,17,17,18,36,18,True,True,False,0.01749669574201107,correct,0
1954,488,1,17,10,17,36,18,36,False,False,False,0.01749669574201107,other,7
1955,488,1,25,25,25,18,36,18,True,True,False,0.031774260103702545,correct,0
1956,489,0,10,10,10,9,2,9,True,True,False,0.01578112319111824,correct,0
1957,489,0,8,8,8,2,9,2,True,True,False,0.017104951664805412,correct,0
1958,489,1,8,8,8,9,2,9,True,True,False,0.017104951664805412,correct,0
1959,489,1,10,10,10,2,9,2,True,True,False,0.01578112319111824,correct,0
1960,490,0,42,42,42,6,18,6,True,True,False,0.10487257689237595,correct,0
1961,490,0,46,46,46,18,6,24,True,True,False,0.04876524955034256,correct,0
1962,490,1,46,46,46,6,18,6,True,True,False,0.04876524955034256,correct,0
1963,490,1,42,42,42,18,6,18,True,True,False,0.10487257689237595,correct,0
1964,491,0,24,4,24,15,26,0,False,False,False,0.009537598118185997,other,20
1965,491,0,20,20,20,26,15,26,True,True,False,0.04644467309117317,correct,0
1966,491,1,20,20,20,15,26,15,True,True,False,0.04644467309117317,correct,0
1967,491,1,24,24,24,26,15,12,True,True,False,0.009537598118185997,correct,0
1968,492,0,10,10,10,38,7,10,True,True,False,0.04378148913383484,correct,0
1969,492,0,32,32,32,7,38,7,True,True,False,0.03526252880692482,correct,0
1970,492,1,32,32,32,38,7,38,True,True,False,0.03526252880692482,correct,0
1971,492,1,10,29,10,7,38,7,False,False,False,0.04378148913383484,other,19
1972,493,0,4,4,4,14,7,14,True,True,False,0.044367916882038116,correct,0
1973,493,0,33,33,33,7,14,7,True,True,False,0.03122037835419178,correct,0
1974,493,1,33,33,33,14,7,16,True,True,False,0.03122037835419178,correct,0
1975,493,1,4,32,4,7,14,24,False,False,False,0.044367916882038116,other,28
1976,494,0,35,23,35,16,15,16,False,False,False,0.0282757505774498,other,12
1977,494,0,43,43,43,15,16,15,True,True,False,0.04214366897940636,correct,0
1978,494,1,43,37,43,16,15,16,False,False,False,0.04214366897940636,other,6
1979,494,1,35,35,35,15,16,15,True,True,False,0.0282757505774498,correct,0
1980,495,0,6,6,6,16,6,16,True,True,False,0.08312986046075821,correct,0
1981,495,0,45,45,45,6,16,6,True,True,False,0.029088003560900688,correct,0
1982,495,1,45,45,45,16,6,16,True,True,False,0.029088003560900688,correct,0
1983,495,1,6,6,6,6,16,6,True,True,False,0.08312986046075821,correct,0
1984,496,0,44,44,44,7,2,7,True,True,False,0.015261009335517883,correct,0
1985,496,0,9,9,9,2,7,2,True,True,False,0.03783028945326805,correct,0
1986,496,1,9,9,9,7,2,7,True,True,False,0.03783028945326805,correct,0
1987,496,1,44,44,44,2,7,2,True,True,False,0.015261009335517883,correct,0
1988,497,0,7,7,7,17,24,17,True,True,False,0.021660830825567245,correct,0
1989,497,0,39,39,39,24,17,24,True,True,False,0.007546420209109783,correct,0
1990,497,1,39,39,39,17,24,17,True,True,False,0.007546420209109783,correct,0
1991,497,1,7,7,7,24,17,24,True,True,False,0.021660830825567245,correct,0
1992,498,0,0,0,0,16,7,16,True,True,False,0.03214201703667641,correct,0
1993,498,0,12,12,12,7,16,7,True,True,False,0.022870231419801712,correct,0
1994,498,1,12,12,12,16,7,25,True,True,False,0.022870231419801712,correct,0
1995,498,1,0,0,0,7,16,7,True,True,False,0.03214201703667641,correct,0
1996,499,0,3,3,3,15,16,15,True,True,False,0.0359540693461895,correct,0
1997,499,0,5,5,5,16,15,16,True,True,False,0.038975201547145844,correct,0
1998,499,1,5,5,5,15,16,15,True,True,False,0.038975201547145844,correct,0
1999,499,1,3,3,3,16,15,16,True,True,False,0.0359540693461895,correct,0
2000,500,0,3,3,3,15,18,15,True,True,False,0.061741746962070465,correct,0
2001,500,0,38,38,38,18,15,18,True,True,False,0.0029077022336423397,correct,0
2002,500,1,38,38,38,15,18,17,True,True,False,0.0029077022336423397,correct,0
2003,500,1,3,3,3,18,15,18,True,True,False,0.061741746962070465,correct,0
2004,501,0,48,48,48,11,10,11,True,True,False,0.03808392211794853,correct,0
2005,501,0,14,14,14,10,11,10,True,True,False,0.011469435878098011,correct,0
2006,501,1,14,14,14,11,10,11,True,True,False,0.011469435878098011,correct,0
2007,501,1,48,48,48,10,11,17,True,True,False,0.03808392211794853,correct,0
2008,502,0,6,6,6,14,18,14,True,True,False,0.06159001588821411,correct,0
2009,502,0,1,29,1,18,14,24,False,False,False,0.052643828094005585,other,28
2010,502,1,1,0,1,14,18,14,False,False,True,0.052643828094005585,off_by_one,1
2011,502,1,6,6,6,18,14,18,True,True,False,0.06159001588821411,correct,0
2012,503,0,11,11,11,18,14,24,True,True,False,0.0037802790757268667,correct,0
2013,503,0,41,41,41,14,18,14,True,True,False,0.038853153586387634,correct,0
2014,503,1,41,41,41,18,14,18,True,True,False,0.038853153586387634,correct,0
2015,503,1,11,28,11,14,18,27,False,False,False,0.0037802790757268667,other,17
2016,504,0,34,34,34,31,14,31,True,True,False,0.03996098041534424,correct,0
2017,504,0,8,8,8,14,31,14,True,True,False,0.03933928161859512,correct,0
2018,504,1,8,8,8,31,14,14,True,True,False,0.03933928161859512,correct,0
2019,504,1,34,34,34,14,31,14,True,True,False,0.03996098041534424,correct,0
2020,505,0,33,33,33,12,15,12,True,True,False,0.009133757092058659,correct,0
2021,505,0,10,10,10,15,12,15,True,True,False,0.02543371543288231,correct,0
2022,505,1,10,10,10,12,15,18,True,True,False,0.02543371543288231,correct,0
2023,505,1,33,33,33,15,12,16,True,True,False,0.009133757092058659,correct,0
2024,506,0,7,7,7,36,15,36,True,True,False,0.048524536192417145,correct,0
2025,506,0,6,6,6,15,36,15,True,True,False,0.049503546208143234,correct,0
2026,506,1,6,6,6,36,15,36,True,True,False,0.049503546208143234,correct,0
2027,506,1,7,7,7,15,36,15,True,True,False,0.048524536192417145,correct,0
2028,507,0,42,42,42,0,31,0,True,True,False,0.04721318930387497,correct,0
2029,507,0,10,10,10,31,0,31,True,True,False,0.04717503860592842,correct,0
2030,507,1,10,0,10,0,31,14,False,False,False,0.04717503860592842,other,10
2031,507,1,42,42,42,31,0,31,True,True,False,0.04721318930387497,correct,0
2032,508,0,29,29,29,12,17,2,True,True,False,0.012407930567860603,correct,0
2033,508,0,31,31,31,17,12,17,True,True,False,0.0708155408501625,correct,0
2034,508,1,31,31,31,12,17,12,True,True,False,0.0708155408501625,correct,0
2035,508,1,29,29,29,17,12,17,True,True,False,0.012407930567860603,correct,0
2036,509,0,19,19,19,6,21,6,True,True,False,0.034900616854429245,correct,0
2037,509,0,23,23,23,21,6,21,True,True,False,0.03467443585395813,correct,0
2038,509,1,23,23,23,6,21,6,True,True,False,0.03467443585395813,correct,0
2039,509,1,19,19,19,21,6,21,True,True,False,0.034900616854429245,correct,0
2040,510,0,3,3,3,24,18,24,True,True,False,0.05531428009271622,correct,0
2041,510,0,2,2,2,18,24,36,True,True,False,0.04827906936407089,correct,0
2042,510,1,2,2,2,24,18,24,True,True,False,0.04827906936407089,correct,0
2043,510,1,3,3,3,18,24,18,True,True,False,0.05531428009271622,correct,0
2044,511,0,21,21,21,7,11,7,True,True,False,0.04123779386281967,correct,0
2045,511,0,1,1,1,11,7,0,True,True,False,0.03361052647233009,correct,0
2046,511,1,1,1,1,7,11,7,True,True,False,0.03361052647233009,correct,0
2047,511,1,21,21,21,11,7,11,True,True,False,0.04123779386281967,correct,0
2048,512,0,14,14,14,26,14,26,True,True,False,0.029306774958968163,correct,0
2049,512,0,41,41,41,14,26,14,True,True,False,0.1613849550485611,correct,0
2050,512,1,41,41,41,26,14,26,True,True,False,0.1613849550485611,correct,0
2051,512,1,14,14,14,14,26,14,True,True,False,0.029306774958968163,correct,0
2052,513,0,45,4,45,24,7,24,False,False,False,0.05201765149831772,other,41
2053,513,0,37,37,37,7,24,20,True,True,False,0.003932698629796505,correct,0
2054,513,1,37,37,37,24,7,24,True,True,False,0.003932698629796505,correct,0
2055,513,1,45,45,45,7,24,9,True,True,False,0.05201765149831772,correct,0
2056,514,0,22,22,22,4,3,4,True,True,False,0.02438746578991413,correct,0
2057,514,0,27,27,27,3,4,3,True,True,False,0.027013003826141357,correct,0
2058,514,1,27,43,27,4,3,4,False,False,False,0.027013003826141357,other,16
2059,514,1,22,22,22,3,4,3,True,True,False,0.02438746578991413,correct,0
2060,515,0,34,34,34,15,9,15,True,True,False,0.017090588808059692,correct,0
2061,515,0,10,10,10,9,15,7,True,True,False,0.03623495250940323,correct,0
2062,515,1,10,10,10,15,9,15,True,True,False,0.03623495250940323,correct,0
2063,515,1,34,34,34,9,15,7,True,True,False,0.017090588808059692,correct,0
2064,516,0,47,47,47,15,7,15,True,True,False,0.04413160681724548,correct,0
2065,516,0,2,2,2,7,15,7,True,True,False,0.02784588187932968,correct,0
2066,516,1,2,2,2,15,7,15,True,True,False,0.02784588187932968,correct,0
2067,516,1,47,47,47,7,15,7,True,True,False,0.04413160681724548,correct,0
2068,517,0,8,8,8,19,8,20,True,True,False,0.01718367263674736,correct,0
2069,517,0,19,19,19,8,19,7,True,True,False,0.05914981663227081,correct,0
2070,517,1,19,19,19,19,8,2,True,True,False,0.05914981663227081,correct,0
2071,517,1,8,8,8,8,19,7,True,True,False,0.01718367263674736,correct,0
2072,518,0,40,40,40,6,7,6,True,True,False,0.042603999376297,correct,0
2073,518,0,19,19,19,7,6,7,True,True,False,0.07775729149580002,correct,0
2074,518,1,19,19,19,6,7,6,True,True,False,0.07775729149580002,correct,0
2075,518,1,40,40,40,7,6,7,True,True,False,0.042603999376297,correct,0
2076,519,0,46,46,46,0,4,0,True,True,False,0.018906163051724434,correct,0
2077,519,0,12,12,12,4,0,4,True,True,False,0.007645410019904375,correct,0
2078,519,1,12,12,12,0,4,7,True,True,False,0.007645410019904375,correct,0
2079,519,1,46,46,46,4,0,4,True,True,False,0.018906163051724434,correct,0
2080,520,0,18,18,18,24,38,24,True,True,False,0.035962142050266266,correct,0
2081,520,0,24,24,24,38,24,38,True,True,False,0.014095916412770748,correct,0
2082,520,1,24,24,24,24,38,24,True,True,False,0.014095916412770748,correct,0
2083,520,1,18,18,18,38,24,11,True,True,False,0.035962142050266266,correct,0
2084,521,0,1,1,1,6,7,6,True,True,False,0.019337674602866173,correct,0
2085,521,0,16,16,16,7,6,20,True,True,False,0.06037494167685509,correct,0
2086,521,1,16,16,16,6,7,6,True,True,False,0.06037494167685509,correct,0
2087,521,1,1,27,1,7,6,7,False,False,False,0.019337674602866173,other,26
2088,522,0,6,6,6,24,38,24,True,True,False,0.05231861397624016,correct,0
2089,522,0,45,45,45,38,24,38,True,True,False,0.03864959254860878,correct,0
2090,522,1,45,44,45,24,38,24,False,False,True,0.03864959254860878,off_by_one,1
2091,522,1,6,6,6,38,24,38,True,True,False,0.05231861397624016,correct,0
2092,523,0,29,29,29,22,18,22,True,True,False,0.03438194468617439,correct,0
2093,523,0,43,43,43,18,22,18,True,True,False,0.04770119860768318,correct,0
2094,523,1,43,43,43,22,18,5,True,True,False,0.04770119860768318,correct,0
2095,523,1,29,29,29,18,22,7,True,True,False,0.03438194468617439,correct,0
2096,524,0,18,18,18,20,3,18,True,True,False,0.0064417775720357895,correct,0
2097,524,0,28,27,28,3,20,3,False,False,True,0.002599660074338317,off_by_one,1
2098,524,1,28,28,28,20,3,20,True,True,False,0.002599660074338317,correct,0
2099,524,1,18,18,18,3,20,7,True,True,False,0.0064417775720357895,correct,0
2100,525,0,46,36,46,0,23,7,False,False,False,0.007195369340479374,other,10
2101,525,0,22,22,22,23,0,23,True,True,False,0.019891129806637764,correct,0
2102,525,1,22,22,22,0,23,0,True,True,False,0.019891129806637764,correct,0
2103,525,1,46,46,46,23,0,23,True,True,False,0.007195369340479374,correct,0
2104,526,0,44,44,44,24,0,24,True,True,False,0.008545486256480217,correct,0
2105,526,0,23,23,23,0,24,0,True,True,False,0.033102307468652725,correct,0
2106,526,1,23,23,23,24,0,24,True,True,False,0.033102307468652725,correct,0
2107,526,1,44,44,44,0,24,0,True,True,False,0.008545486256480217,correct,0
2108,527,0,2,2,2,24,36,24,True,True,False,0.0355350524187088,correct,0
2109,527,0,22,22,22,36,24,36,True,True,False,0.10017592459917068,correct,0
2110,527,1,22,22,22,24,36,24,True,True,False,0.10017592459917068,correct,0
2111,527,1,2,2,2,36,24,36,True,True,False,0.0355350524187088,correct,0
2112,528,0,17,17,17,16,26,16,True,True,False,0.06176269054412842,correct,0
2113,528,0,30,30,30,26,16,26,True,True,False,0.060639768838882446,correct,0
2114,528,1,30,30,30,16,26,14,True,True,False,0.060639768838882446,correct,0
2115,528,1,17,17,17,26,16,26,True,True,False,0.06176269054412842,correct,0
2116,529,0,43,43,43,6,7,6,True,True,False,0.023042814806103706,correct,0
2117,529,0,2,2,2,7,6,7,True,True,False,0.027900829911231995,correct,0
2118,529,1,2,0,2,6,7,6,False,False,False,0.027900829911231995,other,2
2119,529,1,43,43,43,7,6,7,True,True,False,0.023042814806103706,correct,0
2120,530,0,45,45,45,22,18,8,True,True,False,0.0379130095243454,correct,0
2121,530,0,13,13,13,18,22,18,True,True,False,0.07162265479564667,correct,0
2122,530,1,13,13,13,22,18,5,True,True,False,0.07162265479564667,correct,0
2123,530,1,45,45,45,18,22,18,True,True,False,0.0379130095243454,correct,0
2124,531,0,19,19,19,27,24,27,True,True,False,0.06404464691877365,correct,0
2125,531,0,45,45,45,24,27,24,True,True,False,0.05520891025662422,correct,0
2126,531,1,45,45,45,27,24,27,True,True,False,0.05520891025662422,correct,0
2127,531,1,19,19,19,24,27,24,True,True,False,0.06404464691877365,correct,0
2128,532,0,2,2,2,33,0,33,True,True,False,0.016355685889720917,correct,0
2129,532,0,37,37,37,0,33,0,True,True,False,0.005126516800373793,correct,0
2130,532,1,37,37,37,33,0,33,True,True,False,0.005126516800373793,correct,0
2131,532,1,2,2,2,0,33,0,True,True,False,0.016355685889720917,correct,0
2132,533,0,34,34,34,17,14,17,True,True,False,0.0390346460044384,correct,0
2133,533,0,1,27,1,14,17,14,False,False,False,0.08264844119548798,other,26
2134,533,1,1,22,1,17,14,6,False,False,False,0.08264844119548798,other,21
2135,533,1,34,34,34,14,17,14,True,True,False,0.0390346460044384,correct,0
2136,534,0,8,8,8,6,7,6,True,True,False,0.03233395516872406,correct,0
2137,534,0,23,23,23,7,6,7,True,True,False,0.03431186079978943,correct,0
2138,534,1,23,23,23,6,7,6,True,True,False,0.03431186079978943,correct,0
2139,534,1,8,8,8,7,6,7,True,True,False,0.03233395516872406,correct,0
2140,535,0,5,5,5,0,6,0,True,True,False,0.055241070687770844,correct,0
2141,535,0,45,45,45,6,0,6,True,True,False,0.014236443676054478,correct,0
2142,535,1,45,45,45,0,6,0,True,True,False,0.014236443676054478,correct,0
2143,535,1,5,5,5,6,0,8,True,True,False,0.055241070687770844,correct,0
2144,536,0,37,37,37,24,14,24,True,True,False,0.21412503719329834,correct,0
2145,536,0,27,29,27,14,24,6,False,False,False,0.07139723747968674,other,2
2146,536,1,27,29,27,24,14,7,False,False,False,0.07139723747968674,other,2
2147,536,1,37,30,37,14,24,24,False,False,False,0.21412503719329834,other,7
2148,537,0,38,38,38,2,19,2,True,True,False,0.018458213657140732,correct,0
2149,537,0,24,24,24,19,2,19,True,True,False,0.02479829080402851,correct,0
2150,537,1,24,24,24,2,19,2,True,True,False,0.02479829080402851,correct,0
2151,537,1,38,38,38,19,2,19,True,True,False,0.018458213657140732,correct,0
2152,538,0,13,13,13,13,2,6,True,True,False,0.03585315868258476,correct,0
2153,538,0,38,38,38,2,13,2,True,True,False,0.012450838461518288,correct,0
2154,538,1,38,38,38,13,2,13,True,True,False,0.012450838461518288,correct,0
2155,538,1,13,13,13,2,13,2,True,True,False,0.03585315868258476,correct,0
2156,539,0,4,35,4,37,14,14,False,False,False,0.00842320267111063,other,31
2157,539,0,7,7,7,14,37,27,True,True,False,0.011606858111917973,correct,0
2158,539,1,7,7,7,37,14,14,True,True,False,0.011606858111917973,correct,0
2159,539,1,4,4,4,14,37,14,True,True,False,0.00842320267111063,correct,0
2160,540,0,23,23,23,18,7,18,True,True,False,0.06254810094833374,correct,0
2161,540,0,7,7,7,7,18,7,True,True,False,0.047437191009521484,correct,0
2162,540,1,7,7,7,18,7,18,True,True,False,0.047437191009521484,correct,0
2163,540,1,23,23,23,7,18,7,True,True,False,0.06254810094833374,correct,0
2164,541,0,26,26,26,38,14,38,True,True,False,0.014720487408339977,correct,0
2165,541,0,11,28,11,14,38,14,False,False,False,0.029335372149944305,other,17
2166,541,1,11,11,11,38,14,38,True,True,False,0.029335372149944305,correct,0
2167,541,1,26,26,26,14,38,14,True,True,False,0.014720487408339977,correct,0
2168,542,0,44,44,44,7,18,7,True,True,False,0.010219322517514229,correct,0
2169,542,0,48,48,48,18,7,18,True,True,False,0.03159231320023537,correct,0
2170,542,1,48,48,48,7,18,7,True,True,False,0.03159231320023537,correct,0
2171,542,1,44,47,44,18,7,18,False,False,False,0.010219322517514229,other,3
2172,543,0,31,31,31,27,0,14,True,True,False,0.05915166810154915,correct,0
2173,543,0,1,1,1,0,27,0,True,True,False,0.02282712236046791,correct,0
2174,543,1,1,36,1,27,0,14,False,False,False,0.02282712236046791,other,35
2175,543,1,31,30,31,0,27,0,False,False,True,0.05915166810154915,off_by_one,1
2176,544,0,14,14,14,27,0,0,True,True,False,0.029668627306818962,correct,0
2177,544,0,25,25,25,0,27,0,True,True,False,0.030551128089427948,correct,0
2178,544,1,25,25,25,27,0,27,True,True,False,0.030551128089427948,correct,0
2179,544,1,14,14,14,0,27,27,True,True,False,0.029668627306818962,correct,0
2180,545,0,8,8,8,38,16,38,True,True,False,0.04414570704102516,correct,0
2181,545,0,31,30,31,16,38,16,False,False,True,0.03365439549088478,off_by_one,1
2182,545,1,31,31,31,38,16,14,True,True,False,0.03365439549088478,correct,0
2183,545,1,8,8,8,16,38,16,True,True,False,0.04414570704102516,correct,0
2184,546,0,1,17,1,9,14,9,False,False,False,0.03727368265390396,other,16
2185,546,0,18,18,18,14,9,14,True,True,False,0.04991111159324646,correct,0
2186,546,1,18,18,18,9,14,9,True,True,False,0.04991111159324646,correct,0
2187,546,1,1,29,1,14,9,14,False,False,False,0.03727368265390396,other,28
2188,547,0,22,22,22,2,19,2,True,True,False,0.0685972049832344,correct,0
2189,547,0,26,26,26,19,2,19,True,True,False,0.03633185103535652,correct,0
2190,547,1,26,26,26,2,19,3,True,True,False,0.03633185103535652,correct,0
2191,547,1,22,22,22,19,2,19,True,True,False,0.0685972049832344,correct,0
2192,548,0,18,19,18,14,16,0,False,False,True,0.04942731931805611,off_by_one,1
2193,548,0,47,47,47,16,14,16,True,True,False,0.04633128643035889,correct,0
2194,548,1,47,47,47,14,16,14,True,True,False,0.04633128643035889,correct,0
2195,548,1,18,18,18,16,14,16,True,True,False,0.04942731931805611,correct,0
2196,549,0,11,11,11,19,7,18,True,True,False,0.006908143404871225,correct,0
2197,549,0,20,20,20,7,19,7,True,True,False,0.02919701859354973,correct,0
2198,549,1,20,20,20,19,7,19,True,True,False,0.02919701859354973,correct,0
2199,549,1,11,11,11,7,19,15,True,True,False,0.006908143404871225,correct,0
2200,550,0,17,17,17,28,34,23,True,True,False,0.01636185683310032,correct,0
2201,550,0,11,11,11,34,28,34,True,True,False,0.012598824687302113,correct,0
2202,550,1,11,28,11,28,34,28,False,False,False,0.012598824687302113,other,17
2203,550,1,17,17,17,34,28,34,True,True,False,0.01636185683310032,correct,0
2204,551,0,47,15,47,7,1,7,False,False,False,0.051673147827386856,other,32
2205,551,0,24,24,24,1,7,7,True,True,False,0.01970314420759678,correct,0
2206,551,1,24,12,24,7,1,20,False,False,False,0.01970314420759678,other,12
2207,551,1,47,47,47,1,7,1,True,True,False,0.051673147827386856,correct,0
2208,552,0,18,24,18,24,26,24,False,False,False,0.053502462804317474,other,6
2209,552,0,1,1,1,26,24,26,True,True,False,0.03164294362068176,correct,0
2210,552,1,1,24,1,24,26,24,False,False,False,0.03164294362068176,other,23
2211,552,1,18,18,18,26,24,26,True,True,False,0.053502462804317474,correct,0
2212,553,0,43,43,43,1,0,1,True,True,False,0.013281422667205334,correct,0
2213,553,0,42,42,42,0,1,0,True,True,False,0.08331187069416046,correct,0
2214,553,1,42,42,42,1,0,1,True,True,False,0.08331187069416046,correct,0
2215,553,1,43,43,43,0,1,14,True,True,False,0.013281422667205334,correct,0
2216,554,0,30,30,30,6,24,6,True,True,False,0.08580875396728516,correct,0
2217,554,0,29,29,29,24,6,24,True,True,False,0.08276430517435074,correct,0
2218,554,1,29,29,29,6,24,6,True,True,False,0.08276430517435074,correct,0
2219,554,1,30,30,30,24,6,24,True,True,False,0.08580875396728516,correct,0
2220,555,0,16,16,16,14,30,14,True,True,False,0.05560413375496864,correct,0
2221,555,0,44,44,44,30,14,12,True,True,False,0.017153451219201088,correct,0
2222,555,1,44,44,44,14,30,23,True,True,False,0.017153451219201088,correct,0
2223,555,1,16,16,16,30,14,12,True,True,False,0.05560413375496864,correct,0
2224,556,0,34,34,34,6,16,6,True,True,False,0.06779638677835464,correct,0
2225,556,0,25,25,25,16,6,16,True,True,False,0.03407111018896103,correct,0
2226,556,1,25,25,25,6,16,6,True,True,False,0.03407111018896103,correct,0
2227,556,1,34,34,34,16,6,16,True,True,False,0.06779638677835464,correct,0
2228,557,0,17,17,17,7,15,7,True,True,False,0.02160038612782955,correct,0
2229,557,0,33,33,33,15,7,15,True,True,False,0.0305080134421587,correct,0
2230,557,1,33,33,33,7,15,7,True,True,False,0.0305080134421587,correct,0
2231,557,1,17,17,17,15,7,7,True,True,False,0.02160038612782955,correct,0
2232,558,0,11,11,11,1,3,1,True,True,False,0.01173147652298212,correct,0
2233,558,0,36,36,36,3,1,36,True,True,False,0.04149074852466583,correct,0
2234,558,1,36,36,36,1,3,1,True,True,False,0.04149074852466583,correct,0
2235,558,1,11,11,11,3,1,3,True,True,False,0.01173147652298212,correct,0
2236,559,0,20,20,20,7,16,7,True,True,False,0.049930986016988754,correct,0
2237,559,0,22,22,22,16,7,16,True,True,False,0.08132264763116837,correct,0
2238,559,1,22,22,22,7,16,7,True,True,False,0.08132264763116837,correct,0
2239,559,1,20,20,20,16,7,16,True,True,False,0.049930986016988754,correct,0
2240,560,0,38,38,38,19,2,19,True,True,False,0.010107080452144146,correct,0
2241,560,0,1,1,1,2,19,2,True,True,False,0.014565578661859035,correct,0
2242,560,1,1,17,1,19,2,20,False,False,False,0.014565578661859035,other,16
2243,560,1,38,38,38,2,19,2,True,True,False,0.010107080452144146,correct,0
2244,561,0,37,37,37,12,16,12,True,True,False,0.010727304965257645,correct,0
2245,561,0,43,43,43,16,12,16,True,True,False,0.018807340413331985,correct,0
2246,561,1,43,43,43,12,16,12,True,True,False,0.018807340413331985,correct,0
2247,561,1,37,37,37,16,12,16,True,True,False,0.010727304965257645,correct,0
2248,562,0,11,10,11,14,8,14,False,False,True,0.03088456764817238,off_by_one,1
2249,562,0,21,21,21,8,14,24,True,True,False,0.09861049801111221,correct,0
2250,562,1,21,21,21,14,8,27,True,True,False,0.09861049801111221,correct,0
2251,562,1,11,11,11,8,14,8,True,True,False,0.03088456764817238,correct,0
2252,563,0,16,16,16,9,16,20,True,True,False,0.0728672668337822,correct,0
2253,563,0,37,37,37,16,9,16,True,True,False,0.02572975493967533,correct,0
2254,563,1,37,37,37,9,16,9,True,True,False,0.02572975493967533,correct,0
2255,563,1,16,16,16,16,9,16,True,True,False,0.0728672668337822,correct,0
2256,564,0,40,40,40,24,6,24,True,True,False,0.04960303753614426,correct,0
2257,564,0,6,6,6,6,24,6,True,True,False,0.2974396347999573,correct,0
2258,564,1,6,6,6,24,6,24,True,True,False,0.2974396347999573,correct,0
2259,564,1,40,40,40,6,24,6,True,True,False,0.04960303753614426,correct,0
2260,565,0,27,27,27,16,12,16,True,True,False,0.030642401427030563,correct,0
2261,565,0,35,35,35,12,16,12,True,True,False,0.0061780414544045925,correct,0
2262,565,1,35,35,35,16,12,16,True,True,False,0.0061780414544045925,correct,0
2263,565,1,27,27,27,12,16,12,True,True,False,0.030642401427030563,correct,0
2264,566,0,13,13,13,38,7,24,True,True,False,0.058133482933044434,correct,0
2265,566,0,3,3,3,7,38,7,True,True,False,0.03175896406173706,correct,0
2266,566,1,3,3,3,38,7,38,True,True,False,0.03175896406173706,correct,0
2267,566,1,13,13,13,7,38,7,True,True,False,0.058133482933044434,correct,0
2268,567,0,7,7,7,5,7,5,True,True,False,0.017144886776804924,correct,0
2269,567,0,1,1,1,7,5,7,True,True,False,0.04151904582977295,correct,0
2270,567,1,1,12,1,5,7,5,False,False,False,0.04151904582977295,other,11
2271,567,1,7,7,7,7,5,7,True,True,False,0.017144886776804924,correct,0
2272,568,0,18,18,18,18,14,18,True,True,False,0.03938573598861694,correct,0
2273,568,0,5,5,5,14,18,14,True,True,False,0.05619025602936745,correct,0
2274,568,1,5,5,5,18,14,2,True,True,False,0.05619025602936745,correct,0
2275,568,1,18,18,18,14,18,14,True,True,False,0.03938573598861694,correct,0
2276,569,0,10,10,10,36,24,36,True,True,False,0.06252562254667282,correct,0
2277,569,0,4,4,4,24,36,24,True,True,False,0.01209491491317749,correct,0
2278,569,1,4,4,4,36,24,19,True,True,False,0.01209491491317749,correct,0
2279,569,1,10,29,10,24,36,7,False,False,False,0.06252562254667282,other,19
2280,570,0,39,39,39,14,15,14,True,True,False,0.014508695341646671,correct,0
2281,570,0,29,29,29,15,14,37,True,True,False,0.006945692468434572,correct,0
2282,570,1,29,11,29,14,15,0,False,False,False,0.006945692468434572,other,18
2283,570,1,39,39,39,15,14,15,True,True,False,0.014508695341646671,correct,0
2284,571,0,26,26,26,7,36,7,True,True,False,0.02484126016497612,correct,0
2285,571,0,24,24,24,36,7,36,True,True,False,0.005300042685121298,correct,0
2286,571,1,24,24,24,7,36,7,True,True,False,0.005300042685121298,correct,0
2287,571,1,26,26,26,36,7,36,True,True,False,0.02484126016497612,correct,0
2288,572,0,20,20,20,11,2,11,True,True,False,0.06203552335500717,correct,0
2289,572,0,7,7,7,2,11,2,True,True,False,0.009083658456802368,correct,0
2290,572,1,7,7,7,11,2,11,True,True,False,0.009083658456802368,correct,0
2291,572,1,20,20,20,2,11,5,True,True,False,0.06203552335500717,correct,0
2292,573,0,0,0,0,8,10,8,True,True,False,0.05774623900651932,correct,0
2293,573,0,12,12,12,10,8,10,True,True,False,0.052379023283720016,correct,0
2294,573,1,12,24,12,8,10,8,False,False,False,0.052379023283720016,other,12
2295,573,1,0,0,0,10,8,10,True,True,False,0.05774623900651932,correct,0
2296,574,0,25,25,25,18,16,18,True,True,False,0.012368351221084595,correct,0
2297,574,0,5,5,5,16,18,14,True,True,False,0.03152237460017204,correct,0
2298,574,1,5,5,5,18,16,18,True,True,False,0.03152237460017204,correct,0
2299,574,1,25,25,25,16,18,27,True,True,False,0.012368351221084595,correct,0
2300,575,0,6,6,6,2,7,2,True,True,False,0.08643091470003128,correct,0
2301,575,0,38,38,38,7,2,7,True,True,False,0.003310462925583124,correct,0
2302,575,1,38,38,38,2,7,2,True,True,False,0.003310462925583124,correct,0
2303,575,1,6,6,6,7,2,7,True,True,False,0.08643091470003128,correct,0
2304,576,0,22,22,22,8,7,8,True,True,False,0.08348982781171799,correct,0
2305,576,0,7,7,7,7,8,7,True,True,False,0.0846761092543602,correct,0
2306,576,1,7,7,7,8,7,8,True,True,False,0.0846761092543602,correct,0
2307,576,1,22,22,22,7,8,7,True,True,False,0.08348982781171799,correct,0
2308,577,0,42,42,42,22,14,22,True,True,False,0.06607367843389511,correct,0
2309,577,0,40,40,40,14,22,14,True,True,False,0.02695941925048828,correct,0
2310,577,1,40,43,40,22,14,5,False,False,False,0.02695941925048828,other,3
2311,577,1,42,42,42,14,22,14,True,True,False,0.06607367843389511,correct,0
2312,578,0,22,22,22,17,12,17,True,True,False,0.0544869564473629,correct,0
2313,578,0,33,33,33,12,17,12,True,True,False,0.011671382933855057,correct,0
2314,578,1,33,33,33,17,12,17,True,True,False,0.011671382933855057,correct,0
2315,578,1,22,22,22,12,17,12,True,True,False,0.0544869564473629,correct,0
2316,579,0,8,8,8,20,14,7,True,True,False,0.019074687734246254,correct,0
2317,579,0,22,22,22,14,20,14,True,True,False,0.009383585304021835,correct,0
2318,579,1,22,22,22,20,14,7,True,True,False,0.009383585304021835,correct,0
2319,579,1,8,8,8,14,20,14,True,True,False,0.019074687734246254,correct,0
2320,580,0,27,4,27,27,18,27,False,False,False,0.029149353504180908,other,23
2321,580,0,30,30,30,18,27,18,True,True,False,0.05498789995908737,correct,0
2322,580,1,30,30,30,27,18,14,True,True,False,0.05498789995908737,correct,0
2323,580,1,27,27,27,18,27,18,True,True,False,0.029149353504180908,correct,0
2324,581,0,22,22,22,20,12,7,True,True,False,0.03192780911922455,correct,0
2325,581,0,33,33,33,12,20,12,True,True,False,0.015756048262119293,correct,0
2326,581,1,33,33,33,20,12,7,True,True,False,0.015756048262119293,correct,0
2327,581,1,22,22,22,12,20,12,True,True,False,0.03192780911922455,correct,0
2328,582,0,19,19,19,36,7,36,True,True,False,0.03419516608119011,correct,0
2329,582,0,2,2,2,7,36,3,True,True,False,0.0554141104221344,correct,0
2330,582,1,2,2,2,36,7,36,True,True,False,0.0554141104221344,correct,0
2331,582,1,19,19,19,7,36,7,True,True,False,0.03419516608119011,correct,0
2332,583,0,9,9,9,6,0,6,True,True,False,0.026870138943195343,correct,0
2333,583,0,34,34,34,0,6,0,True,True,False,0.03349288925528526,correct,0
2334,583,1,34,34,34,6,0,6,True,True,False,0.03349288925528526,correct,0
2335,583,1,9,9,9,0,6,14,True,True,False,0.026870138943195343,correct,0
2336,584,0,39,39,39,18,7,18,True,True,False,0.01598002202808857,correct,0
2337,584,0,31,31,31,7,18,7,True,True,False,0.046332381665706635,correct,0
2338,584,1,31,31,31,18,7,18,True,True,False,0.046332381665706635,correct,0
2339,584,1,39,39,39,7,18,7,True,True,False,0.01598002202808857,correct,0
2340,585,0,21,21,21,7,16,7,True,True,False,0.02949937805533409,correct,0
2341,585,0,47,47,47,16,7,16,True,True,False,0.0595710389316082,correct,0
2342,585,1,47,47,47,7,16,7,True,True,False,0.0595710389316082,correct,0
2343,585,1,21,21,21,16,7,14,True,True,False,0.02949937805533409,correct,0
2344,586,0,9,9,9,14,6,14,True,True,False,0.03513016551733017,correct,0
2345,586,0,41,41,41,6,14,6,True,True,False,0.020384816452860832,correct,0
2346,586,1,41,41,41,14,6,14,True,True,False,0.020384816452860832,correct,0
2347,586,1,9,9,9,6,14,6,True,True,False,0.03513016551733017,correct,0
2348,587,0,38,38,38,6,18,6,True,True,False,0.009376478381454945,correct,0
2349,587,0,21,21,21,18,6,18,True,True,False,0.04903499037027359,correct,0
2350,587,1,21,21,21,6,18,6,True,True,False,0.04903499037027359,correct,0
2351,587,1,38,38,38,18,6,18,True,True,False,0.009376478381454945,correct,0
2352,588,0,5,5,5,6,0,8,True,True,False,0.055241070687770844,correct,0
2353,588,0,3,3,3,0,6,0,True,True,False,0.030186323449015617,correct,0
2354,588,1,3,3,3,6,0,6,True,True,False,0.030186323449015617,correct,0
2355,588,1,5,5,5,0,6,0,True,True,False,0.055241070687770844,correct,0
2356,589,0,31,31,31,5,6,5,True,True,False,0.05828065797686577,correct,0
2357,589,0,26,26,26,6,5,6,True,True,False,0.03346507251262665,correct,0
2358,589,1,26,26,26,5,6,5,True,True,False,0.03346507251262665,correct,0
2359,589,1,31,31,31,6,5,6,True,True,False,0.05828065797686577,correct,0
2360,590,0,34,34,34,18,7,18,True,True,False,0.017703192308545113,correct,0
2361,590,0,27,29,27,7,18,7,False,False,False,0.0682348757982254,other,2
2362,590,1,27,27,27,18,7,18,True,True,False,0.0682348757982254,correct,0
2363,590,1,34,34,34,7,18,7,True,True,False,0.017703192308545113,correct,0
2364,591,0,0,0,0,0,30,0,True,True,False,0.03421814739704132,correct,0
2365,591,0,30,30,30,30,0,30,True,True,False,0.06135626509785652,correct,0
2366,591,1,30,30,30,0,30,0,True,True,False,0.06135626509785652,correct,0
2367,591,1,0,0,0,30,0,30,True,True,False,0.03421814739704132,correct,0
2368,592,0,32,32,32,38,7,38,True,True,False,0.020028186962008476,correct,0
2369,592,0,16,15,16,7,38,7,False,False,True,0.07102366536855698,off_by_one,1
2370,592,1,16,23,16,38,7,14,False,False,False,0.07102366536855698,other,7
2371,592,1,32,32,32,7,38,7,True,True,False,0.020028186962008476,correct,0
2372,593,0,28,28,28,23,16,23,True,True,False,0.011562852188944817,correct,0
2373,593,0,22,22,22,16,23,16,True,True,False,0.02805427461862564,correct,0
2374,593,1,22,22,22,23,16,23,True,True,False,0.02805427461862564,correct,0
2375,593,1,28,28,28,16,23,16,True,True,False,0.011562852188944817,correct,0
2376,594,0,43,43,43,8,14,39,True,True,False,0.03785478696227074,correct,0
2377,594,0,42,42,42,14,8,14,True,True,False,0.133922278881073,correct,0
2378,594,1,42,42,42,8,14,8,True,True,False,0.133922278881073,correct,0
2379,594,1,43,43,43,14,8,14,True,True,False,0.03785478696227074,correct,0
2380,595,0,29,28,29,9,6,9,False,False,True,0.010769671760499477,off_by_one,1
2381,595,0,26,26,26,6,9,6,True,True,False,0.04617155343294144,correct,0
2382,595,1,26,26,26,9,6,9,True,True,False,0.04617155343294144,correct,0
2383,595,1,29,29,29,6,9,6,True,True,False,0.010769671760499477,correct,0
2384,596,0,46,46,46,26,17,26,True,True,False,0.05781782045960426,correct,0
2385,596,0,2,43,2,17,26,17,False,False,False,0.05301731079816818,other,41
2386,596,1,2,2,2,26,17,26,True,True,False,0.05301731079816818,correct,0
2387,596,1,46,3,46,17,26,17,False,False,False,0.05781782045960426,other,43
2388,597,0,16,16,16,7,6,20,True,True,False,0.060749899595975876,correct,0
2389,597,0,23,23,23,6,7,6,True,True,False,0.03061477281153202,correct,0
2390,597,1,23,23,23,7,6,7,True,True,False,0.03061477281153202,correct,0
2391,597,1,16,16,16,6,7,6,True,True,False,0.060749899595975876,correct,0
2392,598,0,11,10,11,7,24,7,False,False,True,0.015586772002279758,off_by_one,1
2393,598,0,31,31,31,24,7,24,True,True,False,0.06066124141216278,correct,0
2394,598,1,31,10,31,7,24,7,False,False,False,0.06066124141216278,other,21
2395,598,1,11,29,11,24,7,24,False,False,False,0.015586772002279758,other,18
2396,599,0,46,46,46,15,36,15,True,True,False,0.052231188863515854,correct,0
2397,599,0,23,23,23,36,15,36,True,True,False,0.02086128108203411,correct,0
2398,599,1,23,23,23,15,36,15,True,True,False,0.02086128108203411,correct,0
2399,599,1,46,43,46,36,15,36,False,False,False,0.052231188863515854,other,3
2400,600,0,9,22,9,7,17,14,False,False,False,0.06961260735988617,other,13
2401,600,0,45,35,45,17,7,17,False,False,False,0.009674246422946453,other,10
2402,600,1,45,45,45,7,17,7,True,True,False,0.009674246422946453,correct,0
2403,600,1,9,38,9,17,7,17,False,False,False,0.06961260735988617,other,29
2404,601,0,37,37,37,32,18,7,True,True,False,0.02568553201854229,correct,0
2405,601,0,28,11,28,18,32,7,False,False,False,0.03203345462679863,other,17
2406,601,1,28,28,28,32,18,32,True,True,False,0.03203345462679863,correct,0
2407,601,1,37,37,37,18,32,18,True,True,False,0.02568553201854229,correct,0
2408,602,0,32,32,32,11,7,0,True,True,False,0.036462295800447464,correct,0
2409,602,0,48,48,48,7,11,7,True,True,False,0.034710559993982315,correct,0
2410,602,1,48,48,48,11,7,11,True,True,False,0.034710559993982315,correct,0
2411,602,1,32,32,32,7,11,7,True,True,False,0.036462295800447464,correct,0
2412,603,0,40,40,40,31,18,31,True,True,False,0.02144021727144718,correct,0
2413,603,0,38,38,38,18,31,18,True,True,False,0.020845020189881325,correct,0
2414,603,1,38,38,38,31,18,14,True,True,False,0.020845020189881325,correct,0
2415,603,1,40,40,40,18,31,18,True,True,False,0.02144021727144718,correct,0
2416,604,0,47,47,47,6,4,6,True,True,False,0.02458634227514267,correct,0
2417,604,0,44,44,44,4,6,4,True,True,False,0.005331805441528559,correct,0
2418,604,1,44,44,44,6,4,6,True,True,False,0.005331805441528559,correct,0
2419,604,1,47,47,47,4,6,4,True,True,False,0.02458634227514267,correct,0
2420,605,0,15,15,15,18,38,2,True,True,False,0.0691516175866127,correct,0
2421,605,0,11,11,11,38,18,27,True,True,False,0.018500324338674545,correct,0
2422,605,1,11,10,11,18,38,18,False,False,True,0.018500324338674545,off_by_one,1
2423,605,1,15,16,15,38,18,38,False,False,True,0.0691516175866127,off_by_one,1
2424,606,0,14,14,14,15,16,15,True,True,False,0.026789741590619087,correct,0
2425,606,0,0,0,0,16,15,16,True,True,False,0.03503801301121712,correct,0
2426,606,1,0,0,0,15,16,17,True,True,False,0.03503801301121712,correct,0
2427,606,1,14,14,14,16,15,16,True,True,False,0.026789741590619087,correct,0
2428,607,0,0,0,0,8,6,8,True,True,False,0.02934017777442932,correct,0
2429,607,0,3,3,3,6,8,6,True,True,False,0.016835326328873634,correct,0
2430,607,1,3,3,3,8,6,8,True,True,False,0.016835326328873634,correct,0
2431,607,1,0,0,0,6,8,6,True,True,False,0.02934017777442932,correct,0
2432,608,0,21,21,21,15,3,7,True,True,False,0.061251450330019,correct,0
2433,608,0,14,14,14,3,15,12,True,True,False,0.00960641447454691,correct,0
2434,608,1,14,14,14,15,3,15,True,True,False,0.00960641447454691,correct,0
2435,608,1,21,21,21,3,15,3,True,True,False,0.061251450330019,correct,0
2436,609,0,11,29,11,9,8,9,False,False,False,0.052035991102457047,other,18
2437,609,0,23,23,23,8,9,8,True,True,False,0.06856509298086166,correct,0
2438,609,1,23,23,23,9,8,9,True,True,False,0.06856509298086166,correct,0
2439,609,1,11,28,11,8,9,8,False,False,False,0.052035991102457047,other,17
2440,610,0,3,3,3,16,14,27,True,True,False,0.019995752722024918,correct,0
2441,610,0,26,22,26,14,16,6,False,False,False,0.14751186966896057,other,4
2442,610,1,26,26,26,16,14,27,True,True,False,0.14751186966896057,correct,0
2443,610,1,3,3,3,14,16,14,True,True,False,0.019995752722024918,correct,0
2444,611,0,5,5,5,37,27,14,True,True,False,0.06319788843393326,correct,0
2445,611,0,35,35,35,27,37,14,True,True,False,0.013457804918289185,correct,0
2446,611,1,35,35,35,37,27,14,True,True,False,0.013457804918289185,correct,0
2447,611,1,5,5,5,27,37,27,True,True,False,0.06319788843393326,correct,0
2448,612,0,19,19,19,6,15,6,True,True,False,0.051213763654232025,correct,0
2449,612,0,32,32,32,15,6,15,True,True,False,0.006907331291586161,correct,0
2450,612,1,32,32,32,6,15,6,True,True,False,0.006907331291586161,correct,0
2451,612,1,19,19,19,15,6,15,True,True,False,0.051213763654232025,correct,0
2452,613,0,42,42,42,16,17,16,True,True,False,0.06584793329238892,correct,0
2453,613,0,7,30,7,17,16,14,False,False,False,0.10015459358692169,other,23
2454,613,1,7,7,7,16,17,16,True,True,False,0.10015459358692169,correct,0
2455,613,1,42,42,42,17,16,17,True,True,False,0.06584793329238892,correct,0
2456,614,0,39,39,39,18,0,18,True,True,False,0.025321006774902344,correct,0
2457,614,0,22,22,22,0,18,14,True,True,False,0.007107301615178585,correct,0
2458,614,1,22,30,22,18,0,18,False,False,False,0.007107301615178585,other,8
2459,614,1,39,39,39,0,18,0,True,True,False,0.025321006774902344,correct,0
2460,615,0,44,45,44,7,24,7,False,False,True,0.059801675379276276,off_by_one,1
2461,615,0,39,38,39,24,7,24,False,False,True,0.026011567562818527,off_by_one,1
2462,615,1,39,39,39,7,24,7,True,True,False,0.026011567562818527,correct,0
2463,615,1,44,45,44,24,7,24,False,False,True,0.059801675379276276,off_by_one,1
2464,616,0,2,2,2,20,6,20,True,True,False,0.04136067256331444,correct,0
2465,616,0,25,25,25,6,20,6,True,True,False,0.03703242167830467,correct,0
2466,616,1,25,25,25,20,6,20,True,True,False,0.03703242167830467,correct,0
2467,616,1,2,2,2,6,20,6,True,True,False,0.04136067256331444,correct,0
2468,617,0,34,34,34,20,3,20,True,True,False,0.025550009682774544,correct,0
2469,617,0,44,44,44,3,20,3,True,True,False,0.011050567030906677,correct,0
2470,617,1,44,44,44,20,3,20,True,True,False,0.011050567030906677,correct,0
2471,617,1,34,34,34,3,20,2,True,True,False,0.025550009682774544,correct,0
2472,618,0,26,26,26,12,11,12,True,True,False,0.015974657610058784,correct,0
2473,618,0,30,30,30,11,12,0,True,True,False,0.035269465297460556,correct,0
2474,618,1,30,30,30,12,11,12,True,True,False,0.035269465297460556,correct,0
2475,618,1,26,26,26,11,12,0,True,True,False,0.015974657610058784,correct,0
2476,619,0,2,2,2,24,20,7,True,True,False,0.010744474828243256,correct,0
2477,619,0,45,45,45,20,24,20,True,True,False,0.04299836605787277,correct,0
2478,619,1,45,44,45,24,20,24,False,False,True,0.04299836605787277,off_by_one,1
2479,619,1,2,2,2,20,24,20,True,True,False,0.010744474828243256,correct,0
2480,620,0,47,47,47,12,10,12,True,True,False,0.023590147495269775,correct,0
2481,620,0,30,30,30,10,12,16,True,True,False,0.043098438531160355,correct,0
2482,620,1,30,30,30,12,10,12,True,True,False,0.043098438531160355,correct,0
2483,620,1,47,47,47,10,12,10,True,True,False,0.023590147495269775,correct,0
2484,621,0,36,36,36,6,24,6,True,True,False,0.0587536096572876,correct,0
2485,621,0,15,15,15,24,6,24,True,True,False,0.09544160962104797,correct,0
2486,621,1,15,16,15,6,24,6,False,False,True,0.09544160962104797,off_by_one,1
2487,621,1,36,36,36,24,6,24,True,True,False,0.0587536096572876,correct,0
2488,622,0,13,13,13,7,16,7,True,True,False,0.06094527617096901,correct,0
2489,622,0,48,48,48,16,7,16,True,True,False,0.047493599355220795,correct,0
2490,622,1,48,48,48,7,16,7,True,True,False,0.047493599355220795,correct,0
2491,622,1,13,13,13,16,7,14,True,True,False,0.06094527617096901,correct,0
2492,623,0,5,5,5,17,14,17,True,True,False,0.01185339130461216,correct,0
2493,623,0,38,38,38,14,17,14,True,True,False,0.010566170327365398,correct,0
2494,623,1,38,38,38,17,14,17,True,True,False,0.010566170327365398,correct,0
2495,623,1,5,5,5,14,17,14,True,True,False,0.01185339130461216,correct,0
2496,624,0,14,14,14,36,15,36,True,True,False,0.02905135415494442,correct,0
2497,624,0,46,46,46,15,36,15,True,True,False,0.011578362435102463,correct,0
2498,624,1,46,46,46,36,15,36,True,True,False,0.011578362435102463,correct,0
2499,624,1,14,14,14,15,36,15,True,True,False,0.02905135415494442,correct,0
2500,625,0,5,5,5,7,18,7,True,True,False,0.0954464003443718,correct,0
2501,625,0,45,45,45,18,7,18,True,True,False,0.03828604146838188,correct,0
2502,625,1,45,45,45,7,18,7,True,True,False,0.03828604146838188,correct,0
2503,625,1,5,5,5,18,7,18,True,True,False,0.0954464003443718,correct,0
2504,626,0,0,0,0,2,10,2,True,True,False,0.03438945114612579,correct,0
2505,626,0,46,46,46,10,2,10,True,True,False,0.044937584549188614,correct,0
2506,626,1,46,46,46,2,10,2,True,True,False,0.044937584549188614,correct,0
2507,626,1,0,0,0,10,2,10,True,True,False,0.03438945114612579,correct,0
2508,627,0,44,44,44,14,18,14,True,True,False,0.025492314249277115,correct,0
2509,627,0,38,38,38,18,14,18,True,True,False,0.02467709593474865,correct,0
2510,627,1,38,38,38,14,18,14,True,True,False,0.02467709593474865,correct,0
2511,627,1,44,44,44,18,14,18,True,True,False,0.025492314249277115,correct,0
2512,628,0,38,38,38,14,15,14,True,True,False,0.0035683545283973217,correct,0
2513,628,0,46,46,46,15,14,15,True,True,False,0.03605404123663902,correct,0
2514,628,1,46,46,46,14,15,14,True,True,False,0.03605404123663902,correct,0
2515,628,1,38,38,38,15,14,15,True,True,False,0.0035683545283973217,correct,0
2516,629,0,29,29,29,18,14,18,True,True,False,0.03884204104542732,correct,0
2517,629,0,40,40,40,14,18,14,True,True,False,0.03130922093987465,correct,0
2518,629,1,40,40,40,18,14,18,True,True,False,0.03130922093987465,correct,0
2519,629,1,29,29,29,14,18,14,True,True,False,0.03884204104542732,correct,0
2520,630,0,0,0,0,18,7,2,True,True,False,0.03861185535788536,correct,0
2521,630,0,13,13,13,7,18,7,True,True,False,0.04377321898937225,correct,0
2522,630,1,13,13,13,18,7,24,True,True,False,0.04377321898937225,correct,0
2523,630,1,0,0,0,7,18,7,True,True,False,0.03861185535788536,correct,0
2524,631,0,40,40,40,9,15,9,True,True,False,0.02153380773961544,correct,0
2525,631,0,42,42,42,15,9,15,True,True,False,0.09526427090167999,correct,0
2526,631,1,42,42,42,9,15,9,True,True,False,0.09526427090167999,correct,0
2527,631,1,40,40,40,15,9,15,True,True,False,0.02153380773961544,correct,0
2528,632,0,5,5,5,35,24,35,True,True,False,0.07794234901666641,correct,0
2529,632,0,1,1,1,24,35,24,True,True,False,0.015128246508538723,correct,0
2530,632,1,1,1,1,35,24,35,True,True,False,0.015128246508538723,correct,0
2531,632,1,5,5,5,24,35,24,True,True,False,0.07794234901666641,correct,0
2532,633,0,48,48,48,3,5,3,True,True,False,0.02131575159728527,correct,0
2533,633,0,0,0,0,5,3,5,True,True,False,0.020400183275341988,correct,0
2534,633,1,0,0,0,3,5,24,True,True,False,0.020400183275341988,correct,0
2535,633,1,48,48,48,5,3,5,True,True,False,0.02131575159728527,correct,0
2536,634,0,45,24,45,6,16,6,False,False,False,0.03579144924879074,other,21
2537,634,0,32,32,32,16,6,16,True,True,False,0.07515618950128555,correct,0
2538,634,1,32,32,32,6,16,6,True,True,False,0.07515618950128555,correct,0
2539,634,1,45,24,45,16,6,16,False,False,False,0.03579144924879074,other,21
2540,635,0,30,30,30,36,27,36,True,True,False,0.06009795516729355,correct,0
2541,635,0,29,29,29,27,36,14,True,True,False,0.007997636683285236,correct,0
2542,635,1,29,29,29,36,27,18,True,True,False,0.007997636683285236,correct,0
2543,635,1,30,32,30,27,36,14,False,False,False,0.06009795516729355,other,2
2544,636,0,14,14,14,26,0,26,True,True,False,0.06170497089624405,correct,0
2545,636,0,41,41,41,0,26,23,True,True,False,0.02433750219643116,correct,0
2546,636,1,41,41,41,26,0,26,True,True,False,0.02433750219643116,correct,0
2547,636,1,14,14,14,0,26,0,True,True,False,0.06170497089624405,correct,0
2548,637,0,37,37,37,8,12,8,True,True,False,0.02298838086426258,correct,0
2549,637,0,2,27,2,12,8,12,False,False,False,0.013273986056447029,other,25
2550,637,1,2,2,2,8,12,8,True,True,False,0.013273986056447029,correct,0
2551,637,1,37,37,37,12,8,12,True,True,False,0.02298838086426258,correct,0
2552,638,0,46,46,46,15,6,17,True,True,False,0.042274679988622665,correct,0
2553,638,0,41,41,41,6,15,13,True,True,False,0.03779548779129982,correct,0
2554,638,1,41,41,41,15,6,16,True,True,False,0.03779548779129982,correct,0
2555,638,1,46,46,46,6,15,6,True,True,False,0.042274679988622665,correct,0
2556,639,0,15,15,15,24,7,4,True,True,False,0.09036530554294586,correct,0
2557,639,0,25,25,25,7,24,7,True,True,False,0.023721151053905487,correct,0
2558,639,1,25,25,25,24,7,24,True,True,False,0.023721151053905487,correct,0
2559,639,1,15,15,15,7,24,7,True,True,False,0.09036530554294586,correct,0
2560,640,0,38,38,38,7,28,17,True,True,False,0.00597101217135787,correct,0
2561,640,0,40,40,40,28,7,28,True,True,False,0.07274878025054932,correct,0
2562,640,1,40,40,40,7,28,7,True,True,False,0.07274878025054932,correct,0
2563,640,1,38,38,38,28,7,14,True,True,False,0.00597101217135787,correct,0
2564,641,0,0,0,0,5,7,5,True,True,False,0.03883187845349312,correct,0
2565,641,0,8,8,8,7,5,12,True,True,False,0.044402312487363815,correct,0
2566,641,1,8,8,8,5,7,13,True,True,False,0.044402312487363815,correct,0
2567,641,1,0,2,0,7,5,7,False,False,False,0.03883187845349312,other,2
2568,642,0,23,23,23,7,15,7,True,True,False,0.13239476084709167,correct,0
2569,642,0,13,13,13,15,7,15,True,True,False,0.06944914162158966,correct,0
2570,642,1,13,21,13,7,15,7,False,False,False,0.06944914162158966,other,8
2571,642,1,23,23,23,15,7,15,True,True,False,0.13239476084709167,correct,0
2572,643,0,22,22,22,17,16,17,True,True,False,0.008273660205304623,correct,0
2573,643,0,41,41,41,16,17,16,True,True,False,0.011401966214179993,correct,0
2574,643,1,41,41,41,17,16,17,True,True,False,0.011401966214179993,correct,0
2575,643,1,22,22,22,16,17,16,True,True,False,0.008273660205304623,correct,0
2576,644,0,45,45,45,17,12,17,True,True,False,0.01796662248671055,correct,0
2577,644,0,40,40,40,12,17,12,True,True,False,0.027405541390180588,correct,0
2578,644,1,40,40,40,17,12,17,True,True,False,0.027405541390180588,correct,0
2579,644,1,45,45,45,12,17,12,True,True,False,0.01796662248671055,correct,0
2580,645,0,26,26,26,6,0,6,True,True,False,0.030525481328368187,correct,0
2581,645,0,12,12,12,0,6,7,True,True,False,0.03286200389266014,correct,0
2582,645,1,12,12,12,6,0,7,True,True,False,0.03286200389266014,correct,0
2583,645,1,26,26,26,0,6,0,True,True,False,0.030525481328368187,correct,0
2584,646,0,33,33,33,22,21,18,True,True,False,0.026047389954328537,correct,0
2585,646,0,22,22,22,21,22,21,True,True,False,0.035092078149318695,correct,0
2586,646,1,22,22,22,22,21,18,True,True,False,0.035092078149318695,correct,0
2587,646,1,33,33,33,21,22,21,True,True,False,0.026047389954328537,correct,0
2588,647,0,8,8,8,6,5,6,True,True,False,0.02340889349579811,correct,0
2589,647,0,5,5,5,5,6,5,True,True,False,0.11930649727582932,correct,0
2590,647,1,5,5,5,6,5,6,True,True,False,0.11930649727582932,correct,0
2591,647,1,8,8,8,5,6,2,True,True,False,0.02340889349579811,correct,0
2592,648,0,19,19,19,14,22,14,True,True,False,0.022600257769227028,correct,0
2593,648,0,37,37,37,22,14,8,True,True,False,0.006305605638772249,correct,0
2594,648,1,37,37,37,14,22,14,True,True,False,0.006305605638772249,correct,0
2595,648,1,19,19,19,22,14,22,True,True,False,0.022600257769227028,correct,0
2596,649,0,15,15,15,9,20,1,True,True,False,0.018125444650650024,correct,0
2597,649,0,10,29,10,20,9,7,False,False,False,0.04223407059907913,other,19
2598,649,1,10,11,10,9,20,9,False,False,True,0.04223407059907913,off_by_one,1
2599,649,1,15,15,15,20,9,20,True,True,False,0.018125444650650024,correct,0
2600,650,0,43,43,43,0,6,0,True,True,False,0.038591835647821426,correct,0
2601,650,0,20,20,20,6,0,6,True,True,False,0.05444428697228432,correct,0
2602,650,1,20,20,20,0,6,0,True,True,False,0.05444428697228432,correct,0
2603,650,1,43,43,43,6,0,6,True,True,False,0.038591835647821426,correct,0
2604,651,0,15,15,15,20,15,20,True,True,False,0.05554087832570076,correct,0
2605,651,0,6,6,6,15,20,15,True,True,False,0.060731831938028336,correct,0
2606,651,1,6,6,6,20,15,20,True,True,False,0.060731831938028336,correct,0
2607,651,1,15,15,15,15,20,15,True,True,False,0.05554087832570076,correct,0
2608,652,0,5,5,5,7,15,7,True,True,False,0.025979865342378616,correct,0
2609,652,0,45,45,45,15,7,15,True,True,False,0.0037392592057585716,correct,0
2610,652,1,45,45,45,7,15,7,True,True,False,0.0037392592057585716,correct,0
2611,652,1,5,5,5,15,7,15,True,True,False,0.025979865342378616,correct,0
2612,653,0,44,44,44,18,15,18,True,True,False,0.01796136051416397,correct,0
2613,653,0,22,22,22,15,18,14,True,True,False,0.058114465326070786,correct,0
2614,653,1,22,22,22,18,15,18,True,True,False,0.058114465326070786,correct,0
2615,653,1,44,44,44,15,18,15,True,True,False,0.01796136051416397,correct,0
2616,654,0,16,16,16,17,6,17,True,True,False,0.1297776848077774,correct,0
2617,654,0,20,20,20,6,17,6,True,True,False,0.04346267879009247,correct,0
2618,654,1,20,20,20,17,6,17,True,True,False,0.04346267879009247,correct,0
2619,654,1,16,16,16,6,17,6,True,True,False,0.1297776848077774,correct,0
2620,655,0,9,9,9,7,36,7,True,True,False,0.04795093461871147,correct,0
2621,655,0,0,27,0,36,7,4,False,False,False,0.052495379000902176,other,27
2622,655,1,0,1,0,7,36,7,False,False,True,0.052495379000902176,off_by_one,1
2623,655,1,9,9,9,36,7,4,True,True,False,0.04795093461871147,correct,0
2624,656,0,0,32,0,31,18,31,False,False,False,0.024949144572019577,other,32
2625,656,0,31,31,31,18,31,18,True,True,False,0.02863052673637867,correct,0
2626,656,1,31,30,31,31,18,14,False,False,True,0.02863052673637867,off_by_one,1
2627,656,1,0,0,0,18,31,18,True,True,False,0.024949144572019577,correct,0
2628,657,0,26,26,26,2,6,2,True,True,False,0.03225342184305191,correct,0
2629,657,0,35,35,35,6,2,6,True,True,False,0.05217206850647926,correct,0
2630,657,1,35,35,35,2,6,2,True,True,False,0.05217206850647926,correct,0
2631,657,1,26,26,26,6,2,6,True,True,False,0.03225342184305191,correct,0
2632,658,0,29,11,29,14,12,14,False,False,False,0.050635967403650284,other,18
2633,658,0,30,30,30,12,14,12,True,True,False,0.04685148969292641,correct,0
2634,658,1,30,30,30,14,12,14,True,True,False,0.04685148969292641,correct,0
2635,658,1,29,29,29,12,14,12,True,True,False,0.050635967403650284,correct,0
2636,659,0,46,46,46,10,6,10,True,True,False,0.0492282472550869,correct,0
2637,659,0,40,40,40,6,10,6,True,True,False,0.019564520567655563,correct,0
2638,659,1,40,36,40,10,6,10,False,False,False,0.019564520567655563,other,4
2639,659,1,46,46,46,6,10,6,True,True,False,0.0492282472550869,correct,0
2640,660,0,3,3,3,6,24,6,True,True,False,0.04789496585726738,correct,0
2641,660,0,45,45,45,24,6,24,True,True,False,0.056616559624671936,correct,0
2642,660,1,45,45,45,6,24,6,True,True,False,0.056616559624671936,correct,0
2643,660,1,3,3,3,24,6,24,True,True,False,0.04789496585726738,correct,0
2644,661,0,8,8,8,36,27,12,True,True,False,0.04878000169992447,correct,0
2645,661,0,43,43,43,27,36,27,True,True,False,0.034031275659799576,correct,0
2646,661,1,43,43,43,36,27,36,True,True,False,0.034031275659799576,correct,0
2647,661,1,8,8,8,27,36,27,True,True,False,0.04878000169992447,correct,0
2648,662,0,39,39,39,16,15,16,True,True,False,0.005068684462457895,correct,0
2649,662,0,18,18,18,15,16,1,True,True,False,0.018083222210407257,correct,0
2650,662,1,18,18,18,16,15,0,True,True,False,0.018083222210407257,correct,0
2651,662,1,39,39,39,15,16,15,True,True,False,0.005068684462457895,correct,0
2652,663,0,5,5,5,17,14,17,True,True,False,0.02122017927467823,correct,0
2653,663,0,40,40,40,14,17,14,True,True,False,0.024283353239297867,correct,0
2654,663,1,40,40,40,17,14,17,True,True,False,0.024283353239297867,correct,0
2655,663,1,5,5,5,14,17,14,True,True,False,0.02122017927467823,correct,0
2656,664,0,6,6,6,7,13,7,True,True,False,0.03253523260354996,correct,0
2657,664,0,30,30,30,13,7,13,True,True,False,0.0689600482583046,correct,0
2658,664,1,30,30,30,7,13,7,True,True,False,0.0689600482583046,correct,0
2659,664,1,6,6,6,13,7,13,True,True,False,0.03253523260354996,correct,0
2660,665,0,34,34,34,3,2,3,True,True,False,0.011112949810922146,correct,0
2661,665,0,31,31,31,2,3,2,True,True,False,0.08507578819990158,correct,0
2662,665,1,31,31,31,3,2,3,True,True,False,0.08507578819990158,correct,0
2663,665,1,34,34,34,2,3,19,True,True,False,0.011112949810922146,correct,0
2664,666,0,41,41,41,6,26,6,True,True,False,0.12050768733024597,correct,0
2665,666,0,17,17,17,26,6,26,True,True,False,0.041352447122335434,correct,0
2666,666,1,17,17,17,6,26,6,True,True,False,0.041352447122335434,correct,0
2667,666,1,41,41,41,26,6,26,True,True,False,0.12050768733024597,correct,0
2668,667,0,34,34,34,6,12,6,True,True,False,0.021577097475528717,correct,0
2669,667,0,47,47,47,12,6,12,True,True,False,0.03277335688471794,correct,0
2670,667,1,47,47,47,6,12,6,True,True,False,0.03277335688471794,correct,0
2671,667,1,34,34,34,12,6,12,True,True,False,0.021577097475528717,correct,0
2672,668,0,15,15,15,7,15,7,True,True,False,0.03519083186984062,correct,0
2673,668,0,36,36,36,15,7,15,True,True,False,0.005830210167914629,correct,0
2674,668,1,36,36,36,7,15,7,True,True,False,0.005830210167914629,correct,0
2675,668,1,15,13,15,15,7,15,False,False,False,0.03519083186984062,other,2
2676,669,0,43,43,43,15,18,17,True,True,False,0.005849648267030716,correct,0
2677,669,0,14,14,14,18,15,18,True,True,False,0.011691330000758171,correct,0
2678,669,1,14,14,14,15,18,15,True,True,False,0.011691330000758171,correct,0
2679,669,1,43,43,43,18,15,18,True,True,False,0.005849648267030716,correct,0
2680,670,0,11,11,11,11,9,14,True,True,False,0.05927649140357971,correct,0
2681,670,0,28,28,28,9,11,9,True,True,False,0.012412586249411106,correct,0
2682,670,1,28,11,28,11,9,11,False,False,False,0.012412586249411106,other,17
2683,670,1,11,29,11,9,11,9,False,False,False,0.05927649140357971,other,18
2684,671,0,15,15,15,0,4,17,True,True,False,0.040741365402936935,correct,0
2685,671,0,33,9,33,4,0,4,False,False,False,0.006808612961322069,other,24
2686,671,1,33,33,33,0,4,0,True,True,False,0.006808612961322069,correct,0
2687,671,1,15,15,15,4,0,8,True,True,False,0.040741365402936935,correct,0
2688,672,0,9,9,9,15,16,15,True,True,False,0.030298786237835884,correct,0
2689,672,0,34,34,34,16,15,0,True,True,False,0.013240638189017773,correct,0
2690,672,1,34,34,34,15,16,14,True,True,False,0.013240638189017773,correct,0
2691,672,1,9,33,9,16,15,11,False,False,False,0.030298786237835884,other,24
2692,673,0,40,40,40,7,6,7,True,True,False,0.02076498232781887,correct,0
2693,673,0,34,34,34,6,7,6,True,True,False,0.013110353611409664,correct,0
2694,673,1,34,34,34,7,6,7,True,True,False,0.013110353611409664,correct,0
2695,673,1,40,40,40,6,7,6,True,True,False,0.02076498232781887,correct,0
2696,674,0,20,20,20,38,39,38,True,True,False,0.06053344905376434,correct,0
2697,674,0,8,8,8,39,38,24,True,True,False,0.037897419184446335,correct,0
2698,674,1,8,8,8,38,39,38,True,True,False,0.037897419184446335,correct,0
2699,674,1,20,20,20,39,38,36,True,True,False,0.06053344905376434,correct,0
2700,675,0,10,11,10,7,6,7,False,False,True,0.03091329336166382,off_by_one,1
2701,675,0,17,17,17,6,7,6,True,True,False,0.00887049175798893,correct,0
2702,675,1,17,17,17,7,6,7,True,True,False,0.00887049175798893,correct,0
2703,675,1,10,10,10,6,7,6,True,True,False,0.03091329336166382,correct,0
2704,676,0,8,8,8,10,2,7,True,True,False,0.06559411436319351,correct,0
2705,676,0,5,5,5,2,10,2,True,True,False,0.14516682922840118,correct,0
2706,676,1,5,20,5,10,2,17,False,False,False,0.14516682922840118,other,15
2707,676,1,8,8,8,2,10,2,True,True,False,0.06559411436319351,correct,0
2708,677,0,39,39,39,7,14,7,True,True,False,0.02117203176021576,correct,0
2709,677,0,35,35,35,14,7,14,True,True,False,0.0103849396109581,correct,0
2710,677,1,35,35,35,7,14,7,True,True,False,0.0103849396109581,correct,0
2711,677,1,39,39,39,14,7,14,True,True,False,0.02117203176021576,correct,0
2712,678,0,32,32,32,15,16,15,True,True,False,0.03651353344321251,correct,0
2713,678,0,20,20,20,16,15,16,True,True,False,0.04718950018286705,correct,0
2714,678,1,20,20,20,15,16,38,True,True,False,0.04718950018286705,correct,0
2715,678,1,32,32,32,16,15,16,True,True,False,0.03651353344321251,correct,0
2716,679,0,7,7,7,9,11,9,True,True,False,0.019602976739406586,correct,0
2717,679,0,18,17,18,11,9,11,False,False,True,0.012100829742848873,off_by_one,1
2718,679,1,18,18,18,9,11,9,True,True,False,0.012100829742848873,correct,0
2719,679,1,7,7,7,11,9,11,True,True,False,0.019602976739406586,correct,0
2720,680,0,41,41,41,3,4,3,True,True,False,0.017929179593920708,correct,0
2721,680,0,7,7,7,4,3,6,True,True,False,0.0789656862616539,correct,0
2722,680,1,7,7,7,3,4,3,True,True,False,0.0789656862616539,correct,0
2723,680,1,41,41,41,4,3,4,True,True,False,0.017929179593920708,correct,0
2724,681,0,11,10,11,36,24,36,False,False,True,0.046344127506017685,off_by_one,1
2725,681,0,22,22,22,24,36,24,True,True,False,0.056490007787942886,correct,0
2726,681,1,22,22,22,36,24,36,True,True,False,0.056490007787942886,correct,0
2727,681,1,11,29,11,24,36,7,False,False,False,0.046344127506017685,other,18
2728,682,0,48,48,48,18,7,18,True,True,False,0.01124892383813858,correct,0
2729,682,0,17,17,17,7,18,7,True,True,False,0.05028336122632027,correct,0
2730,682,1,17,0,17,18,7,18,False,False,False,0.05028336122632027,other,17
2731,682,1,48,48,48,7,18,7,True,True,False,0.01124892383813858,correct,0
2732,683,0,24,24,24,4,0,4,True,True,False,0.012487486004829407,correct,0
2733,683,0,32,32,32,0,4,0,True,True,False,0.02460339479148388,correct,0
2734,683,1,32,32,32,4,0,4,True,True,False,0.02460339479148388,correct,0
2735,683,1,24,24,24,0,4,0,True,True,False,0.012487486004829407,correct,0
2736,684,0,21,21,21,36,18,18,True,True,False,0.022053610533475876,correct,0
2737,684,0,34,34,34,18,36,18,True,True,False,0.027576137334108353,correct,0
2738,684,1,34,34,34,36,18,2,True,True,False,0.027576137334108353,correct,0
2739,684,1,21,21,21,18,36,18,True,True,False,0.022053610533475876,correct,0
2740,685,0,17,17,17,2,15,2,True,True,False,0.05226617678999901,correct,0
2741,685,0,22,22,22,15,2,7,True,True,False,0.053145550191402435,correct,0
2742,685,1,22,22,22,2,15,2,True,True,False,0.053145550191402435,correct,0
2743,685,1,17,17,17,15,2,15,True,True,False,0.05226617678999901,correct,0
2744,686,0,40,40,40,16,15,16,True,True,False,0.014478283002972603,correct,0
2745,686,0,2,2,2,15,16,15,True,True,False,0.03200943395495415,correct,0
2746,686,1,2,2,2,16,15,16,True,True,False,0.03200943395495415,correct,0
2747,686,1,40,40,40,15,16,15,True,True,False,0.014478283002972603,correct,0
2748,687,0,27,27,27,31,14,31,True,True,False,0.028494996950030327,correct,0
2749,687,0,26,26,26,14,31,14,True,True,False,0.02102489396929741,correct,0
2750,687,1,26,26,26,31,14,31,True,True,False,0.02102489396929741,correct,0
2751,687,1,27,27,27,14,31,14,True,True,False,0.028494996950030327,correct,0
2752,688,0,12,12,12,24,26,24,True,True,False,0.06922125816345215,correct,0
2753,688,0,16,16,16,26,24,26,True,True,False,0.05251821503043175,correct,0
2754,688,1,16,16,16,24,26,24,True,True,False,0.05251821503043175,correct,0
2755,688,1,12,12,12,26,24,6,True,True,False,0.06922125816345215,correct,0
2756,689,0,22,22,22,17,14,17,True,True,False,0.022043908014893532,correct,0
2757,689,0,9,9,9,14,17,14,True,True,False,0.00957553181797266,correct,0
2758,689,1,9,9,9,17,14,17,True,True,False,0.00957553181797266,correct,0
2759,689,1,22,22,22,14,17,14,True,True,False,0.022043908014893532,correct,0
2760,690,0,15,15,15,7,16,7,True,True,False,0.02604595012962818,correct,0
2761,690,0,44,44,44,16,7,16,True,True,False,0.04116412624716759,correct,0
2762,690,1,44,45,44,7,16,7,False,False,True,0.04116412624716759,off_by_one,1
2763,690,1,15,15,15,16,7,16,True,True,False,0.02604595012962818,correct,0
2764,691,0,6,6,6,24,17,24,True,True,False,0.033096253871917725,correct,0
2765,691,0,23,23,23,17,24,17,True,True,False,0.03053506277501583,correct,0
2766,691,1,23,23,23,24,17,24,True,True,False,0.03053506277501583,correct,0
2767,691,1,6,6,6,17,24,17,True,True,False,0.033096253871917725,correct,0
2768,692,0,22,22,22,14,0,14,True,True,False,0.03765681013464928,correct,0
2769,692,0,1,1,1,0,14,0,True,True,False,0.018956642597913742,correct,0
2770,692,1,1,1,1,14,0,17,True,True,False,0.018956642597913742,correct,0
2771,692,1,22,22,22,0,14,14,True,True,False,0.03765681013464928,correct,0
2772,693,0,47,47,47,23,0,23,True,True,False,0.021080872043967247,correct,0
2773,693,0,25,25,25,0,23,0,True,True,False,0.030270343646407127,correct,0
2774,693,1,25,25,25,23,0,23,True,True,False,0.030270343646407127,correct,0
2775,693,1,47,47,47,0,23,14,True,True,False,0.021080872043967247,correct,0
2776,694,0,26,26,26,23,15,23,True,True,False,0.009514992125332355,correct,0
2777,694,0,37,37,37,15,23,15,True,True,False,0.014846677891910076,correct,0
2778,694,1,37,37,37,23,15,23,True,True,False,0.014846677891910076,correct,0
2779,694,1,26,26,26,15,23,15,True,True,False,0.009514992125332355,correct,0
2780,695,0,32,32,32,24,18,24,True,True,False,0.02263152226805687,correct,0
2781,695,0,8,8,8,18,24,12,True,True,False,0.09464342892169952,correct,0
2782,695,1,8,8,8,24,18,24,True,True,False,0.09464342892169952,correct,0
2783,695,1,32,32,32,18,24,18,True,True,False,0.02263152226805687,correct,0
2784,696,0,31,31,31,10,9,16,True,True,False,0.059323687106370926,correct,0
2785,696,0,22,22,22,9,10,7,True,True,False,0.046973902732133865,correct,0
2786,696,1,22,22,22,10,9,16,True,True,False,0.046973902732133865,correct,0
2787,696,1,31,31,31,9,10,9,True,True,False,0.059323687106370926,correct,0
2788,697,0,21,21,21,19,6,19,True,True,False,0.09046321362257004,correct,0
2789,697,0,26,26,26,6,19,6,True,True,False,0.015725495293736458,correct,0
2790,697,1,26,26,26,19,6,19,True,True,False,0.015725495293736458,correct,0
2791,697,1,21,21,21,6,19,6,True,True,False,0.09046321362257004,correct,0
2792,698,0,19,19,19,6,24,6,True,True,False,0.06256208568811417,correct,0
2793,698,0,42,42,42,24,6,24,True,True,False,0.145211324095726,correct,0
2794,698,1,42,42,42,6,24,6,True,True,False,0.145211324095726,correct,0
2795,698,1,19,19,19,24,6,24,True,True,False,0.06256208568811417,correct,0
2796,699,0,31,31,31,12,16,12,True,True,False,0.008203990757465363,correct,0
2797,699,0,26,26,26,16,12,16,True,True,False,0.018149567767977715,correct,0
2798,699,1,26,26,26,12,16,12,True,True,False,0.018149567767977715,correct,0
2799,699,1,31,31,31,16,12,16,True,True,False,0.008203990757465363,correct,0
2800,700,0,3,3,3,9,2,9,True,True,False,0.041810378432273865,correct,0
2801,700,0,38,38,38,2,9,2,True,True,False,0.0022767207119613886,correct,0
2802,700,1,38,38,38,9,2,9,True,True,False,0.0022767207119613886,correct,0
2803,700,1,3,3,3,2,9,2,True,True,False,0.041810378432273865,correct,0
2804,701,0,17,17,17,24,17,24,True,True,False,0.02938462607562542,correct,0
2805,701,0,45,35,45,17,24,17,False,False,False,0.01603635959327221,other,10
2806,701,1,45,45,45,24,17,24,True,True,False,0.01603635959327221,correct,0
2807,701,1,17,17,17,17,24,17,True,True,False,0.02938462607562542,correct,0
2808,702,0,12,12,12,6,0,6,True,True,False,0.04261002689599991,correct,0
2809,702,0,13,13,13,0,6,23,True,True,False,0.07567007839679718,correct,0
2810,702,1,13,13,13,6,0,6,True,True,False,0.07567007839679718,correct,0
2811,702,1,12,12,12,0,6,0,True,True,False,0.04261002689599991,correct,0
2812,703,0,27,28,27,2,7,2,False,False,True,0.012149497866630554,off_by_one,1
2813,703,0,15,16,15,7,2,7,False,False,True,0.05559753254055977,off_by_one,1
2814,703,1,15,15,15,2,7,2,True,True,False,0.05559753254055977,correct,0
2815,703,1,27,28,27,7,2,7,False,False,True,0.012149497866630554,off_by_one,1
2816,704,0,9,9,9,18,39,18,True,True,False,0.023136144503951073,correct,0
2817,704,0,10,10,10,39,18,39,True,True,False,0.012091477401554585,correct,0
2818,704,1,10,27,10,18,39,24,False,False,False,0.012091477401554585,other,17
2819,704,1,9,9,9,39,18,39,True,True,False,0.023136144503951073,correct,0
2820,705,0,23,23,23,31,30,31,True,True,False,0.05897321552038193,correct,0
2821,705,0,5,5,5,30,31,30,True,True,False,0.03209618106484413,correct,0
2822,705,1,5,5,5,31,30,31,True,True,False,0.03209618106484413,correct,0
2823,705,1,23,23,23,30,31,30,True,True,False,0.05897321552038193,correct,0
2824,706,0,29,29,29,2,7,6,True,True,False,0.04946289584040642,correct,0
2825,706,0,39,39,39,7,2,7,True,True,False,0.04971332475543022,correct,0
2826,706,1,39,39,39,2,7,2,True,True,False,0.04971332475543022,correct,0
2827,706,1,29,29,29,7,2,7,True,True,False,0.04946289584040642,correct,0
2828,707,0,28,11,28,37,15,37,False,False,False,0.014419250190258026,other,17
2829,707,0,46,46,46,15,37,15,True,True,False,0.05752747878432274,correct,0
2830,707,1,46,11,46,37,15,37,False,False,False,0.05752747878432274,other,35
2831,707,1,28,28,28,15,37,15,True,True,False,0.014419250190258026,correct,0
2832,708,0,7,7,7,17,15,17,True,True,False,0.020444592460989952,correct,0
2833,708,0,10,10,10,15,17,7,True,True,False,0.03160460665822029,correct,0
2834,708,1,10,11,10,17,15,17,False,False,True,0.03160460665822029,off_by_one,1
2835,708,1,7,7,7,15,17,15,True,True,False,0.020444592460989952,correct,0
2836,709,0,20,20,20,7,16,7,True,True,False,0.05686720460653305,correct,0
2837,709,0,48,48,48,16,7,16,True,True,False,0.0129178361967206,correct,0
2838,709,1,48,48,48,7,16,7,True,True,False,0.0129178361967206,correct,0
2839,709,1,20,20,20,16,7,0,True,True,False,0.05686720460653305,correct,0
2840,710,0,9,9,9,8,6,8,True,True,False,0.0076881153509020805,correct,0
2841,710,0,41,41,41,6,8,6,True,True,False,0.041055113077163696,correct,0
2842,710,1,41,41,41,8,6,8,True,True,False,0.041055113077163696,correct,0
2843,710,1,9,9,9,6,8,6,True,True,False,0.0076881153509020805,correct,0
2844,711,0,24,45,24,27,24,14,False,False,False,0.02970920316874981,other,21
2845,711,0,10,10,10,24,27,6,True,True,False,0.05321969464421272,correct,0
2846,711,1,10,10,10,27,24,14,True,True,False,0.05321969464421272,correct,0
2847,711,1,24,24,24,24,27,24,True,True,False,0.02970920316874981,correct,0
2848,712,0,27,31,27,7,0,7,False,False,False,0.029541226103901863,other,4
2849,712,0,17,17,17,0,7,23,True,True,False,0.046454109251499176,correct,0
2850,712,1,17,18,17,7,0,7,False,False,True,0.046454109251499176,off_by_one,1
2851,712,1,27,27,27,0,7,23,True,True,False,0.029541226103901863,correct,0
2852,713,0,25,25,25,6,19,6,True,True,False,0.006829278543591499,correct,0
2853,713,0,33,38,33,19,6,19,False,False,False,0.08034278452396393,other,5
2854,713,1,33,33,33,6,19,6,True,True,False,0.08034278452396393,correct,0
2855,713,1,25,25,25,19,6,19,True,True,False,0.006829278543591499,correct,0
2856,714,0,4,4,4,14,21,14,True,True,False,0.0060521443374454975,correct,0
2857,714,0,42,42,42,21,14,21,True,True,False,0.16824211180210114,correct,0
2858,714,1,42,42,42,14,21,14,True,True,False,0.16824211180210114,correct,0
2859,714,1,4,4,4,21,14,21,True,True,False,0.0060521443374454975,correct,0
2860,715,0,42,42,42,25,24,25,True,True,False,0.07709270715713501,correct,0
2861,715,0,46,46,46,24,25,24,True,True,False,0.0399150513112545,correct,0
2862,715,1,46,46,46,25,24,25,True,True,False,0.0399150513112545,correct,0
2863,715,1,42,42,42,24,25,24,True,True,False,0.07709270715713501,correct,0
2864,716,0,8,8,8,8,16,7,True,True,False,0.038397811353206635,correct,0
2865,716,0,26,26,26,16,8,16,True,True,False,0.05781877040863037,correct,0
2866,716,1,26,26,26,8,16,26,True,True,False,0.05781877040863037,correct,0
2867,716,1,8,8,8,16,8,16,True,True,False,0.038397811353206635,correct,0
2868,717,0,3,3,3,15,18,15,True,True,False,0.04671132564544678,correct,0
2869,717,0,32,32,32,18,15,18,True,True,False,0.023287827149033546,correct,0
2870,717,1,32,32,32,15,18,15,True,True,False,0.023287827149033546,correct,0
2871,717,1,3,3,3,18,15,24,True,True,False,0.04671132564544678,correct,0
2872,718,0,1,1,1,0,22,0,True,True,False,0.010622598230838776,correct,0
2873,718,0,12,12,12,22,0,6,True,True,False,0.03968263790011406,correct,0
2874,718,1,12,12,12,0,22,0,True,True,False,0.03968263790011406,correct,0
2875,718,1,1,36,1,22,0,22,False,False,False,0.010622598230838776,other,35
2876,719,0,4,4,4,26,7,26,True,True,False,0.028225623071193695,correct,0
2877,719,0,11,11,11,7,26,7,True,True,False,0.07508942484855652,correct,0
2878,719,1,11,11,11,26,7,26,True,True,False,0.07508942484855652,correct,0
2879,719,1,4,4,4,7,26,7,True,True,False,0.028225623071193695,correct,0
2880,720,0,37,37,37,20,24,20,True,True,False,0.029065929353237152,correct,0
2881,720,0,44,44,44,24,20,24,True,True,False,0.04201105609536171,correct,0
2882,720,1,44,44,44,20,24,20,True,True,False,0.04201105609536171,correct,0
2883,720,1,37,37,37,24,20,2,True,True,False,0.029065929353237152,correct,0
2884,721,0,12,12,12,15,12,15,True,True,False,0.048786383122205734,correct,0
2885,721,0,23,23,23,12,15,12,True,True,False,0.03104819916188717,correct,0
2886,721,1,23,23,23,15,12,15,True,True,False,0.03104819916188717,correct,0
2887,721,1,12,12,12,12,15,12,True,True,False,0.048786383122205734,correct,0
2888,722,0,35,35,35,2,5,2,True,True,False,0.0036320153158158064,correct,0
2889,722,0,48,48,48,5,2,5,True,True,False,0.026690257713198662,correct,0
2890,722,1,48,48,48,2,5,2,True,True,False,0.026690257713198662,correct,0
2891,722,1,35,35,35,5,2,5,True,True,False,0.0036320153158158064,correct,0
2892,723,0,6,6,6,6,21,6,True,True,False,0.049789849668741226,correct,0
2893,723,0,3,3,3,21,6,0,True,True,False,0.031021419912576675,correct,0
2894,723,1,3,3,3,6,21,6,True,True,False,0.031021419912576675,correct,0
2895,723,1,6,6,6,21,6,21,True,True,False,0.049789849668741226,correct,0
2896,724,0,17,17,17,24,36,24,True,True,False,0.02668006531894207,correct,0
2897,724,0,24,24,24,36,24,36,True,True,False,0.0029163681901991367,correct,0
2898,724,1,24,24,24,24,36,4,True,True,False,0.0029163681901991367,correct,0
2899,724,1,17,32,17,36,24,36,False,False,False,0.02668006531894207,other,15
2900,725,0,11,10,11,14,16,6,False,False,True,0.047705188393592834,off_by_one,1
2901,725,0,10,10,10,16,14,16,True,True,False,0.04642493277788162,correct,0
2902,725,1,10,10,10,14,16,24,True,True,False,0.04642493277788162,correct,0
2903,725,1,11,1,11,16,14,27,False,False,False,0.047705188393592834,other,10
2904,726,0,38,38,38,16,2,16,True,True,False,0.02139963023364544,correct,0
2905,726,0,48,48,48,2,16,2,True,True,False,0.03383655101060867,correct,0
2906,726,1,48,48,48,16,2,16,True,True,False,0.03383655101060867,correct,0
2907,726,1,38,38,38,2,16,2,True,True,False,0.02139963023364544,correct,0
2908,727,0,29,11,29,6,2,6,False,False,False,0.12174620479345322,other,18
2909,727,0,3,3,3,2,6,2,True,True,False,0.06012300029397011,correct,0
2910,727,1,3,3,3,6,2,6,True,True,False,0.06012300029397011,correct,0
2911,727,1,29,29,29,2,6,6,True,True,False,0.12174620479345322,correct,0
2912,728,0,18,18,18,7,6,7,True,True,False,0.055203862488269806,correct,0
2913,728,0,44,44,44,6,7,6,True,True,False,0.0339822880923748,correct,0
2914,728,1,44,44,44,7,6,7,True,True,False,0.0339822880923748,correct,0
2915,728,1,18,18,18,6,7,6,True,True,False,0.055203862488269806,correct,0
2916,729,0,34,34,34,1,6,1,True,True,False,0.01898648962378502,correct,0
2917,729,0,16,16,16,6,1,6,True,True,False,0.04091773182153702,correct,0
2918,729,1,16,16,16,1,6,1,True,True,False,0.04091773182153702,correct,0
2919,729,1,34,34,34,6,1,6,True,True,False,0.01898648962378502,correct,0
2920,730,0,43,43,43,14,6,14,True,True,False,0.055898234248161316,correct,0
2921,730,0,11,29,11,6,14,6,False,False,False,0.014117256738245487,other,18
2922,730,1,11,29,11,14,6,28,False,False,False,0.014117256738245487,other,18
2923,730,1,43,43,43,6,14,6,True,True,False,0.055898234248161316,correct,0
2924,731,0,28,28,28,18,20,18,True,True,False,0.0033247978426516056,correct,0
2925,731,0,1,32,1,20,18,20,False,False,False,0.012314126826822758,other,31
2926,731,1,1,1,1,18,20,18,True,True,False,0.012314126826822758,correct,0
2927,731,1,28,28,28,20,18,20,True,True,False,0.0033247978426516056,correct,0
2928,732,0,28,28,28,16,7,16,True,True,False,0.023921390995383263,correct,0
2929,732,0,22,22,22,7,16,7,True,True,False,0.055498868227005005,correct,0
2930,732,1,22,22,22,16,7,16,True,True,False,0.055498868227005005,correct,0
2931,732,1,28,28,28,7,16,7,True,True,False,0.023921390995383263,correct,0
2932,733,0,37,37,37,2,0,2,True,True,False,0.050015345215797424,correct,0
2933,733,0,19,19,19,0,2,0,True,True,False,0.05158044025301933,correct,0
2934,733,1,19,19,19,2,0,2,True,True,False,0.05158044025301933,correct,0
2935,733,1,37,37,37,0,2,0,True,True,False,0.050015345215797424,correct,0
2936,734,0,23,23,23,25,7,25,True,True,False,0.02068808116018772,correct,0
2937,734,0,45,45,45,7,25,7,True,True,False,0.007470785174518824,correct,0
2938,734,1,45,45,45,25,7,25,True,True,False,0.007470785174518824,correct,0
2939,734,1,23,23,23,7,25,7,True,True,False,0.02068808116018772,correct,0
2940,735,0,28,28,28,24,27,24,True,True,False,0.047897446900606155,correct,0
2941,735,0,30,31,30,27,24,27,False,False,True,0.026354553177952766,off_by_one,1
2942,735,1,30,30,30,24,27,24,True,True,False,0.026354553177952766,correct,0
2943,735,1,28,10,28,27,24,27,False,False,False,0.047897446900606155,other,18
2944,736,0,16,16,16,1,0,7,True,True,False,0.024898571893572807,correct,0
2945,736,0,1,1,1,0,1,27,True,True,False,0.026801694184541702,correct,0
2946,736,1,1,1,1,1,0,1,True,True,False,0.026801694184541702,correct,0
2947,736,1,16,16,16,0,1,14,True,True,False,0.024898571893572807,correct,0
2948,737,0,41,41,41,8,9,8,True,True,False,0.06963548064231873,correct,0
2949,737,0,22,22,22,9,8,9,True,True,False,0.030847793444991112,correct,0
2950,737,1,22,22,22,8,9,8,True,True,False,0.030847793444991112,correct,0
2951,737,1,41,41,41,9,8,9,True,True,False,0.06963548064231873,correct,0
2952,738,0,2,2,2,6,14,6,True,True,False,0.02115529775619507,correct,0
2953,738,0,16,34,16,14,6,20,False,False,False,0.09181807190179825,other,18
2954,738,1,16,16,16,6,14,6,True,True,False,0.09181807190179825,correct,0
2955,738,1,2,2,2,14,6,16,True,True,False,0.02115529775619507,correct,0
2956,739,0,48,48,48,2,11,2,True,True,False,0.046913325786590576,correct,0
2957,739,0,43,36,43,11,2,11,False,False,False,0.04008558765053749,other,7
2958,739,1,43,43,43,2,11,2,True,True,False,0.04008558765053749,correct,0
2959,739,1,48,48,48,11,2,11,True,True,False,0.046913325786590576,correct,0
2960,740,0,6,6,6,14,24,14,True,True,False,0.03227493166923523,correct,0
2961,740,0,30,30,30,24,14,24,True,True,False,0.01684029959142208,correct,0
2962,740,1,30,30,30,14,24,14,True,True,False,0.01684029959142208,correct,0
2963,740,1,6,6,6,24,14,24,True,True,False,0.03227493166923523,correct,0
2964,741,0,42,42,42,3,2,3,True,True,False,0.09654422104358673,correct,0
2965,741,0,37,37,37,2,3,2,True,True,False,0.004695161711424589,correct,0
2966,741,1,37,37,37,3,2,3,True,True,False,0.004695161711424589,correct,0
2967,741,1,42,42,42,2,3,2,True,True,False,0.09654422104358673,correct,0
2968,742,0,29,11,29,8,6,8,False,False,False,0.006745410151779652,other,18
2969,742,0,15,15,15,6,8,6,True,True,False,0.05864280089735985,correct,0
2970,742,1,15,15,15,8,6,2,True,True,False,0.05864280089735985,correct,0
2971,742,1,29,29,29,6,8,6,True,True,False,0.006745410151779652,correct,0
2972,743,0,36,36,36,9,3,9,True,True,False,0.04811352863907814,correct,0
2973,743,0,37,37,37,3,9,3,True,True,False,0.006332962773740292,correct,0
2974,743,1,37,37,37,9,3,9,True,True,False,0.006332962773740292,correct,0
2975,743,1,36,36,36,3,9,3,True,True,False,0.04811352863907814,correct,0
2976,744,0,0,1,0,7,27,7,False,False,True,0.04628428444266319,off_by_one,1
2977,744,0,43,43,43,27,7,14,True,True,False,0.02935069054365158,correct,0
2978,744,1,43,43,43,7,27,7,True,True,False,0.02935069054365158,correct,0
2979,744,1,0,0,0,27,7,27,True,True,False,0.04628428444266319,correct,0
2980,745,0,14,14,14,20,18,20,True,True,False,0.0263722725212574,correct,0
2981,745,0,9,9,9,18,20,2,True,True,False,0.011290649883449078,correct,0
2982,745,1,9,9,9,20,18,20,True,True,False,0.011290649883449078,correct,0
2983,745,1,14,14,14,18,20,36,True,True,False,0.0263722725212574,correct,0
2984,746,0,43,36,43,1,16,1,False,False,False,0.009365429170429707,other,7
2985,746,0,17,17,17,16,1,16,True,True,False,0.03808515891432762,correct,0
2986,746,1,17,17,17,1,16,15,True,True,False,0.03808515891432762,correct,0
2987,746,1,43,43,43,16,1,15,True,True,False,0.009365429170429707,correct,0
2988,747,0,10,10,10,6,27,6,True,True,False,0.06472448259592056,correct,0
2989,747,0,7,7,7,27,6,14,True,True,False,0.06684327870607376,correct,0
2990,747,1,7,7,7,6,27,6,True,True,False,0.06684327870607376,correct,0
2991,747,1,10,10,10,27,6,27,True,True,False,0.06472448259592056,correct,0
2992,748,0,26,26,26,18,15,18,True,True,False,0.027460601180791855,correct,0
2993,748,0,36,36,36,15,18,15,True,True,False,0.004398007411509752,correct,0
2994,748,1,36,36,36,18,15,18,True,True,False,0.004398007411509752,correct,0
2995,748,1,26,26,26,15,18,15,True,True,False,0.027460601180791855,correct,0
2996,749,0,20,20,20,15,0,17,True,True,False,0.061880290508270264,correct,0
2997,749,0,2,2,2,0,15,17,True,True,False,0.01567499339580536,correct,0
2998,749,1,2,2,2,15,0,15,True,True,False,0.01567499339580536,correct,0
2999,749,1,20,20,20,0,15,7,True,True,False,0.061880290508270264,correct,0
3000,750,0,14,14,14,19,14,20,True,True,False,0.03340314328670502,correct,0
3001,750,0,24,24,24,14,19,14,True,True,False,0.012440690770745277,correct,0
3002,750,1,24,24,24,19,14,19,True,True,False,0.012440690770745277,correct,0
3003,750,1,14,14,14,14,19,14,True,True,False,0.03340314328670502,correct,0
3004,751,0,6,6,6,15,24,2,True,True,False,0.12111596763134003,correct,0
3005,751,0,2,43,2,24,15,24,False,False,False,0.09270470589399338,other,41
3006,751,1,2,2,2,15,24,15,True,True,False,0.09270470589399338,correct,0
3007,751,1,6,27,6,24,15,24,False,False,False,0.12111596763134003,other,21
3008,752,0,38,38,38,8,6,39,True,True,False,0.0082626361399889,correct,0
3009,752,0,24,24,24,6,8,6,True,True,False,0.013759001158177853,correct,0
3010,752,1,24,24,24,8,6,6,True,True,False,0.013759001158177853,correct,0
3011,752,1,38,38,38,6,8,4,True,True,False,0.0082626361399889,correct,0
3012,753,0,26,26,26,7,6,7,True,True,False,0.029375918209552765,correct,0
3013,753,0,31,31,31,6,7,6,True,True,False,0.09315234422683716,correct,0
3014,753,1,31,31,31,7,6,7,True,True,False,0.09315234422683716,correct,0
3015,753,1,26,26,26,6,7,6,True,True,False,0.029375918209552765,correct,0
3016,754,0,23,23,23,24,18,24,True,True,False,0.07937956601381302,correct,0
3017,754,0,48,48,48,18,24,18,True,True,False,0.015222948044538498,correct,0
3018,754,1,48,48,48,24,18,24,True,True,False,0.015222948044538498,correct,0
3019,754,1,23,23,23,18,24,18,True,True,False,0.07937956601381302,correct,0
3020,755,0,16,16,16,27,7,27,True,True,False,0.08049706369638443,correct,0
3021,755,0,21,21,21,7,27,7,True,True,False,0.02097478322684765,correct,0
3022,755,1,21,21,21,27,7,27,True,True,False,0.02097478322684765,correct,0
3023,755,1,16,16,16,7,27,7,True,True,False,0.08049706369638443,correct,0
3024,756,0,45,45,45,7,8,7,True,True,False,0.02757669799029827,correct,0
3025,756,0,42,42,42,8,7,8,True,True,False,0.03166721388697624,correct,0
3026,756,1,42,42,42,7,8,7,True,True,False,0.03166721388697624,correct,0
3027,756,1,45,45,45,8,7,8,True,True,False,0.02757669799029827,correct,0
3028,757,0,33,9,33,17,27,17,False,False,False,0.025533387437462807,other,24
3029,757,0,29,29,29,27,17,27,True,True,False,0.028767338022589684,correct,0
3030,757,1,29,29,29,17,27,17,True,True,False,0.028767338022589684,correct,0
3031,757,1,33,33,33,27,17,27,True,True,False,0.025533387437462807,correct,0
3032,758,0,40,40,40,15,7,15,True,True,False,0.02251000888645649,correct,0
3033,758,0,15,15,15,7,15,7,True,True,False,0.08090703189373016,correct,0
3034,758,1,15,15,15,15,7,15,True,True,False,0.08090703189373016,correct,0
3035,758,1,40,40,40,7,15,7,True,True,False,0.02251000888645649,correct,0
3036,759,0,0,0,0,27,24,27,True,True,False,0.05711228772997856,correct,0
3037,759,0,35,35,35,24,27,24,True,True,False,0.014696633443236351,correct,0
3038,759,1,35,35,35,27,24,27,True,True,False,0.014696633443236351,correct,0
3039,759,1,0,2,0,24,27,24,False,False,False,0.05711228772997856,other,2
3040,760,0,46,46,46,14,18,14,True,True,False,0.047425854951143265,correct,0
3041,760,0,37,37,37,18,14,18,True,True,False,0.03629344329237938,correct,0
3042,760,1,37,37,37,14,18,14,True,True,False,0.03629344329237938,correct,0
3043,760,1,46,46,46,18,14,18,True,True,False,0.047425854951143265,correct,0
3044,761,0,9,9,9,6,19,6,True,True,False,0.02140192501246929,correct,0
3045,761,0,2,2,2,19,6,19,True,True,False,0.02417191118001938,correct,0
3046,761,1,2,43,2,6,19,6,False,False,False,0.02417191118001938,other,41
3047,761,1,9,9,9,19,6,19,True,True,False,0.02140192501246929,correct,0
3048,762,0,10,28,10,17,16,16,False,False,False,0.014025289565324783,other,18
3049,762,0,28,29,28,16,17,16,False,False,True,0.015039793215692043,off_by_one,1
3050,762,1,28,28,28,17,16,17,True,True,False,0.015039793215692043,correct,0
3051,762,1,10,10,10,16,17,16,True,True,False,0.014025289565324783,correct,0
3052,763,0,26,26,26,18,26,18,True,True,False,0.018003730103373528,correct,0
3053,763,0,39,39,39,26,18,6,True,True,False,0.017249206081032753,correct,0
3054,763,1,39,39,39,18,26,18,True,True,False,0.017249206081032753,correct,0
3055,763,1,26,26,26,26,18,26,True,True,False,0.018003730103373528,correct,0
3056,764,0,2,2,2,16,22,16,True,True,False,0.028274253010749817,correct,0
3057,764,0,15,15,15,22,16,12,True,True,False,0.023661315441131592,correct,0
3058,764,1,15,15,15,16,22,16,True,True,False,0.023661315441131592,correct,0
3059,764,1,2,2,2,22,16,22,True,True,False,0.028274253010749817,correct,0
3060,765,0,18,18,18,0,23,14,True,True,False,0.028435366228222847,correct,0
3061,765,0,6,6,6,23,0,23,True,True,False,0.027160638943314552,correct,0
3062,765,1,6,6,6,0,23,0,True,True,False,0.027160638943314552,correct,0
3063,765,1,18,2,18,23,0,10,False,False,False,0.028435366228222847,other,16
3064,766,0,35,35,35,1,7,1,True,True,False,0.018738416954874992,correct,0
3065,766,0,29,11,29,7,1,7,False,False,False,0.03552025929093361,other,18
3066,766,1,29,29,29,1,7,7,True,True,False,0.03552025929093361,correct,0
3067,766,1,35,35,35,7,1,7,True,True,False,0.018738416954874992,correct,0
3068,767,0,10,10,10,16,22,16,True,True,False,0.008470782078802586,correct,0
3069,767,0,3,3,3,22,16,7,True,True,False,0.06716638058423996,correct,0
3070,767,1,3,3,3,16,22,16,True,True,False,0.06716638058423996,correct,0
3071,767,1,10,11,10,22,16,5,False,False,True,0.008470782078802586,off_by_one,1
3072,768,0,31,31,31,0,22,0,True,True,False,0.05109332501888275,correct,0
3073,768,0,42,42,42,22,0,22,True,True,False,0.04484550282359123,correct,0
3074,768,1,42,42,42,0,22,14,True,True,False,0.04484550282359123,correct,0
3075,768,1,31,31,31,22,0,22,True,True,False,0.05109332501888275,correct,0
3076,769,0,40,40,40,24,26,24,True,True,False,0.042562298476696014,correct,0
3077,769,0,19,3,19,26,24,6,False,False,False,0.019985182210803032,other,16
3078,769,1,19,19,19,24,26,24,True,True,False,0.019985182210803032,correct,0
3079,769,1,40,40,40,26,24,26,True,True,False,0.042562298476696014,correct,0
3080,770,0,16,16,16,6,7,6,True,True,False,0.018591560423374176,correct,0
3081,770,0,32,32,32,7,6,7,True,True,False,0.009197068400681019,correct,0
3082,770,1,32,32,32,6,7,6,True,True,False,0.009197068400681019,correct,0
3083,770,1,16,16,16,7,6,7,True,True,False,0.018591560423374176,correct,0
3084,771,0,22,22,22,15,19,15,True,True,False,0.006023521535098553,correct,0
3085,771,0,10,29,10,19,15,36,False,False,False,0.022945106029510498,other,19
3086,771,1,10,10,10,15,19,15,True,True,False,0.022945106029510498,correct,0
3087,771,1,22,22,22,19,15,19,True,True,False,0.006023521535098553,correct,0
3088,772,0,4,4,4,27,25,27,True,True,False,0.014057159423828125,correct,0
3089,772,0,35,35,35,25,27,25,True,True,False,0.0019588712602853775,correct,0
3090,772,1,35,35,35,27,25,27,True,True,False,0.0019588712602853775,correct,0
3091,772,1,4,4,4,25,27,23,True,True,False,0.014057159423828125,correct,0
3092,773,0,7,7,7,6,18,6,True,True,False,0.03773792088031769,correct,0
3093,773,0,41,41,41,18,6,18,True,True,False,0.05198395252227783,correct,0
3094,773,1,41,41,41,6,18,6,True,True,False,0.05198395252227783,correct,0
3095,773,1,7,7,7,18,6,18,True,True,False,0.03773792088031769,correct,0
3096,774,0,8,8,8,15,27,15,True,True,False,0.06081024184823036,correct,0
3097,774,0,19,19,19,27,15,16,True,True,False,0.04074716567993164,correct,0
3098,774,1,19,19,19,15,27,10,True,True,False,0.04074716567993164,correct,0
3099,774,1,8,8,8,27,15,27,True,True,False,0.06081024184823036,correct,0
3100,775,0,23,23,23,7,38,7,True,True,False,0.0265341829508543,correct,0
3101,775,0,8,8,8,38,7,38,True,True,False,0.03191976621747017,correct,0
3102,775,1,8,8,8,7,38,7,True,True,False,0.03191976621747017,correct,0
3103,775,1,23,23,23,38,7,38,True,True,False,0.0265341829508543,correct,0
3104,776,0,18,36,18,16,26,16,False,False,False,0.035454344004392624,other,18
3105,776,0,3,3,3,26,16,26,True,True,False,0.060497358441352844,correct,0
3106,776,1,3,3,3,16,26,16,True,True,False,0.060497358441352844,correct,0
3107,776,1,18,18,18,26,16,26,True,True,False,0.035454344004392624,correct,0
3108,777,0,10,10,10,11,9,11,True,True,False,0.029530465602874756,correct,0
3109,777,0,48,48,48,9,11,9,True,True,False,0.019288530573248863,correct,0
3110,777,1,48,48,48,11,9,11,True,True,False,0.019288530573248863,correct,0
3111,777,1,10,10,10,9,11,9,True,True,False,0.029530465602874756,correct,0
3112,778,0,43,43,43,6,14,6,True,True,False,0.05952448025345802,correct,0
3113,778,0,7,7,7,14,6,14,True,True,False,0.02322527952492237,correct,0
3114,778,1,7,7,7,6,14,6,True,True,False,0.02322527952492237,correct,0
3115,778,1,43,18,43,14,6,14,False,False,False,0.05952448025345802,other,25
3116,779,0,45,45,45,18,33,18,True,True,False,0.032525792717933655,correct,0
3117,779,0,27,27,27,33,18,33,True,True,False,0.02300630323588848,correct,0
3118,779,1,27,27,27,18,33,18,True,True,False,0.02300630323588848,correct,0
3119,779,1,45,24,45,33,18,33,False,False,False,0.032525792717933655,other,21
3120,780,0,47,47,47,16,18,16,True,True,False,0.04035268351435661,correct,0
3121,780,0,21,21,21,18,16,18,True,True,False,0.06635157018899918,correct,0
3122,780,1,21,21,21,16,18,14,True,True,False,0.06635157018899918,correct,0
3123,780,1,47,47,47,18,16,18,True,True,False,0.04035268351435661,correct,0
3124,781,0,34,34,34,18,39,18,True,True,False,0.030735120177268982,correct,0
3125,781,0,9,9,9,39,18,39,True,True,False,0.01609113998711109,correct,0
3126,781,1,9,9,9,18,39,2,True,True,False,0.01609113998711109,correct,0
3127,781,1,34,34,34,39,18,39,True,True,False,0.030735120177268982,correct,0
3128,782,0,42,42,42,2,19,2,True,True,False,0.15998223423957825,correct,0
3129,782,0,20,20,20,19,2,19,True,True,False,0.0818791314959526,correct,0
3130,782,1,20,20,20,2,19,2,True,True,False,0.0818791314959526,correct,0
3131,782,1,42,42,42,19,2,19,True,True,False,0.15998223423957825,correct,0
3132,783,0,12,12,12,25,6,25,True,True,False,0.036584239453077316,correct,0
3133,783,0,37,37,37,6,25,6,True,True,False,0.009690011851489544,correct,0
3134,783,1,37,37,37,25,6,23,True,True,False,0.009690011851489544,correct,0
3135,783,1,12,12,12,6,25,6,True,True,False,0.036584239453077316,correct,0
3136,784,0,0,0,0,15,16,17,True,True,False,0.03503801301121712,correct,0
3137,784,0,48,48,48,16,15,16,True,True,False,0.031327150762081146,correct,0
3138,784,1,48,48,48,15,16,15,True,True,False,0.031327150762081146,correct,0
3139,784,1,0,0,0,16,15,16,True,True,False,0.03503801301121712,correct,0
3140,785,0,0,0,0,14,17,14,True,True,False,0.028205107897520065,correct,0
3141,785,0,12,12,12,17,14,17,True,True,False,0.009059217758476734,correct,0
3142,785,1,12,11,12,14,17,14,False,False,True,0.009059217758476734,off_by_one,1
3143,785,1,0,0,0,17,14,17,True,True,False,0.028205107897520065,correct,0
3144,786,0,27,27,27,18,37,18,True,True,False,0.02885918691754341,correct,0
3145,786,0,1,1,1,37,18,14,True,True,False,0.011717613786458969,correct,0
3146,786,1,1,1,1,18,37,18,True,True,False,0.011717613786458969,correct,0
3147,786,1,27,27,27,37,18,14,True,True,False,0.02885918691754341,correct,0
3148,787,0,3,3,3,20,9,6,True,True,False,0.057642776519060135,correct,0
3149,787,0,5,42,5,9,20,9,False,False,False,0.07272814214229584,other,37
3150,787,1,5,5,5,20,9,7,True,True,False,0.07272814214229584,correct,0
3151,787,1,3,3,3,9,20,9,True,True,False,0.057642776519060135,correct,0
3152,788,0,19,19,19,7,14,12,True,True,False,0.07263587415218353,correct,0
3153,788,0,16,34,16,14,7,20,False,False,False,0.035843364894390106,other,18
3154,788,1,16,16,16,7,14,7,True,True,False,0.035843364894390106,correct,0
3155,788,1,19,22,19,14,7,7,False,False,False,0.07263587415218353,other,3
3156,789,0,3,3,3,12,15,8,True,True,False,0.061725202947854996,correct,0
3157,789,0,33,33,33,15,12,16,True,True,False,0.03480973094701767,correct,0
3158,789,1,33,33,33,12,15,12,True,True,False,0.03480973094701767,correct,0
3159,789,1,3,3,3,15,12,15,True,True,False,0.061725202947854996,correct,0
3160,790,0,17,17,17,9,6,9,True,True,False,0.06239757686853409,correct,0
3161,790,0,13,13,13,6,9,6,True,True,False,0.06995229423046112,correct,0
3162,790,1,13,13,13,9,6,9,True,True,False,0.06995229423046112,correct,0
3163,790,1,17,17,17,6,9,6,True,True,False,0.06239757686853409,correct,0
3164,791,0,12,12,12,7,18,7,True,True,False,0.02876938134431839,correct,0
3165,791,0,13,13,13,18,7,18,True,True,False,0.025961948558688164,correct,0
3166,791,1,13,13,13,7,18,7,True,True,False,0.025961948558688164,correct,0
3167,791,1,12,12,12,18,7,18,True,True,False,0.02876938134431839,correct,0
3168,792,0,10,10,10,24,14,24,True,True,False,0.00907091237604618,correct,0
3169,792,0,44,44,44,14,24,14,True,True,False,0.014719748869538307,correct,0
3170,792,1,44,44,44,24,14,24,True,True,False,0.014719748869538307,correct,0
3171,792,1,10,10,10,14,24,14,True,True,False,0.00907091237604618,correct,0
3172,793,0,20,20,20,6,19,6,True,True,False,0.055104903876781464,correct,0
3173,793,0,43,43,43,19,6,19,True,True,False,0.022916145622730255,correct,0
3174,793,1,43,43,43,6,19,6,True,True,False,0.022916145622730255,correct,0
3175,793,1,20,20,20,19,6,19,True,True,False,0.055104903876781464,correct,0
3176,794,0,10,10,10,6,7,6,True,True,False,0.04144006595015526,correct,0
3177,794,0,3,3,3,7,6,7,True,True,False,0.05884038284420967,correct,0
3178,794,1,3,3,3,6,7,6,True,True,False,0.05884038284420967,correct,0
3179,794,1,10,10,10,7,6,7,True,True,False,0.04144006595015526,correct,0
3180,795,0,10,12,10,15,24,0,False,False,False,0.08743591606616974,other,2
3181,795,0,38,38,38,24,15,24,True,True,False,0.03781726583838463,correct,0
3182,795,1,38,30,38,15,24,16,False,False,False,0.03781726583838463,other,8
3183,795,1,10,10,10,24,15,6,True,True,False,0.08743591606616974,correct,0
3184,796,0,35,35,35,22,7,8,True,True,False,0.004364627413451672,correct,0
3185,796,0,32,43,32,7,22,7,False,False,False,0.026490546762943268,other,11
3186,796,1,32,32,32,22,7,22,True,True,False,0.026490546762943268,correct,0
3187,796,1,35,35,35,7,22,7,True,True,False,0.004364627413451672,correct,0
3188,797,0,2,2,2,11,2,0,True,True,False,0.011763445101678371,correct,0
3189,797,0,24,18,24,2,11,6,False,False,False,0.056131552904844284,other,6
3190,797,1,24,24,24,11,2,11,True,True,False,0.056131552904844284,correct,0
3191,797,1,2,2,2,2,11,2,True,True,False,0.011763445101678371,correct,0
3192,798,0,43,43,43,7,6,7,True,True,False,0.009744896553456783,correct,0
3193,798,0,36,36,36,6,7,6,True,True,False,0.0540747195482254,correct,0
3194,798,1,36,36,36,7,6,7,True,True,False,0.0540747195482254,correct,0
3195,798,1,43,43,43,6,7,6,True,True,False,0.009744896553456783,correct,0
3196,799,0,34,34,34,7,6,7,True,True,False,0.027238579466938972,correct,0
3197,799,0,21,21,21,6,7,6,True,True,False,0.03583233430981636,correct,0
3198,799,1,21,21,21,7,6,7,True,True,False,0.03583233430981636,correct,0
3199,799,1,34,5,34,6,7,6,False,False,False,0.027238579466938972,other,29
3200,800,0,20,20,20,9,10,20,True,True,False,0.03341338038444519,correct,0
3201,800,0,42,42,42,10,9,10,True,True,False,0.04954621568322182,correct,0
3202,800,1,42,42,42,9,10,7,True,True,False,0.04954621568322182,correct,0
3203,800,1,20,20,20,10,9,10,True,True,False,0.03341338038444519,correct,0
3204,801,0,10,10,10,24,6,7,True,True,False,0.08921682089567184,correct,0
3205,801,0,41,41,41,6,24,6,True,True,False,0.06826519221067429,correct,0
3206,801,1,41,41,41,24,6,24,True,True,False,0.06826519221067429,correct,0
3207,801,1,10,10,10,6,24,6,True,True,False,0.08921682089567184,correct,0
3208,802,0,23,23,23,2,7,2,True,True,False,0.03973154351115227,correct,0
3209,802,0,4,4,4,7,2,7,True,True,False,0.00853088777512312,correct,0
3210,802,1,4,4,4,2,7,2,True,True,False,0.00853088777512312,correct,0
3211,802,1,23,23,23,7,2,7,True,True,False,0.03973154351115227,correct,0
3212,803,0,3,3,3,1,2,1,True,True,False,0.030300436541438103,correct,0
3213,803,0,20,20,20,2,1,2,True,True,False,0.02644987404346466,correct,0
3214,803,1,20,20,20,1,2,1,True,True,False,0.02644987404346466,correct,0
3215,803,1,3,3,3,2,1,2,True,True,False,0.030300436541438103,correct,0
3216,804,0,9,9,9,14,15,16,True,True,False,0.015211728401482105,correct,0
3217,804,0,0,0,0,15,14,15,True,True,False,0.019699668511748314,correct,0
3218,804,1,0,31,0,14,15,14,False,False,False,0.019699668511748314,other,31
3219,804,1,9,9,9,15,14,1,True,True,False,0.015211728401482105,correct,0
3220,805,0,47,47,47,7,28,7,True,True,False,0.06430918723344803,correct,0
3221,805,0,42,42,42,28,7,28,True,True,False,0.06709788739681244,correct,0
3222,805,1,42,42,42,7,28,7,True,True,False,0.06709788739681244,correct,0
3223,805,1,47,47,47,28,7,23,True,True,False,0.06430918723344803,correct,0
3224,806,0,42,42,42,14,16,14,True,True,False,0.14020176231861115,correct,0
3225,806,0,12,12,12,16,14,16,True,True,False,0.010312742553651333,correct,0
3226,806,1,12,12,12,14,16,14,True,True,False,0.010312742553651333,correct,0
3227,806,1,42,42,42,16,14,0,True,True,False,0.14020176231861115,correct,0
3228,807,0,20,20,20,36,14,3,True,True,False,0.05108960345387459,correct,0
3229,807,0,13,13,13,14,36,14,True,True,False,0.04051387310028076,correct,0
3230,807,1,13,13,13,36,14,36,True,True,False,0.04051387310028076,correct,0
3231,807,1,20,20,20,14,36,14,True,True,False,0.05108960345387459,correct,0
3232,808,0,11,11,11,1,18,1,True,True,False,0.01083607692271471,correct,0
3233,808,0,25,25,25,18,1,18,True,True,False,0.021016385406255722,correct,0
3234,808,1,25,25,25,1,18,7,True,True,False,0.021016385406255722,correct,0
3235,808,1,11,11,11,18,1,7,True,True,False,0.01083607692271471,correct,0
3236,809,0,42,42,42,7,6,7,True,True,False,0.09817160665988922,correct,0
3237,809,0,44,44,44,6,7,6,True,True,False,0.012119021266698837,correct,0
3238,809,1,44,44,44,7,6,7,True,True,False,0.012119021266698837,correct,0
3239,809,1,42,42,42,6,7,6,True,True,False,0.09817160665988922,correct,0
3240,810,0,16,16,16,1,4,1,True,True,False,0.11469633877277374,correct,0
3241,810,0,20,20,20,4,1,4,True,True,False,0.07509450614452362,correct,0
3242,810,1,20,20,20,1,4,1,True,True,False,0.07509450614452362,correct,0
3243,810,1,16,16,16,4,1,4,True,True,False,0.11469633877277374,correct,0
3244,811,0,32,32,32,26,6,26,True,True,False,0.024727942422032356,correct,0
3245,811,0,36,36,36,6,26,6,True,True,False,0.02280271239578724,correct,0
3246,811,1,36,36,36,26,6,26,True,True,False,0.02280271239578724,correct,0
3247,811,1,32,32,32,6,26,6,True,True,False,0.024727942422032356,correct,0
3248,812,0,4,4,4,7,18,7,True,True,False,0.015189618803560734,correct,0
3249,812,0,45,45,45,18,7,18,True,True,False,0.027928482741117477,correct,0
3250,812,1,45,29,45,7,18,7,False,False,False,0.027928482741117477,other,16
3251,812,1,4,4,4,18,7,18,True,True,False,0.015189618803560734,correct,0
3252,813,0,20,20,20,38,24,38,True,True,False,0.029147984459996223,correct,0
3253,813,0,44,44,44,24,38,24,True,True,False,0.06432269513607025,correct,0
3254,813,1,44,44,44,38,24,38,True,True,False,0.06432269513607025,correct,0
3255,813,1,20,20,20,24,38,24,True,True,False,0.029147984459996223,correct,0
3256,814,0,20,20,20,18,16,4,True,True,False,0.05609513074159622,correct,0
3257,814,0,45,45,45,16,18,16,True,True,False,0.02962069772183895,correct,0
3258,814,1,45,45,45,18,16,18,True,True,False,0.02962069772183895,correct,0
3259,814,1,20,20,20,16,18,16,True,True,False,0.05609513074159622,correct,0
3260,815,0,2,2,2,12,14,12,True,True,False,0.005518058780580759,correct,0
3261,815,0,40,40,40,14,12,14,True,True,False,0.017697740346193314,correct,0
3262,815,1,40,40,40,12,14,12,True,True,False,0.017697740346193314,correct,0
3263,815,1,2,2,2,14,12,14,True,True,False,0.005518058780580759,correct,0
3264,816,0,33,12,33,2,6,2,False,False,False,0.030876057222485542,other,21
3265,816,0,3,3,3,6,2,6,True,True,False,0.021941615268588066,correct,0
3266,816,1,3,3,3,2,6,2,True,True,False,0.021941615268588066,correct,0
3267,816,1,33,33,33,6,2,6,True,True,False,0.030876057222485542,correct,0
3268,817,0,12,12,12,1,14,1,True,True,False,0.03229818865656853,correct,0
3269,817,0,43,36,43,14,1,14,False,False,False,0.025226885452866554,other,7
3270,817,1,43,40,43,1,14,1,False,False,False,0.025226885452866554,other,3
3271,817,1,12,12,12,14,1,14,True,True,False,0.03229818865656853,correct,0
3272,818,0,47,47,47,2,0,2,True,True,False,0.03485928848385811,correct,0
3273,818,0,6,6,6,0,2,0,True,True,False,0.061526451259851456,correct,0
3274,818,1,6,6,6,2,0,2,True,True,False,0.061526451259851456,correct,0
3275,818,1,47,47,47,0,2,0,True,True,False,0.03485928848385811,correct,0
3276,819,0,19,19,19,20,15,20,True,True,False,0.05277441814541817,correct,0
3277,819,0,1,1,1,15,20,15,True,True,False,0.04905127361416817,correct,0
3278,819,1,1,1,1,20,15,24,True,True,False,0.04905127361416817,correct,0
3279,819,1,19,19,19,15,20,15,True,True,False,0.05277441814541817,correct,0
3280,820,0,17,17,17,14,16,24,True,True,False,0.03448303043842316,correct,0
3281,820,0,15,15,15,16,14,16,True,True,False,0.03956126794219017,correct,0
3282,820,1,15,15,15,14,16,16,True,True,False,0.03956126794219017,correct,0
3283,820,1,17,17,17,16,14,38,True,True,False,0.03448303043842316,correct,0
3284,821,0,17,17,17,6,15,7,True,True,False,0.03554265573620796,correct,0
3285,821,0,39,39,39,15,6,17,True,True,False,0.025946807116270065,correct,0
3286,821,1,39,39,39,6,15,6,True,True,False,0.025946807116270065,correct,0
3287,821,1,17,17,17,15,6,15,True,True,False,0.03554265573620796,correct,0
3288,822,0,15,15,15,16,18,16,True,True,False,0.0631236806511879,correct,0
3289,822,0,14,14,14,18,16,18,True,True,False,0.036445651203393936,correct,0
3290,822,1,14,14,14,16,18,16,True,True,False,0.036445651203393936,correct,0
3291,822,1,15,15,15,18,16,18,True,True,False,0.0631236806511879,correct,0
3292,823,0,39,39,39,6,24,6,True,True,False,0.020783601328730583,correct,0
3293,823,0,25,25,25,24,6,24,True,True,False,0.01087174005806446,correct,0
3294,823,1,25,25,25,6,24,6,True,True,False,0.01087174005806446,correct,0
3295,823,1,39,39,39,24,6,24,True,True,False,0.020783601328730583,correct,0
3296,824,0,28,28,28,0,29,0,True,True,False,0.006126809865236282,correct,0
3297,824,0,33,33,33,29,0,29,True,True,False,0.030569247901439667,correct,0
3298,824,1,33,33,33,0,29,0,True,True,False,0.030569247901439667,correct,0
3299,824,1,28,28,28,29,0,29,True,True,False,0.006126809865236282,correct,0
3300,825,0,9,9,9,30,31,12,True,True,False,0.021961748600006104,correct,0
3301,825,0,35,35,35,31,30,31,True,True,False,0.020962124690413475,correct,0
3302,825,1,35,35,35,30,31,12,True,True,False,0.020962124690413475,correct,0
3303,825,1,9,9,9,31,30,31,True,True,False,0.021961748600006104,correct,0
3304,826,0,12,12,12,12,15,12,True,True,False,0.048786383122205734,correct,0
3305,826,0,41,41,41,15,12,15,True,True,False,0.0645453929901123,correct,0
3306,826,1,41,41,41,12,15,12,True,True,False,0.0645453929901123,correct,0
3307,826,1,12,12,12,15,12,15,True,True,False,0.048786383122205734,correct,0
3308,827,0,15,16,15,17,9,17,False,False,True,0.09969685971736908,off_by_one,1
3309,827,0,42,42,42,9,17,20,True,True,False,0.038705747574567795,correct,0
3310,827,1,42,42,42,17,9,17,True,True,False,0.038705747574567795,correct,0
3311,827,1,15,15,15,9,17,1,True,True,False,0.09969685971736908,correct,0
3312,828,0,37,37,37,16,15,16,True,True,False,0.031063823029398918,correct,0
3313,828,0,5,5,5,15,16,15,True,True,False,0.027180982753634453,correct,0
3314,828,1,5,5,5,16,15,16,True,True,False,0.027180982753634453,correct,0
3315,828,1,37,37,37,15,16,7,True,True,False,0.031063823029398918,correct,0
3316,829,0,42,42,42,7,14,7,True,True,False,0.05627356097102165,correct,0
3317,829,0,33,33,33,14,7,14,True,True,False,0.018485456705093384,correct,0
3318,829,1,33,33,33,7,14,7,True,True,False,0.018485456705093384,correct,0
3319,829,1,42,42,42,14,7,14,True,True,False,0.05627356097102165,correct,0
3320,830,0,14,14,14,0,18,0,True,True,False,0.011709216050803661,correct,0
3321,830,0,12,10,12,18,0,18,False,False,False,0.03819738328456879,other,2
3322,830,1,12,12,12,0,18,0,True,True,False,0.03819738328456879,correct,0
3323,830,1,14,14,14,18,0,18,True,True,False,0.011709216050803661,correct,0
3324,831,0,36,36,36,14,15,14,True,True,False,0.021568365395069122,correct,0
3325,831,0,22,22,22,15,14,14,True,True,False,0.04318082332611084,correct,0
3326,831,1,22,22,22,14,15,0,True,True,False,0.04318082332611084,correct,0
3327,831,1,36,36,36,15,14,15,True,True,False,0.021568365395069122,correct,0
3328,832,0,20,18,20,0,6,0,False,False,False,0.06281565129756927,other,2
3329,832,0,28,28,28,6,0,6,True,True,False,0.017451589927077293,correct,0
3330,832,1,28,28,28,0,6,0,True,True,False,0.017451589927077293,correct,0
3331,832,1,20,20,20,6,0,6,True,True,False,0.06281565129756927,correct,0
3332,833,0,41,41,41,14,17,14,True,True,False,0.15300671756267548,correct,0
3333,833,0,24,24,24,17,14,17,True,True,False,0.011975930072367191,correct,0
3334,833,1,24,44,24,14,17,14,False,False,False,0.011975930072367191,other,20
3335,833,1,41,41,41,17,14,17,True,True,False,0.15300671756267548,correct,0
3336,834,0,39,39,39,17,27,17,True,True,False,0.012321967631578445,correct,0
3337,834,0,36,36,36,27,17,14,True,True,False,0.006479615345597267,correct,0
3338,834,1,36,36,36,17,27,17,True,True,False,0.006479615345597267,correct,0
3339,834,1,39,39,39,27,17,27,True,True,False,0.012321967631578445,correct,0
3340,835,0,8,8,8,1,0,9,True,True,False,0.0835050642490387,correct,0
3341,835,0,7,7,7,0,1,0,True,True,False,0.099308080971241,correct,0
3342,835,1,7,3,7,1,0,14,False,False,False,0.099308080971241,other,4
3343,835,1,8,8,8,0,1,16,True,True,False,0.0835050642490387,correct,0
3344,836,0,20,20,20,2,10,2,True,True,False,0.06113008037209511,correct,0
3345,836,0,8,8,8,10,2,7,True,True,False,0.06559411436319351,correct,0
3346,836,1,8,8,8,2,10,2,True,True,False,0.06559411436319351,correct,0
3347,836,1,20,20,20,10,2,14,True,True,False,0.06113008037209511,correct,0
3348,837,0,34,34,34,18,7,18,True,True,False,0.02528812363743782,correct,0
3349,837,0,18,18,18,7,18,7,True,True,False,0.058286137878894806,correct,0
3350,837,1,18,43,18,18,7,36,False,False,False,0.058286137878894806,other,25
3351,837,1,34,34,34,7,18,7,True,True,False,0.02528812363743782,correct,0
3352,838,0,5,5,5,27,24,14,True,True,False,0.06611699610948563,correct,0
3353,838,0,12,12,12,24,27,36,True,True,False,0.04638553783297539,correct,0
3354,838,1,12,14,12,27,24,27,False,False,False,0.04638553783297539,other,2
3355,838,1,5,15,5,24,27,36,False,False,False,0.06611699610948563,other,10
3356,839,0,22,22,22,0,15,14,True,True,False,0.012674719095230103,correct,0
3357,839,0,20,20,20,15,0,15,True,True,False,0.04429678991436958,correct,0
3358,839,1,20,20,20,0,15,0,True,True,False,0.04429678991436958,correct,0
3359,839,1,22,22,22,15,0,15,True,True,False,0.012674719095230103,correct,0
3360,840,0,26,26,26,12,17,12,True,True,False,0.023778464645147324,correct,0
3361,840,0,7,7,7,17,12,17,True,True,False,0.021337106823921204,correct,0
3362,840,1,7,7,7,12,17,12,True,True,False,0.021337106823921204,correct,0
3363,840,1,26,26,26,17,12,17,True,True,False,0.023778464645147324,correct,0
3364,841,0,0,0,0,6,18,6,True,True,False,0.04306760057806969,correct,0
3365,841,0,4,4,4,18,6,18,True,True,False,0.022224925458431244,correct,0
3366,841,1,4,4,4,6,18,39,True,True,False,0.022224925458431244,correct,0
3367,841,1,0,0,0,18,6,2,True,True,False,0.04306760057806969,correct,0
3368,842,0,39,39,39,13,8,13,True,True,False,0.02928820066154003,correct,0
3369,842,0,7,7,7,8,13,8,True,True,False,0.08894208818674088,correct,0
3370,842,1,7,7,7,13,8,13,True,True,False,0.08894208818674088,correct,0
3371,842,1,39,39,39,8,13,8,True,True,False,0.02928820066154003,correct,0
3372,843,0,8,8,8,8,9,8,True,True,False,0.13818810880184174,correct,0
3373,843,0,2,2,2,9,8,9,True,True,False,0.028810681775212288,correct,0
3374,843,1,2,2,2,8,9,9,True,True,False,0.028810681775212288,correct,0
3375,843,1,8,8,8,9,8,7,True,True,False,0.13818810880184174,correct,0
3376,844,0,5,5,5,0,6,0,True,True,False,0.055241070687770844,correct,0
3377,844,0,27,27,27,6,0,6,True,True,False,0.01253326702862978,correct,0
3378,844,1,27,27,27,0,6,0,True,True,False,0.01253326702862978,correct,0
3379,844,1,5,5,5,6,0,8,True,True,False,0.055241070687770844,correct,0
3380,845,0,29,28,29,19,2,19,False,False,True,0.022053081542253494,off_by_one,1
3381,845,0,2,2,2,2,19,2,True,True,False,0.05167146027088165,correct,0
3382,845,1,2,2,2,19,2,20,True,True,False,0.05167146027088165,correct,0
3383,845,1,29,28,29,2,19,2,False,False,True,0.022053081542253494,off_by_one,1
3384,846,0,11,11,11,2,8,2,True,True,False,0.03172323852777481,correct,0
3385,846,0,35,35,35,8,2,7,True,True,False,0.016217878088355064,correct,0
3386,846,1,35,35,35,2,8,2,True,True,False,0.016217878088355064,correct,0
3387,846,1,11,11,11,8,2,8,True,True,False,0.03172323852777481,correct,0
3388,847,0,10,10,10,15,14,15,True,True,False,0.035363778471946716,correct,0
3389,847,0,48,48,48,14,15,16,True,True,False,0.026661280542612076,correct,0
3390,847,1,48,48,48,15,14,17,True,True,False,0.026661280542612076,correct,0
3391,847,1,10,27,10,14,15,16,False,False,False,0.035363778471946716,other,17
3392,848,0,5,34,5,6,24,6,False,False,False,0.05165635049343109,other,29
3393,848,0,37,37,37,24,6,24,True,True,False,0.0067017460241913795,correct,0
3394,848,1,37,37,37,6,24,6,True,True,False,0.0067017460241913795,correct,0
3395,848,1,5,15,5,24,6,36,False,False,False,0.05165635049343109,other,10
3396,849,0,7,7,7,24,14,24,True,True,False,0.058253854513168335,correct,0
3397,849,0,32,32,32,14,24,14,True,True,False,0.048290643841028214,correct,0
3398,849,1,32,32,32,24,14,24,True,True,False,0.048290643841028214,correct,0
3399,849,1,7,7,7,14,24,14,True,True,False,0.058253854513168335,correct,0
3400,850,0,47,15,47,24,25,24,False,False,False,0.07014217972755432,other,32
3401,850,0,26,26,26,25,24,25,True,True,False,0.04432711377739906,correct,0
3402,850,1,26,26,26,24,25,24,True,True,False,0.04432711377739906,correct,0
3403,850,1,47,47,47,25,24,25,True,True,False,0.07014217972755432,correct,0
3404,851,0,9,9,9,6,12,6,True,True,False,0.0930657908320427,correct,0
3405,851,0,23,23,23,12,6,12,True,True,False,0.08381183445453644,correct,0
3406,851,1,23,23,23,6,12,8,True,True,False,0.08381183445453644,correct,0
3407,851,1,9,9,9,12,6,12,True,True,False,0.0930657908320427,correct,0
3408,852,0,43,43,43,9,7,9,True,True,False,0.05750858411192894,correct,0
3409,852,0,27,27,27,7,9,7,True,True,False,0.04649913311004639,correct,0
3410,852,1,27,27,27,9,7,9,True,True,False,0.04649913311004639,correct,0
3411,852,1,43,43,43,7,9,7,True,True,False,0.05750858411192894,correct,0
3412,853,0,22,22,22,18,36,18,True,True,False,0.018939703702926636,correct,0
3413,853,0,12,12,12,36,18,36,True,True,False,0.0046748993918299675,correct,0
3414,853,1,12,12,12,18,36,18,True,True,False,0.0046748993918299675,correct,0
3415,853,1,22,22,22,36,18,36,True,True,False,0.018939703702926636,correct,0
3416,854,0,18,18,18,16,18,16,True,True,False,0.020039616152644157,correct,0
3417,854,0,26,26,26,18,16,18,True,True,False,0.022484764456748962,correct,0
3418,854,1,26,26,26,16,18,16,True,True,False,0.022484764456748962,correct,0
3419,854,1,18,18,18,18,16,18,True,True,False,0.020039616152644157,correct,0
3420,855,0,47,47,47,27,18,27,True,True,False,0.014540211297571659,correct,0
3421,855,0,14,14,14,18,27,18,True,True,False,0.046280764043331146,correct,0
3422,855,1,14,14,14,27,18,14,True,True,False,0.046280764043331146,correct,0
3423,855,1,47,47,47,18,27,18,True,True,False,0.014540211297571659,correct,0
3424,856,0,10,10,10,8,7,8,True,True,False,0.042842455208301544,correct,0
3425,856,0,41,41,41,7,8,7,True,True,False,0.05817938596010208,correct,0
3426,856,1,41,41,41,8,7,8,True,True,False,0.05817938596010208,correct,0
3427,856,1,10,10,10,7,8,7,True,True,False,0.042842455208301544,correct,0
3428,857,0,32,32,32,18,6,18,True,True,False,0.025964785367250443,correct,0
3429,857,0,7,7,7,6,18,6,True,True,False,0.02036088891327381,correct,0
3430,857,1,7,7,7,18,6,18,True,True,False,0.02036088891327381,correct,0
3431,857,1,32,32,32,6,18,6,True,True,False,0.025964785367250443,correct,0
3432,858,0,5,5,5,16,14,16,True,True,False,0.0850474163889885,correct,0
3433,858,0,39,39,39,14,16,14,True,True,False,0.012005338445305824,correct,0
3434,858,1,39,39,39,16,14,16,True,True,False,0.012005338445305824,correct,0
3435,858,1,5,15,5,14,16,27,False,False,False,0.0850474163889885,other,10
3436,859,0,40,40,40,16,36,16,True,True,False,0.046010926365852356,correct,0
3437,859,0,19,19,19,36,16,18,True,True,False,0.07607100158929825,correct,0
3438,859,1,19,19,19,16,36,16,True,True,False,0.07607100158929825,correct,0
3439,859,1,40,43,40,36,16,36,False,False,False,0.046010926365852356,other,3
3440,860,0,17,17,17,16,14,24,True,True,False,0.04556047171354294,correct,0
3441,860,0,18,18,18,14,16,14,True,True,False,0.01610889844596386,correct,0
3442,860,1,18,18,18,16,14,16,True,True,False,0.01610889844596386,correct,0
3443,860,1,17,17,17,14,16,27,True,True,False,0.04556047171354294,correct,0
3444,861,0,28,28,28,0,16,0,True,True,False,0.039194099605083466,correct,0
3445,861,0,31,31,31,16,0,16,True,True,False,0.00954702403396368,correct,0
3446,861,1,31,30,31,0,16,14,False,False,True,0.00954702403396368,off_by_one,1
3447,861,1,28,10,28,16,0,11,False,False,False,0.039194099605083466,other,18
3448,862,0,40,40,40,27,15,27,True,True,False,0.016422856599092484,correct,0
3449,862,0,25,25,25,15,27,15,True,True,False,0.0653265118598938,correct,0
3450,862,1,25,25,25,27,15,27,True,True,False,0.0653265118598938,correct,0
3451,862,1,40,40,40,15,27,0,True,True,False,0.016422856599092484,correct,0
3452,863,0,34,34,34,15,17,15,True,True,False,0.019346218556165695,correct,0
3453,863,0,35,35,35,17,15,17,True,True,False,0.005708012264221907,correct,0
3454,863,1,35,35,35,15,17,15,True,True,False,0.005708012264221907,correct,0
3455,863,1,34,34,34,17,15,17,True,True,False,0.019346218556165695,correct,0
3456,864,0,2,43,2,24,18,24,False,False,False,0.09833092242479324,other,41
3457,864,0,43,43,43,18,24,18,True,True,False,0.07180166989564896,correct,0
3458,864,1,43,32,43,24,18,24,False,False,False,0.07180166989564896,other,11
3459,864,1,2,2,2,18,24,18,True,True,False,0.09833092242479324,correct,0
3460,865,0,41,41,41,27,1,27,True,True,False,0.12166102230548859,correct,0
3461,865,0,48,48,48,1,27,1,True,True,False,0.020424794405698776,correct,0
3462,865,1,48,48,48,27,1,27,True,True,False,0.020424794405698776,correct,0
3463,865,1,41,41,41,1,27,1,True,True,False,0.12166102230548859,correct,0
3464,866,0,25,25,25,14,16,27,True,True,False,0.01887698285281658,correct,0
3465,866,0,34,34,34,16,14,16,True,True,False,0.03855237364768982,correct,0
3466,866,1,34,34,34,14,16,14,True,True,False,0.03855237364768982,correct,0
3467,866,1,25,25,25,16,14,16,True,True,False,0.01887698285281658,correct,0
3468,867,0,40,40,40,2,10,2,True,True,False,0.013940070755779743,correct,0
3469,867,0,11,11,11,10,2,17,True,True,False,0.05021417886018753,correct,0
3470,867,1,11,11,11,2,10,13,True,True,False,0.05021417886018753,correct,0
3471,867,1,40,40,40,10,2,10,True,True,False,0.013940070755779743,correct,0
3472,868,0,43,43,43,14,18,14,True,True,False,0.041761111468076706,correct,0
3473,868,0,39,39,39,18,14,18,True,True,False,0.006884551141411066,correct,0
3474,868,1,39,39,39,14,18,14,True,True,False,0.006884551141411066,correct,0
3475,868,1,43,43,43,18,14,18,True,True,False,0.041761111468076706,correct,0
3476,869,0,27,28,27,18,16,18,False,False,True,0.006702108308672905,off_by_one,1
3477,869,0,43,43,43,16,18,16,True,True,False,0.01416002307087183,correct,0
3478,869,1,43,43,43,18,16,18,True,True,False,0.01416002307087183,correct,0
3479,869,1,27,27,27,16,18,16,True,True,False,0.006702108308672905,correct,0
3480,870,0,25,25,25,7,18,7,True,True,False,0.010725032538175583,correct,0
3481,870,0,45,45,45,18,7,2,True,True,False,0.020449232310056686,correct,0
3482,870,1,45,45,45,7,18,7,True,True,False,0.020449232310056686,correct,0
3483,870,1,25,25,25,18,7,18,True,True,False,0.010725032538175583,correct,0
3484,871,0,36,36,36,6,16,6,True,True,False,0.05772779509425163,correct,0
3485,871,0,43,2,43,16,6,16,False,False,False,0.04550819471478462,other,41
3486,871,1,43,43,43,6,16,13,True,True,False,0.04550819471478462,correct,0
3487,871,1,36,36,36,16,6,16,True,True,False,0.05772779509425163,correct,0
3488,872,0,17,17,17,6,2,6,True,True,False,0.004799399524927139,correct,0
3489,872,0,18,18,18,2,6,2,True,True,False,0.023645520210266113,correct,0
3490,872,1,18,18,18,6,2,6,True,True,False,0.023645520210266113,correct,0
3491,872,1,17,17,17,2,6,2,True,True,False,0.004799399524927139,correct,0
3492,873,0,18,43,18,24,36,24,False,False,False,0.048488371074199677,other,25
3493,873,0,47,47,47,36,24,36,True,True,False,0.060685042291879654,correct,0
3494,873,1,47,47,47,24,36,24,True,True,False,0.060685042291879654,correct,0
3495,873,1,18,18,18,36,24,36,True,True,False,0.048488371074199677,correct,0
3496,874,0,33,33,33,29,7,29,True,True,False,0.0630820021033287,correct,0
3497,874,0,26,26,26,7,29,7,True,True,False,0.00892882701009512,correct,0
3498,874,1,26,26,26,29,7,6,True,True,False,0.00892882701009512,correct,0
3499,874,1,33,33,33,7,29,7,True,True,False,0.0630820021033287,correct,0
3500,875,0,20,20,20,14,18,14,True,True,False,0.03998512029647827,correct,0
3501,875,0,28,28,28,18,14,18,True,True,False,0.031533382833004,correct,0
3502,875,1,28,28,28,14,18,14,True,True,False,0.031533382833004,correct,0
3503,875,1,20,20,20,18,14,18,True,True,False,0.03998512029647827,correct,0
3504,876,0,6,6,6,7,24,7,True,True,False,0.04483281821012497,correct,0
3505,876,0,10,10,10,24,7,6,True,True,False,0.06066017225384712,correct,0
3506,876,1,10,11,10,7,24,7,False,False,True,0.06066017225384712,off_by_one,1
3507,876,1,6,6,6,24,7,24,True,True,False,0.04483281821012497,correct,0
3508,877,0,1,24,1,7,19,7,False,False,False,0.01841650903224945,other,23
3509,877,0,43,43,43,19,7,19,True,True,False,0.042427316308021545,correct,0
3510,877,1,43,43,43,7,19,7,True,True,False,0.042427316308021545,correct,0
3511,877,1,1,1,1,19,7,19,True,True,False,0.01841650903224945,correct,0
3512,878,0,47,47,47,14,21,14,True,True,False,0.014191683381795883,correct,0
3513,878,0,27,28,27,21,14,21,False,False,True,0.03323683887720108,off_by_one,1
3514,878,1,27,27,27,14,21,14,True,True,False,0.03323683887720108,correct,0
3515,878,1,47,47,47,21,14,21,True,True,False,0.014191683381795883,correct,0
3516,879,0,23,23,23,18,38,18,True,True,False,0.05102873221039772,correct,0
3517,879,0,24,24,24,38,18,38,True,True,False,0.012654452584683895,correct,0
3518,879,1,24,24,24,18,38,18,True,True,False,0.012654452584683895,correct,0
3519,879,1,23,23,23,38,18,38,True,True,False,0.05102873221039772,correct,0
3520,880,0,17,17,17,20,15,9,True,True,False,0.03484926000237465,correct,0
3521,880,0,42,42,42,15,20,4,True,True,False,0.1451137810945511,correct,0
3522,880,1,42,42,42,20,15,20,True,True,False,0.1451137810945511,correct,0
3523,880,1,17,17,17,15,20,19,True,True,False,0.03484926000237465,correct,0
3524,881,0,21,21,21,18,6,18,True,True,False,0.035248052328825,correct,0
3525,881,0,15,15,15,6,18,6,True,True,False,0.062026143074035645,correct,0
3526,881,1,15,15,15,18,6,2,True,True,False,0.062026143074035645,correct,0
3527,881,1,21,21,21,6,18,6,True,True,False,0.035248052328825,correct,0
3528,882,0,37,37,37,14,16,14,True,True,False,0.033942483365535736,correct,0
3529,882,0,29,29,29,16,14,16,True,True,False,0.03226565197110176,correct,0
3530,882,1,29,29,29,14,16,14,True,True,False,0.03226565197110176,correct,0
3531,882,1,37,37,37,16,14,16,True,True,False,0.033942483365535736,correct,0
3532,883,0,41,41,41,6,14,13,True,True,False,0.0946483463048935,correct,0
3533,883,0,4,4,4,14,6,14,True,True,False,0.04248346760869026,correct,0
3534,883,1,4,4,4,6,14,6,True,True,False,0.04248346760869026,correct,0
3535,883,1,41,41,41,14,6,14,True,True,False,0.0946483463048935,correct,0
3536,884,0,27,27,27,18,29,18,True,True,False,0.025232937186956406,correct,0
3537,884,0,13,13,13,29,18,6,True,True,False,0.05361799895763397,correct,0
3538,884,1,13,13,13,18,29,18,True,True,False,0.05361799895763397,correct,0
3539,884,1,27,27,27,29,18,29,True,True,False,0.025232937186956406,correct,0
3540,885,0,45,45,45,36,14,36,True,True,False,0.035126131027936935,correct,0
3541,885,0,27,28,27,14,36,14,False,False,True,0.03658049926161766,off_by_one,1
3542,885,1,27,27,27,36,14,36,True,True,False,0.03658049926161766,correct,0
3543,885,1,45,35,45,14,36,14,False,False,False,0.035126131027936935,other,10
3544,886,0,47,47,47,0,3,0,True,True,False,0.023213818669319153,correct,0
3545,886,0,15,15,15,3,0,13,True,True,False,0.022800788283348083,correct,0
3546,886,1,15,15,15,0,3,0,True,True,False,0.022800788283348083,correct,0
3547,886,1,47,40,47,3,0,3,False,False,False,0.023213818669319153,other,7
3548,887,0,14,14,14,15,16,20,True,True,False,0.035750534385442734,correct,0
3549,887,0,42,42,42,16,15,16,True,True,False,0.04505380988121033,correct,0
3550,887,1,42,42,42,15,16,4,True,True,False,0.04505380988121033,correct,0
3551,887,1,14,14,14,16,15,0,True,True,False,0.035750534385442734,correct,0
3552,888,0,18,18,18,9,8,9,True,True,False,0.05591174587607384,correct,0
3553,888,0,21,21,21,8,9,8,True,True,False,0.05307937040925026,correct,0
3554,888,1,21,21,21,9,8,9,True,True,False,0.05307937040925026,correct,0
3555,888,1,18,18,18,8,9,8,True,True,False,0.05591174587607384,correct,0
3556,889,0,43,18,43,14,16,14,False,False,False,0.030805345624685287,other,25
3557,889,0,9,9,9,16,14,15,True,True,False,0.014720667153596878,correct,0
3558,889,1,9,9,9,14,16,14,True,True,False,0.014720667153596878,correct,0
3559,889,1,43,43,43,16,14,16,True,True,False,0.030805345624685287,correct,0
3560,890,0,27,27,27,5,1,5,True,True,False,0.05772155150771141,correct,0
3561,890,0,31,10,31,1,5,1,False,False,False,0.04314625263214111,other,21
3562,890,1,31,31,31,5,1,5,True,True,False,0.04314625263214111,correct,0
3563,890,1,27,29,27,1,5,1,False,False,False,0.05772155150771141,other,2
3564,891,0,40,40,40,7,27,7,True,True,False,0.014490269124507904,correct,0
3565,891,0,8,8,8,27,7,27,True,True,False,0.018605375662446022,correct,0
3566,891,1,8,8,8,7,27,7,True,True,False,0.018605375662446022,correct,0
3567,891,1,40,40,40,27,7,27,True,True,False,0.014490269124507904,correct,0
3568,892,0,0,0,0,20,7,20,True,True,False,0.032758679240942,correct,0
3569,892,0,29,29,29,7,20,7,True,True,False,0.047745343297719955,correct,0
3570,892,1,29,29,29,20,7,14,True,True,False,0.047745343297719955,correct,0
3571,892,1,0,0,0,7,20,7,True,True,False,0.032758679240942,correct,0
3572,893,0,36,36,36,0,1,17,True,True,False,0.027676016092300415,correct,0
3573,893,0,13,13,13,1,0,35,True,True,False,0.033134136348962784,correct,0
3574,893,1,13,13,13,0,1,0,True,True,False,0.033134136348962784,correct,0
3575,893,1,36,36,36,1,0,1,True,True,False,0.027676016092300415,correct,0
3576,894,0,17,17,17,5,2,5,True,True,False,0.07874525338411331,correct,0
3577,894,0,18,43,18,2,5,2,False,False,False,0.029884688556194305,other,25
3578,894,1,18,18,18,5,2,5,True,True,False,0.029884688556194305,correct,0
3579,894,1,17,17,17,2,5,2,True,True,False,0.07874525338411331,correct,0
3580,895,0,2,2,2,8,10,9,True,True,False,0.03557027503848076,correct,0
3581,895,0,6,6,6,10,8,10,True,True,False,0.03549829125404358,correct,0
3582,895,1,6,6,6,8,10,8,True,True,False,0.03549829125404358,correct,0
3583,895,1,2,45,2,10,8,10,False,False,False,0.03557027503848076,other,43
3584,896,0,34,34,34,15,16,15,True,True,False,0.042547233402729034,correct,0
3585,896,0,7,7,7,16,15,16,True,True,False,0.047098517417907715,correct,0
3586,896,1,7,7,7,15,16,0,True,True,False,0.047098517417907715,correct,0
3587,896,1,34,34,34,16,15,16,True,True,False,0.042547233402729034,correct,0
3588,897,0,26,26,26,7,5,7,True,True,False,0.07421040534973145,correct,0
3589,897,0,21,21,21,5,7,5,True,True,False,0.03610564395785332,correct,0
3590,897,1,21,21,21,7,5,7,True,True,False,0.03610564395785332,correct,0
3591,897,1,26,26,26,5,7,5,True,True,False,0.07421040534973145,correct,0
3592,898,0,34,7,34,6,24,6,False,False,False,0.06803790479898453,other,27
3593,898,0,19,19,19,24,6,24,True,True,False,0.05714006349444389,correct,0
3594,898,1,19,19,19,6,24,7,True,True,False,0.05714006349444389,correct,0
3595,898,1,34,34,34,24,6,24,True,True,False,0.06803790479898453,correct,0
3596,899,0,37,37,37,24,26,36,True,True,False,0.06467338651418686,correct,0
3597,899,0,14,14,14,26,24,26,True,True,False,0.02066076546907425,correct,0
3598,899,1,14,14,14,24,26,24,True,True,False,0.02066076546907425,correct,0
3599,899,1,37,37,37,26,24,26,True,True,False,0.06467338651418686,correct,0
3600,900,0,2,2,2,14,18,14,True,True,False,0.02012314461171627,correct,0
3601,900,0,12,12,12,18,14,18,True,True,False,0.03658057749271393,correct,0
3602,900,1,12,12,12,14,18,0,True,True,False,0.03658057749271393,correct,0
3603,900,1,2,2,2,18,14,18,True,True,False,0.02012314461171627,correct,0
3604,901,0,48,48,48,26,24,26,True,True,False,0.05644979327917099,correct,0
3605,901,0,31,31,31,24,26,18,True,True,False,0.0641360878944397,correct,0
3606,901,1,31,30,31,26,24,26,False,False,True,0.0641360878944397,off_by_one,1
3607,901,1,48,48,48,24,26,24,True,True,False,0.05644979327917099,correct,0
3608,902,0,48,11,48,7,18,7,False,False,False,0.053241126239299774,other,37
3609,902,0,19,19,19,18,7,18,True,True,False,0.06390378624200821,correct,0
3610,902,1,19,19,19,7,18,7,True,True,False,0.06390378624200821,correct,0
3611,902,1,48,48,48,18,7,18,True,True,False,0.053241126239299774,correct,0
3612,903,0,0,10,0,24,14,6,False,False,False,0.046767499297857285,other,10
3613,903,0,31,31,31,14,24,16,True,True,False,0.028336435556411743,correct,0
3614,903,1,31,31,31,24,14,24,True,True,False,0.028336435556411743,correct,0
3615,903,1,0,0,0,14,24,14,True,True,False,0.046767499297857285,correct,0
3616,904,0,6,6,6,27,7,27,True,True,False,0.03670382872223854,correct,0
3617,904,0,25,25,25,7,27,7,True,True,False,0.021864213049411774,correct,0
3618,904,1,25,25,25,27,7,16,True,True,False,0.021864213049411774,correct,0
3619,904,1,6,6,6,7,27,7,True,True,False,0.03670382872223854,correct,0
3620,905,0,32,32,32,24,18,24,True,True,False,0.054320335388183594,correct,0
3621,905,0,22,22,22,18,24,18,True,True,False,0.03530785068869591,correct,0
3622,905,1,22,22,22,24,18,24,True,True,False,0.03530785068869591,correct,0
3623,905,1,32,32,32,18,24,18,True,True,False,0.054320335388183594,correct,0
3624,906,0,43,37,43,16,19,16,False,False,False,0.03491239622235298,other,6
3625,906,0,2,2,2,19,16,19,True,True,False,0.021482795476913452,correct,0
3626,906,1,2,2,2,16,19,16,True,True,False,0.021482795476913452,correct,0
3627,906,1,43,43,43,19,16,19,True,True,False,0.03491239622235298,correct,0
3628,907,0,13,13,13,7,14,7,True,True,False,0.0388980358839035,correct,0
3629,907,0,34,34,34,14,7,14,True,True,False,0.014274506829679012,correct,0
3630,907,1,34,34,34,7,14,7,True,True,False,0.014274506829679012,correct,0
3631,907,1,13,13,13,14,7,14,True,True,False,0.0388980358839035,correct,0
3632,908,0,29,29,29,14,21,14,True,True,False,0.042895685881376266,correct,0
3633,908,0,1,36,1,21,14,21,False,False,False,0.013638041913509369,other,35
3634,908,1,1,1,1,14,21,14,True,True,False,0.013638041913509369,correct,0
3635,908,1,29,35,29,21,14,21,False,False,False,0.042895685881376266,other,6
3636,909,0,41,41,41,15,9,15,True,True,False,0.1241414025425911,correct,0
3637,909,0,29,29,29,9,15,9,True,True,False,0.04982193186879158,correct,0
3638,909,1,29,11,29,15,9,15,False,False,False,0.04982193186879158,other,18
3639,909,1,41,41,41,9,15,9,True,True,False,0.1241414025425911,correct,0
3640,910,0,6,6,6,35,30,16,True,True,False,0.035899002104997635,correct,0
3641,910,0,34,34,34,30,35,12,True,True,False,0.02083410881459713,correct,0
3642,910,1,34,34,34,35,30,1,True,True,False,0.02083410881459713,correct,0
3643,910,1,6,6,6,30,35,30,True,True,False,0.035899002104997635,correct,0
3644,911,0,40,40,40,7,6,7,True,True,False,0.05164271220564842,correct,0
3645,911,0,10,10,10,6,7,6,True,True,False,0.04984375461935997,correct,0
3646,911,1,10,10,10,7,6,7,True,True,False,0.04984375461935997,correct,0
3647,911,1,40,40,40,6,7,6,True,True,False,0.05164271220564842,correct,0
3648,912,0,48,48,48,6,12,6,True,True,False,0.009905779734253883,correct,0
3649,912,0,46,46,46,12,6,12,True,True,False,0.0101877860724926,correct,0
3650,912,1,46,46,46,6,12,6,True,True,False,0.0101877860724926,correct,0
3651,912,1,48,48,48,12,6,12,True,True,False,0.009905779734253883,correct,0
3652,913,0,18,18,18,16,6,16,True,True,False,0.035066183656454086,correct,0
3653,913,0,38,38,38,6,16,6,True,True,False,0.03260589763522148,correct,0
3654,913,1,38,38,38,16,6,16,True,True,False,0.03260589763522148,correct,0
3655,913,1,18,18,18,6,16,6,True,True,False,0.035066183656454086,correct,0
3656,914,0,33,33,33,0,14,7,True,True,False,0.005843825172632933,correct,0
3657,914,0,28,28,28,14,0,14,True,True,False,0.017219554632902145,correct,0
3658,914,1,28,28,28,0,14,0,True,True,False,0.017219554632902145,correct,0
3659,914,1,33,33,33,14,0,14,True,True,False,0.005843825172632933,correct,0
3660,915,0,14,14,14,15,36,15,True,True,False,0.03084443137049675,correct,0
3661,915,0,16,16,16,36,15,36,True,True,False,0.040268443524837494,correct,0
3662,915,1,16,16,16,15,36,17,True,True,False,0.040268443524837494,correct,0
3663,915,1,14,14,14,36,15,36,True,True,False,0.03084443137049675,correct,0
3664,916,0,17,17,17,7,24,3,True,True,False,0.05108106508851051,correct,0
3665,916,0,45,45,45,24,7,24,True,True,False,0.05037102848291397,correct,0
3666,916,1,45,45,45,7,24,7,True,True,False,0.05037102848291397,correct,0
3667,916,1,17,17,17,24,7,4,True,True,False,0.05108106508851051,correct,0
3668,917,0,4,28,4,22,16,6,False,False,False,0.015782559290528297,other,24
3669,917,0,43,43,43,16,22,16,True,True,False,0.022634221240878105,correct,0
3670,917,1,43,43,43,22,16,5,True,True,False,0.022634221240878105,correct,0
3671,917,1,4,4,4,16,22,14,True,True,False,0.015782559290528297,correct,0
3672,918,0,46,46,46,2,6,2,True,True,False,0.01750289835035801,correct,0
3673,918,0,31,31,31,6,2,6,True,True,False,0.07918678969144821,correct,0
3674,918,1,31,31,31,2,6,2,True,True,False,0.07918678969144821,correct,0
3675,918,1,46,46,46,6,2,12,True,True,False,0.01750289835035801,correct,0
3676,919,0,10,32,10,7,15,7,False,False,False,0.04334526136517525,other,22
3677,919,0,39,39,39,15,7,15,True,True,False,0.02019277587532997,correct,0
3678,919,1,39,39,39,7,15,7,True,True,False,0.02019277587532997,correct,0
3679,919,1,10,10,10,15,7,15,True,True,False,0.04334526136517525,correct,0
3680,920,0,1,1,1,16,36,27,True,True,False,0.025590164586901665,correct,0
3681,920,0,32,32,32,36,16,36,True,True,False,0.02708798460662365,correct,0
3682,920,1,32,32,32,16,36,16,True,True,False,0.02708798460662365,correct,0
3683,920,1,1,1,1,36,16,36,True,True,False,0.025590164586901665,correct,0
3684,921,0,19,19,19,0,18,14,True,True,False,0.04172544553875923,correct,0
3685,921,0,23,23,23,18,0,18,True,True,False,0.02146550454199314,correct,0
3686,921,1,23,23,23,0,18,0,True,True,False,0.02146550454199314,correct,0
3687,921,1,19,19,19,18,0,9,True,True,False,0.04172544553875923,correct,0
3688,922,0,38,38,38,1,14,1,True,True,False,0.01742350496351719,correct,0
3689,922,0,32,32,32,14,1,16,True,True,False,0.03238222748041153,correct,0
3690,922,1,32,32,32,1,14,1,True,True,False,0.03238222748041153,correct,0
3691,922,1,38,38,38,14,1,14,True,True,False,0.01742350496351719,correct,0
3692,923,0,36,36,36,7,31,7,True,True,False,0.05530970171093941,correct,0
3693,923,0,6,6,6,31,7,28,True,True,False,0.03046271577477455,correct,0
3694,923,1,6,6,6,7,31,7,True,True,False,0.03046271577477455,correct,0
3695,923,1,36,36,36,31,7,31,True,True,False,0.05530970171093941,correct,0
3696,924,0,23,23,23,17,1,17,True,True,False,0.012210571207106113,correct,0
3697,924,0,33,33,33,1,17,1,True,True,False,0.014787774533033371,correct,0
3698,924,1,33,33,33,17,1,17,True,True,False,0.014787774533033371,correct,0
3699,924,1,23,23,23,1,17,1,True,True,False,0.012210571207106113,correct,0
3700,925,0,28,28,28,14,16,14,True,True,False,0.04087546840310097,correct,0
3701,925,0,38,38,38,16,14,16,True,True,False,0.009769008494913578,correct,0
3702,925,1,38,38,38,14,16,14,True,True,False,0.009769008494913578,correct,0
3703,925,1,28,28,28,16,14,14,True,True,False,0.04087546840310097,correct,0
3704,926,0,8,8,8,18,20,18,True,True,False,0.013817944563925266,correct,0
3705,926,0,9,9,9,20,18,20,True,True,False,0.010365060530602932,correct,0
3706,926,1,9,9,9,18,20,18,True,True,False,0.010365060530602932,correct,0
3707,926,1,8,8,8,20,18,20,True,True,False,0.013817944563925266,correct,0
3708,927,0,40,40,40,3,17,3,True,True,False,0.0060938820242881775,correct,0
3709,927,0,7,7,7,17,3,17,True,True,False,0.006773804780095816,correct,0
3710,927,1,7,7,7,3,17,3,True,True,False,0.006773804780095816,correct,0
3711,927,1,40,40,40,17,3,7,True,True,False,0.0060938820242881775,correct,0
3712,928,0,31,28,31,6,7,6,False,False,False,0.054487444460392,other,3
3713,928,0,18,18,18,7,6,7,True,True,False,0.015869291499257088,correct,0
3714,928,1,18,18,18,6,7,24,True,True,False,0.015869291499257088,correct,0
3715,928,1,31,31,31,7,6,7,True,True,False,0.054487444460392,correct,0
3716,929,0,22,22,22,34,32,34,True,True,False,0.002181379357352853,correct,0
3717,929,0,39,39,39,32,34,7,True,True,False,0.016036903485655785,correct,0
3718,929,1,39,39,39,34,32,34,True,True,False,0.016036903485655785,correct,0
3719,929,1,22,22,22,32,34,32,True,True,False,0.002181379357352853,correct,0
3720,930,0,44,44,44,16,15,16,True,True,False,0.007488171104341745,correct,0
3721,930,0,41,41,41,15,16,15,True,True,False,0.15597034990787506,correct,0
3722,930,1,41,41,41,16,15,16,True,True,False,0.15597034990787506,correct,0
3723,930,1,44,44,44,15,16,15,True,True,False,0.007488171104341745,correct,0
3724,931,0,18,18,18,13,7,13,True,True,False,0.03631550446152687,correct,0
3725,931,0,39,39,39,7,13,7,True,True,False,0.007422843016684055,correct,0
3726,931,1,39,39,39,13,7,13,True,True,False,0.007422843016684055,correct,0
3727,931,1,18,18,18,7,13,7,True,True,False,0.03631550446152687,correct,0
3728,932,0,34,34,34,26,0,6,True,True,False,0.02241714857518673,correct,0
3729,932,0,46,46,46,0,26,25,True,True,False,0.027389662340283394,correct,0
3730,932,1,46,46,46,26,0,6,True,True,False,0.027389662340283394,correct,0
3731,932,1,34,34,34,0,26,0,True,True,False,0.02241714857518673,correct,0
3732,933,0,13,13,13,18,24,18,True,True,False,0.03452395275235176,correct,0
3733,933,0,45,4,45,24,18,24,False,False,False,0.025859491899609566,other,41
3734,933,1,45,45,45,18,24,18,True,True,False,0.025859491899609566,correct,0
3735,933,1,13,13,13,24,18,18,True,True,False,0.03452395275235176,correct,0
3736,934,0,15,15,15,18,7,18,True,True,False,0.07605822384357452,correct,0
3737,934,0,33,33,33,7,18,7,True,True,False,0.0068979328498244286,correct,0
3738,934,1,33,33,33,18,7,18,True,True,False,0.0068979328498244286,correct,0
3739,934,1,15,15,15,7,18,7,True,True,False,0.07605822384357452,correct,0
3740,935,0,2,2,2,16,6,16,True,True,False,0.033557865768671036,correct,0
3741,935,0,47,47,47,6,16,6,True,True,False,0.062290117144584656,correct,0
3742,935,1,47,47,47,16,6,16,True,True,False,0.062290117144584656,correct,0
3743,935,1,2,2,2,6,16,6,True,True,False,0.033557865768671036,correct,0
3744,936,0,32,32,32,7,14,6,True,True,False,0.07472290098667145,correct,0
3745,936,0,9,9,9,14,7,14,True,True,False,0.05609748885035515,correct,0
3746,936,1,9,9,9,7,14,15,True,True,False,0.05609748885035515,correct,0
3747,936,1,32,32,32,14,7,14,True,True,False,0.07472290098667145,correct,0
3748,937,0,15,15,15,2,9,2,True,True,False,0.029514694586396217,correct,0
3749,937,0,13,13,13,9,2,9,True,True,False,0.03797304630279541,correct,0
3750,937,1,13,13,13,2,9,2,True,True,False,0.03797304630279541,correct,0
3751,937,1,15,15,15,9,2,9,True,True,False,0.029514694586396217,correct,0
3752,938,0,29,29,29,6,24,6,True,True,False,0.050786424428224564,correct,0
3753,938,0,42,42,42,24,6,24,True,True,False,0.13783490657806396,correct,0
3754,938,1,42,42,42,6,24,6,True,True,False,0.13783490657806396,correct,0
3755,938,1,29,29,29,24,6,6,True,True,False,0.050786424428224564,correct,0
3756,939,0,28,28,28,27,7,27,True,True,False,0.04432117938995361,correct,0
3757,939,0,25,25,25,7,27,7,True,True,False,0.021864213049411774,correct,0
3758,939,1,25,25,25,27,7,16,True,True,False,0.021864213049411774,correct,0
3759,939,1,28,29,28,7,27,7,False,False,True,0.04432117938995361,off_by_one,1
3760,940,0,21,21,21,12,16,12,True,True,False,0.019243774935603142,correct,0
3761,940,0,9,9,9,16,12,16,True,True,False,0.07584239542484283,correct,0
3762,940,1,9,9,9,12,16,12,True,True,False,0.07584239542484283,correct,0
3763,940,1,21,21,21,16,12,16,True,True,False,0.019243774935603142,correct,0
3764,941,0,48,48,48,14,17,14,True,True,False,0.013944149017333984,correct,0
3765,941,0,26,26,26,17,14,15,True,True,False,0.010406561195850372,correct,0
3766,941,1,26,26,26,14,17,14,True,True,False,0.010406561195850372,correct,0
3767,941,1,48,48,48,17,14,14,True,True,False,0.013944149017333984,correct,0
3768,942,0,39,39,39,18,37,18,True,True,False,0.00849937554448843,correct,0
3769,942,0,37,37,37,37,18,14,True,True,False,0.02630319632589817,correct,0
3770,942,1,37,37,37,18,37,18,True,True,False,0.02630319632589817,correct,0
3771,942,1,39,39,39,37,18,14,True,True,False,0.00849937554448843,correct,0
3772,943,0,36,36,36,12,14,12,True,True,False,0.007160733453929424,correct,0
3773,943,0,3,3,3,14,12,14,True,True,False,0.009607248939573765,correct,0
3774,943,1,3,3,3,12,14,12,True,True,False,0.009607248939573765,correct,0
3775,943,1,36,36,36,14,12,14,True,True,False,0.007160733453929424,correct,0
3776,944,0,48,48,48,0,30,0,True,True,False,0.051283400505781174,correct,0
3777,944,0,9,9,9,30,0,30,True,True,False,0.013420801609754562,correct,0
3778,944,1,9,9,9,0,30,0,True,True,False,0.013420801609754562,correct,0
3779,944,1,48,48,48,30,0,7,True,True,False,0.051283400505781174,correct,0
3780,945,0,3,3,3,0,6,0,True,True,False,0.03384922817349434,correct,0
3781,945,0,26,26,26,6,0,6,True,True,False,0.030525481328368187,correct,0
3782,945,1,26,26,26,0,6,0,True,True,False,0.030525481328368187,correct,0
3783,945,1,3,36,3,6,0,6,False,False,False,0.03384922817349434,other,33
3784,946,0,27,27,27,18,15,18,True,True,False,0.012492936104536057,correct,0
3785,946,0,36,36,36,15,18,20,True,True,False,0.02585848793387413,correct,0
3786,946,1,36,36,36,18,15,18,True,True,False,0.02585848793387413,correct,0
3787,946,1,27,27,27,15,18,15,True,True,False,0.012492936104536057,correct,0
3788,947,0,33,33,33,6,16,6,True,True,False,0.04677485674619675,correct,0
3789,947,0,38,38,38,16,6,16,True,True,False,0.006227558478713036,correct,0
3790,947,1,38,38,38,6,16,6,True,True,False,0.006227558478713036,correct,0
3791,947,1,33,33,33,16,6,16,True,True,False,0.04677485674619675,correct,0
3792,948,0,34,34,34,6,8,6,True,True,False,0.029808349907398224,correct,0
3793,948,0,19,19,19,8,6,7,True,True,False,0.050677355378866196,correct,0
3794,948,1,19,19,19,6,8,6,True,True,False,0.050677355378866196,correct,0
3795,948,1,34,34,34,8,6,39,True,True,False,0.029808349907398224,correct,0
3796,949,0,9,9,9,6,17,6,True,True,False,0.027094701305031776,correct,0
3797,949,0,37,37,37,17,6,17,True,True,False,0.018903426826000214,correct,0
3798,949,1,37,37,37,6,17,6,True,True,False,0.018903426826000214,correct,0
3799,949,1,9,9,9,17,6,17,True,True,False,0.027094701305031776,correct,0
3800,950,0,48,48,48,18,17,18,True,True,False,0.03357609733939171,correct,0
3801,950,0,20,20,20,17,18,17,True,True,False,0.03481244295835495,correct,0
3802,950,1,20,20,20,18,17,18,True,True,False,0.03481244295835495,correct,0
3803,950,1,48,48,48,17,18,17,True,True,False,0.03357609733939171,correct,0
3804,951,0,29,11,29,14,17,14,False,False,False,0.04178810864686966,other,18
3805,951,0,38,38,38,17,14,17,True,True,False,0.010374393314123154,correct,0
3806,951,1,38,38,38,14,17,14,True,True,False,0.010374393314123154,correct,0
3807,951,1,29,29,29,17,14,17,True,True,False,0.04178810864686966,correct,0
3808,952,0,17,17,17,0,14,0,True,True,False,0.02402004785835743,correct,0
3809,952,0,22,22,22,14,0,31,True,True,False,0.022984011098742485,correct,0
3810,952,1,22,22,22,0,14,0,True,True,False,0.022984011098742485,correct,0
3811,952,1,17,17,17,14,0,11,True,True,False,0.02402004785835743,correct,0
3812,953,0,34,34,34,18,15,18,True,True,False,0.02963477186858654,correct,0
3813,953,0,33,33,33,15,18,15,True,True,False,0.008001747541129589,correct,0
3814,953,1,33,33,33,18,15,18,True,True,False,0.008001747541129589,correct,0
3815,953,1,34,34,34,15,18,14,True,True,False,0.02963477186858654,correct,0
3816,954,0,15,15,15,24,25,24,True,True,False,0.05936769023537636,correct,0
3817,954,0,37,37,37,25,24,25,True,True,False,0.0522305853664875,correct,0
3818,954,1,37,37,37,24,25,24,True,True,False,0.0522305853664875,correct,0
3819,954,1,15,15,15,25,24,25,True,True,False,0.05936769023537636,correct,0
3820,955,0,16,16,16,1,5,1,True,True,False,0.06619826704263687,correct,0
3821,955,0,20,20,20,5,1,5,True,True,False,0.04382801428437233,correct,0
3822,955,1,20,20,20,1,5,1,True,True,False,0.04382801428437233,correct,0
3823,955,1,16,16,16,5,1,2,True,True,False,0.06619826704263687,correct,0
3824,956,0,13,13,13,0,22,23,True,True,False,0.06235979124903679,correct,0
3825,956,0,19,19,19,22,0,22,True,True,False,0.02016354165971279,correct,0
3826,956,1,19,19,19,0,22,0,True,True,False,0.02016354165971279,correct,0
3827,956,1,13,13,13,22,0,5,True,True,False,0.06235979124903679,correct,0
3828,957,0,9,9,9,38,18,17,True,True,False,0.029769789427518845,correct,0
3829,957,0,5,5,5,18,38,18,True,True,False,0.07991272956132889,correct,0
3830,957,1,5,5,5,38,18,38,True,True,False,0.07991272956132889,correct,0
3831,957,1,9,9,9,18,38,18,True,True,False,0.029769789427518845,correct,0
3832,958,0,32,32,32,0,16,0,True,True,False,0.005789548624306917,correct,0
3833,958,0,20,20,20,16,0,16,True,True,False,0.02421792596578598,correct,0
3834,958,1,20,20,20,0,16,0,True,True,False,0.02421792596578598,correct,0
3835,958,1,32,32,32,16,0,0,True,True,False,0.005789548624306917,correct,0
3836,959,0,45,45,45,14,17,14,True,True,False,0.0032131271436810493,correct,0
3837,959,0,37,37,37,17,14,17,True,True,False,0.04411434009671211,correct,0
3838,959,1,37,37,37,14,17,14,True,True,False,0.04411434009671211,correct,0
3839,959,1,45,45,45,17,14,17,True,True,False,0.0032131271436810493,correct,0
3840,960,0,35,35,35,38,18,38,True,True,False,0.04743540287017822,correct,0
3841,960,0,48,48,48,18,38,39,True,True,False,0.034161295741796494,correct,0
3842,960,1,48,48,48,38,18,38,True,True,False,0.034161295741796494,correct,0
3843,960,1,35,35,35,18,38,36,True,True,False,0.04743540287017822,correct,0
3844,961,0,24,24,24,0,16,0,True,True,False,0.007322929799556732,correct,0
3845,961,0,40,40,40,16,0,16,True,True,False,0.009546336717903614,correct,0
3846,961,1,40,40,40,0,16,0,True,True,False,0.009546336717903614,correct,0
3847,961,1,24,24,24,16,0,16,True,True,False,0.007322929799556732,correct,0
3848,962,0,21,21,21,27,14,14,True,True,False,0.022050999104976654,correct,0
3849,962,0,16,16,16,14,27,16,True,True,False,0.07131040841341019,correct,0
3850,962,1,16,15,16,27,14,27,False,False,True,0.07131040841341019,off_by_one,1
3851,962,1,21,21,21,14,27,14,True,True,False,0.022050999104976654,correct,0
3852,963,0,38,38,38,36,26,36,True,True,False,0.017436575144529343,correct,0
3853,963,0,33,33,33,26,36,8,True,True,False,0.006038413383066654,correct,0
3854,963,1,33,33,33,36,26,2,True,True,False,0.006038413383066654,correct,0
3855,963,1,38,38,38,26,36,26,True,True,False,0.017436575144529343,correct,0
3856,964,0,5,5,5,1,14,1,True,True,False,0.025661969557404518,correct,0
3857,964,0,44,44,44,14,1,14,True,True,False,0.012797662988305092,correct,0
3858,964,1,44,44,44,1,14,1,True,True,False,0.012797662988305092,correct,0
3859,964,1,5,5,5,14,1,14,True,True,False,0.025661969557404518,correct,0
3860,965,0,20,20,20,14,7,14,True,True,False,0.04671717807650566,correct,0
3861,965,0,0,0,0,7,14,7,True,True,False,0.06775752454996109,correct,0
3862,965,1,0,0,0,14,7,14,True,True,False,0.06775752454996109,correct,0
3863,965,1,20,20,20,7,14,7,True,True,False,0.04671717807650566,correct,0
3864,966,0,28,28,28,6,3,6,True,True,False,0.004035739693790674,correct,0
3865,966,0,42,42,42,3,6,3,True,True,False,0.11031355708837509,correct,0
3866,966,1,42,42,42,6,3,6,True,True,False,0.11031355708837509,correct,0
3867,966,1,28,28,28,3,6,3,True,True,False,0.004035739693790674,correct,0
3868,967,0,2,2,2,15,17,15,True,True,False,0.008962357416749,correct,0
3869,967,0,20,20,20,17,15,17,True,True,False,0.04642172530293465,correct,0
3870,967,1,20,20,20,15,17,24,True,True,False,0.04642172530293465,correct,0
3871,967,1,2,2,2,17,15,17,True,True,False,0.008962357416749,correct,0
3872,968,0,2,2,2,16,21,16,True,True,False,0.013545445166528225,correct,0
3873,968,0,21,21,21,21,16,21,True,True,False,0.029629720374941826,correct,0
3874,968,1,21,21,21,16,21,16,True,True,False,0.029629720374941826,correct,0
3875,968,1,2,2,2,21,16,21,True,True,False,0.013545445166528225,correct,0
3876,969,0,36,36,36,14,18,14,True,True,False,0.020264415070414543,correct,0
3877,969,0,1,1,1,18,14,18,True,True,False,0.013982478529214859,correct,0
3878,969,1,1,1,1,14,18,14,True,True,False,0.013982478529214859,correct,0
3879,969,1,36,36,36,18,14,18,True,True,False,0.020264415070414543,correct,0
3880,970,0,28,10,28,16,37,11,False,False,False,0.02642848901450634,other,18
3881,970,0,46,11,46,37,16,37,False,False,False,0.04170556366443634,other,35
3882,970,1,46,48,46,16,37,0,False,False,False,0.04170556366443634,other,2
3883,970,1,28,11,28,37,16,37,False,False,False,0.02642848901450634,other,17
3884,971,0,44,44,44,18,38,18,True,True,False,0.013489405624568462,correct,0
3885,971,0,24,1,24,38,18,14,False,False,False,0.03571873903274536,other,23
3886,971,1,24,24,24,18,38,18,True,True,False,0.03571873903274536,correct,0
3887,971,1,44,44,44,38,18,38,True,True,False,0.013489405624568462,correct,0
3888,972,0,13,13,13,1,27,15,True,True,False,0.05481894314289093,correct,0
3889,972,0,26,26,26,27,1,27,True,True,False,0.035530198365449905,correct,0
3890,972,1,26,26,26,1,27,1,True,True,False,0.035530198365449905,correct,0
3891,972,1,13,13,13,27,1,0,True,True,False,0.05481894314289093,correct,0
3892,973,0,30,30,30,16,15,14,True,True,False,0.020830679684877396,correct,0
3893,973,0,12,12,12,15,16,15,True,True,False,0.007626242469996214,correct,0
3894,973,1,12,12,12,16,15,14,True,True,False,0.007626242469996214,correct,0
3895,973,1,30,30,30,15,16,15,True,True,False,0.020830679684877396,correct,0
3896,974,0,27,27,27,6,12,6,True,True,False,0.020203042775392532,correct,0
3897,974,0,18,18,18,12,6,12,True,True,False,0.07589208334684372,correct,0
3898,974,1,18,18,18,6,12,6,True,True,False,0.07589208334684372,correct,0
3899,974,1,27,27,27,12,6,12,True,True,False,0.020203042775392532,correct,0
3900,975,0,2,2,2,14,24,14,True,True,False,0.030984356999397278,correct,0
3901,975,0,36,29,36,24,14,24,False,False,False,0.048747505992650986,other,7
3902,975,1,36,36,36,14,24,16,True,True,False,0.048747505992650986,correct,0
3903,975,1,2,0,2,24,14,3,False,False,False,0.030984356999397278,other,2
3904,976,0,40,36,40,24,36,24,False,False,False,0.015678949654102325,other,4
3905,976,0,43,43,43,36,24,36,True,True,False,0.06267447024583817,correct,0
3906,976,1,43,43,43,24,36,24,True,True,False,0.06267447024583817,correct,0
3907,976,1,40,43,40,36,24,36,False,False,False,0.015678949654102325,other,3
3908,977,0,15,16,15,7,26,20,False,False,True,0.0476052425801754,off_by_one,1
3909,977,0,10,11,10,26,7,26,False,False,True,0.044571731239557266,off_by_one,1
3910,977,1,10,11,10,7,26,7,False,False,True,0.044571731239557266,off_by_one,1
3911,977,1,15,16,15,26,7,26,False,False,True,0.0476052425801754,off_by_one,1
3912,978,0,47,47,47,6,24,6,True,True,False,0.09598293900489807,correct,0
3913,978,0,10,10,10,24,6,24,True,True,False,0.04970530420541763,correct,0
3914,978,1,10,10,10,6,24,6,True,True,False,0.04970530420541763,correct,0
3915,978,1,47,47,47,24,6,24,True,True,False,0.09598293900489807,correct,0
3916,979,0,34,34,34,8,10,8,True,True,False,0.024558719247579575,correct,0
3917,979,0,41,41,41,10,8,10,True,True,False,0.16290946304798126,correct,0
3918,979,1,41,41,41,8,10,8,True,True,False,0.16290946304798126,correct,0
3919,979,1,34,16,34,10,8,10,False,False,False,0.024558719247579575,other,18
3920,980,0,15,15,15,18,16,18,True,True,False,0.06832168996334076,correct,0
3921,980,0,13,13,13,16,18,16,True,True,False,0.03894625976681709,correct,0
3922,980,1,13,13,13,18,16,18,True,True,False,0.03894625976681709,correct,0
3923,980,1,15,16,15,16,18,14,False,False,True,0.06832168996334076,off_by_one,1
3924,981,0,23,23,23,6,38,13,True,True,False,0.09046081453561783,correct,0
3925,981,0,9,1,9,38,6,10,False,False,False,0.0670366957783699,other,8
3926,981,1,9,9,9,6,38,6,True,True,False,0.0670366957783699,correct,0
3927,981,1,23,23,23,38,6,14,True,True,False,0.09046081453561783,correct,0
3928,982,0,0,0,0,0,18,0,True,True,False,0.022751273587346077,correct,0
3929,982,0,14,14,14,18,0,2,True,True,False,0.04766225814819336,correct,0
3930,982,1,14,14,14,0,18,0,True,True,False,0.04766225814819336,correct,0
3931,982,1,0,0,0,18,0,18,True,True,False,0.022751273587346077,correct,0
3932,983,0,42,42,42,2,12,2,True,True,False,0.14405688643455505,correct,0
3933,983,0,17,17,17,12,2,6,True,True,False,0.011491387151181698,correct,0
3934,983,1,17,17,17,2,12,2,True,True,False,0.011491387151181698,correct,0
3935,983,1,42,42,42,12,2,12,True,True,False,0.14405688643455505,correct,0
3936,984,0,27,28,27,2,19,2,False,False,True,0.01736573502421379,off_by_one,1
3937,984,0,2,2,2,19,2,19,True,True,False,0.017357854172587395,correct,0
3938,984,1,2,2,2,2,19,2,True,True,False,0.017357854172587395,correct,0
3939,984,1,27,28,27,19,2,19,False,False,True,0.01736573502421379,off_by_one,1
3940,985,0,33,33,33,18,17,18,True,True,False,0.028198279440402985,correct,0
3941,985,0,45,45,45,17,18,17,True,True,False,0.018179835751652718,correct,0
3942,985,1,45,45,45,18,17,18,True,True,False,0.018179835751652718,correct,0
3943,985,1,33,33,33,17,18,17,True,True,False,0.028198279440402985,correct,0
3944,986,0,29,29,29,38,36,24,True,True,False,0.007216355763375759,correct,0
3945,986,0,26,26,26,36,38,3,True,True,False,0.030139127746224403,correct,0
3946,986,1,26,26,26,38,36,38,True,True,False,0.030139127746224403,correct,0
3947,986,1,29,29,29,36,38,20,True,True,False,0.007216355763375759,correct,0
3948,987,0,13,13,13,24,15,24,True,True,False,0.03328833356499672,correct,0
3949,987,0,26,26,26,15,24,15,True,True,False,0.022280562669038773,correct,0
3950,987,1,26,26,26,24,15,24,True,True,False,0.022280562669038773,correct,0
3951,987,1,13,13,13,15,24,15,True,True,False,0.03328833356499672,correct,0
3952,988,0,10,11,10,7,14,7,False,False,True,0.027670523151755333,off_by_one,1
3953,988,0,36,36,36,14,7,14,True,True,False,0.013856274075806141,correct,0
3954,988,1,36,36,36,7,14,7,True,True,False,0.013856274075806141,correct,0
3955,988,1,10,10,10,14,7,14,True,True,False,0.027670523151755333,correct,0
3956,989,0,4,4,4,0,29,0,True,True,False,0.011527108028531075,correct,0
3957,989,0,7,7,7,29,0,12,True,True,False,0.014285236597061157,correct,0
3958,989,1,7,7,7,0,29,0,True,True,False,0.014285236597061157,correct,0
3959,989,1,4,4,4,29,0,12,True,True,False,0.011527108028531075,correct,0
3960,990,0,28,28,28,19,7,19,True,True,False,0.05253634601831436,correct,0
3961,990,0,13,13,13,7,19,15,True,True,False,0.03133470565080643,correct,0
3962,990,1,13,13,13,19,7,18,True,True,False,0.03133470565080643,correct,0
3963,990,1,28,28,28,7,19,7,True,True,False,0.05253634601831436,correct,0
3964,991,0,7,7,7,7,0,7,True,True,False,0.020148001611232758,correct,0
3965,991,0,44,35,44,0,7,27,False,False,False,0.01271150540560484,other,9
3966,991,1,44,44,44,7,0,7,True,True,False,0.01271150540560484,correct,0
3967,991,1,7,7,7,0,7,0,True,True,False,0.020148001611232758,correct,0
3968,992,0,12,12,12,6,7,6,True,True,False,0.05140639469027519,correct,0
3969,992,0,37,37,37,7,6,7,True,True,False,0.1028745025396347,correct,0
3970,992,1,37,32,37,6,7,17,False,False,False,0.1028745025396347,other,5
3971,992,1,12,12,12,7,6,7,True,True,False,0.05140639469027519,correct,0
3972,993,0,10,10,10,14,37,14,True,True,False,0.05240630358457565,correct,0
3973,993,0,26,26,26,37,14,14,True,True,False,0.025942521169781685,correct,0
3974,993,1,26,26,26,14,37,14,True,True,False,0.025942521169781685,correct,0
3975,993,1,10,10,10,37,14,15,True,True,False,0.05240630358457565,correct,0
3976,994,0,14,14,14,14,20,14,True,True,False,0.017370333895087242,correct,0
3977,994,0,44,44,44,20,14,20,True,True,False,0.011114967986941338,correct,0
3978,994,1,44,44,44,14,20,14,True,True,False,0.011114967986941338,correct,0
3979,994,1,14,14,14,20,14,20,True,True,False,0.017370333895087242,correct,0
3980,995,0,34,34,34,24,18,24,True,True,False,0.02556382492184639,correct,0
3981,995,0,40,40,40,18,24,18,True,True,False,0.019116869196295738,correct,0
3982,995,1,40,40,40,24,18,24,True,True,False,0.019116869196295738,correct,0
3983,995,1,34,34,34,18,24,18,True,True,False,0.02556382492184639,correct,0
3984,996,0,1,29,1,7,16,7,False,False,False,0.007126350421458483,other,28
3985,996,0,36,36,36,16,7,16,True,True,False,0.0029376654420048,correct,0
3986,996,1,36,36,36,7,16,7,True,True,False,0.0029376654420048,correct,0
3987,996,1,1,1,1,16,7,16,True,True,False,0.007126350421458483,correct,0
3988,997,0,37,37,37,7,21,7,True,True,False,0.018712524324655533,correct,0
3989,997,0,40,40,40,21,7,21,True,True,False,0.025112640112638474,correct,0
3990,997,1,40,40,40,7,21,7,True,True,False,0.025112640112638474,correct,0
3991,997,1,37,37,37,21,7,19,True,True,False,0.018712524324655533,correct,0
3992,998,0,4,4,4,16,38,16,True,True,False,0.03907882794737816,correct,0
3993,998,0,27,27,27,38,16,14,True,True,False,0.030761508271098137,correct,0
3994,998,1,27,27,27,16,38,14,True,True,False,0.030761508271098137,correct,0
3995,998,1,4,4,4,38,16,38,True,True,False,0.03907882794737816,correct,0
3996,999,0,12,12,12,18,38,18,True,True,False,0.029066944494843483,correct,0
3997,999,0,22,22,22,38,18,38,True,True,False,0.018621062859892845,correct,0
3998,999,1,22,22,22,18,38,18,True,True,False,0.018621062859892845,correct,0
3999,999,1,12,12,12,38,18,14,True,True,False,0.029066944494843483,correct,0
4000,1000,0,4,4,4,26,7,26,True,True,False,0.007036882918328047,correct,0
4001,1000,0,15,16,15,7,26,24,False,False,True,0.08051491528749466,off_by_one,1
4002,1000,1,15,15,15,26,7,26,True,True,False,0.08051491528749466,correct,0
4003,1000,1,4,4,4,7,26,7,True,True,False,0.007036882918328047,correct,0
4004,1001,0,11,29,11,7,15,7,False,False,False,0.06088656187057495,other,18
4005,1001,0,39,39,39,15,7,16,True,True,False,0.022078780457377434,correct,0
4006,1001,1,39,39,39,7,15,7,True,True,False,0.022078780457377434,correct,0
4007,1001,1,11,29,11,15,7,15,False,False,False,0.06088656187057495,other,18
4008,1002,0,36,36,36,6,26,6,True,True,False,0.01653357967734337,correct,0
4009,1002,0,25,25,25,26,6,26,True,True,False,0.033138539642095566,correct,0
4010,1002,1,25,25,25,6,26,6,True,True,False,0.033138539642095566,correct,0
4011,1002,1,36,36,36,26,6,26,True,True,False,0.01653357967734337,correct,0
4012,1003,0,28,28,28,13,6,13,True,True,False,0.01239085104316473,correct,0
4013,1003,0,0,0,0,6,13,6,True,True,False,0.04427028447389603,correct,0
4014,1003,1,0,0,0,13,6,13,True,True,False,0.04427028447389603,correct,0
4015,1003,1,28,28,28,6,13,6,True,True,False,0.01239085104316473,correct,0
4016,1004,0,44,44,44,6,16,6,True,True,False,0.02074485830962658,correct,0
4017,1004,0,46,46,46,16,6,16,True,True,False,0.011544267646968365,correct,0
4018,1004,1,46,46,46,6,16,6,True,True,False,0.011544267646968365,correct,0
4019,1004,1,44,44,44,16,6,16,True,True,False,0.02074485830962658,correct,0
4020,1005,0,2,2,2,14,18,16,True,True,False,0.03558734059333801,correct,0
4021,1005,0,29,29,29,18,14,18,True,True,False,0.12293889373540878,correct,0
4022,1005,1,29,22,29,14,18,6,False,False,False,0.12293889373540878,other,7
4023,1005,1,2,2,2,18,14,18,True,True,False,0.03558734059333801,correct,0
4024,1006,0,15,15,15,15,14,15,True,True,False,0.04778126999735832,correct,0
4025,1006,0,30,25,30,14,15,7,False,False,False,0.09357088059186935,other,5
4026,1006,1,30,30,30,15,14,17,True,True,False,0.09357088059186935,correct,0
4027,1006,1,15,15,15,14,15,16,True,True,False,0.04778126999735832,correct,0
4028,1007,0,26,26,26,5,1,5,True,True,False,0.020013825967907906,correct,0
4029,1007,0,41,41,41,1,5,1,True,True,False,0.09036186337471008,correct,0
4030,1007,1,41,41,41,5,1,5,True,True,False,0.09036186337471008,correct,0
4031,1007,1,26,26,26,1,5,1,True,True,False,0.020013825967907906,correct,0
4032,1008,0,27,27,27,24,14,3,True,True,False,0.014686317183077335,correct,0
4033,1008,0,33,22,33,14,24,0,False,False,False,0.02412364073097706,other,11
4034,1008,1,33,33,33,24,14,24,True,True,False,0.02412364073097706,correct,0
4035,1008,1,27,27,27,14,24,0,True,True,False,0.014686317183077335,correct,0
4036,1009,0,45,45,45,17,1,17,True,True,False,0.011515946127474308,correct,0
4037,1009,0,29,11,29,1,17,18,False,False,False,0.05615164339542389,other,18
4038,1009,1,29,28,29,17,1,14,False,False,True,0.05615164339542389,off_by_one,1
4039,1009,1,45,24,45,1,17,1,False,False,False,0.011515946127474308,other,21
4040,1010,0,42,42,42,15,14,15,True,True,False,0.056602369993925095,correct,0
4041,1010,0,34,34,34,14,15,14,True,True,False,0.03295107185840607,correct,0
4042,1010,1,34,34,34,15,14,0,True,True,False,0.03295107185840607,correct,0
4043,1010,1,42,42,42,14,15,14,True,True,False,0.056602369993925095,correct,0
4044,1011,0,39,39,39,15,2,7,True,True,False,0.016255691647529602,correct,0
4045,1011,0,46,46,46,2,15,2,True,True,False,0.01139520388096571,correct,0
4046,1011,1,46,46,46,15,2,15,True,True,False,0.01139520388096571,correct,0
4047,1011,1,39,39,39,2,15,2,True,True,False,0.016255691647529602,correct,0
4048,1012,0,19,19,19,16,14,16,True,True,False,0.09761658310890198,correct,0
4049,1012,0,9,9,9,14,16,14,True,True,False,0.02482355386018753,correct,0
4050,1012,1,9,33,9,16,14,11,False,False,False,0.02482355386018753,other,24
4051,1012,1,19,19,19,14,16,14,True,True,False,0.09761658310890198,correct,0
4052,1013,0,42,42,42,7,6,7,True,True,False,0.2628980875015259,correct,0
4053,1013,0,13,13,13,6,7,6,True,True,False,0.0637880191206932,correct,0
4054,1013,1,13,13,13,7,6,7,True,True,False,0.0637880191206932,correct,0
4055,1013,1,42,42,42,6,7,6,True,True,False,0.2628980875015259,correct,0
4056,1014,0,29,10,29,6,24,6,False,False,False,0.053517818450927734,other,19
4057,1014,0,35,35,35,24,6,24,True,True,False,0.0158921480178833,correct,0
4058,1014,1,35,35,35,6,24,6,True,True,False,0.0158921480178833,correct,0
4059,1014,1,29,11,29,24,6,7,False,False,False,0.053517818450927734,other,18
4060,1015,0,15,5,15,19,7,19,False,False,False,0.09897661209106445,other,10
4061,1015,0,3,3,3,7,19,7,True,True,False,0.039842162281274796,correct,0
4062,1015,1,3,3,3,19,7,7,True,True,False,0.039842162281274796,correct,0
4063,1015,1,15,16,15,7,19,7,False,False,True,0.09897661209106445,off_by_one,1
4064,1016,0,29,29,29,6,15,6,True,True,False,0.04984069988131523,correct,0
4065,1016,0,45,45,45,15,6,16,True,True,False,0.029161904007196426,correct,0
4066,1016,1,45,45,45,6,15,6,True,True,False,0.029161904007196426,correct,0
4067,1016,1,29,29,29,15,6,16,True,True,False,0.04984069988131523,correct,0
4068,1017,0,9,9,9,26,17,26,True,True,False,0.016059398651123047,correct,0
4069,1017,0,11,28,11,17,26,17,False,False,False,0.017252739518880844,other,17
4070,1017,1,11,11,11,26,17,26,True,True,False,0.017252739518880844,correct,0
4071,1017,1,9,33,9,17,26,17,False,False,False,0.016059398651123047,other,24
4072,1018,0,48,48,48,16,22,16,True,True,False,0.00951708760112524,correct,0
4073,1018,0,2,2,2,22,16,22,True,True,False,0.022138893604278564,correct,0
4074,1018,1,2,2,2,16,22,16,True,True,False,0.022138893604278564,correct,0
4075,1018,1,48,48,48,22,16,8,True,True,False,0.00951708760112524,correct,0
4076,1019,0,36,36,36,7,8,7,True,True,False,0.006350201554596424,correct,0
4077,1019,0,42,42,42,8,7,8,True,True,False,0.07866145670413971,correct,0
4078,1019,1,42,42,42,7,8,7,True,True,False,0.07866145670413971,correct,0
4079,1019,1,36,36,36,8,7,39,True,True,False,0.006350201554596424,correct,0
4080,1020,0,21,21,21,11,2,11,True,True,False,0.047059763222932816,correct,0
4081,1020,0,39,39,39,2,11,2,True,True,False,0.014040679670870304,correct,0
4082,1020,1,39,39,39,11,2,11,True,True,False,0.014040679670870304,correct,0
4083,1020,1,21,21,21,2,11,5,True,True,False,0.047059763222932816,correct,0
4084,1021,0,23,23,23,12,17,12,True,True,False,0.011381970718502998,correct,0
4085,1021,0,38,38,38,17,12,17,True,True,False,0.01548573188483715,correct,0
4086,1021,1,38,38,38,12,17,12,True,True,False,0.01548573188483715,correct,0
4087,1021,1,23,23,23,17,12,17,True,True,False,0.011381970718502998,correct,0
4088,1022,0,47,47,47,18,15,18,True,True,False,0.023370254784822464,correct,0
4089,1022,0,27,27,27,15,18,15,True,True,False,0.019763730466365814,correct,0
4090,1022,1,27,27,27,18,15,18,True,True,False,0.019763730466365814,correct,0
4091,1022,1,47,47,47,15,18,15,True,True,False,0.023370254784822464,correct,0
4092,1023,0,48,48,48,2,6,2,True,True,False,0.00898684374988079,correct,0
4093,1023,0,8,8,8,6,2,6,True,True,False,0.08561350405216217,correct,0
4094,1023,1,8,8,8,2,6,2,True,True,False,0.08561350405216217,correct,0
4095,1023,1,48,48,48,6,2,6,True,True,False,0.00898684374988079,correct,0
4096,1024,0,26,26,26,16,20,23,True,True,False,0.011373067274689674,correct,0
4097,1024,0,22,22,22,20,16,20,True,True,False,0.028476806357502937,correct,0
4098,1024,1,22,22,22,16,20,16,True,True,False,0.028476806357502937,correct,0
4099,1024,1,26,26,26,20,16,20,True,True,False,0.011373067274689674,correct,0
4100,1025,0,30,30,30,9,13,9,True,True,False,0.044398561120033264,correct,0
4101,1025,0,8,8,8,13,9,13,True,True,False,0.00855639111250639,correct,0
4102,1025,1,8,8,8,9,13,7,True,True,False,0.00855639111250639,correct,0
4103,1025,1,30,30,30,13,9,13,True,True,False,0.044398561120033264,correct,0
4104,1026,0,30,30,30,17,3,17,True,True,False,0.023739999160170555,correct,0
4105,1026,0,2,2,2,3,17,3,True,True,False,0.01895802654325962,correct,0
4106,1026,1,2,2,2,17,3,0,True,True,False,0.01895802654325962,correct,0
4107,1026,1,30,30,30,3,17,3,True,True,False,0.023739999160170555,correct,0
4108,1027,0,7,7,7,14,15,14,True,True,False,0.017034044489264488,correct,0
4109,1027,0,27,27,27,15,14,15,True,True,False,0.09901530295610428,correct,0
4110,1027,1,27,46,27,14,15,7,False,False,False,0.09901530295610428,other,19
4111,1027,1,7,7,7,15,14,15,True,True,False,0.017034044489264488,correct,0
4112,1028,0,37,37,37,17,7,17,True,True,False,0.022008748725056648,correct,0
4113,1028,0,29,29,29,7,17,7,True,True,False,0.03465266898274422,correct,0
4114,1028,1,29,29,29,17,7,17,True,True,False,0.03465266898274422,correct,0
4115,1028,1,37,37,37,7,17,7,True,True,False,0.022008748725056648,correct,0
4116,1029,0,40,40,40,14,17,14,True,True,False,0.008522718213498592,correct,0
4117,1029,0,18,18,18,17,14,17,True,True,False,0.028484510257840157,correct,0
4118,1029,1,18,18,18,14,17,14,True,True,False,0.028484510257840157,correct,0
4119,1029,1,40,40,40,17,14,17,True,True,False,0.008522718213498592,correct,0
4120,1030,0,24,1,24,18,23,18,False,False,False,0.026131534948945045,other,23
4121,1030,0,25,25,25,23,18,23,True,True,False,0.01939709298312664,correct,0
4122,1030,1,25,25,25,18,23,18,True,True,False,0.01939709298312664,correct,0
4123,1030,1,24,24,24,23,18,23,True,True,False,0.026131534948945045,correct,0
4124,1031,0,3,46,3,16,18,0,False,False,False,0.04037553444504738,other,43
4125,1031,0,21,21,21,18,16,18,True,True,False,0.11196784675121307,correct,0
4126,1031,1,21,21,21,16,18,16,True,True,False,0.11196784675121307,correct,0
4127,1031,1,3,3,3,18,16,18,True,True,False,0.04037553444504738,correct,0
4128,1032,0,34,34,34,2,0,2,True,True,False,0.009450942277908325,correct,0
4129,1032,0,30,30,30,0,2,0,True,True,False,0.06967674940824509,correct,0
4130,1032,1,30,30,30,2,0,2,True,True,False,0.06967674940824509,correct,0
4131,1032,1,34,34,34,0,2,0,True,True,False,0.009450942277908325,correct,0
4132,1033,0,18,18,18,2,19,2,True,True,False,0.025541270151734352,correct,0
4133,1033,0,26,26,26,19,2,19,True,True,False,0.03633185103535652,correct,0
4134,1033,1,26,26,26,2,19,3,True,True,False,0.03633185103535652,correct,0
4135,1033,1,18,18,18,19,2,19,True,True,False,0.025541270151734352,correct,0
4136,1034,0,16,16,16,6,18,6,True,True,False,0.10291678458452225,correct,0
4137,1034,0,8,8,8,18,6,18,True,True,False,0.0077642519026994705,correct,0
4138,1034,1,8,8,8,6,18,6,True,True,False,0.0077642519026994705,correct,0
4139,1034,1,16,16,16,18,6,18,True,True,False,0.10291678458452225,correct,0
4140,1035,0,45,45,45,3,6,3,True,True,False,0.0036497926339507103,correct,0
4141,1035,0,47,47,47,6,3,6,True,True,False,0.035181231796741486,correct,0
4142,1035,1,47,47,47,3,6,3,True,True,False,0.035181231796741486,correct,0
4143,1035,1,45,45,45,6,3,6,True,True,False,0.0036497926339507103,correct,0
4144,1036,0,33,33,33,8,10,8,True,True,False,0.04787416011095047,correct,0
4145,1036,0,31,31,31,10,8,16,True,True,False,0.10136300325393677,correct,0
4146,1036,1,31,31,31,8,10,8,True,True,False,0.10136300325393677,correct,0
4147,1036,1,33,33,33,10,8,16,True,True,False,0.04787416011095047,correct,0
4148,1037,0,43,43,43,15,2,15,True,True,False,0.015390989370644093,correct,0
4149,1037,0,5,5,5,2,15,2,True,True,False,0.05265319347381592,correct,0
4150,1037,1,5,5,5,15,2,15,True,True,False,0.05265319347381592,correct,0
4151,1037,1,43,43,43,2,15,2,True,True,False,0.015390989370644093,correct,0
4152,1038,0,17,17,17,12,13,6,True,True,False,0.025551021099090576,correct,0
4153,1038,0,24,24,24,13,12,13,True,True,False,0.017453782260417938,correct,0
4154,1038,1,24,24,24,12,13,12,True,True,False,0.017453782260417938,correct,0
4155,1038,1,17,17,17,13,12,13,True,True,False,0.025551021099090576,correct,0
4156,1039,0,48,48,48,24,39,24,True,True,False,0.035325415432453156,correct,0
4157,1039,0,28,10,28,39,24,39,False,False,False,0.03371250256896019,other,18
4158,1039,1,28,28,28,24,39,24,True,True,False,0.03371250256896019,correct,0
4159,1039,1,48,48,48,39,24,39,True,True,False,0.035325415432453156,correct,0
4160,1040,0,36,36,36,18,36,18,True,True,False,0.011550256982445717,correct,0
4161,1040,0,24,24,24,36,18,36,True,True,False,0.015576524659991264,correct,0
4162,1040,1,24,24,24,18,36,2,True,True,False,0.015576524659991264,correct,0
4163,1040,1,36,36,36,36,18,36,True,True,False,0.011550256982445717,correct,0
4164,1041,0,37,37,37,7,27,7,True,True,False,0.00937125738710165,correct,0
4165,1041,0,23,23,23,27,7,27,True,True,False,0.04014330729842186,correct,0
4166,1041,1,23,23,23,7,27,7,True,True,False,0.04014330729842186,correct,0
4167,1041,1,37,31,37,27,7,27,False,False,False,0.00937125738710165,other,6
4168,1042,0,5,5,5,5,7,5,True,True,False,0.1321498155593872,correct,0
4169,1042,0,36,36,36,7,5,7,True,True,False,0.01935679279267788,correct,0
4170,1042,1,36,36,36,5,7,5,True,True,False,0.01935679279267788,correct,0
4171,1042,1,5,5,5,7,5,7,True,True,False,0.1321498155593872,correct,0
4172,1043,0,44,44,44,14,7,14,True,True,False,0.00274964002892375,correct,0
4173,1043,0,34,34,34,7,14,7,True,True,False,0.020938068628311157,correct,0
4174,1043,1,34,34,34,14,7,14,True,True,False,0.020938068628311157,correct,0
4175,1043,1,44,44,44,7,14,7,True,True,False,0.00274964002892375,correct,0
4176,1044,0,8,8,8,15,16,15,True,True,False,0.025264371186494827,correct,0
4177,1044,0,27,27,27,16,15,27,True,True,False,0.017407238483428955,correct,0
4178,1044,1,27,27,27,15,16,15,True,True,False,0.017407238483428955,correct,0
4179,1044,1,8,8,8,16,15,11,True,True,False,0.025264371186494827,correct,0
4180,1045,0,9,9,9,17,24,14,True,True,False,0.04631722345948219,correct,0
4181,1045,0,2,2,2,24,17,18,True,True,False,0.04665246233344078,correct,0
4182,1045,1,2,2,2,17,24,1,True,True,False,0.04665246233344078,correct,0
4183,1045,1,9,9,9,24,17,24,True,True,False,0.04631722345948219,correct,0
4184,1046,0,6,6,6,6,1,6,True,True,False,0.18256065249443054,correct,0
4185,1046,0,26,26,26,1,6,1,True,True,False,0.035559047013521194,correct,0
4186,1046,1,26,26,26,6,1,6,True,True,False,0.035559047013521194,correct,0
4187,1046,1,6,6,6,1,6,1,True,True,False,0.18256065249443054,correct,0
4188,1047,0,43,43,43,18,12,18,True,True,False,0.05739861726760864,correct,0
4189,1047,0,3,3,3,12,18,12,True,True,False,0.06133522838354111,correct,0
4190,1047,1,3,3,3,18,12,18,True,True,False,0.06133522838354111,correct,0
4191,1047,1,43,43,43,12,18,12,True,True,False,0.05739861726760864,correct,0
4192,1048,0,43,43,43,15,20,15,True,True,False,0.005915594287216663,correct,0
4193,1048,0,16,16,16,20,15,35,True,True,False,0.03878442198038101,correct,0
4194,1048,1,16,15,16,15,20,15,False,False,True,0.03878442198038101,off_by_one,1
4195,1048,1,43,37,43,20,15,20,False,False,False,0.005915594287216663,other,6
4196,1049,0,12,12,12,2,19,2,True,True,False,0.04670838266611099,correct,0
4197,1049,0,44,44,44,19,2,12,True,True,False,0.037111520767211914,correct,0
4198,1049,1,44,44,44,2,19,2,True,True,False,0.037111520767211914,correct,0
4199,1049,1,12,12,12,19,2,6,True,True,False,0.04670838266611099,correct,0
4200,1050,0,48,48,48,24,27,24,True,True,False,0.03977280482649803,correct,0
4201,1050,0,8,8,8,27,24,27,True,True,False,0.024610459804534912,correct,0
4202,1050,1,8,8,8,24,27,20,True,True,False,0.024610459804534912,correct,0
4203,1050,1,48,48,48,27,24,27,True,True,False,0.03977280482649803,correct,0
4204,1051,0,36,36,36,24,26,24,True,True,False,0.004598142113536596,correct,0
4205,1051,0,41,41,41,26,24,26,True,True,False,0.021289678290486336,correct,0
4206,1051,1,41,41,41,24,26,2,True,True,False,0.021289678290486336,correct,0
4207,1051,1,36,36,36,26,24,26,True,True,False,0.004598142113536596,correct,0
4208,1052,0,9,9,9,14,26,14,True,True,False,0.026245154440402985,correct,0
4209,1052,0,0,0,0,26,14,6,True,True,False,0.07135077565908432,correct,0
4210,1052,1,0,0,0,14,26,14,True,True,False,0.07135077565908432,correct,0
4211,1052,1,9,33,9,26,14,6,False,False,False,0.026245154440402985,other,24
4212,1053,0,36,36,36,18,15,18,True,True,False,0.016090739518404007,correct,0
4213,1053,0,23,23,23,15,18,17,True,True,False,0.06776879727840424,correct,0
4214,1053,1,23,23,23,18,15,18,True,True,False,0.06776879727840424,correct,0
4215,1053,1,36,36,36,15,18,15,True,True,False,0.016090739518404007,correct,0
4216,1054,0,48,48,48,14,15,14,True,True,False,0.011558640748262405,correct,0
4217,1054,0,13,13,13,15,14,0,True,True,False,0.012830937281250954,correct,0
4218,1054,1,13,13,13,14,15,14,True,True,False,0.012830937281250954,correct,0
4219,1054,1,48,48,48,15,14,15,True,True,False,0.011558640748262405,correct,0
4220,1055,0,46,46,46,19,2,19,True,True,False,0.01383871678262949,correct,0
4221,1055,0,1,1,1,2,19,2,True,True,False,0.05329808220267296,correct,0
4222,1055,1,1,17,1,19,2,20,False,False,False,0.05329808220267296,other,16
4223,1055,1,46,46,46,2,19,2,True,True,False,0.01383871678262949,correct,0
4224,1056,0,45,45,45,6,24,6,True,True,False,0.05741463229060173,correct,0
4225,1056,0,32,32,32,24,6,24,True,True,False,0.016071399673819542,correct,0
4226,1056,1,32,32,32,6,24,6,True,True,False,0.016071399673819542,correct,0
4227,1056,1,45,45,45,24,6,24,True,True,False,0.05741463229060173,correct,0
4228,1057,0,36,36,36,6,16,6,True,True,False,0.028235452249646187,correct,0
4229,1057,0,42,42,42,16,6,7,True,True,False,0.065446637570858,correct,0
4230,1057,1,42,42,42,6,16,6,True,True,False,0.065446637570858,correct,0
4231,1057,1,36,36,36,16,6,16,True,True,False,0.028235452249646187,correct,0
4232,1058,0,31,12,31,14,7,6,False,False,False,0.053753357380628586,other,19
4233,1058,0,24,44,24,7,14,6,False,False,False,0.20090852677822113,other,20
4234,1058,1,24,16,24,14,7,6,False,False,False,0.20090852677822113,other,8
4235,1058,1,31,31,31,7,14,7,True,True,False,0.053753357380628586,correct,0
4236,1059,0,23,23,23,15,6,15,True,True,False,0.028279082849621773,correct,0
4237,1059,0,24,24,24,6,15,6,True,True,False,0.014234291389584541,correct,0
4238,1059,1,24,24,24,15,6,15,True,True,False,0.014234291389584541,correct,0
4239,1059,1,23,23,23,6,15,6,True,True,False,0.028279082849621773,correct,0
4240,1060,0,31,31,31,16,20,16,True,True,False,0.03953797370195389,correct,0
4241,1060,0,38,38,38,20,16,20,True,True,False,0.022692961618304253,correct,0
4242,1060,1,38,38,38,16,20,16,True,True,False,0.022692961618304253,correct,0
4243,1060,1,31,31,31,20,16,7,True,True,False,0.03953797370195389,correct,0
4244,1061,0,40,40,40,15,6,14,True,True,False,0.006020063068717718,correct,0
4245,1061,0,11,11,11,6,15,6,True,True,False,0.020010940730571747,correct,0
4246,1061,1,11,11,11,15,6,0,True,True,False,0.020010940730571747,correct,0
4247,1061,1,40,40,40,6,15,6,True,True,False,0.006020063068717718,correct,0
4248,1062,0,9,9,9,18,15,18,True,True,False,0.04062608256936073,correct,0
4249,1062,0,25,25,25,15,18,15,True,True,False,0.018859703093767166,correct,0
4250,1062,1,25,25,25,18,15,18,True,True,False,0.018859703093767166,correct,0
4251,1062,1,9,9,9,15,18,15,True,True,False,0.04062608256936073,correct,0
4252,1063,0,29,29,29,36,15,7,True,True,False,0.04367956891655922,correct,0
4253,1063,0,19,19,19,15,36,15,True,True,False,0.02677619643509388,correct,0
4254,1063,1,19,19,19,36,15,36,True,True,False,0.02677619643509388,correct,0
4255,1063,1,29,29,29,15,36,15,True,True,False,0.04367956891655922,correct,0
4256,1064,0,18,18,18,26,17,26,True,True,False,0.01451042853295803,correct,0
4257,1064,0,23,23,23,17,26,17,True,True,False,0.01479774434119463,correct,0
4258,1064,1,23,23,23,26,17,26,True,True,False,0.01479774434119463,correct,0
4259,1064,1,18,18,18,17,26,17,True,True,False,0.01451042853295803,correct,0
4260,1065,0,38,38,38,36,27,36,True,True,False,0.019095730036497116,correct,0
4261,1065,0,30,30,30,27,36,27,True,True,False,0.00454435870051384,correct,0
4262,1065,1,30,30,30,36,27,36,True,True,False,0.00454435870051384,correct,0
4263,1065,1,38,38,38,27,36,27,True,True,False,0.019095730036497116,correct,0
4264,1066,0,39,39,39,28,0,14,True,True,False,0.006723678205162287,correct,0
4265,1066,0,10,0,10,0,28,14,False,False,False,0.05117174610495567,other,10
4266,1066,1,10,11,10,28,0,28,False,False,True,0.05117174610495567,off_by_one,1
4267,1066,1,39,39,39,0,28,0,True,True,False,0.006723678205162287,correct,0
4268,1067,0,45,45,45,1,16,7,True,True,False,0.008314426988363266,correct,0
4269,1067,0,47,47,47,16,1,15,True,True,False,0.04329599812626839,correct,0
4270,1067,1,47,47,47,1,16,1,True,True,False,0.04329599812626839,correct,0
4271,1067,1,45,45,45,16,1,0,True,True,False,0.008314426988363266,correct,0
4272,1068,0,30,30,30,14,0,14,True,True,False,0.051231324672698975,correct,0
4273,1068,0,48,48,48,0,14,0,True,True,False,0.011753789149224758,correct,0
4274,1068,1,48,48,48,14,0,14,True,True,False,0.011753789149224758,correct,0
4275,1068,1,30,4,30,0,14,14,False,False,False,0.051231324672698975,other,26
4276,1069,0,36,36,36,17,7,7,True,True,False,0.001872956519946456,correct,0
4277,1069,0,7,7,7,7,17,3,True,True,False,0.04812166094779968,correct,0
4278,1069,1,7,7,7,17,7,17,True,True,False,0.04812166094779968,correct,0
4279,1069,1,36,36,36,7,17,7,True,True,False,0.001872956519946456,correct,0
4280,1070,0,10,11,10,20,3,7,False,False,True,0.046643149107694626,off_by_one,1
4281,1070,0,36,36,36,3,20,3,True,True,False,0.027656177058815956,correct,0
4282,1070,1,36,36,36,20,3,7,True,True,False,0.027656177058815956,correct,0
4283,1070,1,10,10,10,3,20,3,True,True,False,0.046643149107694626,correct,0
4284,1071,0,17,18,17,7,19,7,False,False,True,0.012936904095113277,off_by_one,1
4285,1071,0,18,18,18,19,7,19,True,True,False,0.02631518244743347,correct,0
4286,1071,1,18,18,18,7,19,7,True,True,False,0.02631518244743347,correct,0
4287,1071,1,17,17,17,19,7,19,True,True,False,0.012936904095113277,correct,0
4288,1072,0,26,26,26,16,15,16,True,True,False,0.02662307769060135,correct,0
4289,1072,0,3,3,3,15,16,15,True,True,False,0.020800743252038956,correct,0
4290,1072,1,3,3,3,16,15,16,True,True,False,0.020800743252038956,correct,0
4291,1072,1,26,26,26,15,16,15,True,True,False,0.02662307769060135,correct,0
4292,1073,0,11,11,11,14,7,14,True,True,False,0.0531262531876564,correct,0
4293,1073,0,6,6,6,7,14,7,True,True,False,0.04116543382406235,correct,0
4294,1073,1,6,6,6,14,7,14,True,True,False,0.04116543382406235,correct,0
4295,1073,1,11,29,11,7,14,7,False,False,False,0.0531262531876564,other,18
4296,1074,0,10,10,10,15,22,15,True,True,False,0.03486102819442749,correct,0
4297,1074,0,42,42,42,22,15,22,True,True,False,0.04501591995358467,correct,0
4298,1074,1,42,42,42,15,22,15,True,True,False,0.04501591995358467,correct,0
4299,1074,1,10,11,10,22,15,5,False,False,True,0.03486102819442749,off_by_one,1
4300,1075,0,30,30,30,26,16,26,True,True,False,0.09998993575572968,correct,0
4301,1075,0,45,35,45,16,26,16,False,False,False,0.04338354617357254,other,10
4302,1075,1,45,45,45,26,16,6,True,True,False,0.04338354617357254,correct,0
4303,1075,1,30,30,30,16,26,16,True,True,False,0.09998993575572968,correct,0
4304,1076,0,21,21,21,4,6,4,True,True,False,0.04872969165444374,correct,0
4305,1076,0,35,35,35,6,4,6,True,True,False,0.0018024028977379203,correct,0
4306,1076,1,35,35,35,4,6,4,True,True,False,0.0018024028977379203,correct,0
4307,1076,1,21,21,21,6,4,6,True,True,False,0.04872969165444374,correct,0
4308,1077,0,7,7,7,24,29,24,True,True,False,0.02683849260210991,correct,0
4309,1077,0,47,47,47,29,24,29,True,True,False,0.030059894546866417,correct,0
4310,1077,1,47,47,47,24,29,24,True,True,False,0.030059894546866417,correct,0
4311,1077,1,7,7,7,29,24,12,True,True,False,0.02683849260210991,correct,0
4312,1078,0,19,19,19,2,19,7,True,True,False,0.05569612979888916,correct,0
4313,1078,0,40,40,40,19,2,12,True,True,False,0.017161235213279724,correct,0
4314,1078,1,40,40,40,2,19,2,True,True,False,0.017161235213279724,correct,0
4315,1078,1,19,19,19,19,2,18,True,True,False,0.05569612979888916,correct,0
4316,1079,0,10,20,10,7,16,24,False,False,False,0.0667790025472641,other,10
4317,1079,0,6,6,6,16,7,16,True,True,False,0.03305143117904663,correct,0
4318,1079,1,6,6,6,7,16,7,True,True,False,0.03305143117904663,correct,0
4319,1079,1,10,10,10,16,7,16,True,True,False,0.0667790025472641,correct,0
4320,1080,0,15,16,15,6,14,6,False,False,True,0.04975181818008423,off_by_one,1
4321,1080,0,40,40,40,14,6,14,True,True,False,0.03332064673304558,correct,0
4322,1080,1,40,40,40,6,14,6,True,True,False,0.03332064673304558,correct,0
4323,1080,1,15,16,15,14,6,14,False,False,True,0.04975181818008423,off_by_one,1
4324,1081,0,43,2,43,7,18,7,False,False,False,0.026675913482904434,other,41
4325,1081,0,12,12,12,18,7,18,True,True,False,0.022351566702127457,correct,0
4326,1081,1,12,12,12,7,18,7,True,True,False,0.022351566702127457,correct,0
4327,1081,1,43,43,43,18,7,18,True,True,False,0.026675913482904434,correct,0
4328,1082,0,23,23,23,26,25,26,True,True,False,0.018014999106526375,correct,0
4329,1082,0,36,36,36,25,26,25,True,True,False,0.02792692743241787,correct,0
4330,1082,1,36,36,36,26,25,6,True,True,False,0.02792692743241787,correct,0
4331,1082,1,23,23,23,25,26,25,True,True,False,0.018014999106526375,correct,0
4332,1083,0,33,33,33,6,26,7,True,True,False,0.03640307858586311,correct,0
4333,1083,0,40,40,40,26,6,8,True,True,False,0.07646912336349487,correct,0
4334,1083,1,40,40,40,6,26,6,True,True,False,0.07646912336349487,correct,0
4335,1083,1,33,33,33,26,6,26,True,True,False,0.03640307858586311,correct,0
4336,1084,0,35,35,35,1,17,1,True,True,False,0.028263451531529427,correct,0
4337,1084,0,32,32,32,17,1,17,True,True,False,0.03473600372672081,correct,0
4338,1084,1,32,32,32,1,17,1,True,True,False,0.03473600372672081,correct,0
4339,1084,1,35,35,35,17,1,17,True,True,False,0.028263451531529427,correct,0
4340,1085,0,11,11,11,39,6,39,True,True,False,0.004490209743380547,correct,0
4341,1085,0,16,16,16,6,39,6,True,True,False,0.04996025189757347,correct,0
4342,1085,1,16,16,16,39,6,7,True,True,False,0.04996025189757347,correct,0
4343,1085,1,11,11,11,6,39,6,True,True,False,0.004490209743380547,correct,0
4344,1086,0,34,34,34,36,16,24,True,True,False,0.020073436200618744,correct,0
4345,1086,0,35,35,35,16,36,38,True,True,False,0.002851898781955242,correct,0
4346,1086,1,35,35,35,36,16,36,True,True,False,0.002851898781955242,correct,0
4347,1086,1,34,34,34,16,36,0,True,True,False,0.020073436200618744,correct,0
4348,1087,0,37,37,37,0,17,0,True,True,False,0.016575075685977936,correct,0
4349,1087,0,25,25,25,17,0,17,True,True,False,0.03452451527118683,correct,0
4350,1087,1,25,25,25,0,17,0,True,True,False,0.03452451527118683,correct,0
4351,1087,1,37,37,37,17,0,7,True,True,False,0.016575075685977936,correct,0
4352,1088,0,48,48,48,17,3,14,True,True,False,0.017131419852375984,correct,0
4353,1088,0,32,32,32,3,17,3,True,True,False,0.044098082929849625,correct,0
4354,1088,1,32,32,32,17,3,17,True,True,False,0.044098082929849625,correct,0
4355,1088,1,48,48,48,3,17,3,True,True,False,0.017131419852375984,correct,0
4356,1089,0,4,4,4,0,15,0,True,True,False,0.011521518230438232,correct,0
4357,1089,0,3,48,3,15,0,15,False,False,False,0.026869485154747963,other,45
4358,1089,1,3,3,3,0,15,0,True,True,False,0.026869485154747963,correct,0
4359,1089,1,4,4,4,15,0,24,True,True,False,0.011521518230438232,correct,0
4360,1090,0,22,22,22,7,2,7,True,True,False,0.08204903453588486,correct,0
4361,1090,0,3,3,3,2,7,2,True,True,False,0.03105434775352478,correct,0
4362,1090,1,3,3,3,7,2,7,True,True,False,0.03105434775352478,correct,0
4363,1090,1,22,22,22,2,7,5,True,True,False,0.08204903453588486,correct,0
4364,1091,0,2,2,2,18,23,18,True,True,False,0.03511258587241173,correct,0
4365,1091,0,40,40,40,23,18,23,True,True,False,0.028285248205065727,correct,0
4366,1091,1,40,44,40,18,23,18,False,False,False,0.028285248205065727,other,4
4367,1091,1,2,2,2,23,18,23,True,True,False,0.03511258587241173,correct,0
4368,1092,0,35,35,35,15,22,7,True,True,False,0.01338531170040369,correct,0
4369,1092,0,13,13,13,22,15,5,True,True,False,0.028449706733226776,correct,0
4370,1092,1,13,13,13,15,22,15,True,True,False,0.028449706733226776,correct,0
4371,1092,1,35,35,35,22,15,8,True,True,False,0.01338531170040369,correct,0
4372,1093,0,44,44,44,19,7,12,True,True,False,0.026115912944078445,correct,0
4373,1093,0,37,37,37,7,19,7,True,True,False,0.015070089139044285,correct,0
4374,1093,1,37,37,37,19,7,19,True,True,False,0.015070089139044285,correct,0
4375,1093,1,44,44,44,7,19,7,True,True,False,0.026115912944078445,correct,0
4376,1094,0,10,29,10,18,7,18,False,False,False,0.021411307156085968,other,19
4377,1094,0,2,2,2,7,18,7,True,True,False,0.04869253933429718,correct,0
4378,1094,1,2,2,2,18,7,18,True,True,False,0.04869253933429718,correct,0
4379,1094,1,10,10,10,7,18,7,True,True,False,0.021411307156085968,correct,0
4380,1095,0,47,47,47,6,16,6,True,True,False,0.07403958588838577,correct,0
4381,1095,0,39,39,39,16,6,16,True,True,False,0.04999619349837303,correct,0
4382,1095,1,39,39,39,6,16,6,True,True,False,0.04999619349837303,correct,0
4383,1095,1,47,47,47,16,6,16,True,True,False,0.07403958588838577,correct,0
4384,1096,0,26,26,26,16,18,27,True,True,False,0.0244329571723938,correct,0
4385,1096,0,20,20,20,18,16,18,True,True,False,0.03913893178105354,correct,0
4386,1096,1,20,20,20,16,18,0,True,True,False,0.03913893178105354,correct,0
4387,1096,1,26,26,26,18,16,18,True,True,False,0.0244329571723938,correct,0
4388,1097,0,10,10,10,27,16,27,True,True,False,0.02861497551202774,correct,0
4389,1097,0,45,35,45,16,27,16,False,False,False,0.02409392222762108,other,10
4390,1097,1,45,45,45,27,16,27,True,True,False,0.02409392222762108,correct,0
4391,1097,1,10,10,10,16,27,16,True,True,False,0.02861497551202774,correct,0
4392,1098,0,44,44,44,7,18,7,True,True,False,0.010219322517514229,correct,0
4393,1098,0,42,42,42,18,7,18,True,True,False,0.07560362666845322,correct,0
4394,1098,1,42,42,42,7,18,7,True,True,False,0.07560362666845322,correct,0
4395,1098,1,44,47,44,18,7,18,False,False,False,0.010219322517514229,other,3
4396,1099,0,10,11,10,18,17,24,False,False,True,0.02980670891702175,off_by_one,1
4397,1099,0,28,28,28,17,18,17,True,True,False,0.014994166791439056,correct,0
4398,1099,1,28,28,28,18,17,18,True,True,False,0.014994166791439056,correct,0
4399,1099,1,10,17,10,17,18,17,False,False,False,0.02980670891702175,other,7
4400,1100,0,2,2,2,24,7,24,True,True,False,0.02102336473762989,correct,0
4401,1100,0,37,37,37,7,24,7,True,True,False,0.02166648767888546,correct,0
4402,1100,1,37,37,37,24,7,24,True,True,False,0.02166648767888546,correct,0
4403,1100,1,2,2,2,7,24,7,True,True,False,0.02102336473762989,correct,0
4404,1101,0,7,7,7,9,12,9,True,True,False,0.04187500476837158,correct,0
4405,1101,0,20,16,20,12,9,12,False,False,False,0.02792847342789173,other,4
4406,1101,1,20,20,20,9,12,1,True,True,False,0.02792847342789173,correct,0
4407,1101,1,7,7,7,12,9,12,True,True,False,0.04187500476837158,correct,0
4408,1102,0,21,21,21,36,27,36,True,True,False,0.008006052114069462,correct,0
4409,1102,0,31,31,31,27,36,27,True,True,False,0.011026686988770962,correct,0
4410,1102,1,31,31,31,36,27,36,True,True,False,0.011026686988770962,correct,0
4411,1102,1,21,21,21,27,36,27,True,True,False,0.008006052114069462,correct,0
4412,1103,0,18,18,18,14,24,14,True,True,False,0.06090273708105087,correct,0
4413,1103,0,46,46,46,24,14,24,True,True,False,0.014390448108315468,correct,0
4414,1103,1,46,40,46,14,24,14,False,False,False,0.014390448108315468,other,6
4415,1103,1,18,18,18,24,14,4,True,True,False,0.06090273708105087,correct,0
4416,1104,0,26,26,26,7,16,7,True,True,False,0.05565791577100754,correct,0
4417,1104,0,34,34,34,16,7,16,True,True,False,0.04526878520846367,correct,0
4418,1104,1,34,34,34,7,16,7,True,True,False,0.04526878520846367,correct,0
4419,1104,1,26,26,26,16,7,16,True,True,False,0.05565791577100754,correct,0
4420,1105,0,22,22,22,15,19,15,True,True,False,0.006023521535098553,correct,0
4421,1105,0,30,30,30,19,15,19,True,True,False,0.012380082160234451,correct,0
4422,1105,1,30,30,30,15,19,15,True,True,False,0.012380082160234451,correct,0
4423,1105,1,22,22,22,19,15,19,True,True,False,0.006023521535098553,correct,0
4424,1106,0,7,7,7,39,6,39,True,True,False,0.16117128729820251,correct,0
4425,1106,0,31,31,31,6,39,6,True,True,False,0.05501129850745201,correct,0
4426,1106,1,31,31,31,39,6,18,True,True,False,0.05501129850745201,correct,0
4427,1106,1,7,7,7,6,39,6,True,True,False,0.16117128729820251,correct,0
4428,1107,0,0,2,0,38,24,38,False,False,False,0.03257536515593529,other,2
4429,1107,0,22,21,22,24,38,24,False,False,True,0.08156488090753555,off_by_one,1
4430,1107,1,22,22,22,38,24,38,True,True,False,0.08156488090753555,correct,0
4431,1107,1,0,0,0,24,38,24,True,True,False,0.03257536515593529,correct,0
4432,1108,0,17,17,17,9,11,9,True,True,False,0.01110756490379572,correct,0
4433,1108,0,18,17,18,11,9,11,False,False,True,0.048190537840127945,off_by_one,1
4434,1108,1,18,18,18,9,11,9,True,True,False,0.048190537840127945,correct,0
4435,1108,1,17,17,17,11,9,11,True,True,False,0.01110756490379572,correct,0
4436,1109,0,5,5,5,18,6,18,True,True,False,0.03444989398121834,correct,0
4437,1109,0,10,12,10,6,18,6,False,False,False,0.04041226580739021,other,2
4438,1109,1,10,10,10,18,6,18,True,True,False,0.04041226580739021,correct,0
4439,1109,1,5,5,5,6,18,13,True,True,False,0.03444989398121834,correct,0
4440,1110,0,41,41,41,6,7,6,True,True,False,0.06546348333358765,correct,0
4441,1110,0,22,22,22,7,6,7,True,True,False,0.06224435195326805,correct,0
4442,1110,1,22,22,22,6,7,6,True,True,False,0.06224435195326805,correct,0
4443,1110,1,41,41,41,7,6,7,True,True,False,0.06546348333358765,correct,0
4444,1111,0,8,8,8,6,36,6,True,True,False,0.018619170412421227,correct,0
4445,1111,0,47,47,47,36,6,36,True,True,False,0.07260838896036148,correct,0
4446,1111,1,47,47,47,6,36,6,True,True,False,0.07260838896036148,correct,0
4447,1111,1,8,8,8,36,6,12,True,True,False,0.018619170412421227,correct,0
4448,1112,0,13,13,13,14,12,14,True,True,False,0.030593909323215485,correct,0
4449,1112,0,16,16,16,12,14,6,True,True,False,0.05357467010617256,correct,0
4450,1112,1,16,16,16,14,12,14,True,True,False,0.05357467010617256,correct,0
4451,1112,1,13,13,13,12,14,12,True,True,False,0.030593909323215485,correct,0
4452,1113,0,42,42,42,18,1,18,True,True,False,0.05035405606031418,correct,0
4453,1113,0,40,40,40,1,18,1,True,True,False,0.015247704461216927,correct,0
4454,1113,1,40,40,40,18,1,18,True,True,False,0.015247704461216927,correct,0
4455,1113,1,42,42,42,1,18,1,True,True,False,0.05035405606031418,correct,0
4456,1114,0,24,24,24,16,18,16,True,True,False,0.013363286852836609,correct,0
4457,1114,0,11,11,11,18,16,7,True,True,False,0.017716893926262856,correct,0
4458,1114,1,11,11,11,16,18,16,True,True,False,0.017716893926262856,correct,0
4459,1114,1,24,24,24,18,16,18,True,True,False,0.013363286852836609,correct,0
4460,1115,0,9,9,9,36,18,36,True,True,False,0.03730585798621178,correct,0
4461,1115,0,16,16,16,18,36,18,True,True,False,0.031205909326672554,correct,0
4462,1115,1,16,16,16,36,18,2,True,True,False,0.031205909326672554,correct,0
4463,1115,1,9,9,9,18,36,18,True,True,False,0.03730585798621178,correct,0
4464,1116,0,30,30,30,8,19,2,True,True,False,0.055671773850917816,correct,0
4465,1116,0,23,23,23,19,8,7,True,True,False,0.029039500281214714,correct,0
4466,1116,1,23,23,23,8,19,8,True,True,False,0.029039500281214714,correct,0
4467,1116,1,30,30,30,19,8,20,True,True,False,0.055671773850917816,correct,0
4468,1117,0,45,45,45,9,12,9,True,True,False,0.03724849969148636,correct,0
4469,1117,0,0,0,0,12,9,12,True,True,False,0.018552957102656364,correct,0
4470,1117,1,0,0,0,9,12,9,True,True,False,0.018552957102656364,correct,0
4471,1117,1,45,45,45,12,9,12,True,True,False,0.03724849969148636,correct,0
4472,1118,0,29,29,29,2,3,5,True,True,False,0.04675811901688576,correct,0
4473,1118,0,1,12,1,3,2,13,False,False,False,0.019428042694926262,other,11
4474,1118,1,1,1,1,2,3,18,True,True,False,0.019428042694926262,correct,0
4475,1118,1,29,29,29,3,2,7,True,True,False,0.04675811901688576,correct,0
4476,1119,0,15,15,15,26,7,26,True,True,False,0.0704331025481224,correct,0
4477,1119,0,17,3,17,7,26,7,False,False,False,0.0373818539083004,other,14
4478,1119,1,17,17,17,26,7,26,True,True,False,0.0373818539083004,correct,0
4479,1119,1,15,15,15,7,26,7,True,True,False,0.0704331025481224,correct,0
4480,1120,0,28,28,28,1,17,1,True,True,False,0.002074648393318057,correct,0
4481,1120,0,4,4,4,17,1,17,True,True,False,0.004082982428371906,correct,0
4482,1120,1,4,4,4,1,17,1,True,True,False,0.004082982428371906,correct,0
4483,1120,1,28,28,28,17,1,0,True,True,False,0.002074648393318057,correct,0
4484,1121,0,44,44,44,8,7,8,True,True,False,0.007778306026011705,correct,0
4485,1121,0,33,33,33,7,8,7,True,True,False,0.00857520941644907,correct,0
4486,1121,1,33,33,33,8,7,8,True,True,False,0.00857520941644907,correct,0
4487,1121,1,44,44,44,7,8,7,True,True,False,0.007778306026011705,correct,0
4488,1122,0,19,19,19,6,8,13,True,True,False,0.06675054132938385,correct,0
4489,1122,0,8,8,8,8,6,8,True,True,False,0.032057374715805054,correct,0
4490,1122,1,8,8,8,6,8,6,True,True,False,0.032057374715805054,correct,0
4491,1122,1,19,19,19,8,6,5,True,True,False,0.06675054132938385,correct,0
4492,1123,0,33,33,33,6,18,6,True,True,False,0.05568128079175949,correct,0
4493,1123,0,46,46,46,18,6,24,True,True,False,0.016349852085113525,correct,0
4494,1123,1,46,46,46,6,18,6,True,True,False,0.016349852085113525,correct,0
4495,1123,1,33,33,33,18,6,24,True,True,False,0.05568128079175949,correct,0
4496,1124,0,16,16,16,6,2,6,True,True,False,0.08104726672172546,correct,0
4497,1124,0,38,38,38,2,6,2,True,True,False,0.004979269113391638,correct,0
4498,1124,1,38,38,38,6,2,6,True,True,False,0.004979269113391638,correct,0
4499,1124,1,16,16,16,2,6,7,True,True,False,0.08104726672172546,correct,0
4500,1125,0,4,4,4,15,18,18,True,True,False,0.005191692616790533,correct,0
4501,1125,0,35,35,35,18,15,18,True,True,False,0.00556154316291213,correct,0
4502,1125,1,35,4,35,15,18,15,False,False,False,0.00556154316291213,other,31
4503,1125,1,4,4,4,18,15,18,True,True,False,0.005191692616790533,correct,0
4504,1126,0,35,35,35,2,12,2,True,True,False,0.004089744761586189,correct,0
4505,1126,0,31,31,31,12,2,12,True,True,False,0.07971392571926117,correct,0
4506,1126,1,31,10,31,2,12,2,False,False,False,0.07971392571926117,other,21
4507,1126,1,35,35,35,12,2,12,True,True,False,0.004089744761586189,correct,0
4508,1127,0,44,24,44,6,14,6,False,False,False,0.013026936911046505,other,20
4509,1127,0,32,32,32,14,6,14,True,True,False,0.033131640404462814,correct,0
4510,1127,1,32,32,32,6,14,6,True,True,False,0.033131640404462814,correct,0
4511,1127,1,44,44,44,14,6,14,True,True,False,0.013026936911046505,correct,0
4512,1128,0,23,23,23,19,6,2,True,True,False,0.06441574543714523,correct,0
4513,1128,0,32,32,32,6,19,6,True,True,False,0.06766035407781601,correct,0
4514,1128,1,32,32,32,19,6,19,True,True,False,0.06766035407781601,correct,0
4515,1128,1,23,23,23,6,19,6,True,True,False,0.06441574543714523,correct,0
4516,1129,0,37,37,37,18,6,18,True,True,False,0.003293065121397376,correct,0
4517,1129,0,32,32,32,6,18,6,True,True,False,0.04901778697967529,correct,0
4518,1129,1,32,32,32,18,6,18,True,True,False,0.04901778697967529,correct,0
4519,1129,1,37,37,37,6,18,6,True,True,False,0.003293065121397376,correct,0
4520,1130,0,10,11,10,28,24,23,False,False,True,0.058677468448877335,off_by_one,1
4521,1130,0,48,48,48,24,28,24,True,True,False,0.037195127457380295,correct,0
4522,1130,1,48,48,48,28,24,28,True,True,False,0.037195127457380295,correct,0
4523,1130,1,10,10,10,24,28,24,True,True,False,0.058677468448877335,correct,0
4524,1131,0,40,40,40,19,2,12,True,True,False,0.014542478136718273,correct,0
4525,1131,0,26,26,26,2,19,3,True,True,False,0.03633185103535652,correct,0
4526,1131,1,26,26,26,19,2,19,True,True,False,0.03633185103535652,correct,0
4527,1131,1,40,40,40,2,19,2,True,True,False,0.014542478136718273,correct,0
4528,1132,0,2,2,2,7,6,7,True,True,False,0.0464046373963356,correct,0
4529,1132,0,41,41,41,6,7,6,True,True,False,0.12122409790754318,correct,0
4530,1132,1,41,41,41,7,6,7,True,True,False,0.12122409790754318,correct,0
4531,1132,1,2,2,2,6,7,6,True,True,False,0.0464046373963356,correct,0
4532,1133,0,34,34,34,17,14,17,True,True,False,0.01743450202047825,correct,0
4533,1133,0,27,27,27,14,17,14,True,True,False,0.005203744396567345,correct,0
4534,1133,1,27,27,27,17,14,17,True,True,False,0.005203744396567345,correct,0
4535,1133,1,34,34,34,14,17,14,True,True,False,0.01743450202047825,correct,0
4536,1134,0,48,48,48,15,6,15,True,True,False,0.06639205664396286,correct,0
4537,1134,0,45,45,45,6,15,6,True,True,False,0.014816871844232082,correct,0
4538,1134,1,45,45,45,15,6,15,True,True,False,0.014816871844232082,correct,0
4539,1134,1,48,48,48,6,15,6,True,True,False,0.06639205664396286,correct,0
4540,1135,0,16,16,16,7,27,7,True,True,False,0.05055497586727142,correct,0
4541,1135,0,12,12,12,27,7,27,True,True,False,0.033227916806936264,correct,0
4542,1135,1,12,12,12,7,27,7,True,True,False,0.033227916806936264,correct,0
4543,1135,1,16,16,16,27,7,27,True,True,False,0.05055497586727142,correct,0
4544,1136,0,9,9,9,24,18,24,True,True,False,0.03289642930030823,correct,0
4545,1136,0,3,3,3,18,24,18,True,True,False,0.056350160390138626,correct,0
4546,1136,1,3,3,3,24,18,18,True,True,False,0.056350160390138626,correct,0
4547,1136,1,9,9,9,18,24,24,True,True,False,0.03289642930030823,correct,0
4548,1137,0,37,37,37,12,14,12,True,True,False,0.031957805156707764,correct,0
4549,1137,0,27,27,27,14,12,14,True,True,False,0.034443553537130356,correct,0
4550,1137,1,27,36,27,12,14,12,False,False,False,0.034443553537130356,other,9
4551,1137,1,37,37,37,14,12,14,True,True,False,0.031957805156707764,correct,0
4552,1138,0,36,36,36,22,0,5,True,True,False,0.016363507136702538,correct,0
4553,1138,0,11,1,11,0,22,0,False,False,False,0.027683814987540245,other,10
4554,1138,1,11,11,11,22,0,18,True,True,False,0.027683814987540245,correct,0
4555,1138,1,36,36,36,0,22,0,True,True,False,0.016363507136702538,correct,0
4556,1139,0,32,32,32,24,37,24,True,True,False,0.008432114496827126,correct,0
4557,1139,0,21,21,21,37,24,0,True,True,False,0.054000891745090485,correct,0
4558,1139,1,21,21,21,24,37,24,True,True,False,0.054000891745090485,correct,0
4559,1139,1,32,32,32,37,24,37,True,True,False,0.008432114496827126,correct,0
4560,1140,0,32,32,32,7,18,7,True,True,False,0.016450779512524605,correct,0
4561,1140,0,1,27,1,18,7,18,False,False,False,0.052600983530282974,other,26
4562,1140,1,1,29,1,7,18,7,False,False,False,0.052600983530282974,other,28
4563,1140,1,32,32,32,18,7,18,True,True,False,0.016450779512524605,correct,0
4564,1141,0,29,11,29,16,14,27,False,False,False,0.018910275772213936,other,18
4565,1141,0,13,13,13,14,16,14,True,True,False,0.02670864388346672,correct,0
4566,1141,1,13,13,13,16,14,14,True,True,False,0.02670864388346672,correct,0
4567,1141,1,29,29,29,14,16,16,True,True,False,0.018910275772213936,correct,0
4568,1142,0,33,33,33,24,6,24,True,True,False,0.04665250703692436,correct,0
4569,1142,0,11,29,11,6,24,7,False,False,False,0.03706735745072365,other,18
4570,1142,1,11,11,11,24,6,7,True,True,False,0.03706735745072365,correct,0
4571,1142,1,33,33,33,6,24,6,True,True,False,0.04665250703692436,correct,0
4572,1143,0,22,22,22,16,24,16,True,True,False,0.04378479719161987,correct,0
4573,1143,0,18,18,18,24,16,24,True,True,False,0.051396653056144714,correct,0
4574,1143,1,18,18,18,16,24,16,True,True,False,0.051396653056144714,correct,0
4575,1143,1,22,22,22,24,16,24,True,True,False,0.04378479719161987,correct,0
4576,1144,0,19,19,19,24,16,24,True,True,False,0.04321970045566559,correct,0
4577,1144,0,8,8,8,16,24,16,True,True,False,0.05499526858329773,correct,0
4578,1144,1,8,8,8,24,16,24,True,True,False,0.05499526858329773,correct,0
4579,1144,1,19,19,19,16,24,0,True,True,False,0.04321970045566559,correct,0
4580,1145,0,46,46,46,0,5,0,True,True,False,0.013106092810630798,correct,0
4581,1145,0,3,3,3,5,0,5,True,True,False,0.035077378153800964,correct,0
4582,1145,1,3,3,3,0,5,0,True,True,False,0.035077378153800964,correct,0
4583,1145,1,46,46,46,5,0,5,True,True,False,0.013106092810630798,correct,0
4584,1146,0,31,31,31,16,17,16,True,True,False,0.05955313518643379,correct,0
4585,1146,0,4,4,4,17,16,17,True,True,False,0.011128016747534275,correct,0
4586,1146,1,4,4,4,16,17,16,True,True,False,0.011128016747534275,correct,0
4587,1146,1,31,31,31,17,16,17,True,True,False,0.05955313518643379,correct,0
4588,1147,0,26,26,26,7,13,7,True,True,False,0.03349723666906357,correct,0
4589,1147,0,43,2,43,13,7,13,False,False,False,0.013833209872245789,other,41
4590,1147,1,43,43,43,7,13,7,True,True,False,0.013833209872245789,correct,0
4591,1147,1,26,26,26,13,7,13,True,True,False,0.03349723666906357,correct,0
4592,1148,0,42,42,42,24,6,24,True,True,False,0.1102357730269432,correct,0
4593,1148,0,28,28,28,6,24,6,True,True,False,0.029450030997395515,correct,0
4594,1148,1,28,29,28,24,6,7,False,False,True,0.029450030997395515,off_by_one,1
4595,1148,1,42,42,42,6,24,6,True,True,False,0.1102357730269432,correct,0
4596,1149,0,35,35,35,15,22,0,True,True,False,0.004745287820696831,correct,0
4597,1149,0,20,20,20,22,15,22,True,True,False,0.040374547243118286,correct,0
4598,1149,1,20,20,20,15,22,15,True,True,False,0.040374547243118286,correct,0
4599,1149,1,35,35,35,22,15,8,True,True,False,0.004745287820696831,correct,0
4600,1150,0,5,16,5,7,17,7,False,False,False,0.030270442366600037,other,11
4601,1150,0,41,41,41,17,7,17,True,True,False,0.3106878995895386,correct,0
4602,1150,1,41,41,41,7,17,7,True,True,False,0.3106878995895386,correct,0
4603,1150,1,5,5,5,17,7,17,True,True,False,0.030270442366600037,correct,0
4604,1151,0,41,41,41,9,13,9,True,True,False,0.06719100475311279,correct,0
4605,1151,0,23,23,23,13,9,13,True,True,False,0.08569151908159256,correct,0
4606,1151,1,23,23,23,9,13,9,True,True,False,0.08569151908159256,correct,0
4607,1151,1,41,41,41,13,9,13,True,True,False,0.06719100475311279,correct,0
4608,1152,0,45,46,45,13,10,13,False,False,True,0.02410624548792839,off_by_one,1
4609,1152,0,23,23,23,10,13,10,True,True,False,0.06278690695762634,correct,0
4610,1152,1,23,23,23,13,10,13,True,True,False,0.06278690695762634,correct,0
4611,1152,1,45,45,45,10,13,10,True,True,False,0.02410624548792839,correct,0
4612,1153,0,20,20,20,16,7,16,True,True,False,0.03902636095881462,correct,0
4613,1153,0,3,3,3,7,16,7,True,True,False,0.037503767758607864,correct,0
4614,1153,1,3,18,3,16,7,16,False,False,False,0.037503767758607864,other,15
4615,1153,1,20,20,20,7,16,7,True,True,False,0.03902636095881462,correct,0
4616,1154,0,46,46,46,14,18,14,True,True,False,0.053733404725790024,correct,0
4617,1154,0,4,4,4,18,14,18,True,True,False,0.012292652390897274,correct,0
4618,1154,1,4,4,4,14,18,14,True,True,False,0.012292652390897274,correct,0
4619,1154,1,46,46,46,18,14,18,True,True,False,0.053733404725790024,correct,0
4620,1155,0,31,31,31,24,16,24,True,True,False,0.10010494291782379,correct,0
4621,1155,0,5,5,5,16,24,27,True,True,False,0.1507672816514969,correct,0
4622,1155,1,5,15,5,24,16,24,False,False,False,0.1507672816514969,other,10
4623,1155,1,31,31,31,16,24,0,True,True,False,0.10010494291782379,correct,0
4624,1156,0,47,47,47,7,17,7,True,True,False,0.026755234226584435,correct,0
4625,1156,0,41,41,41,17,7,17,True,True,False,0.08895515650510788,correct,0
4626,1156,1,41,41,41,7,17,7,True,True,False,0.08895515650510788,correct,0
4627,1156,1,47,40,47,17,7,17,False,False,False,0.026755234226584435,other,7
4628,1157,0,14,14,14,26,7,6,True,True,False,0.050202351063489914,correct,0
4629,1157,0,35,35,35,7,26,7,True,True,False,0.010665583424270153,correct,0
4630,1157,1,35,35,35,26,7,26,True,True,False,0.010665583424270153,correct,0
4631,1157,1,14,14,14,7,26,7,True,True,False,0.050202351063489914,correct,0
4632,1158,0,22,22,22,18,14,18,True,True,False,0.19133497774600983,correct,0
4633,1158,0,20,20,20,14,18,7,True,True,False,0.07930099219083786,correct,0
4634,1158,1,20,20,20,18,14,18,True,True,False,0.07930099219083786,correct,0
4635,1158,1,22,16,22,14,18,6,False,False,False,0.19133497774600983,other,6
4636,1159,0,35,35,35,26,16,12,True,True,False,0.02947593666613102,correct,0
4637,1159,0,2,2,2,16,26,16,True,True,False,0.09626451134681702,correct,0
4638,1159,1,2,2,2,26,16,26,True,True,False,0.09626451134681702,correct,0
4639,1159,1,35,35,35,16,26,16,True,True,False,0.02947593666613102,correct,0
4640,1160,0,41,41,41,19,6,19,True,True,False,0.06019226089119911,correct,0
4641,1160,0,12,12,12,6,19,6,True,True,False,0.017467334866523743,correct,0
4642,1160,1,12,12,12,19,6,6,True,True,False,0.017467334866523743,correct,0
4643,1160,1,41,41,41,6,19,6,True,True,False,0.06019226089119911,correct,0
4644,1161,0,36,36,36,6,16,6,True,True,False,0.03438117727637291,correct,0
4645,1161,0,13,13,13,16,6,14,True,True,False,0.05552080646157265,correct,0
4646,1161,1,13,13,13,6,16,6,True,True,False,0.05552080646157265,correct,0
4647,1161,1,36,36,36,16,6,16,True,True,False,0.03438117727637291,correct,0
4648,1162,0,38,38,38,6,15,6,True,True,False,0.015183172188699245,correct,0
4649,1162,0,16,16,16,15,6,15,True,True,False,0.09704690426588058,correct,0
4650,1162,1,16,16,16,6,15,6,True,True,False,0.09704690426588058,correct,0
4651,1162,1,38,38,38,15,6,0,True,True,False,0.015183172188699245,correct,0
4652,1163,0,35,35,35,5,7,5,True,True,False,0.010542882606387138,correct,0
4653,1163,0,31,30,31,7,5,7,False,False,True,0.030871041119098663,off_by_one,1
4654,1163,1,31,31,31,5,7,5,True,True,False,0.030871041119098663,correct,0
4655,1163,1,35,35,35,7,5,7,True,True,False,0.010542882606387138,correct,0
4656,1164,0,7,7,7,6,15,6,True,True,False,0.014257491566240788,correct,0
4657,1164,0,18,18,18,15,6,15,True,True,False,0.008215085603296757,correct,0
4658,1164,1,18,17,18,6,15,6,False,False,True,0.008215085603296757,off_by_one,1
4659,1164,1,7,7,7,15,6,15,True,True,False,0.014257491566240788,correct,0
4660,1165,0,8,8,8,24,16,24,True,True,False,0.04087013378739357,correct,0
4661,1165,0,33,33,33,16,24,14,True,True,False,0.008914734236896038,correct,0
4662,1165,1,33,33,33,24,16,24,True,True,False,0.008914734236896038,correct,0
4663,1165,1,8,8,8,16,24,11,True,True,False,0.04087013378739357,correct,0
4664,1166,0,46,46,46,3,6,3,True,True,False,0.02010454796254635,correct,0
4665,1166,0,37,37,37,6,3,6,True,True,False,0.021792177110910416,correct,0
4666,1166,1,37,37,37,3,6,19,True,True,False,0.021792177110910416,correct,0
4667,1166,1,46,46,46,6,3,13,True,True,False,0.02010454796254635,correct,0
4668,1167,0,38,38,38,27,7,14,True,True,False,0.01638416387140751,correct,0
4669,1167,0,23,23,23,7,27,7,True,True,False,0.04909098893404007,correct,0
4670,1167,1,23,23,23,27,7,27,True,True,False,0.04909098893404007,correct,0
4671,1167,1,38,38,38,7,27,7,True,True,False,0.01638416387140751,correct,0
4672,1168,0,29,29,29,19,2,19,True,True,False,0.034277088940143585,correct,0
4673,1168,0,4,4,4,2,19,2,True,True,False,0.006080633029341698,correct,0
4674,1168,1,4,4,4,19,2,2,True,True,False,0.006080633029341698,correct,0
4675,1168,1,29,29,29,2,19,2,True,True,False,0.034277088940143585,correct,0
4676,1169,0,37,37,37,1,6,1,True,True,False,0.03656990826129913,correct,0
4677,1169,0,16,16,16,6,1,6,True,True,False,0.025203539058566093,correct,0
4678,1169,1,16,16,16,1,6,1,True,True,False,0.025203539058566093,correct,0
4679,1169,1,37,37,37,6,1,6,True,True,False,0.03656990826129913,correct,0
4680,1170,0,3,3,3,8,19,8,True,True,False,0.017824945971369743,correct,0
4681,1170,0,20,43,20,19,8,20,False,False,False,0.041685834527015686,other,23
4682,1170,1,20,20,20,8,19,13,True,True,False,0.041685834527015686,correct,0
4683,1170,1,3,3,3,19,8,19,True,True,False,0.017824945971369743,correct,0
4684,1171,0,27,27,27,6,17,6,True,True,False,0.0384148471057415,correct,0
4685,1171,0,0,0,0,17,6,17,True,True,False,0.04269969463348389,correct,0
4686,1171,1,0,0,0,6,17,6,True,True,False,0.04269969463348389,correct,0
4687,1171,1,27,28,27,17,6,17,False,False,True,0.0384148471057415,off_by_one,1
4688,1172,0,11,10,11,24,15,24,False,False,True,0.0064653693698346615,off_by_one,1
4689,1172,0,43,43,43,15,24,15,True,True,False,0.03528748080134392,correct,0
4690,1172,1,43,43,43,24,15,24,True,True,False,0.03528748080134392,correct,0
4691,1172,1,11,11,11,15,24,14,True,True,False,0.0064653693698346615,correct,0
4692,1173,0,16,16,16,16,20,16,True,True,False,0.07899150252342224,correct,0
4693,1173,0,46,43,46,20,16,20,False,False,False,0.02613990008831024,other,3
4694,1173,1,46,46,46,16,20,16,True,True,False,0.02613990008831024,correct,0
4695,1173,1,16,16,16,20,16,1,True,True,False,0.07899150252342224,correct,0
4696,1174,0,39,39,39,16,14,23,True,True,False,0.0031666255090385675,correct,0
4697,1174,0,31,31,31,14,16,14,True,True,False,0.04418892785906792,correct,0
4698,1174,1,31,31,31,16,14,16,True,True,False,0.04418892785906792,correct,0
4699,1174,1,39,39,39,14,16,14,True,True,False,0.0031666255090385675,correct,0
4700,1175,0,47,47,47,6,24,6,True,True,False,0.07030746340751648,correct,0
4701,1175,0,12,12,12,24,6,7,True,True,False,0.03880320116877556,correct,0
4702,1175,1,12,12,12,6,24,6,True,True,False,0.03880320116877556,correct,0
4703,1175,1,47,47,47,24,6,24,True,True,False,0.07030746340751648,correct,0
4704,1176,0,41,41,41,7,15,7,True,True,False,0.07144568860530853,correct,0
4705,1176,0,37,37,37,15,7,15,True,True,False,0.01861492544412613,correct,0
4706,1176,1,37,37,37,7,15,7,True,True,False,0.01861492544412613,correct,0
4707,1176,1,41,41,41,15,7,15,True,True,False,0.07144568860530853,correct,0
4708,1177,0,4,4,4,13,2,13,True,True,False,0.016986243426799774,correct,0
4709,1177,0,10,11,10,2,13,2,False,False,True,0.05396391451358795,off_by_one,1
4710,1177,1,10,10,10,13,2,13,True,True,False,0.05396391451358795,correct,0
4711,1177,1,4,4,4,2,13,2,True,True,False,0.016986243426799774,correct,0
4712,1178,0,3,3,3,7,2,7,True,True,False,0.007367828860878944,correct,0
4713,1178,0,36,36,36,2,7,2,True,True,False,0.009119704365730286,correct,0
4714,1178,1,36,36,36,7,2,7,True,True,False,0.009119704365730286,correct,0
4715,1178,1,3,3,3,2,7,2,True,True,False,0.007367828860878944,correct,0
4716,1179,0,48,48,48,7,9,7,True,True,False,0.028730887919664383,correct,0
4717,1179,0,41,41,41,9,7,9,True,True,False,0.04674984887242317,correct,0
4718,1179,1,41,41,41,7,9,7,True,True,False,0.04674984887242317,correct,0
4719,1179,1,48,48,48,9,7,9,True,True,False,0.028730887919664383,correct,0
4720,1180,0,34,34,34,18,38,18,True,True,False,0.03421619161963463,correct,0
4721,1180,0,25,25,25,38,18,38,True,True,False,0.010473775677382946,correct,0
4722,1180,1,25,25,25,18,38,36,True,True,False,0.010473775677382946,correct,0
4723,1180,1,34,41,34,38,18,38,False,False,False,0.03421619161963463,other,7
4724,1181,0,39,39,39,18,15,18,True,True,False,0.05515201389789581,correct,0
4725,1181,0,29,29,29,15,18,15,True,True,False,0.008830606937408447,correct,0
4726,1181,1,29,29,29,18,15,18,True,True,False,0.008830606937408447,correct,0
4727,1181,1,39,39,39,15,18,15,True,True,False,0.05515201389789581,correct,0
4728,1182,0,34,34,34,7,38,7,True,True,False,0.031432077288627625,correct,0
4729,1182,0,1,18,1,38,7,14,False,False,False,0.040141213685274124,other,17
4730,1182,1,1,1,1,7,38,7,True,True,False,0.040141213685274124,correct,0
4731,1182,1,34,41,34,38,7,38,False,False,False,0.031432077288627625,other,7
4732,1183,0,26,26,26,7,2,7,True,True,False,0.02012423425912857,correct,0
4733,1183,0,48,22,48,2,7,2,False,False,False,0.02627601847052574,other,26
4734,1183,1,48,48,48,7,2,20,True,True,False,0.02627601847052574,correct,0
4735,1183,1,26,26,26,2,7,2,True,True,False,0.02012423425912857,correct,0
4736,1184,0,11,11,11,38,16,38,True,True,False,0.012327653355896473,correct,0
4737,1184,0,22,22,22,16,38,16,True,True,False,0.02315441519021988,correct,0
4738,1184,1,22,22,22,38,16,14,True,True,False,0.02315441519021988,correct,0
4739,1184,1,11,11,11,16,38,14,True,True,False,0.012327653355896473,correct,0
4740,1185,0,41,41,41,16,14,16,True,True,False,0.028244273737072945,correct,0
4741,1185,0,37,37,37,14,16,14,True,True,False,0.03868057578802109,correct,0
4742,1185,1,37,37,37,16,14,16,True,True,False,0.03868057578802109,correct,0
4743,1185,1,41,41,41,14,16,14,True,True,False,0.028244273737072945,correct,0
4744,1186,0,32,32,32,15,24,15,True,True,False,0.0623067170381546,correct,0
4745,1186,0,39,39,39,24,15,24,True,True,False,0.011929120868444443,correct,0
4746,1186,1,39,39,39,15,24,15,True,True,False,0.011929120868444443,correct,0
4747,1186,1,32,32,32,24,15,24,True,True,False,0.0623067170381546,correct,0
4748,1187,0,32,32,32,0,28,0,True,True,False,0.02712511084973812,correct,0
4749,1187,0,6,6,6,28,0,28,True,True,False,0.060236141085624695,correct,0
4750,1187,1,6,6,6,0,28,0,True,True,False,0.060236141085624695,correct,0
4751,1187,1,32,32,32,28,0,0,True,True,False,0.02712511084973812,correct,0
4752,1188,0,24,24,24,7,14,7,True,True,False,0.11043615639209747,correct,0
4753,1188,0,2,2,2,14,7,14,True,True,False,0.0472915880382061,correct,0
4754,1188,1,2,2,2,7,14,2,True,True,False,0.0472915880382061,correct,0
4755,1188,1,24,35,24,14,7,14,False,False,False,0.11043615639209747,other,11
4756,1189,0,27,27,27,18,15,18,True,True,False,0.016191231086850166,correct,0
4757,1189,0,3,3,3,15,18,10,True,True,False,0.01854623109102249,correct,0
4758,1189,1,3,3,3,18,15,18,True,True,False,0.01854623109102249,correct,0
4759,1189,1,27,27,27,15,18,16,True,True,False,0.016191231086850166,correct,0
4760,1190,0,44,44,44,7,5,7,True,True,False,0.013151955790817738,correct,0
4761,1190,0,31,31,31,5,7,5,True,True,False,0.030871041119098663,correct,0
4762,1190,1,31,30,31,7,5,7,False,False,True,0.030871041119098663,off_by_one,1
4763,1190,1,44,44,44,5,7,5,True,True,False,0.013151955790817738,correct,0
4764,1191,0,29,11,29,14,12,14,False,False,False,0.046190351247787476,other,18
4765,1191,0,46,46,46,12,14,12,True,True,False,0.024850741028785706,correct,0
4766,1191,1,46,46,46,14,12,14,True,True,False,0.024850741028785706,correct,0
4767,1191,1,29,29,29,12,14,2,True,True,False,0.046190351247787476,correct,0
4768,1192,0,9,9,9,6,17,6,True,True,False,0.06286461651325226,correct,0
4769,1192,0,7,7,7,17,6,17,True,True,False,0.04903563857078552,correct,0
4770,1192,1,7,7,7,6,17,6,True,True,False,0.04903563857078552,correct,0
4771,1192,1,9,30,9,17,6,17,False,False,False,0.06286461651325226,other,21
4772,1193,0,13,13,13,6,0,6,True,True,False,0.06750858575105667,correct,0
4773,1193,0,11,11,11,0,6,17,True,True,False,0.0786505863070488,correct,0
4774,1193,1,11,11,11,6,0,6,True,True,False,0.0786505863070488,correct,0
4775,1193,1,13,13,13,0,6,0,True,True,False,0.06750858575105667,correct,0
4776,1194,0,19,19,19,0,3,14,True,True,False,0.03442385420203209,correct,0
4777,1194,0,16,16,16,3,0,7,True,True,False,0.04341842606663704,correct,0
4778,1194,1,16,16,16,0,3,14,True,True,False,0.04341842606663704,correct,0
4779,1194,1,19,19,19,3,0,7,True,True,False,0.03442385420203209,correct,0
4780,1195,0,26,26,26,26,0,26,True,True,False,0.02805573120713234,correct,0
4781,1195,0,9,9,9,0,26,14,True,True,False,0.018160320818424225,correct,0
4782,1195,1,9,9,9,26,0,26,True,True,False,0.018160320818424225,correct,0
4783,1195,1,26,26,26,0,26,0,True,True,False,0.02805573120713234,correct,0
4784,1196,0,39,39,39,18,20,18,True,True,False,0.01041344553232193,correct,0
4785,1196,0,36,36,36,20,18,20,True,True,False,0.018731366842985153,correct,0
4786,1196,1,36,36,36,18,20,18,True,True,False,0.018731366842985153,correct,0
4787,1196,1,39,39,39,20,18,20,True,True,False,0.01041344553232193,correct,0
4788,1197,0,13,13,13,15,7,24,True,True,False,0.04892020300030708,correct,0
4789,1197,0,11,11,11,7,15,7,True,True,False,0.052052468061447144,correct,0
4790,1197,1,11,11,11,15,7,27,True,True,False,0.052052468061447144,correct,0
4791,1197,1,13,13,13,7,15,3,True,True,False,0.04892020300030708,correct,0
4792,1198,0,33,33,33,7,19,7,True,True,False,0.029557829722762108,correct,0
4793,1198,0,25,25,25,19,7,19,True,True,False,0.023732859641313553,correct,0
4794,1198,1,25,25,25,7,19,7,True,True,False,0.023732859641313553,correct,0
4795,1198,1,33,33,33,19,7,19,True,True,False,0.029557829722762108,correct,0
4796,1199,0,35,35,35,2,7,3,True,True,False,0.0013608657754957676,correct,0
4797,1199,0,29,29,29,7,2,7,True,True,False,0.005220271181315184,correct,0
4798,1199,1,29,28,29,2,7,2,False,False,True,0.005220271181315184,off_by_one,1
4799,1199,1,35,35,35,7,2,7,True,True,False,0.0013608657754957676,correct,0
4800,1200,0,2,3,2,10,9,10,False,False,True,0.06405022740364075,off_by_one,1
4801,1200,0,47,47,47,9,10,9,True,True,False,0.022173287346959114,correct,0
4802,1200,1,47,47,47,10,9,10,True,True,False,0.022173287346959114,correct,0
4803,1200,1,2,2,2,9,10,9,True,True,False,0.06405022740364075,correct,0
4804,1201,0,27,36,27,27,17,27,False,False,False,0.01621115952730179,other,9
4805,1201,0,1,1,1,17,27,17,True,True,False,0.01257279422134161,correct,0
4806,1201,1,1,1,1,27,17,27,True,True,False,0.01257279422134161,correct,0
4807,1201,1,27,27,27,17,27,17,True,True,False,0.01621115952730179,correct,0
4808,1202,0,4,4,4,6,7,6,True,True,False,0.008864232338964939,correct,0
4809,1202,0,31,31,31,7,6,7,True,True,False,0.08017315715551376,correct,0
4810,1202,1,31,31,31,6,7,6,True,True,False,0.08017315715551376,correct,0
4811,1202,1,4,4,4,7,6,7,True,True,False,0.008864232338964939,correct,0
4812,1203,0,31,31,31,15,17,15,True,True,False,0.03209114819765091,correct,0
4813,1203,0,47,47,47,17,15,17,True,True,False,0.018481478095054626,correct,0
4814,1203,1,47,47,47,15,17,15,True,True,False,0.018481478095054626,correct,0
4815,1203,1,31,31,31,17,15,17,True,True,False,0.03209114819765091,correct,0
4816,1204,0,2,2,2,37,6,37,True,True,False,0.07105491310358047,correct,0
4817,1204,0,26,26,26,6,37,6,True,True,False,0.04177277162671089,correct,0
4818,1204,1,26,26,26,37,6,14,True,True,False,0.04177277162671089,correct,0
4819,1204,1,2,2,2,6,37,6,True,True,False,0.07105491310358047,correct,0
4820,1205,0,31,31,31,6,20,6,True,True,False,0.0651153102517128,correct,0
4821,1205,0,19,19,19,20,6,7,True,True,False,0.07795940339565277,correct,0
4822,1205,1,19,19,19,6,20,6,True,True,False,0.07795940339565277,correct,0
4823,1205,1,31,31,31,20,6,20,True,True,False,0.0651153102517128,correct,0
4824,1206,0,7,7,7,7,6,7,True,True,False,0.038629110902547836,correct,0
4825,1206,0,15,15,15,6,7,6,True,True,False,0.07382404059171677,correct,0
4826,1206,1,15,15,15,7,6,7,True,True,False,0.07382404059171677,correct,0
4827,1206,1,7,7,7,6,7,6,True,True,False,0.038629110902547836,correct,0
4828,1207,0,23,23,23,2,7,2,True,True,False,0.03973154351115227,correct,0
4829,1207,0,15,24,15,7,2,20,False,False,False,0.03933926299214363,other,9
4830,1207,1,15,15,15,2,7,2,True,True,False,0.03933926299214363,correct,0
4831,1207,1,23,23,23,7,2,7,True,True,False,0.03973154351115227,correct,0
4832,1208,0,10,10,10,39,6,36,True,True,False,0.019156422466039658,correct,0
4833,1208,0,16,16,16,6,39,6,True,True,False,0.07969071716070175,correct,0
4834,1208,1,16,15,16,39,6,7,False,False,True,0.07969071716070175,off_by_one,1
4835,1208,1,10,10,10,6,39,6,True,True,False,0.019156422466039658,correct,0
4836,1209,0,9,9,9,26,18,26,True,True,False,0.04309631511569023,correct,0
4837,1209,0,8,8,8,18,26,18,True,True,False,0.08096368610858917,correct,0
4838,1209,1,8,8,8,26,18,22,True,True,False,0.08096368610858917,correct,0
4839,1209,1,9,9,9,18,26,18,True,True,False,0.04309631511569023,correct,0
4840,1210,0,27,27,27,18,14,18,True,True,False,0.00812867097556591,correct,0
4841,1210,0,33,33,33,14,18,14,True,True,False,0.027505820617079735,correct,0
4842,1210,1,33,33,33,18,14,18,True,True,False,0.027505820617079735,correct,0
4843,1210,1,27,2,27,14,18,14,False,False,False,0.00812867097556591,other,25
4844,1211,0,9,9,9,6,26,6,True,True,False,0.00434461934491992,correct,0
4845,1211,0,8,8,8,26,6,4,True,True,False,0.035186514258384705,correct,0
4846,1211,1,8,8,8,6,26,6,True,True,False,0.035186514258384705,correct,0
4847,1211,1,9,9,9,26,6,26,True,True,False,0.00434461934491992,correct,0
4848,1212,0,29,29,29,38,36,11,True,True,False,0.042783044278621674,correct,0
4849,1212,0,44,44,44,36,38,36,True,True,False,0.007492454256862402,correct,0
4850,1212,1,44,44,44,38,36,38,True,True,False,0.007492454256862402,correct,0
4851,1212,1,29,29,29,36,38,20,True,True,False,0.042783044278621674,correct,0
4852,1213,0,29,29,29,2,5,2,True,True,False,0.06807484477758408,correct,0
4853,1213,0,40,40,40,5,2,5,True,True,False,0.02221461944282055,correct,0
4854,1213,1,40,40,40,2,5,2,True,True,False,0.02221461944282055,correct,0
4855,1213,1,29,28,29,5,2,5,False,False,True,0.06807484477758408,off_by_one,1
4856,1214,0,20,20,20,18,16,18,True,True,False,0.034498561173677444,correct,0
4857,1214,0,47,47,47,16,18,16,True,True,False,0.030080066993832588,correct,0
4858,1214,1,47,47,47,18,16,18,True,True,False,0.030080066993832588,correct,0
4859,1214,1,20,20,20,16,18,0,True,True,False,0.034498561173677444,correct,0
4860,1215,0,22,22,22,6,7,6,True,True,False,0.06117475405335426,correct,0
4861,1215,0,31,10,31,7,6,7,False,False,False,0.08340682834386826,other,21
4862,1215,1,31,31,31,6,7,6,True,True,False,0.08340682834386826,correct,0
4863,1215,1,22,22,22,7,6,7,True,True,False,0.06117475405335426,correct,0
4864,1216,0,21,21,21,16,37,16,True,True,False,0.05768847092986107,correct,0
4865,1216,0,35,35,35,37,16,14,True,True,False,0.015630407258868217,correct,0
4866,1216,1,35,35,35,16,37,16,True,True,False,0.015630407258868217,correct,0
4867,1216,1,21,21,21,37,16,37,True,True,False,0.05768847092986107,correct,0
4868,1217,0,45,45,45,16,18,16,True,True,False,0.015230248682200909,correct,0
4869,1217,0,34,34,34,18,16,18,True,True,False,0.017989860847592354,correct,0
4870,1217,1,34,34,34,16,18,16,True,True,False,0.017989860847592354,correct,0
4871,1217,1,45,45,45,18,16,18,True,True,False,0.015230248682200909,correct,0
4872,1218,0,29,29,29,6,8,6,True,True,False,0.017256073653697968,correct,0
4873,1218,0,16,16,16,8,6,8,True,True,False,0.08257056772708893,correct,0
4874,1218,1,16,16,16,6,8,6,True,True,False,0.08257056772708893,correct,0
4875,1218,1,29,28,29,8,6,8,False,False,True,0.017256073653697968,off_by_one,1
4876,1219,0,25,25,25,17,37,15,True,True,False,0.036513473838567734,correct,0
4877,1219,0,14,14,14,37,17,7,True,True,False,0.013049404136836529,correct,0
4878,1219,1,14,14,14,17,37,17,True,True,False,0.013049404136836529,correct,0
4879,1219,1,25,25,25,37,17,14,True,True,False,0.036513473838567734,correct,0
4880,1220,0,25,25,25,18,14,18,True,True,False,0.02022930234670639,correct,0
4881,1220,0,15,15,15,14,18,14,True,True,False,0.03083176352083683,correct,0
4882,1220,1,15,15,15,18,14,18,True,True,False,0.03083176352083683,correct,0
4883,1220,1,25,25,25,14,18,14,True,True,False,0.02022930234670639,correct,0
4884,1221,0,28,28,28,17,15,17,True,True,False,0.0026275431737303734,correct,0
4885,1221,0,42,42,42,15,17,15,True,True,False,0.047356151044368744,correct,0
4886,1221,1,42,42,42,17,15,17,True,True,False,0.047356151044368744,correct,0
4887,1221,1,28,28,28,15,17,0,True,True,False,0.0026275431737303734,correct,0
4888,1222,0,9,9,9,5,3,5,True,True,False,0.019596166908740997,correct,0
4889,1222,0,8,8,8,3,5,24,True,True,False,0.08881764858961105,correct,0
4890,1222,1,8,8,8,5,3,2,True,True,False,0.08881764858961105,correct,0
4891,1222,1,9,9,9,3,5,3,True,True,False,0.019596166908740997,correct,0
4892,1223,0,7,7,7,27,6,27,True,True,False,0.05027061328291893,correct,0
4893,1223,0,21,21,21,6,27,6,True,True,False,0.04464248940348625,correct,0
4894,1223,1,21,21,21,27,6,14,True,True,False,0.04464248940348625,correct,0
4895,1223,1,7,7,7,6,27,6,True,True,False,0.05027061328291893,correct,0
4896,1224,0,15,15,15,18,15,8,True,True,False,0.05135651305317879,correct,0
4897,1224,0,46,46,46,15,18,15,True,True,False,0.02495339699089527,correct,0
4898,1224,1,46,46,46,18,15,18,True,True,False,0.02495339699089527,correct,0
4899,1224,1,15,15,15,15,18,14,True,True,False,0.05135651305317879,correct,0
4900,1225,0,48,48,48,18,20,18,True,True,False,0.02307245321571827,correct,0
4901,1225,0,45,45,45,20,18,7,True,True,False,0.008248445577919483,correct,0
4902,1225,1,45,45,45,18,20,18,True,True,False,0.008248445577919483,correct,0
4903,1225,1,48,48,48,20,18,20,True,True,False,0.02307245321571827,correct,0
4904,1226,0,19,19,19,18,38,18,True,True,False,0.045111045241355896,correct,0
4905,1226,0,8,8,8,38,18,38,True,True,False,0.05442197620868683,correct,0
4906,1226,1,8,8,8,18,38,18,True,True,False,0.05442197620868683,correct,0
4907,1226,1,19,19,19,38,18,38,True,True,False,0.045111045241355896,correct,0
4908,1227,0,26,26,26,6,7,6,True,True,False,0.019281422719359398,correct,0
4909,1227,0,27,27,27,7,6,7,True,True,False,0.022006908431649208,correct,0
4910,1227,1,27,27,27,6,7,6,True,True,False,0.022006908431649208,correct,0
4911,1227,1,26,26,26,7,6,7,True,True,False,0.019281422719359398,correct,0
4912,1228,0,38,38,38,14,6,14,True,True,False,0.03297431766986847,correct,0
4913,1228,0,24,24,24,6,14,6,True,True,False,0.019904272630810738,correct,0
4914,1228,1,24,24,24,14,6,14,True,True,False,0.019904272630810738,correct,0
4915,1228,1,38,38,38,6,14,6,True,True,False,0.03297431766986847,correct,0
4916,1229,0,34,34,34,18,14,24,True,True,False,0.01734611578285694,correct,0
4917,1229,0,0,0,0,14,18,14,True,True,False,0.058817289769649506,correct,0
4918,1229,1,0,0,0,18,14,7,True,True,False,0.058817289769649506,correct,0
4919,1229,1,34,34,34,14,18,14,True,True,False,0.01734611578285694,correct,0
4920,1230,0,13,13,13,7,0,7,True,True,False,0.039935119450092316,correct,0
4921,1230,0,25,25,25,0,7,0,True,True,False,0.027392342686653137,correct,0
4922,1230,1,25,25,25,7,0,7,True,True,False,0.027392342686653137,correct,0
4923,1230,1,13,13,13,0,7,0,True,True,False,0.039935119450092316,correct,0
4924,1231,0,47,40,47,6,18,6,False,False,False,0.03229668363928795,other,7
4925,1231,0,41,41,41,18,6,18,True,True,False,0.09636853635311127,correct,0
4926,1231,1,41,41,41,6,18,6,True,True,False,0.09636853635311127,correct,0
4927,1231,1,47,47,47,18,6,18,True,True,False,0.03229668363928795,correct,0
4928,1232,0,39,39,39,5,3,5,True,True,False,0.018401602283120155,correct,0
4929,1232,0,44,44,44,3,5,3,True,True,False,0.00856580026447773,correct,0
4930,1232,1,44,44,44,5,3,5,True,True,False,0.00856580026447773,correct,0
4931,1232,1,39,39,39,3,5,3,True,True,False,0.018401602283120155,correct,0
4932,1233,0,13,13,13,6,7,6,True,True,False,0.07541323453187943,correct,0
4933,1233,0,31,31,31,7,6,7,True,True,False,0.08017315715551376,correct,0
4934,1233,1,31,31,31,6,7,6,True,True,False,0.08017315715551376,correct,0
4935,1233,1,13,13,13,7,6,15,True,True,False,0.07541323453187943,correct,0
4936,1234,0,22,22,22,6,15,6,True,True,False,0.10382168740034103,correct,0
4937,1234,0,26,26,26,15,6,15,True,True,False,0.04258463531732559,correct,0
4938,1234,1,26,26,26,6,15,6,True,True,False,0.04258463531732559,correct,0
4939,1234,1,22,22,22,15,6,7,True,True,False,0.10382168740034103,correct,0
4940,1235,0,15,16,15,7,15,20,False,False,True,0.04696512967348099,off_by_one,1
4941,1235,0,46,46,46,15,7,15,True,True,False,0.03686215355992317,correct,0
4942,1235,1,46,46,46,7,15,7,True,True,False,0.03686215355992317,correct,0
4943,1235,1,15,15,15,15,7,11,True,True,False,0.04696512967348099,correct,0
4944,1236,0,24,44,24,15,14,15,False,False,False,0.005900123622268438,other,20
4945,1236,0,14,14,14,14,15,14,True,True,False,0.011616962030529976,correct,0
4946,1236,1,14,14,14,15,14,14,True,True,False,0.011616962030529976,correct,0
4947,1236,1,24,24,24,14,15,14,True,True,False,0.005900123622268438,correct,0
4948,1237,0,35,35,35,18,27,2,True,True,False,0.017389310523867607,correct,0
4949,1237,0,47,47,47,27,18,14,True,True,False,0.030762866139411926,correct,0
4950,1237,1,47,47,47,18,27,18,True,True,False,0.030762866139411926,correct,0
4951,1237,1,35,35,35,27,18,27,True,True,False,0.017389310523867607,correct,0
4952,1238,0,33,33,33,21,7,21,True,True,False,0.013889794237911701,correct,0
4953,1238,0,41,41,41,7,21,7,True,True,False,0.10173220932483673,correct,0
4954,1238,1,41,41,41,21,7,21,True,True,False,0.10173220932483673,correct,0
4955,1238,1,33,33,33,7,21,7,True,True,False,0.013889794237911701,correct,0
4956,1239,0,27,27,27,7,19,7,True,True,False,0.0249940212816,correct,0
4957,1239,0,48,48,48,19,7,19,True,True,False,0.028134804219007492,correct,0
4958,1239,1,48,48,48,7,19,20,True,True,False,0.028134804219007492,correct,0
4959,1239,1,27,11,27,19,7,2,False,False,False,0.0249940212816,other,16
4960,1240,0,19,19,19,27,15,16,True,True,False,0.03286055102944374,correct,0
4961,1240,0,24,24,24,15,27,15,True,True,False,0.010750692337751389,correct,0
4962,1240,1,24,24,24,27,15,27,True,True,False,0.010750692337751389,correct,0
4963,1240,1,19,19,19,15,27,15,True,True,False,0.03286055102944374,correct,0
4964,1241,0,24,24,24,7,19,7,True,True,False,0.012738946825265884,correct,0
4965,1241,0,19,19,19,19,7,2,True,True,False,0.027245989069342613,correct,0
4966,1241,1,19,19,19,7,19,7,True,True,False,0.027245989069342613,correct,0
4967,1241,1,24,24,24,19,7,7,True,True,False,0.012738946825265884,correct,0
4968,1242,0,17,27,17,7,16,7,False,False,False,0.048356130719184875,other,10
4969,1242,0,43,43,43,16,7,16,True,True,False,0.038840170949697495,correct,0
4970,1242,1,43,43,43,7,16,7,True,True,False,0.038840170949697495,correct,0
4971,1242,1,17,17,17,16,7,16,True,True,False,0.048356130719184875,correct,0
4972,1243,0,45,45,45,11,13,11,True,True,False,0.05229509249329567,correct,0
4973,1243,0,39,39,39,13,11,13,True,True,False,0.005445300135761499,correct,0
4974,1243,1,39,39,39,11,13,11,True,True,False,0.005445300135761499,correct,0
4975,1243,1,45,46,45,13,11,13,False,False,True,0.05229509249329567,off_by_one,1
4976,1244,0,20,20,20,25,6,25,True,True,False,0.024972770363092422,correct,0
4977,1244,0,45,45,45,6,25,6,True,True,False,0.024245131760835648,correct,0
4978,1244,1,45,45,45,25,6,25,True,True,False,0.024245131760835648,correct,0
4979,1244,1,20,20,20,6,25,6,True,True,False,0.024972770363092422,correct,0
4980,1245,0,31,31,31,14,7,16,True,True,False,0.07338148355484009,correct,0
4981,1245,0,39,39,39,7,14,7,True,True,False,0.030456915497779846,correct,0
4982,1245,1,39,39,39,14,7,14,True,True,False,0.030456915497779846,correct,0
4983,1245,1,31,31,31,7,14,7,True,True,False,0.07338148355484009,correct,0
4984,1246,0,34,34,34,15,6,15,True,True,False,0.02748838998377323,correct,0
4985,1246,0,5,5,5,6,15,6,True,True,False,0.0386168472468853,correct,0
4986,1246,1,5,5,5,15,6,15,True,True,False,0.0386168472468853,correct,0
4987,1246,1,34,34,34,6,15,6,True,True,False,0.02748838998377323,correct,0
4988,1247,0,43,43,43,2,14,2,True,True,False,0.019198337569832802,correct,0
4989,1247,0,6,6,6,14,2,14,True,True,False,0.03878778964281082,correct,0
4990,1247,1,6,6,6,2,14,2,True,True,False,0.03878778964281082,correct,0
4991,1247,1,43,43,43,14,2,14,True,True,False,0.019198337569832802,correct,0
4992,1248,0,5,5,5,15,24,15,True,True,False,0.03351356461644173,correct,0
4993,1248,0,21,21,21,24,15,24,True,True,False,0.04284704104065895,correct,0
4994,1248,1,21,21,21,15,24,14,True,True,False,0.04284704104065895,correct,0
4995,1248,1,5,5,5,24,15,24,True,True,False,0.03351356461644173,correct,0
4996,1249,0,24,24,24,5,0,5,True,True,False,0.017685793340206146,correct,0
4997,1249,0,16,16,16,0,5,0,True,True,False,0.02627699449658394,correct,0
4998,1249,1,16,16,16,5,0,5,True,True,False,0.02627699449658394,correct,0
4999,1249,1,24,24,24,0,5,0,True,True,False,0.017685793340206146,correct,0
5000,1250,0,34,34,34,12,17,12,True,True,False,0.02824932150542736,correct,0
5001,1250,0,39,39,39,17,12,17,True,True,False,0.021580658853054047,correct,0
5002,1250,1,39,39,39,12,17,12,True,True,False,0.021580658853054047,correct,0
5003,1250,1,34,34,34,17,12,0,True,True,False,0.02824932150542736,correct,0
5004,1251,0,27,27,27,9,17,9,True,True,False,0.021376775577664375,correct,0
5005,1251,0,7,7,7,17,9,17,True,True,False,0.015339810401201248,correct,0
5006,1251,1,7,7,7,9,17,9,True,True,False,0.015339810401201248,correct,0
5007,1251,1,27,28,27,17,9,17,False,False,True,0.021376775577664375,off_by_one,1
5008,1252,0,2,2,2,18,6,18,True,True,False,0.06719838827848434,correct,0
5009,1252,0,22,22,22,6,18,6,True,True,False,0.09882208704948425,correct,0
5010,1252,1,22,22,22,18,6,18,True,True,False,0.09882208704948425,correct,0
5011,1252,1,2,0,2,6,18,6,False,False,False,0.06719838827848434,other,2
5012,1253,0,43,43,43,7,6,7,True,True,False,0.04277729615569115,correct,0
5013,1253,0,48,48,48,6,7,6,True,True,False,0.020800018683075905,correct,0
5014,1253,1,48,48,48,7,6,7,True,True,False,0.020800018683075905,correct,0
5015,1253,1,43,43,43,6,7,6,True,True,False,0.04277729615569115,correct,0
5016,1254,0,45,45,45,14,18,14,True,True,False,0.0072252568788826466,correct,0
5017,1254,0,13,13,13,18,14,18,True,True,False,0.053755104541778564,correct,0
5018,1254,1,13,13,13,14,18,14,True,True,False,0.053755104541778564,correct,0
5019,1254,1,45,45,45,18,14,18,True,True,False,0.0072252568788826466,correct,0
5020,1255,0,41,41,41,15,7,15,True,True,False,0.01966741681098938,correct,0
5021,1255,0,7,7,7,7,15,7,True,True,False,0.013485667295753956,correct,0
5022,1255,1,7,7,7,15,7,15,True,True,False,0.013485667295753956,correct,0
5023,1255,1,41,41,41,7,15,7,True,True,False,0.01966741681098938,correct,0
5024,1256,0,14,14,14,6,11,6,True,True,False,0.013575051911175251,correct,0
5025,1256,0,27,27,27,11,6,16,True,True,False,0.02845894545316696,correct,0
5026,1256,1,27,27,27,6,11,6,True,True,False,0.02845894545316696,correct,0
5027,1256,1,14,14,14,11,6,11,True,True,False,0.013575051911175251,correct,0
5028,1257,0,39,39,39,7,6,7,True,True,False,0.015448055230081081,correct,0
5029,1257,0,6,6,6,6,7,6,True,True,False,0.06622835993766785,correct,0
5030,1257,1,6,6,6,7,6,7,True,True,False,0.06622835993766785,correct,0
5031,1257,1,39,39,39,6,7,6,True,True,False,0.015448055230081081,correct,0
5032,1258,0,10,11,10,18,7,18,False,False,True,0.05277314782142639,off_by_one,1
5033,1258,0,48,48,48,7,18,7,True,True,False,0.02311703935265541,correct,0
5034,1258,1,48,48,48,18,7,18,True,True,False,0.02311703935265541,correct,0
5035,1258,1,10,11,10,7,18,6,False,False,True,0.05277314782142639,off_by_one,1
5036,1259,0,19,19,19,17,20,17,True,True,False,0.03369193896651268,correct,0
5037,1259,0,39,39,39,20,17,20,True,True,False,0.021411793306469917,correct,0
5038,1259,1,39,43,39,17,20,17,False,False,False,0.021411793306469917,other,4
5039,1259,1,19,19,19,20,17,20,True,True,False,0.03369193896651268,correct,0
5040,1260,0,33,33,33,16,7,16,True,True,False,0.004569300916045904,correct,0
5041,1260,0,4,4,4,7,16,7,True,True,False,0.015483600087463856,correct,0
5042,1260,1,4,4,4,16,7,27,True,True,False,0.015483600087463856,correct,0
5043,1260,1,33,33,33,7,16,7,True,True,False,0.004569300916045904,correct,0
5044,1261,0,29,10,29,16,7,0,False,False,False,0.06768136471509933,other,19
5045,1261,0,22,22,22,7,16,7,True,True,False,0.04730553179979324,correct,0
5046,1261,1,22,22,22,16,7,16,True,True,False,0.04730553179979324,correct,0
5047,1261,1,29,11,29,7,16,6,False,False,False,0.06768136471509933,other,18
5048,1262,0,44,44,44,16,17,16,True,True,False,0.007036757655441761,correct,0
5049,1262,0,20,20,20,17,16,7,True,True,False,0.03033391945064068,correct,0
5050,1262,1,20,20,20,16,17,16,True,True,False,0.03033391945064068,correct,0
5051,1262,1,44,44,44,17,16,17,True,True,False,0.007036757655441761,correct,0
5052,1263,0,5,5,5,30,29,12,True,True,False,0.012617833912372589,correct,0
5053,1263,0,1,1,1,29,30,29,True,True,False,0.02266663871705532,correct,0
5054,1263,1,1,1,1,30,29,30,True,True,False,0.02266663871705532,correct,0
5055,1263,1,5,5,5,29,30,29,True,True,False,0.012617833912372589,correct,0
5056,1264,0,8,8,8,19,7,19,True,True,False,0.1105419173836708,correct,0
5057,1264,0,27,28,27,7,19,7,False,False,True,0.010084626264870167,off_by_one,1
5058,1264,1,27,28,27,19,7,19,False,False,True,0.010084626264870167,off_by_one,1
5059,1264,1,8,8,8,7,19,7,True,True,False,0.1105419173836708,correct,0
5060,1265,0,47,47,47,19,6,19,True,True,False,0.021571462973952293,correct,0
5061,1265,0,32,32,32,6,19,6,True,True,False,0.049144402146339417,correct,0
5062,1265,1,32,32,32,19,6,19,True,True,False,0.049144402146339417,correct,0
5063,1265,1,47,47,47,6,19,6,True,True,False,0.021571462973952293,correct,0
5064,1266,0,25,25,25,15,17,16,True,True,False,0.0070075709372758865,correct,0
5065,1266,0,15,15,15,17,15,17,True,True,False,0.06917289644479752,correct,0
5066,1266,1,15,15,15,15,17,15,True,True,False,0.06917289644479752,correct,0
5067,1266,1,25,25,25,17,15,17,True,True,False,0.0070075709372758865,correct,0
5068,1267,0,4,4,4,14,6,14,True,True,False,0.008543584495782852,correct,0
5069,1267,0,2,2,2,6,14,6,True,True,False,0.045807912945747375,correct,0
5070,1267,1,2,2,2,14,6,0,True,True,False,0.045807912945747375,correct,0
5071,1267,1,4,4,4,6,14,6,True,True,False,0.008543584495782852,correct,0
5072,1268,0,27,27,27,36,16,36,True,True,False,0.005404619965702295,correct,0
5073,1268,0,19,19,19,16,36,16,True,True,False,0.04366227611899376,correct,0
5074,1268,1,19,19,19,36,16,36,True,True,False,0.04366227611899376,correct,0
5075,1268,1,27,27,27,16,36,0,True,True,False,0.005404619965702295,correct,0
5076,1269,0,19,19,19,1,4,1,True,True,False,0.015482515096664429,correct,0
5077,1269,0,1,1,1,4,1,4,True,True,False,0.013139468617737293,correct,0
5078,1269,1,1,1,1,1,4,1,True,True,False,0.013139468617737293,correct,0
5079,1269,1,19,19,19,4,1,4,True,True,False,0.015482515096664429,correct,0
5080,1270,0,28,29,28,15,6,15,False,False,True,0.033860303461551666,off_by_one,1
5081,1270,0,47,47,47,6,15,6,True,True,False,0.05531895160675049,correct,0
5082,1270,1,47,47,47,15,6,0,True,True,False,0.05531895160675049,correct,0
5083,1270,1,28,28,28,6,15,6,True,True,False,0.033860303461551666,correct,0
5084,1271,0,48,48,48,27,18,27,True,True,False,0.019623106345534325,correct,0
5085,1271,0,32,32,32,18,27,18,True,True,False,0.03982190415263176,correct,0
5086,1271,1,32,32,32,27,18,27,True,True,False,0.03982190415263176,correct,0
5087,1271,1,48,48,48,18,27,18,True,True,False,0.019623106345534325,correct,0
5088,1272,0,38,38,38,18,26,18,True,True,False,0.026045264676213264,correct,0
5089,1272,0,17,17,17,26,18,26,True,True,False,0.007566728629171848,correct,0
5090,1272,1,17,17,17,18,26,18,True,True,False,0.007566728629171848,correct,0
5091,1272,1,38,38,38,26,18,26,True,True,False,0.026045264676213264,correct,0
5092,1273,0,23,23,23,7,6,7,True,True,False,0.03061477281153202,correct,0
5093,1273,0,33,33,33,6,7,6,True,True,False,0.03994745388627052,correct,0
5094,1273,1,33,33,33,7,6,7,True,True,False,0.03994745388627052,correct,0
5095,1273,1,23,23,23,6,7,6,True,True,False,0.03061477281153202,correct,0
5096,1274,0,7,7,7,15,20,15,True,True,False,0.0333465114235878,correct,0
5097,1274,0,8,8,8,20,15,2,True,True,False,0.08981993049383163,correct,0
5098,1274,1,8,8,8,15,20,15,True,True,False,0.08981993049383163,correct,0
5099,1274,1,7,7,7,20,15,20,True,True,False,0.0333465114235878,correct,0
5100,1275,0,28,28,28,9,6,9,True,True,False,0.05099165439605713,correct,0
5101,1275,0,19,19,19,6,9,13,True,True,False,0.024838367477059364,correct,0
5102,1275,1,19,19,19,9,6,18,True,True,False,0.024838367477059364,correct,0
5103,1275,1,28,28,28,6,9,6,True,True,False,0.05099165439605713,correct,0
5104,1276,0,36,36,36,18,36,24,True,True,False,0.034919433295726776,correct,0
5105,1276,0,16,16,16,36,18,36,True,True,False,0.06288596987724304,correct,0
5106,1276,1,16,16,16,18,36,18,True,True,False,0.06288596987724304,correct,0
5107,1276,1,36,36,36,36,18,36,True,True,False,0.034919433295726776,correct,0
5108,1277,0,47,47,47,16,14,16,True,True,False,0.050137512385845184,correct,0
5109,1277,0,28,28,28,14,16,14,True,True,False,0.023356415331363678,correct,0
5110,1277,1,28,28,28,16,14,16,True,True,False,0.023356415331363678,correct,0
5111,1277,1,47,47,47,14,16,14,True,True,False,0.050137512385845184,correct,0
5112,1278,0,4,4,4,14,0,14,True,True,False,0.024827590212225914,correct,0
5113,1278,0,38,38,38,0,14,0,True,True,False,0.0040877689607441425,correct,0
5114,1278,1,38,38,38,14,0,14,True,True,False,0.0040877689607441425,correct,0
5115,1278,1,4,1,4,0,14,0,False,False,False,0.024827590212225914,other,3
5116,1279,0,9,9,9,16,24,16,True,True,False,0.021733691915869713,correct,0
5117,1279,0,46,11,46,24,16,24,False,False,False,0.03676873818039894,other,35
5118,1279,1,46,46,46,16,24,0,True,True,False,0.03676873818039894,correct,0
5119,1279,1,9,9,9,24,16,7,True,True,False,0.021733691915869713,correct,0
5120,1280,0,43,37,43,20,14,20,False,False,False,0.030509889125823975,other,6
5121,1280,0,22,22,22,14,20,14,True,True,False,0.007791267242282629,correct,0
5122,1280,1,22,22,22,20,14,20,True,True,False,0.007791267242282629,correct,0
5123,1280,1,43,43,43,14,20,14,True,True,False,0.030509889125823975,correct,0
5124,1281,0,46,46,46,2,5,2,True,True,False,0.007185492664575577,correct,0
5125,1281,0,8,8,8,5,2,13,True,True,False,0.024763237684965134,correct,0
5126,1281,1,8,8,8,2,5,2,True,True,False,0.024763237684965134,correct,0
5127,1281,1,46,46,46,5,2,5,True,True,False,0.007185492664575577,correct,0
5128,1282,0,13,13,13,24,26,24,True,True,False,0.03541230037808418,correct,0
5129,1282,0,24,24,24,26,24,26,True,True,False,0.020360881462693214,correct,0
5130,1282,1,24,24,24,24,26,24,True,True,False,0.020360881462693214,correct,0
5131,1282,1,13,13,13,26,24,26,True,True,False,0.03541230037808418,correct,0
5132,1283,0,47,47,47,6,2,6,True,True,False,0.025933144614100456,correct,0
5133,1283,0,21,21,21,2,6,2,True,True,False,0.06428472697734833,correct,0
5134,1283,1,21,21,21,6,2,6,True,True,False,0.06428472697734833,correct,0
5135,1283,1,47,47,47,2,6,2,True,True,False,0.025933144614100456,correct,0
5136,1284,0,12,10,12,1,5,24,False,False,False,0.06165189668536186,other,2
5137,1284,0,36,36,36,5,1,5,True,True,False,0.04746134579181671,correct,0
5138,1284,1,36,36,36,1,5,1,True,True,False,0.04746134579181671,correct,0
5139,1284,1,12,12,12,5,1,5,True,True,False,0.06165189668536186,correct,0
5140,1285,0,27,27,27,34,7,34,True,True,False,0.07691086083650589,correct,0
5141,1285,0,24,32,24,7,34,7,False,False,False,0.047963496297597885,other,8
5142,1285,1,24,45,24,34,7,34,False,False,False,0.047963496297597885,other,21
5143,1285,1,27,29,27,7,34,7,False,False,False,0.07691086083650589,other,2
5144,1286,0,41,41,41,16,2,16,True,True,False,0.048329249024391174,correct,0
5145,1286,0,48,22,48,2,16,2,False,False,False,0.0626186951994896,other,26
5146,1286,1,48,48,48,16,2,16,True,True,False,0.0626186951994896,correct,0
5147,1286,1,41,41,41,2,16,2,True,True,False,0.048329249024391174,correct,0
5148,1287,0,28,28,28,2,7,2,True,True,False,0.0060653770342469215,correct,0
5149,1287,0,44,44,44,7,2,7,True,True,False,0.0049947830848395824,correct,0
5150,1287,1,44,44,44,2,7,2,True,True,False,0.0049947830848395824,correct,0
5151,1287,1,28,28,28,7,2,7,True,True,False,0.0060653770342469215,correct,0
5152,1288,0,37,37,37,7,19,7,True,True,False,0.004021373577415943,correct,0
5153,1288,0,9,33,9,19,7,9,False,False,False,0.03715044632554054,other,24
5154,1288,1,9,9,9,7,19,17,True,True,False,0.03715044632554054,correct,0
5155,1288,1,37,37,37,19,7,19,True,True,False,0.004021373577415943,correct,0
5156,1289,0,18,18,18,12,3,7,True,True,False,0.07831760495901108,correct,0
5157,1289,0,29,29,29,3,12,7,True,True,False,0.045620668679475784,correct,0
5158,1289,1,29,29,29,12,3,2,True,True,False,0.045620668679475784,correct,0
5159,1289,1,18,18,18,3,12,7,True,True,False,0.07831760495901108,correct,0
5160,1290,0,14,14,14,27,14,14,True,True,False,0.014428806491196156,correct,0
5161,1290,0,11,29,11,14,27,28,False,False,False,0.05189106613397598,other,18
5162,1290,1,11,11,11,27,14,27,True,True,False,0.05189106613397598,correct,0
5163,1290,1,14,14,14,14,27,14,True,True,False,0.014428806491196156,correct,0
5164,1291,0,7,7,7,15,0,15,True,True,False,0.04205621778964996,correct,0
5165,1291,0,28,28,28,0,15,0,True,True,False,0.018660839647054672,correct,0
5166,1291,1,28,28,28,15,0,15,True,True,False,0.018660839647054672,correct,0
5167,1291,1,7,7,7,0,15,0,True,True,False,0.04205621778964996,correct,0
5168,1292,0,4,4,4,7,14,7,True,True,False,0.020764021202921867,correct,0
5169,1292,0,7,7,7,14,7,14,True,True,False,0.022765452042222023,correct,0
5170,1292,1,7,7,7,7,14,7,True,True,False,0.022765452042222023,correct,0
5171,1292,1,4,4,4,14,7,14,True,True,False,0.020764021202921867,correct,0
5172,1293,0,38,38,38,21,6,21,True,True,False,0.023046860471367836,correct,0
5173,1293,0,34,34,34,6,21,6,True,True,False,0.03146076947450638,correct,0
5174,1293,1,34,34,34,21,6,21,True,True,False,0.03146076947450638,correct,0
5175,1293,1,38,38,38,6,21,6,True,True,False,0.023046860471367836,correct,0
5176,1294,0,36,36,36,18,7,18,True,True,False,0.024087587371468544,correct,0
5177,1294,0,24,24,24,7,18,7,True,True,False,0.006395483389496803,correct,0
5178,1294,1,24,24,24,18,7,18,True,True,False,0.006395483389496803,correct,0
5179,1294,1,36,36,36,7,18,21,True,True,False,0.024087587371468544,correct,0
5180,1295,0,40,40,40,8,15,39,True,True,False,0.033872541040182114,correct,0
5181,1295,0,6,6,6,15,8,15,True,True,False,0.10194660723209381,correct,0
5182,1295,1,6,6,6,8,15,8,True,True,False,0.10194660723209381,correct,0
5183,1295,1,40,40,40,15,8,15,True,True,False,0.033872541040182114,correct,0
5184,1296,0,35,35,35,7,8,7,True,True,False,0.0030560207087546587,correct,0
5185,1296,0,46,40,46,8,7,7,False,False,False,0.039785534143447876,other,6
5186,1296,1,46,46,46,7,8,7,True,True,False,0.039785534143447876,correct,0
5187,1296,1,35,35,35,8,7,8,True,True,False,0.0030560207087546587,correct,0
5188,1297,0,28,11,28,6,14,6,False,False,False,0.0604449138045311,other,17
5189,1297,0,17,18,17,14,6,14,False,False,True,0.03645257279276848,off_by_one,1
5190,1297,1,17,17,17,6,14,6,True,True,False,0.03645257279276848,correct,0
5191,1297,1,28,28,28,14,6,14,True,True,False,0.0604449138045311,correct,0
5192,1298,0,32,32,32,6,24,13,True,True,False,0.06155487149953842,correct,0
5193,1298,0,8,8,8,24,6,24,True,True,False,0.08326635509729385,correct,0
5194,1298,1,8,8,8,6,24,6,True,True,False,0.08326635509729385,correct,0
5195,1298,1,32,32,32,24,6,18,True,True,False,0.06155487149953842,correct,0
5196,1299,0,31,31,31,16,7,16,True,True,False,0.07609828561544418,correct,0
5197,1299,0,32,32,32,7,16,7,True,True,False,0.013832193799316883,correct,0
5198,1299,1,32,32,32,16,7,16,True,True,False,0.013832193799316883,correct,0
5199,1299,1,31,32,31,7,16,7,False,False,True,0.07609828561544418,off_by_one,1
5200,1300,0,16,16,16,6,0,6,True,True,False,0.06135432422161102,correct,0
5201,1300,0,36,36,36,0,6,0,True,True,False,0.006652581039816141,correct,0
5202,1300,1,36,36,36,6,0,6,True,True,False,0.006652581039816141,correct,0
5203,1300,1,16,16,16,0,6,0,True,True,False,0.06135432422161102,correct,0
5204,1301,0,26,26,26,35,0,35,True,True,False,0.02325485460460186,correct,0
5205,1301,0,22,22,22,0,35,0,True,True,False,0.00298104714602232,correct,0
5206,1301,1,22,22,22,35,0,35,True,True,False,0.00298104714602232,correct,0
5207,1301,1,26,26,26,0,35,0,True,True,False,0.02325485460460186,correct,0
5208,1302,0,3,3,3,18,14,18,True,True,False,0.036825958639383316,correct,0
5209,1302,0,47,47,47,14,18,27,True,True,False,0.02358727715909481,correct,0
5210,1302,1,47,47,47,18,14,18,True,True,False,0.02358727715909481,correct,0
5211,1302,1,3,3,3,14,18,14,True,True,False,0.036825958639383316,correct,0
5212,1303,0,39,39,39,12,9,12,True,True,False,0.009231184609234333,correct,0
5213,1303,0,30,30,30,9,12,9,True,True,False,0.05119483172893524,correct,0
5214,1303,1,30,30,30,12,9,12,True,True,False,0.05119483172893524,correct,0
5215,1303,1,39,39,39,9,12,9,True,True,False,0.009231184609234333,correct,0
5216,1304,0,10,10,10,8,13,8,True,True,False,0.0610799603164196,correct,0
5217,1304,0,42,42,42,13,8,13,True,True,False,0.04999573528766632,correct,0
5218,1304,1,42,42,42,8,13,8,True,True,False,0.04999573528766632,correct,0
5219,1304,1,10,10,10,13,8,13,True,True,False,0.0610799603164196,correct,0
5220,1305,0,27,27,27,16,7,16,True,True,False,0.020148450508713722,correct,0
5221,1305,0,34,34,34,7,16,7,True,True,False,0.02388390153646469,correct,0
5222,1305,1,34,34,34,16,7,16,True,True,False,0.02388390153646469,correct,0
5223,1305,1,27,27,27,7,16,7,True,True,False,0.020148450508713722,correct,0
5224,1306,0,43,43,43,7,18,24,True,True,False,0.09016791731119156,correct,0
5225,1306,0,17,17,17,18,7,18,True,True,False,0.03881434351205826,correct,0
5226,1306,1,17,29,17,7,18,7,False,False,False,0.03881434351205826,other,12
5227,1306,1,43,43,43,18,7,18,True,True,False,0.09016791731119156,correct,0
5228,1307,0,23,23,23,27,15,23,True,True,False,0.013428501784801483,correct,0
5229,1307,0,44,44,44,15,27,15,True,True,False,0.02266305685043335,correct,0
5230,1307,1,44,44,44,27,15,27,True,True,False,0.02266305685043335,correct,0
5231,1307,1,23,23,23,15,27,15,True,True,False,0.013428501784801483,correct,0
5232,1308,0,14,14,14,7,15,7,True,True,False,0.010661972686648369,correct,0
5233,1308,0,29,29,29,15,7,24,True,True,False,0.007379276677966118,correct,0
5234,1308,1,29,11,29,7,15,7,False,False,False,0.007379276677966118,other,18
5235,1308,1,14,14,14,15,7,1,True,True,False,0.010661972686648369,correct,0
5236,1309,0,34,34,34,7,16,7,True,True,False,0.026818275451660156,correct,0
5237,1309,0,4,4,4,16,7,16,True,True,False,0.04848286136984825,correct,0
5238,1309,1,4,4,4,7,16,2,True,True,False,0.04848286136984825,correct,0
5239,1309,1,34,34,34,16,7,16,True,True,False,0.026818275451660156,correct,0
5240,1310,0,37,37,37,23,0,23,True,True,False,0.018434390425682068,correct,0
5241,1310,0,10,10,10,0,23,25,True,True,False,0.03430788591504097,correct,0
5242,1310,1,10,10,10,23,0,23,True,True,False,0.03430788591504097,correct,0
5243,1310,1,37,37,37,0,23,0,True,True,False,0.018434390425682068,correct,0
5244,1311,0,47,47,47,27,37,27,True,True,False,0.03053596429526806,correct,0
5245,1311,0,33,33,33,37,27,14,True,True,False,0.013413015753030777,correct,0
5246,1311,1,33,33,33,27,37,1,True,True,False,0.013413015753030777,correct,0
5247,1311,1,47,47,47,37,27,27,True,True,False,0.03053596429526806,correct,0
5248,1312,0,1,1,1,2,1,18,True,True,False,0.010536459274590015,correct,0
5249,1312,0,16,16,16,1,2,1,True,True,False,0.05135501176118851,correct,0
5250,1312,1,16,16,16,2,1,2,True,True,False,0.05135501176118851,correct,0
5251,1312,1,1,1,1,1,2,1,True,True,False,0.010536459274590015,correct,0
5252,1313,0,28,28,28,13,12,13,True,True,False,0.0017273696139454842,correct,0
5253,1313,0,0,0,0,12,13,12,True,True,False,0.039987996220588684,correct,0
5254,1313,1,0,0,0,13,12,13,True,True,False,0.039987996220588684,correct,0
5255,1313,1,28,28,28,12,13,12,True,True,False,0.0017273696139454842,correct,0
5256,1314,0,23,23,23,12,2,12,True,True,False,0.02129192091524601,correct,0
5257,1314,0,1,1,1,2,12,2,True,True,False,0.05452867969870567,correct,0
5258,1314,1,1,1,1,12,2,12,True,True,False,0.05452867969870567,correct,0
5259,1314,1,23,23,23,2,12,2,True,True,False,0.02129192091524601,correct,0
5260,1315,0,15,15,15,16,18,16,True,True,False,0.035497236996889114,correct,0
5261,1315,0,28,28,28,18,16,18,True,True,False,0.024314384907484055,correct,0
5262,1315,1,28,28,28,16,18,0,True,True,False,0.024314384907484055,correct,0
5263,1315,1,15,15,15,18,16,24,True,True,False,0.035497236996889114,correct,0
5264,1316,0,33,33,33,0,5,0,True,True,False,0.018138930201530457,correct,0
5265,1316,0,23,23,23,5,0,5,True,True,False,0.027629051357507706,correct,0
5266,1316,1,23,23,23,0,5,0,True,True,False,0.027629051357507706,correct,0
5267,1316,1,33,33,33,5,0,5,True,True,False,0.018138930201530457,correct,0
5268,1317,0,43,36,43,10,8,10,False,False,False,0.015033978968858719,other,7
5269,1317,0,20,20,20,8,10,8,True,True,False,0.029522566124796867,correct,0
5270,1317,1,20,20,20,10,8,10,True,True,False,0.029522566124796867,correct,0
5271,1317,1,43,43,43,8,10,8,True,True,False,0.015033978968858719,correct,0
5272,1318,0,14,14,14,0,5,0,True,True,False,0.015917055308818817,correct,0
5273,1318,0,9,9,9,5,0,5,True,True,False,0.02982458658516407,correct,0
5274,1318,1,9,9,9,0,5,0,True,True,False,0.02982458658516407,correct,0
5275,1318,1,14,14,14,5,0,5,True,True,False,0.015917055308818817,correct,0
5276,1319,0,46,46,46,2,6,2,True,True,False,0.02041131630539894,correct,0
5277,1319,0,20,20,20,6,2,6,True,True,False,0.09600251913070679,correct,0
5278,1319,1,20,20,20,2,6,2,True,True,False,0.09600251913070679,correct,0
5279,1319,1,46,46,46,6,2,13,True,True,False,0.02041131630539894,correct,0
5280,1320,0,48,48,48,20,3,7,True,True,False,0.0177446436136961,correct,0
5281,1320,0,34,34,34,3,20,2,True,True,False,0.025550009682774544,correct,0
5282,1320,1,34,34,34,20,3,20,True,True,False,0.025550009682774544,correct,0
5283,1320,1,48,48,48,3,20,3,True,True,False,0.0177446436136961,correct,0
5284,1321,0,34,34,34,17,7,17,True,True,False,0.011379959061741829,correct,0
5285,1321,0,43,43,43,7,17,7,True,True,False,0.014978130348026752,correct,0
5286,1321,1,43,36,43,17,7,17,False,False,False,0.014978130348026752,other,7
5287,1321,1,34,34,34,7,17,7,True,True,False,0.011379959061741829,correct,0
5288,1322,0,9,9,9,27,26,27,True,True,False,0.019372176378965378,correct,0
5289,1322,0,6,6,6,26,27,26,True,True,False,0.07025545835494995,correct,0
5290,1322,1,6,6,6,27,26,27,True,True,False,0.07025545835494995,correct,0
5291,1322,1,9,9,9,26,27,26,True,True,False,0.019372176378965378,correct,0
5292,1323,0,10,10,10,24,36,24,True,True,False,0.05263322964310646,correct,0
5293,1323,0,20,20,20,36,24,36,True,True,False,0.05211460590362549,correct,0
5294,1323,1,20,20,20,24,36,24,True,True,False,0.05211460590362549,correct,0
5295,1323,1,10,10,10,36,24,36,True,True,False,0.05263322964310646,correct,0
5296,1324,0,48,48,48,7,6,7,True,True,False,0.020800018683075905,correct,0
5297,1324,0,44,44,44,6,7,6,True,True,False,0.01269152108579874,correct,0
5298,1324,1,44,44,44,7,6,7,True,True,False,0.01269152108579874,correct,0
5299,1324,1,48,48,48,6,7,6,True,True,False,0.020800018683075905,correct,0
5300,1325,0,25,25,25,26,16,26,True,True,False,0.02773370034992695,correct,0
5301,1325,0,1,1,1,16,26,16,True,True,False,0.05368093028664589,correct,0
5302,1325,1,1,1,1,26,16,26,True,True,False,0.05368093028664589,correct,0
5303,1325,1,25,25,25,16,26,16,True,True,False,0.02773370034992695,correct,0
5304,1326,0,29,29,29,23,7,16,True,True,False,0.033431924879550934,correct,0
5305,1326,0,8,8,8,7,23,7,True,True,False,0.00854442734271288,correct,0
5306,1326,1,8,8,8,23,7,23,True,True,False,0.00854442734271288,correct,0
5307,1326,1,29,29,29,7,23,7,True,True,False,0.033431924879550934,correct,0
5308,1327,0,36,36,36,7,17,7,True,True,False,0.010728158988058567,correct,0
5309,1327,0,6,6,6,17,7,17,True,True,False,0.04321034997701645,correct,0
5310,1327,1,6,6,6,7,17,7,True,True,False,0.04321034997701645,correct,0
5311,1327,1,36,36,36,17,7,0,True,True,False,0.010728158988058567,correct,0
5312,1328,0,12,12,12,6,2,6,True,True,False,0.05881054699420929,correct,0
5313,1328,0,32,32,32,2,6,2,True,True,False,0.004055236466228962,correct,0
5314,1328,1,32,32,32,6,2,6,True,True,False,0.004055236466228962,correct,0
5315,1328,1,12,12,12,2,6,14,True,True,False,0.05881054699420929,correct,0
5316,1329,0,24,24,24,32,18,32,True,True,False,0.009234922006726265,correct,0
5317,1329,0,0,0,0,18,32,18,True,True,False,0.016665035858750343,correct,0
5318,1329,1,0,0,0,32,18,32,True,True,False,0.016665035858750343,correct,0
5319,1329,1,24,24,24,18,32,18,True,True,False,0.009234922006726265,correct,0
5320,1330,0,38,38,38,14,24,14,True,True,False,0.020767780020833015,correct,0
5321,1330,0,8,8,8,24,14,24,True,True,False,0.018741261214017868,correct,0
5322,1330,1,8,8,8,14,24,14,True,True,False,0.018741261214017868,correct,0
5323,1330,1,38,38,38,24,14,24,True,True,False,0.020767780020833015,correct,0
5324,1331,0,3,3,3,17,16,17,True,True,False,0.04631314426660538,correct,0
5325,1331,0,30,30,30,16,17,16,True,True,False,0.05624423921108246,correct,0
5326,1331,1,30,30,30,17,16,17,True,True,False,0.05624423921108246,correct,0
5327,1331,1,3,3,3,16,17,16,True,True,False,0.04631314426660538,correct,0
5328,1332,0,38,38,38,20,16,20,True,True,False,0.020704282447695732,correct,0
5329,1332,0,32,32,32,16,20,1,True,True,False,0.012250322848558426,correct,0
5330,1332,1,32,32,32,20,16,7,True,True,False,0.012250322848558426,correct,0
5331,1332,1,38,38,38,16,20,16,True,True,False,0.020704282447695732,correct,0
5332,1333,0,24,35,24,34,35,34,False,False,False,0.019494419917464256,other,11
5333,1333,0,19,19,19,35,34,35,True,True,False,0.02673916518688202,correct,0
5334,1333,1,19,19,19,34,35,18,True,True,False,0.02673916518688202,correct,0
5335,1333,1,24,24,24,35,34,16,True,True,False,0.019494419917464256,correct,0
5336,1334,0,37,32,37,6,15,17,False,False,False,0.08904857188463211,other,5
5337,1334,0,32,32,32,15,6,15,True,True,False,0.029578018933534622,correct,0
5338,1334,1,32,32,32,6,15,6,True,True,False,0.029578018933534622,correct,0
5339,1334,1,37,43,37,15,6,15,False,False,False,0.08904857188463211,other,6
5340,1335,0,43,43,43,12,24,12,True,True,False,0.0039626965299248695,correct,0
5341,1335,0,36,36,36,24,12,24,True,True,False,0.027981474995613098,correct,0
5342,1335,1,36,36,36,12,24,12,True,True,False,0.027981474995613098,correct,0
5343,1335,1,43,43,43,24,12,24,True,True,False,0.0039626965299248695,correct,0
5344,1336,0,27,27,27,10,7,10,True,True,False,0.017941914498806,correct,0
5345,1336,0,33,33,33,7,10,7,True,True,False,0.03188375011086464,correct,0
5346,1336,1,33,17,33,10,7,10,False,False,False,0.03188375011086464,other,16
5347,1336,1,27,27,27,7,10,7,True,True,False,0.017941914498806,correct,0
5348,1337,0,16,15,16,13,2,2,False,False,True,0.010563029907643795,off_by_one,1
5349,1337,0,32,32,32,2,13,2,True,True,False,0.03268260881304741,correct,0
5350,1337,1,32,32,32,13,2,13,True,True,False,0.03268260881304741,correct,0
5351,1337,1,16,16,16,2,13,6,True,True,False,0.010563029907643795,correct,0
5352,1338,0,8,8,8,16,17,16,True,True,False,0.14707714319229126,correct,0
5353,1338,0,30,30,30,17,16,15,True,True,False,0.05407577008008957,correct,0
5354,1338,1,30,30,30,16,17,14,True,True,False,0.05407577008008957,correct,0
5355,1338,1,8,8,8,17,16,17,True,True,False,0.14707714319229126,correct,0
5356,1339,0,1,1,1,2,8,2,True,True,False,0.018584350124001503,correct,0
5357,1339,0,27,27,27,8,2,26,True,True,False,0.00841216929256916,correct,0
5358,1339,1,27,27,27,2,8,2,True,True,False,0.00841216929256916,correct,0
5359,1339,1,1,1,1,8,2,8,True,True,False,0.018584350124001503,correct,0
5360,1340,0,43,43,43,24,6,24,True,True,False,0.06590868532657623,correct,0
5361,1340,0,6,6,6,6,24,6,True,True,False,0.15858779847621918,correct,0
5362,1340,1,6,6,6,24,6,24,True,True,False,0.15858779847621918,correct,0
5363,1340,1,43,43,43,6,24,6,True,True,False,0.06590868532657623,correct,0
5364,1341,0,45,45,45,7,18,7,True,True,False,0.019533349201083183,correct,0
5365,1341,0,31,31,31,18,7,18,True,True,False,0.03105543740093708,correct,0
5366,1341,1,31,10,31,7,18,7,False,False,False,0.03105543740093708,other,21
5367,1341,1,45,45,45,18,7,18,True,True,False,0.019533349201083183,correct,0
5368,1342,0,11,28,11,14,18,14,False,False,False,0.034175775945186615,other,17
5369,1342,0,16,16,16,18,14,18,True,True,False,0.08675209432840347,correct,0
5370,1342,1,16,16,16,14,18,14,True,True,False,0.08675209432840347,correct,0
5371,1342,1,11,29,11,18,14,18,False,False,False,0.034175775945186615,other,18
5372,1343,0,22,22,22,3,4,3,True,True,False,0.08595038950443268,correct,0
5373,1343,0,25,25,25,4,3,4,True,True,False,0.016421053558588028,correct,0
5374,1343,1,25,25,25,3,4,3,True,True,False,0.016421053558588028,correct,0
5375,1343,1,22,22,22,4,3,4,True,True,False,0.08595038950443268,correct,0
5376,1344,0,13,13,13,7,5,7,True,True,False,0.07930640131235123,correct,0
5377,1344,0,0,0,0,5,7,5,True,True,False,0.05665064603090286,correct,0
5378,1344,1,0,0,0,7,5,7,True,True,False,0.05665064603090286,correct,0
5379,1344,1,13,13,13,5,7,5,True,True,False,0.07930640131235123,correct,0
5380,1345,0,31,31,31,34,6,34,True,True,False,0.04806780442595482,correct,0
5381,1345,0,8,8,8,6,34,15,True,True,False,0.049797482788562775,correct,0
5382,1345,1,8,8,8,34,6,24,True,True,False,0.049797482788562775,correct,0
5383,1345,1,31,28,31,6,34,6,False,False,False,0.04806780442595482,other,3
5384,1346,0,33,33,33,24,16,4,True,True,False,0.043542418628931046,correct,0
5385,1346,0,34,34,34,16,24,16,True,True,False,0.04902151599526405,correct,0
5386,1346,1,34,34,34,24,16,24,True,True,False,0.04902151599526405,correct,0
5387,1346,1,33,33,33,16,24,16,True,True,False,0.043542418628931046,correct,0
5388,1347,0,17,1,17,17,16,17,False,False,False,0.020007038488984108,other,16
5389,1347,0,8,8,8,16,17,14,True,True,False,0.019462864845991135,correct,0
5390,1347,1,8,8,8,17,16,17,True,True,False,0.019462864845991135,correct,0
5391,1347,1,17,17,17,16,17,16,True,True,False,0.020007038488984108,correct,0
5392,1348,0,42,42,42,16,21,0,True,True,False,0.025009633973240852,correct,0
5393,1348,0,3,3,3,21,16,0,True,True,False,0.01240350678563118,correct,0
5394,1348,1,3,3,3,16,21,16,True,True,False,0.01240350678563118,correct,0
5395,1348,1,42,42,42,21,16,15,True,True,False,0.025009633973240852,correct,0
5396,1349,0,40,40,40,0,21,7,True,True,False,0.0036324651446193457,correct,0
5397,1349,0,12,12,12,21,0,21,True,True,False,0.01268697902560234,correct,0
5398,1349,1,12,12,12,0,21,0,True,True,False,0.01268697902560234,correct,0
5399,1349,1,40,40,40,21,0,21,True,True,False,0.0036324651446193457,correct,0
5400,1350,0,16,16,16,0,17,0,True,True,False,0.07672028243541718,correct,0
5401,1350,0,34,34,34,17,0,17,True,True,False,0.017619160935282707,correct,0
5402,1350,1,34,34,34,0,17,0,True,True,False,0.017619160935282707,correct,0
5403,1350,1,16,16,16,17,0,24,True,True,False,0.07672028243541718,correct,0
5404,1351,0,4,4,4,18,24,18,True,True,False,0.03822972625494003,correct,0
5405,1351,0,28,28,28,24,18,24,True,True,False,0.04519903287291527,correct,0
5406,1351,1,28,28,28,18,24,18,True,True,False,0.04519903287291527,correct,0
5407,1351,1,4,4,4,24,18,24,True,True,False,0.03822972625494003,correct,0
5408,1352,0,1,1,1,26,17,26,True,True,False,0.023357359692454338,correct,0
5409,1352,0,20,20,20,17,26,17,True,True,False,0.010925142094492912,correct,0
5410,1352,1,20,20,20,26,17,26,True,True,False,0.010925142094492912,correct,0
5411,1352,1,1,1,1,17,26,17,True,True,False,0.023357359692454338,correct,0
5412,1353,0,43,43,43,16,15,16,True,True,False,0.001429832773283124,correct,0
5413,1353,0,32,32,32,15,16,15,True,True,False,0.017416764050722122,correct,0
5414,1353,1,32,32,32,16,15,16,True,True,False,0.017416764050722122,correct,0
5415,1353,1,43,43,43,15,16,15,True,True,False,0.001429832773283124,correct,0
5416,1354,0,2,2,2,14,21,14,True,True,False,0.010654277168214321,correct,0
5417,1354,0,17,17,17,21,14,21,True,True,False,0.020548367872834206,correct,0
5418,1354,1,17,17,17,14,21,17,True,True,False,0.020548367872834206,correct,0
5419,1354,1,2,2,2,21,14,21,True,True,False,0.010654277168214321,correct,0
5420,1355,0,24,16,24,14,7,6,False,False,False,0.18587392568588257,other,8
5421,1355,0,29,29,29,7,14,7,True,True,False,0.06833389401435852,correct,0
5422,1355,1,29,22,29,14,7,6,False,False,False,0.06833389401435852,other,7
5423,1355,1,24,24,24,7,14,7,True,True,False,0.18587392568588257,correct,0
5424,1356,0,23,23,23,15,17,16,True,True,False,0.016977401450276375,correct,0
5425,1356,0,45,45,45,17,15,17,True,True,False,0.00251350412145257,correct,0
5426,1356,1,45,45,45,15,17,15,True,True,False,0.00251350412145257,correct,0
5427,1356,1,23,23,23,17,15,17,True,True,False,0.016977401450276375,correct,0
5428,1357,0,40,31,40,6,24,6,False,False,False,0.07181169092655182,other,9
5429,1357,0,12,12,12,24,6,18,True,True,False,0.070400170981884,correct,0
5430,1357,1,12,12,12,6,24,6,True,True,False,0.070400170981884,correct,0
5431,1357,1,40,40,40,24,6,24,True,True,False,0.07181169092655182,correct,0
5432,1358,0,25,25,25,6,17,6,True,True,False,0.05577821657061577,correct,0
5433,1358,0,37,37,37,17,6,17,True,True,False,0.011331270448863506,correct,0
5434,1358,1,37,37,37,6,17,6,True,True,False,0.011331270448863506,correct,0
5435,1358,1,25,25,25,17,6,15,True,True,False,0.05577821657061577,correct,0
5436,1359,0,30,30,30,14,24,14,True,True,False,0.06076953932642937,correct,0
5437,1359,0,45,45,45,24,14,2,True,True,False,0.025621766224503517,correct,0
5438,1359,1,45,35,45,14,24,14,False,False,False,0.025621766224503517,other,10
5439,1359,1,30,30,30,24,14,24,True,True,False,0.06076953932642937,correct,0
5440,1360,0,26,26,26,21,14,21,True,True,False,0.043601538985967636,correct,0
5441,1360,0,20,20,20,14,21,14,True,True,False,0.03638375550508499,correct,0
5442,1360,1,20,20,20,21,14,21,True,True,False,0.03638375550508499,correct,0
5443,1360,1,26,26,26,14,21,14,True,True,False,0.043601538985967636,correct,0
5444,1361,0,42,42,42,38,18,38,True,True,False,0.0269762109965086,correct,0
5445,1361,0,24,24,24,18,38,18,True,True,False,0.03571873903274536,correct,0
5446,1361,1,24,1,24,38,18,14,False,False,False,0.03571873903274536,other,23
5447,1361,1,42,42,42,18,38,18,True,True,False,0.0269762109965086,correct,0
5448,1362,0,43,43,43,13,7,13,True,True,False,0.07053770124912262,correct,0
5449,1362,0,48,48,48,7,13,7,True,True,False,0.013378426432609558,correct,0
5450,1362,1,48,48,48,13,7,13,True,True,False,0.013378426432609558,correct,0
5451,1362,1,43,43,43,7,13,7,True,True,False,0.07053770124912262,correct,0
5452,1363,0,1,1,1,1,6,1,True,True,False,0.019534830003976822,correct,0
5453,1363,0,39,39,39,6,1,6,True,True,False,0.009506071917712688,correct,0
5454,1363,1,39,39,39,1,6,1,True,True,False,0.009506071917712688,correct,0
5455,1363,1,1,1,1,6,1,6,True,True,False,0.019534830003976822,correct,0
5456,1364,0,35,35,35,7,10,7,True,True,False,0.009534786455333233,correct,0
5457,1364,0,33,33,33,10,7,16,True,True,False,0.03594675287604332,correct,0
5458,1364,1,33,33,33,7,10,7,True,True,False,0.03594675287604332,correct,0
5459,1364,1,35,35,35,10,7,10,True,True,False,0.009534786455333233,correct,0
5460,1365,0,45,45,45,6,7,6,True,True,False,0.06941923499107361,correct,0
5461,1365,0,33,29,33,7,6,7,False,False,False,0.02630065567791462,other,4
5462,1365,1,33,33,33,6,7,6,True,True,False,0.02630065567791462,correct,0
5463,1365,1,45,15,45,7,6,20,False,False,False,0.06941923499107361,other,30
5464,1366,0,22,22,22,18,17,18,True,True,False,0.010467134416103363,correct,0
5465,1366,0,10,10,10,17,18,17,True,True,False,0.01277903188019991,correct,0
5466,1366,1,10,10,10,18,17,18,True,True,False,0.01277903188019991,correct,0
5467,1366,1,22,22,22,17,18,17,True,True,False,0.010467134416103363,correct,0
5468,1367,0,42,42,42,15,18,15,True,True,False,0.09450613707304001,correct,0
5469,1367,0,35,35,35,18,15,18,True,True,False,0.004594367928802967,correct,0
5470,1367,1,35,35,35,15,18,0,True,True,False,0.004594367928802967,correct,0
5471,1367,1,42,42,42,18,15,18,True,True,False,0.09450613707304001,correct,0
5472,1368,0,17,17,17,24,18,24,True,True,False,0.035489294677972794,correct,0
5473,1368,0,6,6,6,18,24,18,True,True,False,0.08108827471733093,correct,0
5474,1368,1,6,6,6,24,18,24,True,True,False,0.08108827471733093,correct,0
5475,1368,1,17,17,17,18,24,18,True,True,False,0.035489294677972794,correct,0
5476,1369,0,13,13,13,24,26,24,True,True,False,0.040366291999816895,correct,0
5477,1369,0,28,28,28,26,24,26,True,True,False,0.07638738304376602,correct,0
5478,1369,1,28,28,28,24,26,24,True,True,False,0.07638738304376602,correct,0
5479,1369,1,13,13,13,26,24,26,True,True,False,0.040366291999816895,correct,0
5480,1370,0,5,5,5,7,2,7,True,True,False,0.03161832317709923,correct,0
5481,1370,0,47,47,47,2,7,2,True,True,False,0.03443051874637604,correct,0
5482,1370,1,47,47,47,7,2,7,True,True,False,0.03443051874637604,correct,0
5483,1370,1,5,5,5,2,7,2,True,True,False,0.03161832317709923,correct,0
5484,1371,0,30,30,30,12,16,12,True,True,False,0.012421264313161373,correct,0
5485,1371,0,15,15,15,16,12,16,True,True,False,0.05125413462519646,correct,0
5486,1371,1,15,15,15,12,16,1,True,True,False,0.05125413462519646,correct,0
5487,1371,1,30,30,30,16,12,16,True,True,False,0.012421264313161373,correct,0
5488,1372,0,34,34,34,18,24,18,True,True,False,0.03542446717619896,correct,0
5489,1372,0,1,18,1,24,18,24,False,False,False,0.04463056102395058,other,17
5490,1372,1,1,28,1,18,24,24,False,False,False,0.04463056102395058,other,27
5491,1372,1,34,34,34,24,18,24,True,True,False,0.03542446717619896,correct,0
5492,1373,0,23,23,23,6,2,6,True,True,False,0.11014959961175919,correct,0
5493,1373,0,9,9,9,2,6,6,True,True,False,0.040961362421512604,correct,0
5494,1373,1,9,9,9,6,2,6,True,True,False,0.040961362421512604,correct,0
5495,1373,1,23,23,23,2,6,2,True,True,False,0.11014959961175919,correct,0
5496,1374,0,15,15,15,7,31,7,True,True,False,0.07279200851917267,correct,0
5497,1374,0,46,29,46,31,7,31,False,False,False,0.033465150743722916,other,17
5498,1374,1,46,32,46,7,31,7,False,False,False,0.033465150743722916,other,14
5499,1374,1,15,5,15,31,7,31,False,False,False,0.07279200851917267,other,10
5500,1375,0,48,48,48,19,7,19,True,True,False,0.017106445506215096,correct,0
5501,1375,0,32,32,32,7,19,7,True,True,False,0.007878348231315613,correct,0
5502,1375,1,32,32,32,19,7,19,True,True,False,0.007878348231315613,correct,0
5503,1375,1,48,48,48,7,19,20,True,True,False,0.017106445506215096,correct,0
5504,1376,0,47,47,47,4,2,4,True,True,False,0.0329669751226902,correct,0
5505,1376,0,1,1,1,2,4,6,True,True,False,0.07939700782299042,correct,0
5506,1376,1,1,0,1,4,2,4,False,False,True,0.07939700782299042,off_by_one,1
5507,1376,1,47,47,47,2,4,2,True,True,False,0.0329669751226902,correct,0
5508,1377,0,45,45,45,14,24,14,True,True,False,0.012976495549082756,correct,0
5509,1377,0,37,37,37,24,14,24,True,True,False,0.05721506103873253,correct,0
5510,1377,1,37,37,37,14,24,14,True,True,False,0.05721506103873253,correct,0
5511,1377,1,45,45,45,24,14,24,True,True,False,0.012976495549082756,correct,0
5512,1378,0,13,13,13,7,18,7,True,True,False,0.08629853278398514,correct,0
5513,1378,0,17,17,17,18,7,18,True,True,False,0.004053948447108269,correct,0
5514,1378,1,17,17,17,7,18,7,True,True,False,0.004053948447108269,correct,0
5515,1378,1,13,13,13,18,7,18,True,True,False,0.08629853278398514,correct,0
5516,1379,0,14,14,14,17,14,17,True,True,False,0.015126192010939121,correct,0
5517,1379,0,28,28,28,14,17,14,True,True,False,0.015045667998492718,correct,0
5518,1379,1,28,28,28,17,14,17,True,True,False,0.015045667998492718,correct,0
5519,1379,1,14,14,14,14,17,14,True,True,False,0.015126192010939121,correct,0
5520,1380,0,23,23,23,18,7,18,True,True,False,0.03430835157632828,correct,0
5521,1380,0,22,22,22,7,18,7,True,True,False,0.09550933539867401,correct,0
5522,1380,1,22,22,22,18,7,18,True,True,False,0.09550933539867401,correct,0
5523,1380,1,23,23,23,7,18,7,True,True,False,0.03430835157632828,correct,0
5524,1381,0,25,25,25,6,14,6,True,True,False,0.029769230633974075,correct,0
5525,1381,0,23,23,23,14,6,14,True,True,False,0.039546042680740356,correct,0
5526,1381,1,23,23,23,6,14,6,True,True,False,0.039546042680740356,correct,0
5527,1381,1,25,25,25,14,6,14,True,True,False,0.029769230633974075,correct,0
5528,1382,0,24,24,24,6,38,6,True,True,False,0.009309750981628895,correct,0
5529,1382,0,17,0,17,38,6,38,False,False,False,0.027382779866456985,other,17
5530,1382,1,17,17,17,6,38,6,True,True,False,0.027382779866456985,correct,0
5531,1382,1,24,24,24,38,6,38,True,True,False,0.009309750981628895,correct,0
5532,1383,0,23,23,23,16,15,16,True,True,False,0.05337554216384888,correct,0
5533,1383,0,48,48,48,15,16,15,True,True,False,0.0287972092628479,correct,0
5534,1383,1,48,48,48,16,15,16,True,True,False,0.0287972092628479,correct,0
5535,1383,1,23,23,23,15,16,15,True,True,False,0.05337554216384888,correct,0
5536,1384,0,40,40,40,15,16,15,True,True,False,0.0571112185716629,correct,0
5537,1384,0,16,16,16,16,15,16,True,True,False,0.04785175994038582,correct,0
5538,1384,1,16,16,16,15,16,15,True,True,False,0.04785175994038582,correct,0
5539,1384,1,40,40,40,16,15,16,True,True,False,0.0571112185716629,correct,0
5540,1385,0,18,18,18,18,7,18,True,True,False,0.022125519812107086,correct,0
5541,1385,0,17,17,17,7,18,7,True,True,False,0.04660613834857941,correct,0
5542,1385,1,17,17,17,18,7,18,True,True,False,0.04660613834857941,correct,0
5543,1385,1,18,18,18,7,18,7,True,True,False,0.022125519812107086,correct,0
5544,1386,0,36,27,36,16,27,16,False,False,False,0.023917727172374725,other,9
5545,1386,0,46,46,46,27,16,27,True,True,False,0.016843024641275406,correct,0
5546,1386,1,46,46,46,16,27,16,True,True,False,0.016843024641275406,correct,0
5547,1386,1,36,36,36,27,16,27,True,True,False,0.023917727172374725,correct,0
5548,1387,0,30,30,30,1,18,1,True,True,False,0.05712802708148956,correct,0
5549,1387,0,40,40,40,18,1,18,True,True,False,0.02769508771598339,correct,0
5550,1387,1,40,40,40,1,18,1,True,True,False,0.02769508771598339,correct,0
5551,1387,1,30,30,30,18,1,18,True,True,False,0.05712802708148956,correct,0
5552,1388,0,14,14,14,7,5,7,True,True,False,0.02659943886101246,correct,0
5553,1388,0,21,21,21,5,7,5,True,True,False,0.02438948303461075,correct,0
5554,1388,1,21,21,21,7,5,7,True,True,False,0.02438948303461075,correct,0
5555,1388,1,14,14,14,5,7,5,True,True,False,0.02659943886101246,correct,0
5556,1389,0,46,46,46,2,14,2,True,True,False,0.009225407615303993,correct,0
5557,1389,0,10,10,10,14,2,14,True,True,False,0.02990727126598358,correct,0
5558,1389,1,10,10,10,2,14,2,True,True,False,0.02990727126598358,correct,0
5559,1389,1,46,46,46,14,2,14,True,True,False,0.009225407615303993,correct,0
5560,1390,0,23,23,23,15,6,15,True,True,False,0.10480272024869919,correct,0
5561,1390,0,18,18,18,6,15,6,True,True,False,0.0344601534307003,correct,0
5562,1390,1,18,18,18,15,6,15,True,True,False,0.0344601534307003,correct,0
5563,1390,1,23,23,23,6,15,6,True,True,False,0.10480272024869919,correct,0
5564,1391,0,31,31,31,14,6,14,True,True,False,0.050063252449035645,correct,0
5565,1391,0,23,23,23,6,14,6,True,True,False,0.04078235104680061,correct,0
5566,1391,1,23,23,23,14,6,0,True,True,False,0.04078235104680061,correct,0
5567,1391,1,31,31,31,6,14,6,True,True,False,0.050063252449035645,correct,0
5568,1392,0,13,13,13,2,8,2,True,True,False,0.036547064781188965,correct,0
5569,1392,0,30,30,30,8,2,6,True,True,False,0.10387967526912689,correct,0
5570,1392,1,30,30,30,2,8,2,True,True,False,0.10387967526912689,correct,0
5571,1392,1,13,13,13,8,2,6,True,True,False,0.036547064781188965,correct,0
5572,1393,0,35,35,35,24,6,4,True,True,False,0.01620226539671421,correct,0
5573,1393,0,21,21,21,6,24,6,True,True,False,0.00930566992610693,correct,0
5574,1393,1,21,21,21,24,6,24,True,True,False,0.00930566992610693,correct,0
5575,1393,1,35,24,35,6,24,6,False,False,False,0.01620226539671421,other,11
5576,1394,0,47,47,47,6,18,6,True,True,False,0.011394464410841465,correct,0
5577,1394,0,21,21,21,18,6,18,True,True,False,0.04975491762161255,correct,0
5578,1394,1,21,21,21,6,18,6,True,True,False,0.04975491762161255,correct,0
5579,1394,1,47,47,47,18,6,18,True,True,False,0.011394464410841465,correct,0
5580,1395,0,33,33,33,3,0,3,True,True,False,0.017474861815571785,correct,0
5581,1395,0,26,26,26,0,3,0,True,True,False,0.06880871951580048,correct,0
5582,1395,1,26,26,26,3,0,3,True,True,False,0.06880871951580048,correct,0
5583,1395,1,33,33,33,0,3,0,True,True,False,0.017474861815571785,correct,0
5584,1396,0,27,27,27,20,16,20,True,True,False,0.012488527223467827,correct,0
5585,1396,0,11,11,11,16,20,16,True,True,False,0.011933969333767891,correct,0
5586,1396,1,11,28,11,20,16,2,False,False,False,0.011933969333767891,other,17
5587,1396,1,27,27,27,16,20,16,True,True,False,0.012488527223467827,correct,0
5588,1397,0,7,7,7,18,7,36,True,True,False,0.027272457256913185,correct,0
5589,1397,0,40,40,40,7,18,7,True,True,False,0.04023086652159691,correct,0
5590,1397,1,40,40,40,18,7,18,True,True,False,0.04023086652159691,correct,0
5591,1397,1,7,7,7,7,18,20,True,True,False,0.027272457256913185,correct,0
5592,1398,0,21,21,21,1,7,1,True,True,False,0.058360353112220764,correct,0
5593,1398,0,47,47,47,7,1,7,True,True,False,0.036673806607723236,correct,0
5594,1398,1,47,47,47,1,7,1,True,True,False,0.036673806607723236,correct,0
5595,1398,1,21,21,21,7,1,7,True,True,False,0.058360353112220764,correct,0
5596,1399,0,45,45,45,0,35,0,True,True,False,0.007291814312338829,correct,0
5597,1399,0,47,47,47,35,0,35,True,True,False,0.019607413560152054,correct,0
5598,1399,1,47,47,47,0,35,0,True,True,False,0.019607413560152054,correct,0
5599,1399,1,45,45,45,35,0,35,True,True,False,0.007291814312338829,correct,0
5600,1400,0,33,33,33,24,7,24,True,True,False,0.03186989575624466,correct,0
5601,1400,0,47,47,47,7,24,7,True,True,False,0.05643352493643761,correct,0
5602,1400,1,47,15,47,24,7,24,False,False,False,0.05643352493643761,other,32
5603,1400,1,33,33,33,7,24,7,True,True,False,0.03186989575624466,correct,0
5604,1401,0,21,21,21,14,7,14,True,True,False,0.04089325666427612,correct,0
5605,1401,0,27,27,27,7,14,7,True,True,False,0.10157785564661026,correct,0
5606,1401,1,27,46,27,14,7,7,False,False,False,0.10157785564661026,other,19
5607,1401,1,21,21,21,7,14,7,True,True,False,0.04089325666427612,correct,0
5608,1402,0,30,30,30,6,24,6,True,True,False,0.06452714651823044,correct,0
5609,1402,0,36,30,36,24,6,24,False,False,False,0.052792493253946304,other,6
5610,1402,1,36,36,36,6,24,6,True,True,False,0.052792493253946304,correct,0
5611,1402,1,30,17,30,24,6,2,False,False,False,0.06452714651823044,other,13
5612,1403,0,4,23,4,24,17,24,False,False,False,0.016563255339860916,other,19
5613,1403,0,19,19,19,17,24,17,True,True,False,0.02940308302640915,correct,0
5614,1403,1,19,19,19,24,17,24,True,True,False,0.02940308302640915,correct,0
5615,1403,1,4,4,4,17,24,17,True,True,False,0.016563255339860916,correct,0
5616,1404,0,40,40,40,23,14,23,True,True,False,0.0020724087953567505,correct,0
5617,1404,0,35,35,35,14,23,14,True,True,False,0.0013776634586974978,correct,0
5618,1404,1,35,35,35,23,14,23,True,True,False,0.0013776634586974978,correct,0
5619,1404,1,40,40,40,14,23,14,True,True,False,0.0020724087953567505,correct,0
5620,1405,0,0,0,0,36,15,36,True,True,False,0.025387529283761978,correct,0
5621,1405,0,43,43,43,15,36,17,True,True,False,0.03580128401517868,correct,0
5622,1405,1,43,43,43,36,15,36,True,True,False,0.03580128401517868,correct,0
5623,1405,1,0,0,0,15,36,20,True,True,False,0.025387529283761978,correct,0
5624,1406,0,19,19,19,15,36,15,True,True,False,0.02438235841691494,correct,0
5625,1406,0,28,28,28,36,15,36,True,True,False,0.007278348784893751,correct,0
5626,1406,1,28,27,28,15,36,7,False,False,True,0.007278348784893751,off_by_one,1
5627,1406,1,19,19,19,36,15,36,True,True,False,0.02438235841691494,correct,0
5628,1407,0,0,0,0,20,18,20,True,True,False,0.05088019743561745,correct,0
5629,1407,0,17,17,17,18,20,18,True,True,False,0.022569989785552025,correct,0
5630,1407,1,17,17,17,20,18,20,True,True,False,0.022569989785552025,correct,0
5631,1407,1,0,0,0,18,20,36,True,True,False,0.05088019743561745,correct,0
5632,1408,0,28,28,28,16,17,16,True,True,False,0.022206338122487068,correct,0
5633,1408,0,35,35,35,17,16,0,True,True,False,0.013389482162892818,correct,0
5634,1408,1,35,35,35,16,17,1,True,True,False,0.013389482162892818,correct,0
5635,1408,1,28,28,28,17,16,0,True,True,False,0.022206338122487068,correct,0
5636,1409,0,43,43,43,3,5,36,True,True,False,0.03898933529853821,correct,0
5637,1409,0,23,23,23,5,3,5,True,True,False,0.024587133899331093,correct,0
5638,1409,1,23,23,23,3,5,24,True,True,False,0.024587133899331093,correct,0
5639,1409,1,43,43,43,5,3,5,True,True,False,0.03898933529853821,correct,0
5640,1410,0,24,24,24,6,24,6,True,True,False,0.06621064245700836,correct,0
5641,1410,0,47,47,47,24,6,24,True,True,False,0.020845381543040276,correct,0
5642,1410,1,47,47,47,6,24,6,True,True,False,0.020845381543040276,correct,0
5643,1410,1,24,45,24,24,6,24,False,False,False,0.06621064245700836,other,21
5644,1411,0,43,43,43,14,15,14,True,True,False,0.007316282019019127,correct,0
5645,1411,0,47,47,47,15,14,15,True,True,False,0.023389318957924843,correct,0
5646,1411,1,47,47,47,14,15,14,True,True,False,0.023389318957924843,correct,0
5647,1411,1,43,43,43,15,14,15,True,True,False,0.007316282019019127,correct,0
5648,1412,0,43,43,43,15,8,15,True,True,False,0.04149717837572098,correct,0
5649,1412,0,31,31,31,8,15,8,True,True,False,0.010932440869510174,correct,0
5650,1412,1,31,31,31,15,8,15,True,True,False,0.010932440869510174,correct,0
5651,1412,1,43,43,43,8,15,39,True,True,False,0.04149717837572098,correct,0
5652,1413,0,9,9,9,6,0,12,True,True,False,0.04335012286901474,correct,0
5653,1413,0,6,6,6,0,6,0,True,True,False,0.11688581109046936,correct,0
5654,1413,1,6,6,6,6,0,6,True,True,False,0.11688581109046936,correct,0
5655,1413,1,9,9,9,0,6,0,True,True,False,0.04335012286901474,correct,0
5656,1414,0,36,36,36,2,5,2,True,True,False,0.01079209428280592,correct,0
5657,1414,0,45,45,45,5,2,5,True,True,False,0.012508847750723362,correct,0
5658,1414,1,45,45,45,2,5,2,True,True,False,0.012508847750723362,correct,0
5659,1414,1,36,36,36,5,2,5,True,True,False,0.01079209428280592,correct,0
5660,1415,0,38,38,38,20,7,20,True,True,False,0.024682706221938133,correct,0
5661,1415,0,44,44,44,7,20,7,True,True,False,0.015851253643631935,correct,0
5662,1415,1,44,40,44,20,7,20,False,False,False,0.015851253643631935,other,4
5663,1415,1,38,38,38,7,20,7,True,True,False,0.024682706221938133,correct,0
5664,1416,0,18,18,18,14,12,14,True,True,False,0.02526969648897648,correct,0
5665,1416,0,42,42,42,12,14,12,True,True,False,0.08800074458122253,correct,0
5666,1416,1,42,42,42,14,12,14,True,True,False,0.08800074458122253,correct,0
5667,1416,1,18,18,18,12,14,12,True,True,False,0.02526969648897648,correct,0
5668,1417,0,34,34,34,2,7,9,True,True,False,0.021873479709029198,correct,0
5669,1417,0,43,43,43,7,2,7,True,True,False,0.013798211701214314,correct,0
5670,1417,1,43,43,43,2,7,2,True,True,False,0.013798211701214314,correct,0
5671,1417,1,34,34,34,7,2,7,True,True,False,0.021873479709029198,correct,0
5672,1418,0,42,42,42,6,12,6,True,True,False,0.14299950003623962,correct,0
5673,1418,0,15,15,15,12,6,12,True,True,False,0.08185901492834091,correct,0
5674,1418,1,15,15,15,6,12,6,True,True,False,0.08185901492834091,correct,0
5675,1418,1,42,42,42,12,6,12,True,True,False,0.14299950003623962,correct,0
5676,1419,0,32,32,32,14,8,14,True,True,False,0.012127391062676907,correct,0
5677,1419,0,25,25,25,8,14,8,True,True,False,0.1544026881456375,correct,0
5678,1419,1,25,16,25,14,8,7,False,False,False,0.1544026881456375,other,9
5679,1419,1,32,32,32,8,14,36,True,True,False,0.012127391062676907,correct,0
5680,1420,0,11,11,11,18,16,18,True,True,False,0.01030972320586443,correct,0
5681,1420,0,44,44,44,16,18,16,True,True,False,0.013708334416151047,correct,0
5682,1420,1,44,44,44,18,16,18,True,True,False,0.013708334416151047,correct,0
5683,1420,1,11,11,11,16,18,17,True,True,False,0.01030972320586443,correct,0
5684,1421,0,21,21,21,16,2,16,True,True,False,0.06100856885313988,correct,0
5685,1421,0,37,37,37,2,16,2,True,True,False,0.042810022830963135,correct,0
5686,1421,1,37,37,37,16,2,16,True,True,False,0.042810022830963135,correct,0
5687,1421,1,21,21,21,2,16,2,True,True,False,0.06100856885313988,correct,0
5688,1422,0,12,12,12,6,15,6,True,True,False,0.05084193870425224,correct,0
5689,1422,0,37,37,37,15,6,15,True,True,False,0.017277561128139496,correct,0
5690,1422,1,37,37,37,6,15,6,True,True,False,0.017277561128139496,correct,0
5691,1422,1,12,12,12,15,6,15,True,True,False,0.05084193870425224,correct,0
5692,1423,0,40,40,40,7,24,7,True,True,False,0.007059844210743904,correct,0
5693,1423,0,13,13,13,24,7,18,True,True,False,0.045105163007974625,correct,0
5694,1423,1,13,13,13,7,24,7,True,True,False,0.045105163007974625,correct,0
5695,1423,1,40,40,40,24,7,24,True,True,False,0.007059844210743904,correct,0
5696,1424,0,16,16,16,4,5,4,True,True,False,0.04314841702580452,correct,0
5697,1424,0,10,27,10,5,4,5,False,False,False,0.029358742758631706,other,17
5698,1424,1,10,27,10,4,5,4,False,False,False,0.029358742758631706,other,17
5699,1424,1,16,16,16,5,4,5,True,True,False,0.04314841702580452,correct,0
5700,1425,0,38,38,38,6,7,6,True,True,False,0.02160208486020565,correct,0
5701,1425,0,34,34,34,7,6,7,True,True,False,0.022881025448441505,correct,0
5702,1425,1,34,34,34,6,7,6,True,True,False,0.022881025448441505,correct,0
5703,1425,1,38,38,38,7,6,7,True,True,False,0.02160208486020565,correct,0
5704,1426,0,17,17,17,3,7,7,True,True,False,0.01955477148294449,correct,0
5705,1426,0,42,42,42,7,3,7,True,True,False,0.25498688220977783,correct,0
5706,1426,1,42,42,42,3,7,3,True,True,False,0.25498688220977783,correct,0
5707,1426,1,17,17,17,7,3,7,True,True,False,0.01955477148294449,correct,0
5708,1427,0,22,22,22,6,2,6,True,True,False,0.11939708888530731,correct,0
5709,1427,0,30,30,30,2,6,2,True,True,False,0.09337881207466125,correct,0
5710,1427,1,30,30,30,6,2,6,True,True,False,0.09337881207466125,correct,0
5711,1427,1,22,22,22,2,6,2,True,True,False,0.11939708888530731,correct,0
5712,1428,0,47,47,47,18,14,18,True,True,False,0.04968073591589928,correct,0
5713,1428,0,44,44,44,14,18,14,True,True,False,0.014438235200941563,correct,0
5714,1428,1,44,44,44,18,14,18,True,True,False,0.014438235200941563,correct,0
5715,1428,1,47,47,47,14,18,14,True,True,False,0.04968073591589928,correct,0
5716,1429,0,31,28,31,20,16,7,False,False,False,0.04066649451851845,other,3
5717,1429,0,24,24,24,16,20,16,True,True,False,0.014378797262907028,correct,0
5718,1429,1,24,24,24,20,16,7,True,True,False,0.014378797262907028,correct,0
5719,1429,1,31,31,31,16,20,16,True,True,False,0.04066649451851845,correct,0
5720,1430,0,6,6,6,6,0,6,True,True,False,0.042445432394742966,correct,0
5721,1430,0,33,33,33,0,6,0,True,True,False,0.0133445356041193,correct,0
5722,1430,1,33,33,33,6,0,6,True,True,False,0.0133445356041193,correct,0
5723,1430,1,6,6,6,0,6,0,True,True,False,0.042445432394742966,correct,0
5724,1431,0,3,3,3,14,23,14,True,True,False,0.025603478774428368,correct,0
5725,1431,0,9,9,9,23,14,14,True,True,False,0.036027342081069946,correct,0
5726,1431,1,9,9,9,14,23,14,True,True,False,0.036027342081069946,correct,0
5727,1431,1,3,3,3,23,14,23,True,True,False,0.025603478774428368,correct,0
5728,1432,0,14,14,14,14,17,14,True,True,False,0.013978756032884121,correct,0
5729,1432,0,19,19,19,17,14,17,True,True,False,0.043075866997241974,correct,0
5730,1432,1,19,19,19,14,17,38,True,True,False,0.043075866997241974,correct,0
5731,1432,1,14,14,14,17,14,17,True,True,False,0.013978756032884121,correct,0
5732,1433,0,15,15,15,16,7,16,True,True,False,0.016894076019525528,correct,0
5733,1433,0,16,16,16,7,16,7,True,True,False,0.032285287976264954,correct,0
5734,1433,1,16,16,16,16,7,16,True,True,False,0.032285287976264954,correct,0
5735,1433,1,15,15,15,7,16,7,True,True,False,0.016894076019525528,correct,0
5736,1434,0,23,23,23,10,6,17,True,True,False,0.05153492093086243,correct,0
5737,1434,0,29,29,29,6,10,6,True,True,False,0.04571567103266716,correct,0
5738,1434,1,29,29,29,10,6,10,True,True,False,0.04571567103266716,correct,0
5739,1434,1,23,23,23,6,10,6,True,True,False,0.05153492093086243,correct,0
5740,1435,0,13,13,13,38,18,38,True,True,False,0.03486943244934082,correct,0
5741,1435,0,34,34,34,18,38,18,True,True,False,0.0324905589222908,correct,0
5742,1435,1,34,5,34,38,18,38,False,False,False,0.0324905589222908,other,29
5743,1435,1,13,13,13,18,38,24,True,True,False,0.03486943244934082,correct,0
5744,1436,0,14,14,14,18,0,2,True,True,False,0.023082125931978226,correct,0
5745,1436,0,1,1,1,0,18,0,True,True,False,0.01808048225939274,correct,0
5746,1436,1,1,1,1,18,0,18,True,True,False,0.01808048225939274,correct,0
5747,1436,1,14,14,14,0,18,0,True,True,False,0.023082125931978226,correct,0
5748,1437,0,43,43,43,24,6,24,True,True,False,0.016111288219690323,correct,0
5749,1437,0,32,32,32,6,24,6,True,True,False,0.029637211933732033,correct,0
5750,1437,1,32,32,32,24,6,24,True,True,False,0.029637211933732033,correct,0
5751,1437,1,43,36,43,6,24,6,False,False,False,0.016111288219690323,other,7
5752,1438,0,27,27,27,7,18,7,True,True,False,0.025466298684477806,correct,0
5753,1438,0,29,29,29,18,7,18,True,True,False,0.008042579516768456,correct,0
5754,1438,1,29,29,29,7,18,7,True,True,False,0.008042579516768456,correct,0
5755,1438,1,27,27,27,18,7,24,True,True,False,0.025466298684477806,correct,0
5756,1439,0,35,35,35,7,13,7,True,True,False,0.0021047138143330812,correct,0
5757,1439,0,45,46,45,13,7,13,False,False,True,0.04878150299191475,off_by_one,1
5758,1439,1,45,45,45,7,13,7,True,True,False,0.04878150299191475,correct,0
5759,1439,1,35,35,35,13,7,12,True,True,False,0.0021047138143330812,correct,0
5760,1440,0,10,10,10,18,15,18,True,True,False,0.010427226312458515,correct,0
5761,1440,0,44,44,44,15,18,15,True,True,False,0.018007446080446243,correct,0
5762,1440,1,44,44,44,18,15,18,True,True,False,0.018007446080446243,correct,0
5763,1440,1,10,10,10,15,18,15,True,True,False,0.010427226312458515,correct,0
5764,1441,0,3,3,3,20,15,3,True,True,False,0.03918667510151863,correct,0
5765,1441,0,13,13,13,15,20,10,True,True,False,0.028513234108686447,correct,0
5766,1441,1,13,13,13,20,15,9,True,True,False,0.028513234108686447,correct,0
5767,1441,1,3,3,3,15,20,16,True,True,False,0.03918667510151863,correct,0
5768,1442,0,13,13,13,35,0,20,True,True,False,0.041778337210416794,correct,0
5769,1442,0,9,9,9,0,35,0,True,True,False,0.0045824297703802586,correct,0
5770,1442,1,9,9,9,35,0,35,True,True,False,0.0045824297703802586,correct,0
5771,1442,1,13,13,13,0,35,0,True,True,False,0.041778337210416794,correct,0
5772,1443,0,24,24,24,31,28,31,True,True,False,0.004670773167163134,correct,0
5773,1443,0,38,38,38,28,31,14,True,True,False,0.004057820420712233,correct,0
5774,1443,1,38,38,38,31,28,14,True,True,False,0.004057820420712233,correct,0
5775,1443,1,24,24,24,28,31,31,True,True,False,0.004670773167163134,correct,0
5776,1444,0,37,37,37,16,36,16,True,True,False,0.0515485554933548,correct,0
5777,1444,0,17,17,17,36,16,36,True,True,False,0.03238426148891449,correct,0
5778,1444,1,17,17,17,16,36,24,True,True,False,0.03238426148891449,correct,0
5779,1444,1,37,37,37,36,16,36,True,True,False,0.0515485554933548,correct,0
5780,1445,0,33,33,33,2,19,6,True,True,False,0.04057833179831505,correct,0
5781,1445,0,24,24,24,19,2,12,True,True,False,0.030376052483916283,correct,0
5782,1445,1,24,24,24,2,19,2,True,True,False,0.030376052483916283,correct,0
5783,1445,1,33,33,33,19,2,19,True,True,False,0.04057833179831505,correct,0
5784,1446,0,6,6,6,2,6,2,True,True,False,0.02472626604139805,correct,0
5785,1446,0,28,28,28,6,2,6,True,True,False,0.025894345715641975,correct,0
5786,1446,1,28,28,28,2,6,2,True,True,False,0.025894345715641975,correct,0
5787,1446,1,6,6,6,6,2,6,True,True,False,0.02472626604139805,correct,0
5788,1447,0,14,14,14,0,6,0,True,True,False,0.028810735791921616,correct,0
5789,1447,0,39,39,39,6,0,6,True,True,False,0.005005211103707552,correct,0
5790,1447,1,39,39,39,0,6,7,True,True,False,0.005005211103707552,correct,0
5791,1447,1,14,14,14,6,0,6,True,True,False,0.028810735791921616,correct,0
5792,1448,0,43,43,43,37,24,37,True,True,False,0.0745074450969696,correct,0
5793,1448,0,13,13,13,24,37,24,True,True,False,0.05650386959314346,correct,0
5794,1448,1,13,13,13,37,24,16,True,True,False,0.05650386959314346,correct,0
5795,1448,1,43,43,43,24,37,7,True,True,False,0.0745074450969696,correct,0
5796,1449,0,28,28,28,0,14,0,True,True,False,0.013876712881028652,correct,0
5797,1449,0,13,13,13,14,0,14,True,True,False,0.03776196762919426,correct,0
5798,1449,1,13,13,13,0,14,9,True,True,False,0.03776196762919426,correct,0
5799,1449,1,28,28,28,14,0,14,True,True,False,0.013876712881028652,correct,0
5800,1450,0,22,22,22,17,26,17,True,True,False,0.045650508254766464,correct,0
5801,1450,0,3,3,3,26,17,26,True,True,False,0.06368488818407059,correct,0
5802,1450,1,3,3,3,17,26,17,True,True,False,0.06368488818407059,correct,0
5803,1450,1,22,22,22,26,17,26,True,True,False,0.045650508254766464,correct,0
5804,1451,0,14,14,14,6,16,16,True,True,False,0.029948648065328598,correct,0
5805,1451,0,43,43,43,16,6,16,True,True,False,0.07463513314723969,correct,0
5806,1451,1,43,17,43,6,16,6,False,False,False,0.07463513314723969,other,26
5807,1451,1,14,14,14,16,6,14,True,True,False,0.029948648065328598,correct,0
5808,1452,0,45,45,45,18,6,18,True,True,False,0.03153669461607933,correct,0
5809,1452,0,24,45,24,6,18,6,False,False,False,0.042951859533786774,other,21
5810,1452,1,24,24,24,18,6,18,True,True,False,0.042951859533786774,correct,0
5811,1452,1,45,45,45,6,18,6,True,True,False,0.03153669461607933,correct,0
5812,1453,0,38,38,38,32,31,7,True,True,False,0.026781419292092323,correct,0
5813,1453,0,48,48,48,31,32,31,True,True,False,0.017025915905833244,correct,0
5814,1453,1,48,48,48,32,31,7,True,True,False,0.017025915905833244,correct,0
5815,1453,1,38,38,38,31,32,31,True,True,False,0.026781419292092323,correct,0
5816,1454,0,43,43,43,39,6,39,True,True,False,0.04751338064670563,correct,0
5817,1454,0,19,19,19,6,39,6,True,True,False,0.05402202531695366,correct,0
5818,1454,1,19,19,19,39,6,7,True,True,False,0.05402202531695366,correct,0
5819,1454,1,43,43,43,6,39,6,True,True,False,0.04751338064670563,correct,0
5820,1455,0,43,43,43,14,36,16,True,True,False,0.045705221593379974,correct,0
5821,1455,0,37,37,37,36,14,36,True,True,False,0.1861393004655838,correct,0
5822,1455,1,37,30,37,14,36,24,False,False,False,0.1861393004655838,other,7
5823,1455,1,43,43,43,36,14,36,True,True,False,0.045705221593379974,correct,0
5824,1456,0,5,5,5,36,26,36,True,True,False,0.03696304187178612,correct,0
5825,1456,0,30,30,30,26,36,26,True,True,False,0.06493628770112991,correct,0
5826,1456,1,30,30,30,36,26,36,True,True,False,0.06493628770112991,correct,0
5827,1456,1,5,5,5,26,36,26,True,True,False,0.03696304187178612,correct,0
5828,1457,0,2,2,2,6,7,6,True,True,False,0.03292134031653404,correct,0
5829,1457,0,34,34,34,7,6,7,True,True,False,0.007754090707749128,correct,0
5830,1457,1,34,34,34,6,7,6,True,True,False,0.007754090707749128,correct,0
5831,1457,1,2,37,2,7,6,7,False,False,False,0.03292134031653404,other,35
5832,1458,0,26,26,26,16,24,27,True,True,False,0.0356871522963047,correct,0
5833,1458,0,32,32,32,24,16,24,True,True,False,0.048865485936403275,correct,0
5834,1458,1,32,32,32,16,24,16,True,True,False,0.048865485936403275,correct,0
5835,1458,1,26,26,26,24,16,24,True,True,False,0.0356871522963047,correct,0
5836,1459,0,6,6,6,14,3,14,True,True,False,0.03701954334974289,correct,0
5837,1459,0,7,7,7,3,14,3,True,True,False,0.00873062014579773,correct,0
5838,1459,1,7,7,7,14,3,14,True,True,False,0.00873062014579773,correct,0
5839,1459,1,6,6,6,3,14,3,True,True,False,0.03701954334974289,correct,0
5840,1460,0,16,16,16,14,18,16,True,True,False,0.10599155724048615,correct,0
5841,1460,0,17,24,17,18,14,18,False,False,False,0.048410143703222275,other,7
5842,1460,1,17,17,17,14,18,17,True,True,False,0.048410143703222275,correct,0
5843,1460,1,16,16,16,18,14,18,True,True,False,0.10599155724048615,correct,0
5844,1461,0,24,24,24,6,18,6,True,True,False,0.012532480992376804,correct,0
5845,1461,0,33,33,33,18,6,18,True,True,False,0.028299052268266678,correct,0
5846,1461,1,33,33,33,6,18,6,True,True,False,0.028299052268266678,correct,0
5847,1461,1,24,24,24,18,6,18,True,True,False,0.012532480992376804,correct,0
5848,1462,0,21,21,21,6,18,6,True,True,False,0.07025399804115295,correct,0
5849,1462,0,43,43,43,18,6,18,True,True,False,0.019901536405086517,correct,0
5850,1462,1,43,43,43,6,18,6,True,True,False,0.019901536405086517,correct,0
5851,1462,1,21,21,21,18,6,18,True,True,False,0.07025399804115295,correct,0
5852,1463,0,9,9,9,6,16,6,True,True,False,0.0583217479288578,correct,0
5853,1463,0,13,13,13,16,6,14,True,True,False,0.07388939708471298,correct,0
5854,1463,1,13,13,13,6,16,6,True,True,False,0.07388939708471298,correct,0
5855,1463,1,9,9,9,16,6,16,True,True,False,0.0583217479288578,correct,0
5856,1464,0,31,31,31,15,24,15,True,True,False,0.07972967624664307,correct,0
5857,1464,0,42,42,42,24,15,24,True,True,False,0.10228493809700012,correct,0
5858,1464,1,42,42,42,15,24,15,True,True,False,0.10228493809700012,correct,0
5859,1464,1,31,31,31,24,15,24,True,True,False,0.07972967624664307,correct,0
5860,1465,0,11,10,11,16,1,16,False,False,True,0.006076292134821415,off_by_one,1
5861,1465,0,7,7,7,1,16,1,True,True,False,0.012731019407510757,correct,0
5862,1465,1,7,7,7,16,1,16,True,True,False,0.012731019407510757,correct,0
5863,1465,1,11,11,11,1,16,1,True,True,False,0.006076292134821415,correct,0
5864,1466,0,17,17,17,14,16,14,True,True,False,0.028920430690050125,correct,0
5865,1466,0,12,12,12,16,14,16,True,True,False,0.02997421659529209,correct,0
5866,1466,1,12,12,12,14,16,14,True,True,False,0.02997421659529209,correct,0
5867,1466,1,17,17,17,16,14,16,True,True,False,0.028920430690050125,correct,0
5868,1467,0,19,19,19,16,6,16,True,True,False,0.08056173473596573,correct,0
5869,1467,0,18,18,18,6,16,6,True,True,False,0.035066183656454086,correct,0
5870,1467,1,18,18,18,16,6,16,True,True,False,0.035066183656454086,correct,0
5871,1467,1,19,19,19,6,16,6,True,True,False,0.08056173473596573,correct,0
5872,1468,0,15,15,15,28,31,14,True,True,False,0.030794760212302208,correct,0
5873,1468,0,47,47,47,31,28,31,True,True,False,0.018999706953763962,correct,0
5874,1468,1,47,47,47,28,31,23,True,True,False,0.018999706953763962,correct,0
5875,1468,1,15,15,15,31,28,31,True,True,False,0.030794760212302208,correct,0
5876,1469,0,23,23,23,6,7,6,True,True,False,0.03494034707546234,correct,0
5877,1469,0,41,41,41,7,6,7,True,True,False,0.14973914623260498,correct,0
5878,1469,1,41,41,41,6,7,6,True,True,False,0.14973914623260498,correct,0
5879,1469,1,23,23,23,7,6,7,True,True,False,0.03494034707546234,correct,0
5880,1470,0,6,6,6,16,18,16,True,True,False,0.04117650166153908,correct,0
5881,1470,0,14,14,14,18,16,20,True,True,False,0.05713914334774017,correct,0
5882,1470,1,14,14,14,16,18,16,True,True,False,0.05713914334774017,correct,0
5883,1470,1,6,6,6,18,16,18,True,True,False,0.04117650166153908,correct,0
5884,1471,0,34,34,34,18,15,18,True,True,False,0.006555021740496159,correct,0
5885,1471,0,6,6,6,15,18,15,True,True,False,0.0657075047492981,correct,0
5886,1471,1,6,6,6,18,15,18,True,True,False,0.0657075047492981,correct,0
5887,1471,1,34,34,34,15,18,17,True,True,False,0.006555021740496159,correct,0
5888,1472,0,46,46,46,34,31,34,True,True,False,0.00653095031157136,correct,0
5889,1472,0,7,7,7,31,34,31,True,True,False,0.027570482343435287,correct,0
5890,1472,1,7,7,7,34,31,34,True,True,False,0.027570482343435287,correct,0
5891,1472,1,46,46,46,31,34,33,True,True,False,0.00653095031157136,correct,0
5892,1473,0,2,2,2,14,38,14,True,True,False,0.014256522990763187,correct,0
5893,1473,0,26,26,26,38,14,0,True,True,False,0.015394196845591068,correct,0
5894,1473,1,26,26,26,14,38,14,True,True,False,0.015394196845591068,correct,0
5895,1473,1,2,2,2,38,14,38,True,True,False,0.014256522990763187,correct,0
5896,1474,0,34,34,34,1,6,1,True,True,False,0.006813362240791321,correct,0
5897,1474,0,19,19,19,6,1,6,True,True,False,0.03140370175242424,correct,0
5898,1474,1,19,19,19,1,6,1,True,True,False,0.03140370175242424,correct,0
5899,1474,1,34,34,34,6,1,6,True,True,False,0.006813362240791321,correct,0
5900,1475,0,42,42,42,0,6,0,True,True,False,0.22479286789894104,correct,0
5901,1475,0,45,45,45,6,0,6,True,True,False,0.021263735368847847,correct,0
5902,1475,1,45,45,45,0,6,0,True,True,False,0.021263735368847847,correct,0
5903,1475,1,42,42,42,6,0,6,True,True,False,0.22479286789894104,correct,0
5904,1476,0,26,26,26,7,15,7,True,True,False,0.04840024560689926,correct,0
5905,1476,0,45,4,45,15,7,17,False,False,False,0.0601775236427784,other,41
5906,1476,1,45,15,45,7,15,20,False,False,False,0.0601775236427784,other,30
5907,1476,1,26,26,26,15,7,15,True,True,False,0.04840024560689926,correct,0
5908,1477,0,9,9,9,5,3,5,True,True,False,0.036184847354888916,correct,0
5909,1477,0,12,12,12,3,5,3,True,True,False,0.03164716809988022,correct,0
5910,1477,1,12,12,12,5,3,5,True,True,False,0.03164716809988022,correct,0
5911,1477,1,9,9,9,3,5,3,True,True,False,0.036184847354888916,correct,0
5912,1478,0,37,37,37,33,35,33,True,True,False,0.023213403299450874,correct,0
5913,1478,0,46,46,46,35,33,1,True,True,False,0.04306063801050186,correct,0
5914,1478,1,46,46,46,33,35,33,True,True,False,0.04306063801050186,correct,0
5915,1478,1,37,37,37,35,33,16,True,True,False,0.023213403299450874,correct,0
5916,1479,0,46,46,46,18,27,24,True,True,False,0.023970765992999077,correct,0
5917,1479,0,26,26,26,27,18,27,True,True,False,0.022357188165187836,correct,0
5918,1479,1,26,26,26,18,27,18,True,True,False,0.022357188165187836,correct,0
5919,1479,1,46,46,46,27,18,27,True,True,False,0.023970765992999077,correct,0
5920,1480,0,38,38,38,6,12,6,True,True,False,0.010117404162883759,correct,0
5921,1480,0,21,21,21,12,6,12,True,True,False,0.04880531132221222,correct,0
5922,1480,1,21,21,21,6,12,6,True,True,False,0.04880531132221222,correct,0
5923,1480,1,38,38,38,12,6,12,True,True,False,0.010117404162883759,correct,0
5924,1481,0,24,24,24,16,19,16,True,True,False,0.03450600802898407,correct,0
5925,1481,0,0,0,0,19,16,24,True,True,False,0.03776080906391144,correct,0
5926,1481,1,0,0,0,16,19,16,True,True,False,0.03776080906391144,correct,0
5927,1481,1,24,24,24,19,16,7,True,True,False,0.03450600802898407,correct,0
5928,1482,0,2,2,2,6,8,6,True,True,False,0.03752518072724342,correct,0
5929,1482,0,47,47,47,8,6,8,True,True,False,0.04153867065906525,correct,0
5930,1482,1,47,47,47,6,8,6,True,True,False,0.04153867065906525,correct,0
5931,1482,1,2,2,2,8,6,9,True,True,False,0.03752518072724342,correct,0
5932,1483,0,43,43,43,2,6,2,True,True,False,0.022846823558211327,correct,0
5933,1483,0,18,18,18,6,2,6,True,True,False,0.060895517468452454,correct,0
5934,1483,1,18,18,18,2,6,2,True,True,False,0.060895517468452454,correct,0
5935,1483,1,43,43,43,6,2,6,True,True,False,0.022846823558211327,correct,0
5936,1484,0,17,17,17,7,5,7,True,True,False,0.04139616712927818,correct,0
5937,1484,0,2,2,2,5,7,5,True,True,False,0.0064221639186143875,correct,0
5938,1484,1,2,2,2,7,5,7,True,True,False,0.0064221639186143875,correct,0
5939,1484,1,17,17,17,5,7,18,True,True,False,0.04139616712927818,correct,0
5940,1485,0,8,15,8,7,38,7,False,False,False,0.032585952430963516,other,7
5941,1485,0,41,41,41,38,7,38,True,True,False,0.18962563574314117,correct,0
5942,1485,1,41,41,41,7,38,7,True,True,False,0.18962563574314117,correct,0
5943,1485,1,8,8,8,38,7,38,True,True,False,0.032585952430963516,correct,0
5944,1486,0,37,37,37,19,7,19,True,True,False,0.060037191957235336,correct,0
5945,1486,0,33,33,33,7,19,7,True,True,False,0.029557829722762108,correct,0
5946,1486,1,33,33,33,19,7,19,True,True,False,0.029557829722762108,correct,0
5947,1486,1,37,37,37,7,19,7,True,True,False,0.060037191957235336,correct,0
5948,1487,0,38,38,38,6,2,6,True,True,False,0.01912032999098301,correct,0
5949,1487,0,25,25,25,2,6,2,True,True,False,0.021909719333052635,correct,0
5950,1487,1,25,25,25,6,2,6,True,True,False,0.021909719333052635,correct,0
5951,1487,1,38,38,38,2,6,2,True,True,False,0.01912032999098301,correct,0
5952,1488,0,33,33,33,22,14,6,True,True,False,0.016789797693490982,correct,0
5953,1488,0,24,24,24,14,22,14,True,True,False,0.011092371307313442,correct,0
5954,1488,1,24,24,24,22,14,8,True,True,False,0.011092371307313442,correct,0
5955,1488,1,33,33,33,14,22,14,True,True,False,0.016789797693490982,correct,0
5956,1489,0,14,14,14,7,6,7,True,True,False,0.05446404591202736,correct,0
5957,1489,0,6,6,6,6,7,6,True,True,False,0.048465367406606674,correct,0
5958,1489,1,6,6,6,7,6,7,True,True,False,0.048465367406606674,correct,0
5959,1489,1,14,14,14,6,7,6,True,True,False,0.05446404591202736,correct,0
5960,1490,0,18,18,18,0,15,0,True,True,False,0.016390686854720116,correct,0
5961,1490,0,30,30,30,15,0,15,True,True,False,0.031133489683270454,correct,0
5962,1490,1,30,30,30,0,15,23,True,True,False,0.031133489683270454,correct,0
5963,1490,1,18,18,18,15,0,15,True,True,False,0.016390686854720116,correct,0
5964,1491,0,47,47,47,19,2,19,True,True,False,0.01686926931142807,correct,0
5965,1491,0,37,37,37,2,19,2,True,True,False,0.01819176785647869,correct,0
5966,1491,1,37,37,37,19,2,19,True,True,False,0.01819176785647869,correct,0
5967,1491,1,47,47,47,2,19,2,True,True,False,0.01686926931142807,correct,0
5968,1492,0,27,28,27,18,1,15,False,False,True,0.01723645068705082,off_by_one,1
5969,1492,0,39,39,39,1,18,7,True,True,False,0.019779445603489876,correct,0
5970,1492,1,39,39,39,18,1,9,True,True,False,0.019779445603489876,correct,0
5971,1492,1,27,27,27,1,18,1,True,True,False,0.01723645068705082,correct,0
5972,1493,0,8,8,8,16,36,16,True,True,False,0.040044333785772324,correct,0
5973,1493,0,17,10,17,36,16,36,False,False,False,0.026752350851893425,other,7
5974,1493,1,17,17,17,16,36,38,True,True,False,0.026752350851893425,correct,0
5975,1493,1,8,44,8,36,16,6,False,False,False,0.040044333785772324,other,36
5976,1494,0,32,32,32,13,12,13,True,True,False,0.03761029243469238,correct,0
5977,1494,0,19,19,19,12,13,12,True,True,False,0.046013765037059784,correct,0
5978,1494,1,19,19,19,13,12,13,True,True,False,0.046013765037059784,correct,0
5979,1494,1,32,32,32,12,13,12,True,True,False,0.03761029243469238,correct,0
5980,1495,0,8,8,8,6,1,6,True,True,False,0.037394050508737564,correct,0
5981,1495,0,13,13,13,1,6,35,True,True,False,0.046806786209344864,correct,0
5982,1495,1,13,13,13,6,1,6,True,True,False,0.046806786209344864,correct,0
5983,1495,1,8,8,8,1,6,1,True,True,False,0.037394050508737564,correct,0
5984,1496,0,34,34,34,2,7,9,True,True,False,0.021873479709029198,correct,0
5985,1496,0,29,10,29,7,2,7,False,False,False,0.043478675186634064,other,19
5986,1496,1,29,28,29,2,7,2,False,False,True,0.043478675186634064,off_by_one,1
5987,1496,1,34,34,34,7,2,7,True,True,False,0.021873479709029198,correct,0
5988,1497,0,6,6,6,23,21,23,True,True,False,0.008632880635559559,correct,0
5989,1497,0,13,13,13,21,23,0,True,True,False,0.04658862575888634,correct,0
5990,1497,1,13,13,13,23,21,14,True,True,False,0.04658862575888634,correct,0
5991,1497,1,6,6,6,21,23,21,True,True,False,0.008632880635559559,correct,0
5992,1498,0,15,15,15,18,26,18,True,True,False,0.060938891023397446,correct,0
5993,1498,0,41,41,41,26,18,26,True,True,False,0.10735180228948593,correct,0
5994,1498,1,41,41,41,18,26,18,True,True,False,0.10735180228948593,correct,0
5995,1498,1,15,15,15,26,18,13,True,True,False,0.060938891023397446,correct,0
5996,1499,0,22,22,22,16,17,16,True,True,False,0.03325686603784561,correct,0
5997,1499,0,35,35,35,17,16,17,True,True,False,0.01009607408195734,correct,0
5998,1499,1,35,35,35,16,17,16,True,True,False,0.01009607408195734,correct,0
5999,1499,1,22,22,22,17,16,17,True,True,False,0.03325686603784561,correct,0
6000,1500,0,43,43,43,0,5,0,True,True,False,0.04282713681459427,correct,0
6001,1500,0,44,44,44,5,0,5,True,True,False,0.015264390036463737,correct,0
6002,1500,1,44,44,44,0,5,0,True,True,False,0.015264390036463737,correct,0
6003,1500,1,43,43,43,5,0,5,True,True,False,0.04282713681459427,correct,0
6004,1501,0,31,31,31,14,6,14,True,True,False,0.03670147433876991,correct,0
6005,1501,0,27,27,27,6,14,6,True,True,False,0.03227676451206207,correct,0
6006,1501,1,27,27,27,14,6,14,True,True,False,0.03227676451206207,correct,0
6007,1501,1,31,31,31,6,14,6,True,True,False,0.03670147433876991,correct,0
6008,1502,0,45,45,45,15,7,15,True,True,False,0.02039310708642006,correct,0
6009,1502,0,38,38,38,7,15,7,True,True,False,0.028239434584975243,correct,0
6010,1502,1,38,30,38,15,7,16,False,False,False,0.028239434584975243,other,8
6011,1502,1,45,45,45,7,15,7,True,True,False,0.02039310708642006,correct,0
6012,1503,0,16,16,16,11,6,11,True,True,False,0.040667690336704254,correct,0
6013,1503,0,39,39,39,6,11,6,True,True,False,0.009309203363955021,correct,0
6014,1503,1,39,39,39,11,6,11,True,True,False,0.009309203363955021,correct,0
6015,1503,1,16,16,16,6,11,6,True,True,False,0.040667690336704254,correct,0
6016,1504,0,42,42,42,15,18,15,True,True,False,0.03453906998038292,correct,0
6017,1504,0,38,38,38,18,15,18,True,True,False,0.01634940691292286,correct,0
6018,1504,1,38,38,38,15,18,15,True,True,False,0.01634940691292286,correct,0
6019,1504,1,42,42,42,18,15,18,True,True,False,0.03453906998038292,correct,0
6020,1505,0,33,33,33,17,12,17,True,True,False,0.004295439925044775,correct,0
6021,1505,0,40,40,40,12,17,12,True,True,False,0.036660656332969666,correct,0
6022,1505,1,40,40,40,17,12,17,True,True,False,0.036660656332969666,correct,0
6023,1505,1,33,33,33,12,17,12,True,True,False,0.004295439925044775,correct,0
6024,1506,0,25,25,25,15,1,15,True,True,False,0.009278006851673126,correct,0
6025,1506,0,41,41,41,1,15,1,True,True,False,0.05200793221592903,correct,0
6026,1506,1,41,41,41,15,1,15,True,True,False,0.05200793221592903,correct,0
6027,1506,1,25,25,25,1,15,7,True,True,False,0.009278006851673126,correct,0
6028,1507,0,5,5,5,17,26,17,True,True,False,0.03987988084554672,correct,0
6029,1507,0,37,37,37,26,17,26,True,True,False,0.04957824572920799,correct,0
6030,1507,1,37,37,37,17,26,17,True,True,False,0.04957824572920799,correct,0
6031,1507,1,5,5,5,26,17,26,True,True,False,0.03987988084554672,correct,0
6032,1508,0,18,18,18,12,7,8,True,True,False,0.03449510782957077,correct,0
6033,1508,0,17,17,17,7,12,8,True,True,False,0.06462091952562332,correct,0
6034,1508,1,17,17,17,12,7,12,True,True,False,0.06462091952562332,correct,0
6035,1508,1,18,18,18,7,12,7,True,True,False,0.03449510782957077,correct,0
6036,1509,0,47,47,47,15,16,15,True,True,False,0.03779996931552887,correct,0
6037,1509,0,14,14,14,16,15,16,True,True,False,0.04368317127227783,correct,0
6038,1509,1,14,14,14,15,16,15,True,True,False,0.04368317127227783,correct,0
6039,1509,1,47,47,47,16,15,16,True,True,False,0.03779996931552887,correct,0
6040,1510,0,7,7,7,25,18,25,True,True,False,0.05513250455260277,correct,0
6041,1510,0,29,29,29,18,25,18,True,True,False,0.008714767172932625,correct,0
6042,1510,1,29,29,29,25,18,0,True,True,False,0.008714767172932625,correct,0
6043,1510,1,7,7,7,18,25,18,True,True,False,0.05513250455260277,correct,0
6044,1511,0,5,5,5,15,7,15,True,True,False,0.03418346866965294,correct,0
6045,1511,0,29,29,29,7,15,7,True,True,False,0.009130207821726799,correct,0
6046,1511,1,29,11,29,15,7,7,False,False,False,0.009130207821726799,other,18
6047,1511,1,5,5,5,7,15,7,True,True,False,0.03418346866965294,correct,0
6048,1512,0,12,12,12,29,28,13,True,True,False,0.016612865030765533,correct,0
6049,1512,0,43,43,43,28,29,0,True,True,False,0.03692099079489708,correct,0
6050,1512,1,43,43,43,29,28,29,True,True,False,0.03692099079489708,correct,0
6051,1512,1,12,12,12,28,29,31,True,True,False,0.016612865030765533,correct,0
6052,1513,0,22,22,22,16,20,16,True,True,False,0.04952683299779892,correct,0
6053,1513,0,4,4,4,20,16,2,True,True,False,0.05244849994778633,correct,0
6054,1513,1,4,4,4,16,20,16,True,True,False,0.05244849994778633,correct,0
6055,1513,1,22,22,22,20,16,20,True,True,False,0.04952683299779892,correct,0
6056,1514,0,29,29,29,17,24,17,True,True,False,0.049734629690647125,correct,0
6057,1514,0,48,48,48,24,17,24,True,True,False,0.04493327811360359,correct,0
6058,1514,1,48,48,48,17,24,17,True,True,False,0.04493327811360359,correct,0
6059,1514,1,29,29,29,24,17,24,True,True,False,0.049734629690647125,correct,0
6060,1515,0,1,28,1,38,16,0,False,False,False,0.031384311616420746,other,27
6061,1515,0,9,9,9,16,38,16,True,True,False,0.027550801634788513,correct,0
6062,1515,1,9,9,9,38,16,38,True,True,False,0.027550801634788513,correct,0
6063,1515,1,1,1,1,16,38,16,True,True,False,0.031384311616420746,correct,0
6064,1516,0,40,40,40,20,14,20,True,True,False,0.04359535127878189,correct,0
6065,1516,0,22,22,22,14,20,14,True,True,False,0.04277621954679489,correct,0
6066,1516,1,22,22,22,20,14,20,True,True,False,0.04277621954679489,correct,0
6067,1516,1,40,40,40,14,20,14,True,True,False,0.04359535127878189,correct,0
6068,1517,0,39,39,39,7,26,7,True,True,False,0.01624094694852829,correct,0
6069,1517,0,2,2,2,26,7,26,True,True,False,0.07724068313837051,correct,0
6070,1517,1,2,33,2,7,26,7,False,False,False,0.07724068313837051,other,31
6071,1517,1,39,39,39,26,7,26,True,True,False,0.01624094694852829,correct,0
6072,1518,0,43,43,43,0,6,0,True,True,False,0.04684247449040413,correct,0
6073,1518,0,12,12,12,6,0,6,True,True,False,0.017497744411230087,correct,0
6074,1518,1,12,12,12,0,6,10,True,True,False,0.017497744411230087,correct,0
6075,1518,1,43,43,43,6,0,6,True,True,False,0.04684247449040413,correct,0
6076,1519,0,48,48,48,39,7,36,True,True,False,0.011426880024373531,correct,0
6077,1519,0,43,43,43,7,39,7,True,True,False,0.04562970623373985,correct,0
6078,1519,1,43,43,43,39,7,39,True,True,False,0.04562970623373985,correct,0
6079,1519,1,48,24,48,7,39,7,False,False,False,0.011426880024373531,other,24
6080,1520,0,31,31,31,13,2,12,True,True,False,0.10003653913736343,correct,0
6081,1520,0,44,44,44,2,13,2,True,True,False,0.017059974372386932,correct,0
6082,1520,1,44,44,44,13,2,13,True,True,False,0.017059974372386932,correct,0
6083,1520,1,31,10,31,2,13,2,False,False,False,0.10003653913736343,other,21
6084,1521,0,42,42,42,7,4,7,True,True,False,0.0785883367061615,correct,0
6085,1521,0,7,7,7,4,7,6,True,True,False,0.033114854246377945,correct,0
6086,1521,1,7,7,7,7,4,7,True,True,False,0.033114854246377945,correct,0
6087,1521,1,42,42,42,4,7,4,True,True,False,0.0785883367061615,correct,0
6088,1522,0,44,44,44,20,16,20,True,True,False,0.015846092253923416,correct,0
6089,1522,0,28,11,28,16,20,27,False,False,False,0.009099137969315052,other,17
6090,1522,1,28,28,28,20,16,20,True,True,False,0.009099137969315052,correct,0
6091,1522,1,44,44,44,16,20,23,True,True,False,0.015846092253923416,correct,0
6092,1523,0,48,48,48,7,33,7,True,True,False,0.055386982858181,correct,0
6093,1523,0,24,24,24,33,7,33,True,True,False,0.056819088757038116,correct,0
6094,1523,1,24,24,24,7,33,7,True,True,False,0.056819088757038116,correct,0
6095,1523,1,48,48,48,33,7,33,True,True,False,0.055386982858181,correct,0
6096,1524,0,4,4,4,34,29,34,True,True,False,0.002642422216013074,correct,0
6097,1524,0,38,38,38,29,34,29,True,True,False,0.006504693999886513,correct,0
6098,1524,1,38,38,38,34,29,34,True,True,False,0.006504693999886513,correct,0
6099,1524,1,4,4,4,29,34,29,True,True,False,0.002642422216013074,correct,0
6100,1525,0,9,9,9,7,19,7,True,True,False,0.04829132556915283,correct,0
6101,1525,0,31,31,31,19,7,19,True,True,False,0.08802933245897293,correct,0
6102,1525,1,31,31,31,7,19,7,True,True,False,0.08802933245897293,correct,0
6103,1525,1,9,9,9,19,7,19,True,True,False,0.04829132556915283,correct,0
6104,1526,0,30,30,30,7,27,7,True,True,False,0.02395537495613098,correct,0
6105,1526,0,1,1,1,27,7,27,True,True,False,0.020320724695920944,correct,0
6106,1526,1,1,29,1,7,27,7,False,False,False,0.020320724695920944,other,28
6107,1526,1,30,30,30,27,7,27,True,True,False,0.02395537495613098,correct,0
6108,1527,0,14,14,14,16,26,14,True,True,False,0.048947371542453766,correct,0
6109,1527,0,19,19,19,26,16,26,True,True,False,0.08428020030260086,correct,0
6110,1527,1,19,19,19,16,26,16,True,True,False,0.08428020030260086,correct,0
6111,1527,1,14,14,14,26,16,13,True,True,False,0.048947371542453766,correct,0
6112,1528,0,23,23,23,38,20,17,True,True,False,0.027277272194623947,correct,0
6113,1528,0,10,10,10,20,38,7,True,True,False,0.015254219062626362,correct,0
6114,1528,1,10,1,10,38,20,0,False,False,False,0.015254219062626362,other,9
6115,1528,1,23,23,23,20,38,20,True,True,False,0.027277272194623947,correct,0
6116,1529,0,14,14,14,16,18,16,True,True,False,0.024752261117100716,correct,0
6117,1529,0,24,24,24,18,16,18,True,True,False,0.022363582625985146,correct,0
6118,1529,1,24,24,24,16,18,27,True,True,False,0.022363582625985146,correct,0
6119,1529,1,14,14,14,18,16,2,True,True,False,0.024752261117100716,correct,0
6120,1530,0,7,19,7,7,15,7,False,False,False,0.14177267253398895,other,12
6121,1530,0,45,45,45,15,7,16,True,True,False,0.011671269312500954,correct,0
6122,1530,1,45,24,45,7,15,7,False,False,False,0.011671269312500954,other,21
6123,1530,1,7,7,7,15,7,15,True,True,False,0.14177267253398895,correct,0
6124,1531,0,30,30,30,4,1,4,True,True,False,0.02455795742571354,correct,0
6125,1531,0,32,32,32,1,4,1,True,True,False,0.03719570115208626,correct,0
6126,1531,1,32,32,32,4,1,4,True,True,False,0.03719570115208626,correct,0
6127,1531,1,30,30,30,1,4,1,True,True,False,0.02455795742571354,correct,0
6128,1532,0,43,36,43,16,36,16,False,False,False,0.031107069924473763,other,7
6129,1532,0,2,2,2,36,16,36,True,True,False,0.02047283761203289,correct,0
6130,1532,1,2,2,2,16,36,16,True,True,False,0.02047283761203289,correct,0
6131,1532,1,43,43,43,36,16,36,True,True,False,0.031107069924473763,correct,0
6132,1533,0,16,16,16,18,6,2,True,True,False,0.054457537829875946,correct,0
6133,1533,0,44,44,44,6,18,6,True,True,False,0.003646407974883914,correct,0
6134,1533,1,44,44,44,18,6,18,True,True,False,0.003646407974883914,correct,0
6135,1533,1,16,16,16,6,18,6,True,True,False,0.054457537829875946,correct,0
6136,1534,0,12,12,12,26,16,6,True,True,False,0.024963462725281715,correct,0
6137,1534,0,0,0,0,16,26,16,True,True,False,0.08140600472688675,correct,0
6138,1534,1,0,43,0,26,16,26,False,False,False,0.08140600472688675,other,43
6139,1534,1,12,12,12,16,26,16,True,True,False,0.024963462725281715,correct,0
6140,1535,0,11,29,11,18,15,18,False,False,False,0.041456274688243866,other,18
6141,1535,0,18,18,18,15,18,15,True,True,False,0.033758413046598434,correct,0
6142,1535,1,18,43,18,18,15,18,False,False,False,0.033758413046598434,other,25
6143,1535,1,11,11,11,15,18,1,True,True,False,0.041456274688243866,correct,0
6144,1536,0,16,16,16,7,18,7,True,True,False,0.07759567350149155,correct,0
6145,1536,0,32,32,32,18,7,18,True,True,False,0.017439251765608788,correct,0
6146,1536,1,32,32,32,7,18,7,True,True,False,0.017439251765608788,correct,0
6147,1536,1,16,16,16,18,7,9,True,True,False,0.07759567350149155,correct,0
6148,1537,0,24,24,24,0,15,0,True,True,False,0.014691267162561417,correct,0
6149,1537,0,12,12,12,15,0,15,True,True,False,0.028220387175679207,correct,0
6150,1537,1,12,12,12,0,15,0,True,True,False,0.028220387175679207,correct,0
6151,1537,1,24,24,24,15,0,15,True,True,False,0.014691267162561417,correct,0
6152,1538,0,48,48,48,36,18,36,True,True,False,0.03728654235601425,correct,0
6153,1538,0,24,24,24,18,36,18,True,True,False,0.010814453475177288,correct,0
6154,1538,1,24,24,24,36,18,36,True,True,False,0.010814453475177288,correct,0
6155,1538,1,48,48,48,18,36,18,True,True,False,0.03728654235601425,correct,0
6156,1539,0,41,41,41,6,16,6,True,True,False,0.10393532365560532,correct,0
6157,1539,0,15,15,15,16,6,16,True,True,False,0.05164704471826553,correct,0
6158,1539,1,15,15,15,6,16,6,True,True,False,0.05164704471826553,correct,0
6159,1539,1,41,41,41,16,6,16,True,True,False,0.10393532365560532,correct,0
6160,1540,0,5,5,5,36,16,36,True,True,False,0.03435809910297394,correct,0
6161,1540,0,34,34,34,16,36,16,True,True,False,0.012728646397590637,correct,0
6162,1540,1,34,34,34,36,16,3,True,True,False,0.012728646397590637,correct,0
6163,1540,1,5,5,5,16,36,14,True,True,False,0.03435809910297394,correct,0
6164,1541,0,42,42,42,15,6,15,True,True,False,0.04501894861459732,correct,0
6165,1541,0,13,13,13,6,15,6,True,True,False,0.04882140830159187,correct,0
6166,1541,1,13,13,13,15,6,15,True,True,False,0.04882140830159187,correct,0
6167,1541,1,42,42,42,6,15,6,True,True,False,0.04501894861459732,correct,0
6168,1542,0,12,12,12,7,6,7,True,True,False,0.07416320592164993,correct,0
6169,1542,0,44,44,44,6,7,6,True,True,False,0.029204754158854485,correct,0
6170,1542,1,44,44,44,7,6,7,True,True,False,0.029204754158854485,correct,0
6171,1542,1,12,12,12,6,7,6,True,True,False,0.07416320592164993,correct,0
6172,1543,0,30,30,30,14,15,14,True,True,False,0.008060417138040066,correct,0
6173,1543,0,23,23,23,15,14,15,True,True,False,0.007661227602511644,correct,0
6174,1543,1,23,23,23,14,15,14,True,True,False,0.007661227602511644,correct,0
6175,1543,1,30,30,30,15,14,0,True,True,False,0.008060417138040066,correct,0
6176,1544,0,30,30,30,1,5,7,True,True,False,0.06024535000324249,correct,0
6177,1544,0,43,43,43,5,1,5,True,True,False,0.05227719992399216,correct,0
6178,1544,1,43,43,43,1,5,1,True,True,False,0.05227719992399216,correct,0
6179,1544,1,30,30,30,5,1,5,True,True,False,0.06024535000324249,correct,0
6180,1545,0,45,45,45,14,7,14,True,True,False,0.007660158444195986,correct,0
6181,1545,0,36,43,36,7,14,7,False,False,False,0.012332812882959843,other,7
6182,1545,1,36,36,36,14,7,14,True,True,False,0.012332812882959843,correct,0
6183,1545,1,45,45,45,7,14,7,True,True,False,0.007660158444195986,correct,0
6184,1546,0,5,15,5,14,17,27,False,False,False,0.028864843770861626,other,10
6185,1546,0,44,44,44,17,14,17,True,True,False,0.015608924441039562,correct,0
6186,1546,1,44,44,44,14,17,14,True,True,False,0.015608924441039562,correct,0
6187,1546,1,5,5,5,17,14,17,True,True,False,0.028864843770861626,correct,0
6188,1547,0,12,12,12,15,27,15,True,True,False,0.01977553777396679,correct,0
6189,1547,0,5,5,5,27,15,27,True,True,False,0.08194304257631302,correct,0
6190,1547,1,5,5,5,15,27,17,True,True,False,0.08194304257631302,correct,0
6191,1547,1,12,12,12,27,15,27,True,True,False,0.01977553777396679,correct,0
6192,1548,0,48,48,48,13,2,13,True,True,False,0.04679480940103531,correct,0
6193,1548,0,6,6,6,2,13,2,True,True,False,0.06321033090353012,correct,0
6194,1548,1,6,6,6,13,2,13,True,True,False,0.06321033090353012,correct,0
6195,1548,1,48,48,48,2,13,2,True,True,False,0.04679480940103531,correct,0
6196,1549,0,10,10,10,15,6,7,True,True,False,0.009801524691283703,correct,0
6197,1549,0,16,16,16,6,15,13,True,True,False,0.04430093988776207,correct,0
6198,1549,1,16,16,16,15,6,16,True,True,False,0.04430093988776207,correct,0
6199,1549,1,10,10,10,6,15,6,True,True,False,0.009801524691283703,correct,0
6200,1550,0,42,42,42,2,7,2,True,True,False,0.11442074924707413,correct,0
6201,1550,0,0,0,0,7,2,18,True,True,False,0.008732885122299194,correct,0
6202,1550,1,0,0,0,2,7,2,True,True,False,0.008732885122299194,correct,0
6203,1550,1,42,42,42,7,2,7,True,True,False,0.11442074924707413,correct,0
6204,1551,0,6,6,6,24,26,24,True,True,False,0.04677777364850044,correct,0
6205,1551,0,8,8,8,26,24,26,True,True,False,0.04583863541483879,correct,0
6206,1551,1,8,8,8,24,26,24,True,True,False,0.04583863541483879,correct,0
6207,1551,1,6,6,6,26,24,26,True,True,False,0.04677777364850044,correct,0
6208,1552,0,7,7,7,16,18,16,True,True,False,0.037068501114845276,correct,0
6209,1552,0,36,36,36,18,16,18,True,True,False,0.02297413907945156,correct,0
6210,1552,1,36,27,36,16,18,16,False,False,False,0.02297413907945156,other,9
6211,1552,1,7,7,7,18,16,18,True,True,False,0.037068501114845276,correct,0
6212,1553,0,21,21,21,14,24,14,True,True,False,0.060839761048555374,correct,0
6213,1553,0,10,10,10,24,14,24,True,True,False,0.016044238582253456,correct,0
6214,1553,1,10,10,10,14,24,14,True,True,False,0.016044238582253456,correct,0
6215,1553,1,21,21,21,24,14,24,True,True,False,0.060839761048555374,correct,0
6216,1554,0,4,4,4,7,16,7,True,True,False,0.011302812956273556,correct,0
6217,1554,0,16,16,16,16,7,16,True,True,False,0.032285287976264954,correct,0
6218,1554,1,16,16,16,7,16,7,True,True,False,0.032285287976264954,correct,0
6219,1554,1,4,4,4,16,7,16,True,True,False,0.011302812956273556,correct,0
6220,1555,0,32,32,32,24,15,24,True,True,False,0.07088468223810196,correct,0
6221,1555,0,26,26,26,15,24,15,True,True,False,0.020216189324855804,correct,0
6222,1555,1,26,26,26,24,15,24,True,True,False,0.020216189324855804,correct,0
6223,1555,1,32,32,32,15,24,16,True,True,False,0.07088468223810196,correct,0
6224,1556,0,6,6,6,32,24,9,True,True,False,0.07245143502950668,correct,0
6225,1556,0,26,26,26,24,32,24,True,True,False,0.01611127145588398,correct,0
6226,1556,1,26,26,26,32,24,32,True,True,False,0.01611127145588398,correct,0
6227,1556,1,6,6,6,24,32,24,True,True,False,0.07245143502950668,correct,0
6228,1557,0,4,4,4,6,17,6,True,True,False,0.011587138287723064,correct,0
6229,1557,0,17,17,17,17,6,17,True,True,False,0.031121663749217987,correct,0
6230,1557,1,17,17,17,6,17,6,True,True,False,0.031121663749217987,correct,0
6231,1557,1,4,4,4,17,6,17,True,True,False,0.011587138287723064,correct,0
6232,1558,0,41,41,41,7,2,7,True,True,False,0.0705069750547409,correct,0
6233,1558,0,39,39,39,2,7,2,True,True,False,0.04971332475543022,correct,0
6234,1558,1,39,39,39,7,2,7,True,True,False,0.04971332475543022,correct,0
6235,1558,1,41,41,41,2,7,2,True,True,False,0.0705069750547409,correct,0
6236,1559,0,44,45,44,24,14,24,False,False,True,0.02677723579108715,off_by_one,1
6237,1559,0,7,7,7,14,24,14,True,True,False,0.018131108954548836,correct,0
6238,1559,1,7,7,7,24,14,24,True,True,False,0.018131108954548836,correct,0
6239,1559,1,44,44,44,14,24,14,True,True,False,0.02677723579108715,correct,0
6240,1560,0,1,17,1,6,25,6,False,False,False,0.034330856055021286,other,16
6241,1560,0,15,15,15,25,6,25,True,True,False,0.01021044235676527,correct,0
6242,1560,1,15,15,15,6,25,6,True,True,False,0.01021044235676527,correct,0
6243,1560,1,1,37,1,25,6,23,False,False,False,0.034330856055021286,other,36
6244,1561,0,20,20,20,39,7,12,True,True,False,0.05482716113328934,correct,0
6245,1561,0,4,4,4,7,39,7,True,True,False,0.014934168197214603,correct,0
6246,1561,1,4,4,4,39,7,39,True,True,False,0.014934168197214603,correct,0
6247,1561,1,20,20,20,7,39,7,True,True,False,0.05482716113328934,correct,0
6248,1562,0,23,23,23,24,6,24,True,True,False,0.04001714289188385,correct,0
6249,1562,0,30,22,30,6,24,6,False,False,False,0.0051229530945420265,other,8
6250,1562,1,30,30,30,24,6,24,True,True,False,0.0051229530945420265,correct,0
6251,1562,1,23,23,23,6,24,6,True,True,False,0.04001714289188385,correct,0
6252,1563,0,28,29,28,24,18,7,False,False,True,0.055157922208309174,off_by_one,1
6253,1563,0,7,7,7,18,24,18,True,True,False,0.20496505498886108,correct,0
6254,1563,1,7,15,7,24,18,24,False,False,False,0.20496505498886108,other,8
6255,1563,1,28,28,28,18,24,18,True,True,False,0.055157922208309174,correct,0
6256,1564,0,16,16,16,27,24,27,True,True,False,0.04887619987130165,correct,0
6257,1564,0,43,43,43,24,27,24,True,True,False,0.008212837390601635,correct,0
6258,1564,1,43,43,43,27,24,27,True,True,False,0.008212837390601635,correct,0
6259,1564,1,16,16,16,24,27,24,True,True,False,0.04887619987130165,correct,0
6260,1565,0,21,21,21,21,22,21,True,True,False,0.03946838900446892,correct,0
6261,1565,0,31,31,31,22,21,22,True,True,False,0.029058806598186493,correct,0
6262,1565,1,31,31,31,21,22,1,True,True,False,0.029058806598186493,correct,0
6263,1565,1,21,21,21,22,21,6,True,True,False,0.03946838900446892,correct,0
6264,1566,0,21,21,21,7,6,7,True,True,False,0.07417839020490646,correct,0
6265,1566,0,29,11,29,6,7,6,False,False,False,0.14288805425167084,other,18
6266,1566,1,29,10,29,7,6,7,False,False,False,0.14288805425167084,other,19
6267,1566,1,21,21,21,6,7,6,True,True,False,0.07417839020490646,correct,0
6268,1567,0,33,33,33,24,18,7,True,True,False,0.042287085205316544,correct,0
6269,1567,0,5,5,5,18,24,18,True,True,False,0.1973620355129242,correct,0
6270,1567,1,5,15,5,24,18,24,False,False,False,0.1973620355129242,other,10
6271,1567,1,33,33,33,18,24,18,True,True,False,0.042287085205316544,correct,0
6272,1568,0,10,10,10,2,16,2,True,True,False,0.0358562096953392,correct,0
6273,1568,0,28,28,28,16,2,16,True,True,False,0.023751569911837578,correct,0
6274,1568,1,28,28,28,2,16,2,True,True,False,0.023751569911837578,correct,0
6275,1568,1,10,10,10,16,2,16,True,True,False,0.0358562096953392,correct,0
6276,1569,0,33,33,33,7,6,7,True,True,False,0.05733783543109894,correct,0
6277,1569,0,10,10,10,6,7,6,True,True,False,0.03460611402988434,correct,0
6278,1569,1,10,10,10,7,6,7,True,True,False,0.03460611402988434,correct,0
6279,1569,1,33,33,33,6,7,6,True,True,False,0.05733783543109894,correct,0
6280,1570,0,45,45,45,14,16,14,True,True,False,0.01444906834512949,correct,0
6281,1570,0,25,25,25,16,14,23,True,True,False,0.0026110445614904165,correct,0
6282,1570,1,25,25,25,14,16,14,True,True,False,0.0026110445614904165,correct,0
6283,1570,1,45,45,45,16,14,23,True,True,False,0.01444906834512949,correct,0
6284,1571,0,10,11,10,7,18,7,False,False,True,0.02752077765762806,off_by_one,1
6285,1571,0,4,4,4,18,7,18,True,True,False,0.012036011554300785,correct,0
6286,1571,1,4,4,4,7,18,17,True,True,False,0.012036011554300785,correct,0
6287,1571,1,10,10,10,18,7,18,True,True,False,0.02752077765762806,correct,0
6288,1572,0,10,10,10,12,14,12,True,True,False,0.00972583144903183,correct,0
6289,1572,0,2,2,2,14,12,14,True,True,False,0.017089394852519035,correct,0
6290,1572,1,2,2,2,12,14,12,True,True,False,0.017089394852519035,correct,0
6291,1572,1,10,10,10,14,12,14,True,True,False,0.00972583144903183,correct,0
6292,1573,0,10,12,10,15,18,0,False,False,False,0.05050675943493843,other,2
6293,1573,0,15,15,15,18,15,18,True,True,False,0.02063228003680706,correct,0
6294,1573,1,15,15,15,15,18,7,True,True,False,0.02063228003680706,correct,0
6295,1573,1,10,29,10,18,15,18,False,False,False,0.05050675943493843,other,19
6296,1574,0,6,6,6,6,24,6,True,True,False,0.10272610932588577,correct,0
6297,1574,0,32,32,32,24,6,24,True,True,False,0.03818881884217262,correct,0
6298,1574,1,32,32,32,6,24,6,True,True,False,0.03818881884217262,correct,0
6299,1574,1,6,6,6,24,6,24,True,True,False,0.10272610932588577,correct,0
6300,1575,0,36,36,36,15,14,20,True,True,False,0.027342792600393295,correct,0
6301,1575,0,35,35,35,14,15,14,True,True,False,0.04902780055999756,correct,0
6302,1575,1,35,35,35,15,14,15,True,True,False,0.04902780055999756,correct,0
6303,1575,1,36,36,36,14,15,14,True,True,False,0.027342792600393295,correct,0
6304,1576,0,8,8,8,18,14,18,True,True,False,0.01950652524828911,correct,0
6305,1576,0,23,23,23,14,18,14,True,True,False,0.052301518619060516,correct,0
6306,1576,1,23,23,23,18,14,18,True,True,False,0.052301518619060516,correct,0
6307,1576,1,8,8,8,14,18,14,True,True,False,0.01950652524828911,correct,0
6308,1577,0,9,9,9,14,18,14,True,True,False,0.016925537958741188,correct,0
6309,1577,0,41,41,41,18,14,18,True,True,False,0.0725516602396965,correct,0
6310,1577,1,41,41,41,14,18,14,True,True,False,0.0725516602396965,correct,0
6311,1577,1,9,9,9,18,14,18,True,True,False,0.016925537958741188,correct,0
6312,1578,0,28,28,28,12,3,12,True,True,False,0.022667402401566505,correct,0
6313,1578,0,46,46,46,3,12,3,True,True,False,0.008241004310548306,correct,0
6314,1578,1,46,46,46,12,3,12,True,True,False,0.008241004310548306,correct,0
6315,1578,1,28,27,28,3,12,3,False,False,True,0.022667402401566505,off_by_one,1
6316,1579,0,2,2,2,14,0,11,True,True,False,0.05478374660015106,correct,0
6317,1579,0,13,13,13,0,14,9,True,True,False,0.03776196762919426,correct,0
6318,1579,1,13,13,13,14,0,14,True,True,False,0.03776196762919426,correct,0
6319,1579,1,2,2,2,0,14,0,True,True,False,0.05478374660015106,correct,0
6320,1580,0,18,18,18,26,24,26,True,True,False,0.07195165008306503,correct,0
6321,1580,0,44,45,44,24,26,24,False,False,True,0.06469111144542694,off_by_one,1
6322,1580,1,44,44,44,26,24,26,True,True,False,0.06469111144542694,correct,0
6323,1580,1,18,18,18,24,26,24,True,True,False,0.07195165008306503,correct,0
6324,1581,0,15,15,15,7,14,18,True,True,False,0.060286879539489746,correct,0
6325,1581,0,3,3,3,14,7,14,True,True,False,0.03760964050889015,correct,0
6326,1581,1,3,3,3,7,14,7,True,True,False,0.03760964050889015,correct,0
6327,1581,1,15,15,15,14,7,27,True,True,False,0.060286879539489746,correct,0
6328,1582,0,19,19,19,7,1,7,True,True,False,0.04617912322282791,correct,0
6329,1582,0,42,42,42,1,7,1,True,True,False,0.20812496542930603,correct,0
6330,1582,1,42,42,42,7,1,7,True,True,False,0.20812496542930603,correct,0
6331,1582,1,19,19,19,1,7,1,True,True,False,0.04617912322282791,correct,0
6332,1583,0,17,17,17,15,7,15,True,True,False,0.060823388397693634,correct,0
6333,1583,0,3,3,3,7,15,7,True,True,False,0.044577762484550476,correct,0
6334,1583,1,3,3,3,15,7,15,True,True,False,0.044577762484550476,correct,0
6335,1583,1,17,17,17,7,15,7,True,True,False,0.060823388397693634,correct,0
6336,1584,0,4,4,4,26,16,26,True,True,False,0.04743684455752373,correct,0
6337,1584,0,46,46,46,16,26,16,True,True,False,0.06739713996648788,correct,0
6338,1584,1,46,46,46,26,16,13,True,True,False,0.06739713996648788,correct,0
6339,1584,1,4,4,4,16,26,16,True,True,False,0.04743684455752373,correct,0
6340,1585,0,45,45,45,6,18,6,True,True,False,0.013044589199125767,correct,0
6341,1585,0,8,8,8,18,6,18,True,True,False,0.01666860841214657,correct,0
6342,1585,1,8,8,8,6,18,6,True,True,False,0.01666860841214657,correct,0
6343,1585,1,45,45,45,18,6,2,True,True,False,0.013044589199125767,correct,0
6344,1586,0,16,16,16,26,6,26,True,True,False,0.059500183910131454,correct,0
6345,1586,0,24,24,24,6,26,6,True,True,False,0.016000613570213318,correct,0
6346,1586,1,24,24,24,26,6,26,True,True,False,0.016000613570213318,correct,0
6347,1586,1,16,16,16,6,26,6,True,True,False,0.059500183910131454,correct,0
6348,1587,0,33,33,33,15,14,15,True,True,False,0.03236860781908035,correct,0
6349,1587,0,38,38,38,14,15,14,True,True,False,0.014923998154699802,correct,0
6350,1587,1,38,38,38,15,14,15,True,True,False,0.014923998154699802,correct,0
6351,1587,1,33,33,33,14,15,27,True,True,False,0.03236860781908035,correct,0
6352,1588,0,15,15,15,6,7,6,True,True,False,0.03167365863919258,correct,0
6353,1588,0,48,48,48,7,6,7,True,True,False,0.01286992710083723,correct,0
6354,1588,1,48,48,48,6,7,6,True,True,False,0.01286992710083723,correct,0
6355,1588,1,15,15,15,7,6,24,True,True,False,0.03167365863919258,correct,0
6356,1589,0,43,2,43,9,12,7,False,False,False,0.05980915203690529,other,41
6357,1589,0,4,4,4,12,9,12,True,True,False,0.023195326328277588,correct,0
6358,1589,1,4,4,4,9,12,9,True,True,False,0.023195326328277588,correct,0
6359,1589,1,43,43,43,12,9,12,True,True,False,0.05980915203690529,correct,0
6360,1590,0,21,21,21,18,15,18,True,True,False,0.0664367601275444,correct,0
6361,1590,0,31,31,31,15,18,15,True,True,False,0.03774627298116684,correct,0
6362,1590,1,31,31,31,18,15,18,True,True,False,0.03774627298116684,correct,0
6363,1590,1,21,21,21,15,18,15,True,True,False,0.0664367601275444,correct,0
6364,1591,0,18,18,18,18,20,18,True,True,False,0.03917178884148598,correct,0
6365,1591,0,35,44,35,20,18,20,False,False,False,0.017586305737495422,other,9
6366,1591,1,35,35,35,18,20,18,True,True,False,0.017586305737495422,correct,0
6367,1591,1,18,18,18,20,18,12,True,True,False,0.03917178884148598,correct,0
6368,1592,0,36,36,36,14,24,16,True,True,False,0.048747505992650986,correct,0
6369,1592,0,8,8,8,24,14,2,True,True,False,0.04000552371144295,correct,0
6370,1592,1,8,8,8,14,24,14,True,True,False,0.04000552371144295,correct,0
6371,1592,1,36,29,36,24,14,24,False,False,False,0.048747505992650986,other,7
6372,1593,0,21,21,21,14,6,14,True,True,False,0.034359656274318695,correct,0
6373,1593,0,30,30,30,6,14,6,True,True,False,0.017321007326245308,correct,0
6374,1593,1,30,30,30,14,6,14,True,True,False,0.017321007326245308,correct,0
6375,1593,1,21,21,21,6,14,6,True,True,False,0.034359656274318695,correct,0
6376,1594,0,12,12,12,6,14,6,True,True,False,0.04237464442849159,correct,0
6377,1594,0,30,25,30,14,6,7,False,False,False,0.05384892597794533,other,5
6378,1594,1,30,31,30,6,14,6,False,False,True,0.05384892597794533,off_by_one,1
6379,1594,1,12,11,12,14,6,16,False,False,True,0.04237464442849159,off_by_one,1
6380,1595,0,9,9,9,15,2,15,True,True,False,0.019642533734440804,correct,0
6381,1595,0,6,6,6,2,15,2,True,True,False,0.043937113136053085,correct,0
6382,1595,1,6,6,6,15,2,15,True,True,False,0.043937113136053085,correct,0
6383,1595,1,9,9,9,2,15,2,True,True,False,0.019642533734440804,correct,0
6384,1596,0,35,35,35,37,14,14,True,True,False,0.0032906848937273026,correct,0
6385,1596,0,14,14,14,14,37,14,True,True,False,0.017742997035384178,correct,0
6386,1596,1,14,14,14,37,14,7,True,True,False,0.017742997035384178,correct,0
6387,1596,1,35,35,35,14,37,14,True,True,False,0.0032906848937273026,correct,0
6388,1597,0,31,31,31,14,12,14,True,True,False,0.03557437285780907,correct,0
6389,1597,0,43,43,43,12,14,12,True,True,False,0.009820856153964996,correct,0
6390,1597,1,43,18,43,14,12,14,False,False,False,0.009820856153964996,other,25
6391,1597,1,31,31,31,12,14,12,True,True,False,0.03557437285780907,correct,0
6392,1598,0,41,41,41,19,2,19,True,True,False,0.05224797874689102,correct,0
6393,1598,0,29,29,29,2,19,6,True,True,False,0.08105430752038956,correct,0
6394,1598,1,29,28,29,19,2,19,False,False,True,0.08105430752038956,off_by_one,1
6395,1598,1,41,41,41,2,19,2,True,True,False,0.05224797874689102,correct,0
6396,1599,0,32,32,32,6,24,13,True,True,False,0.03800186514854431,correct,0
6397,1599,0,37,37,37,24,6,2,True,True,False,0.03400972858071327,correct,0
6398,1599,1,37,37,37,6,24,6,True,True,False,0.03400972858071327,correct,0
6399,1599,1,32,32,32,24,6,24,True,True,False,0.03800186514854431,correct,0
6400,1600,0,24,44,24,31,35,33,False,False,False,0.007869779132306576,other,20
6401,1600,0,46,46,46,35,31,35,True,True,False,0.05205214023590088,correct,0
6402,1600,1,46,29,46,31,35,31,False,False,False,0.05205214023590088,other,17
6403,1600,1,24,24,24,35,31,16,True,True,False,0.007869779132306576,correct,0
6404,1601,0,4,4,4,6,15,6,True,True,False,0.014115470461547375,correct,0
6405,1601,0,7,7,7,15,6,15,True,True,False,0.021683890372514725,correct,0
6406,1601,1,7,7,7,6,15,6,True,True,False,0.021683890372514725,correct,0
6407,1601,1,4,4,4,15,6,0,True,True,False,0.014115470461547375,correct,0
6408,1602,0,44,44,44,24,6,24,True,True,False,0.06711726635694504,correct,0
6409,1602,0,22,22,22,6,24,6,True,True,False,0.09914549440145493,correct,0
6410,1602,1,22,22,22,24,6,24,True,True,False,0.09914549440145493,correct,0
6411,1602,1,44,44,44,6,24,6,True,True,False,0.06711726635694504,correct,0
6412,1603,0,5,5,5,10,2,10,True,True,False,0.024478968232870102,correct,0
6413,1603,0,29,29,29,2,10,18,True,True,False,0.022617558017373085,correct,0
6414,1603,1,29,29,29,10,2,10,True,True,False,0.022617558017373085,correct,0
6415,1603,1,5,5,5,2,10,2,True,True,False,0.024478968232870102,correct,0
6416,1604,0,16,16,16,16,15,14,True,True,False,0.015195838175714016,correct,0
6417,1604,0,41,41,41,15,16,10,True,True,False,0.03390594199299812,correct,0
6418,1604,1,41,41,41,16,15,16,True,True,False,0.03390594199299812,correct,0
6419,1604,1,16,16,16,15,16,16,True,True,False,0.015195838175714016,correct,0
6420,1605,0,41,41,41,14,6,14,True,True,False,0.02591042034327984,correct,0
6421,1605,0,29,29,29,6,14,6,True,True,False,0.06339669227600098,correct,0
6422,1605,1,29,29,29,14,6,14,True,True,False,0.06339669227600098,correct,0
6423,1605,1,41,41,41,6,14,6,True,True,False,0.02591042034327984,correct,0
6424,1606,0,20,20,20,6,15,13,True,True,False,0.059271037578582764,correct,0
6425,1606,0,11,11,11,15,6,15,True,True,False,0.04737059026956558,correct,0
6426,1606,1,11,10,11,6,15,7,False,False,True,0.04737059026956558,off_by_one,1
6427,1606,1,20,20,20,15,6,17,True,True,False,0.059271037578582764,correct,0
6428,1607,0,18,43,18,18,15,18,False,False,False,0.033758413046598434,other,25
6429,1607,0,37,43,37,15,18,15,False,False,False,0.007156493607908487,other,6
6430,1607,1,37,37,37,18,15,18,True,True,False,0.007156493607908487,correct,0
6431,1607,1,18,18,18,15,18,15,True,True,False,0.033758413046598434,correct,0
6432,1608,0,20,20,20,7,24,7,True,True,False,0.05924154445528984,correct,0
6433,1608,0,2,2,2,24,7,7,True,True,False,0.05441317334771156,correct,0
6434,1608,1,2,2,2,7,24,7,True,True,False,0.05441317334771156,correct,0
6435,1608,1,20,20,20,24,7,24,True,True,False,0.05924154445528984,correct,0
6436,1609,0,48,48,48,24,27,24,True,True,False,0.026494920253753662,correct,0
6437,1609,0,39,39,39,27,24,27,True,True,False,0.033841922879219055,correct,0
6438,1609,1,39,39,39,24,27,24,True,True,False,0.033841922879219055,correct,0
6439,1609,1,48,48,48,27,24,27,True,True,False,0.026494920253753662,correct,0
6440,1610,0,46,46,46,3,4,3,True,True,False,0.01866026595234871,correct,0
6441,1610,0,38,38,38,4,3,4,True,True,False,0.012091528624296188,correct,0
6442,1610,1,38,38,38,3,4,3,True,True,False,0.012091528624296188,correct,0
6443,1610,1,46,46,46,4,3,4,True,True,False,0.01866026595234871,correct,0
6444,1611,0,21,21,21,1,6,20,True,True,False,0.07785440981388092,correct,0
6445,1611,0,44,44,44,6,1,6,True,True,False,0.02125546894967556,correct,0
6446,1611,1,44,44,44,1,6,1,True,True,False,0.02125546894967556,correct,0
6447,1611,1,21,21,21,6,1,6,True,True,False,0.07785440981388092,correct,0
6448,1612,0,16,16,16,7,8,7,True,True,False,0.025010382756590843,correct,0
6449,1612,0,5,5,5,8,7,8,True,True,False,0.031106872484087944,correct,0
6450,1612,1,5,5,5,7,8,7,True,True,False,0.031106872484087944,correct,0
6451,1612,1,16,16,16,8,7,8,True,True,False,0.025010382756590843,correct,0
6452,1613,0,10,11,10,18,16,18,False,False,True,0.02029612474143505,off_by_one,1
6453,1613,0,21,21,21,16,18,21,True,True,False,0.04847624525427818,correct,0
6454,1613,1,21,21,21,18,16,18,True,True,False,0.04847624525427818,correct,0
6455,1613,1,10,10,10,16,18,16,True,True,False,0.02029612474143505,correct,0
6456,1614,0,41,41,41,24,16,24,True,True,False,0.07845523953437805,correct,0
6457,1614,0,31,30,31,16,24,16,False,False,True,0.041829511523246765,off_by_one,1
6458,1614,1,31,31,31,24,16,24,True,True,False,0.041829511523246765,correct,0
6459,1614,1,41,41,41,16,24,16,True,True,False,0.07845523953437805,correct,0
6460,1615,0,10,10,10,14,7,24,True,True,False,0.054095420986413956,correct,0
6461,1615,0,11,10,11,7,14,7,False,False,True,0.03651213273406029,off_by_one,1
6462,1615,1,11,11,11,14,7,16,True,True,False,0.03651213273406029,correct,0
6463,1615,1,10,29,10,7,14,7,False,False,False,0.054095420986413956,other,19
6464,1616,0,4,4,4,6,19,6,True,True,False,0.010561359114944935,correct,0
6465,1616,0,13,13,13,19,6,18,True,True,False,0.10087434947490692,correct,0
6466,1616,1,13,13,13,6,19,6,True,True,False,0.10087434947490692,correct,0
6467,1616,1,4,41,4,19,6,12,False,False,False,0.010561359114944935,other,37
6468,1617,0,46,46,46,3,14,3,True,True,False,0.049796003848314285,correct,0
6469,1617,0,12,12,12,14,3,14,True,True,False,0.041409336030483246,correct,0
6470,1617,1,12,12,12,3,14,3,True,True,False,0.041409336030483246,correct,0
6471,1617,1,46,46,46,14,3,14,True,True,False,0.049796003848314285,correct,0
6472,1618,0,20,20,20,15,27,15,True,True,False,0.03788530454039574,correct,0
6473,1618,0,33,33,33,27,15,27,True,True,False,0.01650676503777504,correct,0
6474,1618,1,33,33,33,15,27,15,True,True,False,0.01650676503777504,correct,0
6475,1618,1,20,20,20,27,15,27,True,True,False,0.03788530454039574,correct,0
6476,1619,0,24,24,24,26,25,26,True,True,False,0.010901111178100109,correct,0
6477,1619,0,33,33,33,25,26,25,True,True,False,0.006508131045848131,correct,0
6478,1619,1,33,33,33,26,25,26,True,True,False,0.006508131045848131,correct,0
6479,1619,1,24,24,24,25,26,25,True,True,False,0.010901111178100109,correct,0
6480,1620,0,7,7,7,16,15,16,True,True,False,0.023115869611501694,correct,0
6481,1620,0,11,28,11,15,16,15,False,False,False,0.0355602465569973,other,17
6482,1620,1,11,11,11,16,15,16,True,True,False,0.0355602465569973,correct,0
6483,1620,1,7,7,7,15,16,15,True,True,False,0.023115869611501694,correct,0
6484,1621,0,9,9,9,20,38,20,True,True,False,0.014706597663462162,correct,0
6485,1621,0,13,13,13,38,20,38,True,True,False,0.03922764211893082,correct,0
6486,1621,1,13,13,13,20,38,20,True,True,False,0.03922764211893082,correct,0
6487,1621,1,9,9,9,38,20,14,True,True,False,0.014706597663462162,correct,0
6488,1622,0,25,25,25,16,36,16,True,True,False,0.030617866665124893,correct,0
6489,1622,0,24,24,24,36,16,36,True,True,False,0.04465146362781525,correct,0
6490,1622,1,24,24,24,16,36,16,True,True,False,0.04465146362781525,correct,0
6491,1622,1,25,25,25,36,16,36,True,True,False,0.030617866665124893,correct,0
6492,1623,0,29,29,29,6,13,6,True,True,False,0.051707081496715546,correct,0
6493,1623,0,39,39,39,13,6,13,True,True,False,0.005247742403298616,correct,0
6494,1623,1,39,39,39,6,13,6,True,True,False,0.005247742403298616,correct,0
6495,1623,1,29,29,29,13,6,13,True,True,False,0.051707081496715546,correct,0
6496,1624,0,14,14,14,36,24,36,True,True,False,0.05385440215468407,correct,0
6497,1624,0,12,12,12,24,36,24,True,True,False,0.0621538907289505,correct,0
6498,1624,1,12,12,12,36,24,36,True,True,False,0.0621538907289505,correct,0
6499,1624,1,14,14,14,24,36,24,True,True,False,0.05385440215468407,correct,0
6500,1625,0,7,7,7,23,21,23,True,True,False,0.04150775820016861,correct,0
6501,1625,0,21,21,21,21,23,21,True,True,False,0.013040048070251942,correct,0
6502,1625,1,21,21,21,23,21,23,True,True,False,0.013040048070251942,correct,0
6503,1625,1,7,7,7,21,23,21,True,True,False,0.04150775820016861,correct,0
6504,1626,0,6,6,6,19,6,19,True,True,False,0.0810285359621048,correct,0
6505,1626,0,25,25,25,6,19,6,True,True,False,0.025893205776810646,correct,0
6506,1626,1,25,25,25,19,6,19,True,True,False,0.025893205776810646,correct,0
6507,1626,1,6,6,6,6,19,6,True,True,False,0.0810285359621048,correct,0
6508,1627,0,15,15,15,6,7,6,True,True,False,0.00803498737514019,correct,0
6509,1627,0,3,3,3,7,6,7,True,True,False,0.0756431594491005,correct,0
6510,1627,1,3,3,3,6,7,6,True,True,False,0.0756431594491005,correct,0
6511,1627,1,15,16,15,7,6,7,False,False,True,0.00803498737514019,off_by_one,1
6512,1628,0,29,29,29,24,14,4,True,True,False,0.016843704506754875,correct,0
6513,1628,0,21,21,21,14,24,14,True,True,False,0.04093397036194801,correct,0
6514,1628,1,21,21,21,24,14,24,True,True,False,0.04093397036194801,correct,0
6515,1628,1,29,29,29,14,24,14,True,True,False,0.016843704506754875,correct,0
6516,1629,0,39,39,39,6,38,6,True,True,False,0.025030085816979408,correct,0
6517,1629,0,29,10,29,38,6,15,False,False,False,0.04381183162331581,other,19
6518,1629,1,29,29,29,6,38,6,True,True,False,0.04381183162331581,correct,0
6519,1629,1,39,39,39,38,6,14,True,True,False,0.025030085816979408,correct,0
6520,1630,0,18,18,18,24,16,7,True,True,False,0.04462536424398422,correct,0
6521,1630,0,37,37,37,16,24,0,True,True,False,0.07746262103319168,correct,0
6522,1630,1,37,37,37,24,16,24,True,True,False,0.07746262103319168,correct,0
6523,1630,1,18,36,18,16,24,0,False,False,False,0.04462536424398422,other,18
6524,1631,0,27,0,27,0,17,0,False,False,False,0.008216151036322117,other,27
6525,1631,0,42,42,42,17,0,17,True,True,False,0.06932257115840912,correct,0
6526,1631,1,42,42,42,0,17,14,True,True,False,0.06932257115840912,correct,0
6527,1631,1,27,28,27,17,0,17,False,False,True,0.008216151036322117,off_by_one,1
6528,1632,0,44,44,44,19,2,12,True,True,False,0.037111520767211914,correct,0
6529,1632,0,4,4,4,2,19,2,True,True,False,0.01898394338786602,correct,0
6530,1632,1,4,4,4,19,2,18,True,True,False,0.01898394338786602,correct,0
6531,1632,1,44,44,44,2,19,2,True,True,False,0.037111520767211914,correct,0
6532,1633,0,2,2,2,7,6,7,True,True,False,0.05665476620197296,correct,0
6533,1633,0,17,17,17,6,7,6,True,True,False,0.0318889282643795,correct,0
6534,1633,1,17,17,17,7,6,7,True,True,False,0.0318889282643795,correct,0
6535,1633,1,2,2,2,6,7,6,True,True,False,0.05665476620197296,correct,0
6536,1634,0,20,20,20,36,16,36,True,True,False,0.016553133726119995,correct,0
6537,1634,0,39,39,39,16,36,0,True,True,False,0.005916054826229811,correct,0
6538,1634,1,39,39,39,36,16,36,True,True,False,0.005916054826229811,correct,0
6539,1634,1,20,20,20,16,36,15,True,True,False,0.016553133726119995,correct,0
6540,1635,0,21,21,21,7,19,7,True,True,False,0.02456236444413662,correct,0
6541,1635,0,0,2,0,19,7,19,False,False,False,0.010214409790933132,other,2
6542,1635,1,0,0,0,7,19,7,True,True,False,0.010214409790933132,correct,0
6543,1635,1,21,21,21,19,7,19,True,True,False,0.02456236444413662,correct,0
6544,1636,0,32,32,32,15,12,15,True,True,False,0.03972748667001724,correct,0
6545,1636,0,24,24,24,12,15,12,True,True,False,0.013586989603936672,correct,0
6546,1636,1,24,24,24,15,12,17,True,True,False,0.013586989603936672,correct,0
6547,1636,1,32,32,32,12,15,12,True,True,False,0.03972748667001724,correct,0
6548,1637,0,38,39,38,24,17,24,False,False,True,0.010209188796579838,off_by_one,1
6549,1637,0,9,9,9,17,24,17,True,True,False,0.08520419895648956,correct,0
6550,1637,1,9,9,9,24,17,24,True,True,False,0.08520419895648956,correct,0
6551,1637,1,38,38,38,17,24,0,True,True,False,0.010209188796579838,correct,0
6552,1638,0,43,43,43,0,4,0,True,True,False,0.03125116601586342,correct,0
6553,1638,0,25,25,25,4,0,4,True,True,False,0.029861725866794586,correct,0
6554,1638,1,25,25,25,0,4,0,True,True,False,0.029861725866794586,correct,0
6555,1638,1,43,43,43,4,0,4,True,True,False,0.03125116601586342,correct,0
6556,1639,0,9,9,9,14,24,14,True,True,False,0.027076024562120438,correct,0
6557,1639,0,15,15,15,24,14,24,True,True,False,0.07560490816831589,correct,0
6558,1639,1,15,15,15,14,24,11,True,True,False,0.07560490816831589,correct,0
6559,1639,1,9,9,9,24,14,24,True,True,False,0.027076024562120438,correct,0
6560,1640,0,20,20,20,15,7,15,True,True,False,0.02893240563571453,correct,0
6561,1640,0,17,27,17,7,15,7,False,False,False,0.046125348657369614,other,10
6562,1640,1,17,18,17,15,7,15,False,False,True,0.046125348657369614,off_by_one,1
6563,1640,1,20,20,20,7,15,7,True,True,False,0.02893240563571453,correct,0
6564,1641,0,40,40,40,16,22,16,True,True,False,0.03626688942313194,correct,0
6565,1641,0,35,35,35,22,16,6,True,True,False,0.00982723105698824,correct,0
6566,1641,1,35,35,35,16,22,0,True,True,False,0.00982723105698824,correct,0
6567,1641,1,40,43,40,22,16,5,False,False,False,0.03626688942313194,other,3
6568,1642,0,10,10,10,12,10,12,True,True,False,0.01940883696079254,correct,0
6569,1642,0,1,1,1,10,12,10,True,True,False,0.010385389439761639,correct,0
6570,1642,1,1,1,1,12,10,12,True,True,False,0.010385389439761639,correct,0
6571,1642,1,10,11,10,10,12,10,False,False,True,0.01940883696079254,off_by_one,1
6572,1643,0,42,42,42,26,18,26,True,True,False,0.13535895943641663,correct,0
6573,1643,0,40,40,40,18,26,18,True,True,False,0.04027382656931877,correct,0
6574,1643,1,40,40,40,26,18,8,True,True,False,0.04027382656931877,correct,0
6575,1643,1,42,42,42,18,26,18,True,True,False,0.13535895943641663,correct,0
6576,1644,0,42,42,42,18,6,18,True,True,False,0.028172101825475693,correct,0
6577,1644,0,8,8,8,6,18,6,True,True,False,0.18868356943130493,correct,0
6578,1644,1,8,8,8,18,6,18,True,True,False,0.18868356943130493,correct,0
6579,1644,1,42,42,42,6,18,6,True,True,False,0.028172101825475693,correct,0
6580,1645,0,18,18,18,15,20,16,True,True,False,0.03463625907897949,correct,0
6581,1645,0,22,22,22,20,15,20,True,True,False,0.00443399790674448,correct,0
6582,1645,1,22,22,22,15,20,16,True,True,False,0.00443399790674448,correct,0
6583,1645,1,18,18,18,20,15,18,True,True,False,0.03463625907897949,correct,0
6584,1646,0,27,28,27,19,2,19,False,False,True,0.01736573502421379,off_by_one,1
6585,1646,0,45,45,45,2,19,2,True,True,False,0.009894940070807934,correct,0
6586,1646,1,45,45,45,19,2,19,True,True,False,0.009894940070807934,correct,0
6587,1646,1,27,28,27,2,19,2,False,False,True,0.01736573502421379,off_by_one,1
6588,1647,0,36,36,36,0,6,0,True,True,False,0.018128329887986183,correct,0
6589,1647,0,38,38,38,6,0,5,True,True,False,0.01439081784337759,correct,0
6590,1647,1,38,38,38,0,6,0,True,True,False,0.01439081784337759,correct,0
6591,1647,1,36,36,36,6,0,6,True,True,False,0.018128329887986183,correct,0
6592,1648,0,23,23,23,18,24,18,True,True,False,0.02353348396718502,correct,0
6593,1648,0,38,38,38,24,18,4,True,True,False,0.005965062882751226,correct,0
6594,1648,1,38,38,38,18,24,4,True,True,False,0.005965062882751226,correct,0
6595,1648,1,23,23,23,24,18,24,True,True,False,0.02353348396718502,correct,0
6596,1649,0,42,42,42,37,18,0,True,True,False,0.07287827134132385,correct,0
6597,1649,0,48,48,48,18,37,18,True,True,False,0.02060098387300968,correct,0
6598,1649,1,48,48,48,37,18,37,True,True,False,0.02060098387300968,correct,0
6599,1649,1,42,42,42,18,37,18,True,True,False,0.07287827134132385,correct,0
6600,1650,0,7,7,7,7,36,7,True,True,False,0.06783322989940643,correct,0
6601,1650,0,14,14,14,36,7,18,True,True,False,0.019393960013985634,correct,0
6602,1650,1,14,14,14,7,36,7,True,True,False,0.019393960013985634,correct,0
6603,1650,1,7,7,7,36,7,36,True,True,False,0.06783322989940643,correct,0
6604,1651,0,28,28,28,7,15,7,True,True,False,0.014806740917265415,correct,0
6605,1651,0,47,47,47,15,7,15,True,True,False,0.03401198610663414,correct,0
6606,1651,1,47,47,47,7,15,7,True,True,False,0.03401198610663414,correct,0
6607,1651,1,28,28,28,15,7,15,True,True,False,0.014806740917265415,correct,0
6608,1652,0,19,19,19,11,13,14,True,True,False,0.015025698579847813,correct,0
6609,1652,0,2,2,2,13,11,13,True,True,False,0.04603010043501854,correct,0
6610,1652,1,2,2,2,11,13,11,True,True,False,0.04603010043501854,correct,0
6611,1652,1,19,19,19,13,11,13,True,True,False,0.015025698579847813,correct,0
6612,1653,0,7,7,7,7,20,7,True,True,False,0.025178037583827972,correct,0
6613,1653,0,39,39,39,20,7,20,True,True,False,0.019713515415787697,correct,0
6614,1653,1,39,39,39,7,20,7,True,True,False,0.019713515415787697,correct,0
6615,1653,1,7,7,7,20,7,20,True,True,False,0.025178037583827972,correct,0
6616,1654,0,36,36,36,6,7,6,True,True,False,0.04409268870949745,correct,0
6617,1654,0,0,0,0,7,6,18,True,True,False,0.021171070635318756,correct,0
6618,1654,1,0,0,0,6,7,6,True,True,False,0.021171070635318756,correct,0
6619,1654,1,36,36,36,7,6,7,True,True,False,0.04409268870949745,correct,0
6620,1655,0,36,36,36,18,15,18,True,True,False,0.014818115159869194,correct,0
6621,1655,0,6,6,6,15,18,15,True,True,False,0.011154149658977985,correct,0
6622,1655,1,6,6,6,18,15,18,True,True,False,0.011154149658977985,correct,0
6623,1655,1,36,36,36,15,18,15,True,True,False,0.014818115159869194,correct,0
6624,1656,0,7,7,7,26,14,26,True,True,False,0.04013738036155701,correct,0
6625,1656,0,11,11,11,14,26,28,True,True,False,0.06157588213682175,correct,0
6626,1656,1,11,11,11,26,14,26,True,True,False,0.06157588213682175,correct,0
6627,1656,1,7,7,7,14,26,14,True,True,False,0.04013738036155701,correct,0
6628,1657,0,36,36,36,36,6,3,True,True,False,0.07282030582427979,correct,0
6629,1657,0,32,11,32,6,36,6,False,False,False,0.035053566098213196,other,21
6630,1657,1,32,32,32,36,6,36,True,True,False,0.035053566098213196,correct,0
6631,1657,1,36,36,36,6,36,6,True,True,False,0.07282030582427979,correct,0
6632,1658,0,30,30,30,19,7,20,True,True,False,0.0513666532933712,correct,0
6633,1658,0,44,44,44,7,19,7,True,True,False,0.018020257353782654,correct,0
6634,1658,1,44,44,44,19,7,20,True,True,False,0.018020257353782654,correct,0
6635,1658,1,30,30,30,7,19,7,True,True,False,0.0513666532933712,correct,0
6636,1659,0,40,40,40,7,26,7,True,True,False,0.005963219795376062,correct,0
6637,1659,0,1,0,1,26,7,26,False,False,True,0.017591871321201324,off_by_one,1
6638,1659,1,1,29,1,7,26,7,False,False,False,0.017591871321201324,other,28
6639,1659,1,40,40,40,26,7,6,True,True,False,0.005963219795376062,correct,0
6640,1660,0,42,42,42,6,7,6,True,True,False,0.16393762826919556,correct,0
6641,1660,0,27,27,27,7,6,7,True,True,False,0.022006908431649208,correct,0
6642,1660,1,27,27,27,6,7,6,True,True,False,0.022006908431649208,correct,0
6643,1660,1,42,42,42,7,6,7,True,True,False,0.16393762826919556,correct,0
6644,1661,0,17,17,17,6,23,6,True,True,False,0.04455530643463135,correct,0
6645,1661,0,18,2,18,23,6,10,False,False,False,0.07612862437963486,other,16
6646,1661,1,18,18,18,6,23,6,True,True,False,0.07612862437963486,correct,0
6647,1661,1,17,0,17,23,6,23,False,False,False,0.04455530643463135,other,17
6648,1662,0,35,35,35,14,15,14,True,True,False,0.004527979530394077,correct,0
6649,1662,0,28,29,28,15,14,15,False,False,True,0.028345126658678055,off_by_one,1
6650,1662,1,28,28,28,14,15,14,True,True,False,0.028345126658678055,correct,0
6651,1662,1,35,35,35,15,14,7,True,True,False,0.004527979530394077,correct,0
6652,1663,0,39,39,39,18,14,18,True,True,False,0.012389318086206913,correct,0
6653,1663,0,37,37,37,14,18,14,True,True,False,0.013660055585205555,correct,0
6654,1663,1,37,37,37,18,14,18,True,True,False,0.013660055585205555,correct,0
6655,1663,1,39,39,39,14,18,14,True,True,False,0.012389318086206913,correct,0
6656,1664,0,36,36,36,9,17,9,True,True,False,0.03654608502984047,correct,0
6657,1664,0,34,34,34,17,9,17,True,True,False,0.008311144076287746,correct,0
6658,1664,1,34,34,34,9,17,7,True,True,False,0.008311144076287746,correct,0
6659,1664,1,36,36,36,17,9,17,True,True,False,0.03654608502984047,correct,0
6660,1665,0,4,4,4,16,24,16,True,True,False,0.013250147923827171,correct,0
6661,1665,0,25,25,25,24,16,24,True,True,False,0.018761523067951202,correct,0
6662,1665,1,25,25,25,16,24,27,True,True,False,0.018761523067951202,correct,0
6663,1665,1,4,4,4,24,16,24,True,True,False,0.013250147923827171,correct,0
6664,1666,0,3,3,3,13,11,13,True,True,False,0.012915031053125858,correct,0
6665,1666,0,10,10,10,11,13,11,True,True,False,0.011840622872114182,correct,0
6666,1666,1,10,10,10,13,11,13,True,True,False,0.011840622872114182,correct,0
6667,1666,1,3,36,3,11,13,27,False,False,False,0.012915031053125858,other,33
6668,1667,0,10,10,10,7,16,7,True,True,False,0.06451431661844254,correct,0
6669,1667,0,19,19,19,16,7,16,True,True,False,0.03317665681242943,correct,0
6670,1667,1,19,19,19,7,16,7,True,True,False,0.03317665681242943,correct,0
6671,1667,1,10,10,10,16,7,16,True,True,False,0.06451431661844254,correct,0
6672,1668,0,24,24,24,6,18,6,True,True,False,0.019639132544398308,correct,0
6673,1668,0,28,28,28,18,6,18,True,True,False,0.027916768565773964,correct,0
6674,1668,1,28,10,28,6,18,6,False,False,False,0.027916768565773964,other,18
6675,1668,1,24,24,24,18,6,2,True,True,False,0.019639132544398308,correct,0
6676,1669,0,19,19,19,7,14,7,True,True,False,0.028211869299411774,correct,0
6677,1669,0,34,34,34,14,7,14,True,True,False,0.023114383220672607,correct,0
6678,1669,1,34,34,34,7,14,7,True,True,False,0.023114383220672607,correct,0
6679,1669,1,19,19,19,14,7,14,True,True,False,0.028211869299411774,correct,0
6680,1670,0,33,12,33,2,14,2,False,False,False,0.011310470290482044,other,21
6681,1670,0,31,31,31,14,2,14,True,True,False,0.06465374678373337,correct,0
6682,1670,1,31,31,31,2,14,2,True,True,False,0.06465374678373337,correct,0
6683,1670,1,33,33,33,14,2,14,True,True,False,0.011310470290482044,correct,0
6684,1671,0,16,16,16,14,6,16,True,True,False,0.07231619954109192,correct,0
6685,1671,0,48,48,48,6,14,6,True,True,False,0.029603134840726852,correct,0
6686,1671,1,48,48,48,14,6,14,True,True,False,0.029603134840726852,correct,0
6687,1671,1,16,16,16,6,14,6,True,True,False,0.07231619954109192,correct,0
6688,1672,0,36,36,36,39,18,39,True,True,False,0.02727213315665722,correct,0
6689,1672,0,8,8,8,18,39,18,True,True,False,0.090980164706707,correct,0
6690,1672,1,8,8,8,39,18,24,True,True,False,0.090980164706707,correct,0
6691,1672,1,36,36,36,18,39,36,True,True,False,0.02727213315665722,correct,0
6692,1673,0,45,45,45,16,24,16,True,True,False,0.008233711123466492,correct,0
6693,1673,0,13,33,13,24,16,24,False,False,False,0.0505666621029377,other,20
6694,1673,1,13,13,13,16,24,16,True,True,False,0.0505666621029377,correct,0
6695,1673,1,45,45,45,24,16,24,True,True,False,0.008233711123466492,correct,0
6696,1674,0,1,18,1,7,14,7,False,False,False,0.03647072613239288,other,17
6697,1674,0,19,19,19,14,7,14,True,True,False,0.05900203809142113,correct,0
6698,1674,1,19,19,19,7,14,7,True,True,False,0.05900203809142113,correct,0
6699,1674,1,1,0,1,14,7,14,False,False,True,0.03647072613239288,off_by_one,1
6700,1675,0,48,48,48,26,7,26,True,True,False,0.027223259210586548,correct,0
6701,1675,0,32,32,32,7,26,7,True,True,False,0.043639060109853745,correct,0
6702,1675,1,32,32,32,26,7,26,True,True,False,0.043639060109853745,correct,0
6703,1675,1,48,48,48,7,26,7,True,True,False,0.027223259210586548,correct,0
6704,1676,0,6,6,6,6,14,6,True,True,False,0.081976979970932,correct,0
6705,1676,0,24,24,24,14,6,14,True,True,False,0.012170360423624516,correct,0
6706,1676,1,24,24,24,6,14,6,True,True,False,0.012170360423624516,correct,0
6707,1676,1,6,6,6,14,6,14,True,True,False,0.081976979970932,correct,0
6708,1677,0,21,21,21,7,6,7,True,True,False,0.07417839020490646,correct,0
6709,1677,0,7,7,7,6,7,6,True,True,False,0.02032422460615635,correct,0
6710,1677,1,7,7,7,7,6,7,True,True,False,0.02032422460615635,correct,0
6711,1677,1,21,21,21,6,7,6,True,True,False,0.07417839020490646,correct,0
6712,1678,0,40,40,40,7,36,7,True,True,False,0.0175172071903944,correct,0
6713,1678,0,45,45,45,36,7,3,True,True,False,0.012739211320877075,correct,0
6714,1678,1,45,45,45,7,36,7,True,True,False,0.012739211320877075,correct,0
6715,1678,1,40,43,40,36,7,36,False,False,False,0.0175172071903944,other,3
6716,1679,0,13,13,13,7,2,7,True,True,False,0.06613580882549286,correct,0
6717,1679,0,21,21,21,2,7,2,True,True,False,0.06533058732748032,correct,0
6718,1679,1,21,21,21,7,2,7,True,True,False,0.06533058732748032,correct,0
6719,1679,1,13,13,13,2,7,18,True,True,False,0.06613580882549286,correct,0
6720,1680,0,20,3,20,14,26,14,False,False,False,0.07096449285745621,other,17
6721,1680,0,1,1,1,26,14,26,True,True,False,0.02027546614408493,correct,0
6722,1680,1,1,1,1,14,26,14,True,True,False,0.02027546614408493,correct,0
6723,1680,1,20,20,20,26,14,26,True,True,False,0.07096449285745621,correct,0
6724,1681,0,28,28,28,26,24,26,True,True,False,0.07105329632759094,correct,0
6725,1681,0,4,23,4,24,26,24,False,False,False,0.03656806796789169,other,19
6726,1681,1,4,4,4,26,24,26,True,True,False,0.03656806796789169,correct,0
6727,1681,1,28,28,28,24,26,24,True,True,False,0.07105329632759094,correct,0
6728,1682,0,5,5,5,16,7,16,True,True,False,0.03397832438349724,correct,0
6729,1682,0,35,35,35,7,16,7,True,True,False,0.010370273143053055,correct,0
6730,1682,1,35,35,35,16,7,16,True,True,False,0.010370273143053055,correct,0
6731,1682,1,5,5,5,7,16,7,True,True,False,0.03397832438349724,correct,0
6732,1683,0,15,15,15,6,0,6,True,True,False,0.1026582270860672,correct,0
6733,1683,0,8,8,8,0,6,0,True,True,False,0.10918127745389938,correct,0
6734,1683,1,8,8,8,6,0,6,True,True,False,0.10918127745389938,correct,0
6735,1683,1,15,15,15,0,6,17,True,True,False,0.1026582270860672,correct,0
6736,1684,0,34,34,34,20,17,20,True,True,False,0.01969229057431221,correct,0
6737,1684,0,37,37,37,17,20,17,True,True,False,0.010639346204698086,correct,0
6738,1684,1,37,37,37,20,17,20,True,True,False,0.010639346204698086,correct,0
6739,1684,1,34,34,34,17,20,17,True,True,False,0.01969229057431221,correct,0
6740,1685,0,4,4,4,6,17,6,True,True,False,0.017260590568184853,correct,0
6741,1685,0,35,35,35,17,6,17,True,True,False,0.005614813882857561,correct,0
6742,1685,1,35,35,35,6,17,6,True,True,False,0.005614813882857561,correct,0
6743,1685,1,4,4,4,17,6,17,True,True,False,0.017260590568184853,correct,0
6744,1686,0,20,20,20,17,7,7,True,True,False,0.026510555297136307,correct,0
6745,1686,0,11,11,11,7,17,7,True,True,False,0.030343815684318542,correct,0
6746,1686,1,11,11,11,17,7,17,True,True,False,0.030343815684318542,correct,0
6747,1686,1,20,20,20,7,17,7,True,True,False,0.026510555297136307,correct,0
6748,1687,0,27,29,27,14,18,6,False,False,False,0.14247378706932068,other,2
6749,1687,0,29,29,29,18,14,24,True,True,False,0.014698964543640614,correct,0
6750,1687,1,29,29,29,14,18,16,True,True,False,0.014698964543640614,correct,0
6751,1687,1,27,27,27,18,14,18,True,True,False,0.14247378706932068,correct,0
6752,1688,0,37,37,37,24,18,24,True,True,False,0.024988999590277672,correct,0
6753,1688,0,33,33,33,18,24,18,True,True,False,0.023072313517332077,correct,0
6754,1688,1,33,33,33,24,18,24,True,True,False,0.023072313517332077,correct,0
6755,1688,1,37,37,37,18,24,18,True,True,False,0.024988999590277672,correct,0
6756,1689,0,19,19,19,2,19,2,True,True,False,0.009594246745109558,correct,0
6757,1689,0,39,39,39,19,2,12,True,True,False,0.00902529340237379,correct,0
6758,1689,1,39,39,39,2,19,2,True,True,False,0.00902529340237379,correct,0
6759,1689,1,19,19,19,19,2,18,True,True,False,0.009594246745109558,correct,0
6760,1690,0,30,30,30,14,1,14,True,True,False,0.04780734330415726,correct,0
6761,1690,0,24,24,24,1,14,7,True,True,False,0.011932946741580963,correct,0
6762,1690,1,24,24,24,14,1,14,True,True,False,0.011932946741580963,correct,0
6763,1690,1,30,30,30,1,14,16,True,True,False,0.04780734330415726,correct,0
6764,1691,0,42,42,42,3,14,3,True,True,False,0.07301513850688934,correct,0
6765,1691,0,14,14,14,14,3,14,True,True,False,0.00838396605104208,correct,0
6766,1691,1,14,14,14,3,14,5,True,True,False,0.00838396605104208,correct,0
6767,1691,1,42,42,42,14,3,14,True,True,False,0.07301513850688934,correct,0
6768,1692,0,29,29,29,7,20,7,True,True,False,0.012532034888863564,correct,0
6769,1692,0,21,21,21,20,7,20,True,True,False,0.05886204540729523,correct,0
6770,1692,1,21,21,21,7,20,7,True,True,False,0.05886204540729523,correct,0
6771,1692,1,29,28,29,20,7,20,False,False,True,0.012532034888863564,off_by_one,1
6772,1693,0,3,3,3,6,1,6,True,True,False,0.04816385358572006,correct,0
6773,1693,0,18,18,18,1,6,14,True,True,False,0.05435963347554207,correct,0
6774,1693,1,18,18,18,6,1,12,True,True,False,0.05435963347554207,correct,0
6775,1693,1,3,3,3,1,6,1,True,True,False,0.04816385358572006,correct,0
6776,1694,0,30,30,30,16,15,16,True,True,False,0.0059504578821361065,correct,0
6777,1694,0,5,5,5,15,16,16,True,True,False,0.011521265842020512,correct,0
6778,1694,1,5,5,5,16,15,16,True,True,False,0.011521265842020512,correct,0
6779,1694,1,30,30,30,15,16,15,True,True,False,0.0059504578821361065,correct,0
6780,1695,0,41,41,41,2,8,2,True,True,False,0.010910275392234325,correct,0
6781,1695,0,18,18,18,8,2,7,True,True,False,0.037776242941617966,correct,0
6782,1695,1,18,18,18,2,8,2,True,True,False,0.037776242941617966,correct,0
6783,1695,1,41,41,41,8,2,8,True,True,False,0.010910275392234325,correct,0
6784,1696,0,48,48,48,27,7,27,True,True,False,0.034951504319906235,correct,0
6785,1696,0,30,30,30,7,27,7,True,True,False,0.019983462989330292,correct,0
6786,1696,1,30,31,30,27,7,27,False,False,True,0.019983462989330292,off_by_one,1
6787,1696,1,48,48,48,7,27,7,True,True,False,0.034951504319906235,correct,0
6788,1697,0,13,13,13,27,18,16,True,True,False,0.033358339220285416,correct,0
6789,1697,0,31,31,31,18,27,18,True,True,False,0.05216985568404198,correct,0
6790,1697,1,31,10,31,27,18,0,False,False,False,0.05216985568404198,other,21
6791,1697,1,13,13,13,18,27,18,True,True,False,0.033358339220285416,correct,0
6792,1698,0,43,43,43,6,7,6,True,True,False,0.0177458543330431,correct,0
6793,1698,0,29,29,29,7,6,7,True,True,False,0.05231666564941406,correct,0
6794,1698,1,29,29,29,6,7,6,True,True,False,0.05231666564941406,correct,0
6795,1698,1,43,43,43,7,6,7,True,True,False,0.0177458543330431,correct,0
6796,1699,0,44,44,44,2,6,2,True,True,False,0.0065425243228673935,correct,0
6797,1699,0,14,14,14,6,2,6,True,True,False,0.03131143003702164,correct,0
6798,1699,1,14,14,14,2,6,25,True,True,False,0.03131143003702164,correct,0
6799,1699,1,44,44,44,6,2,6,True,True,False,0.0065425243228673935,correct,0
6800,1700,0,5,5,5,15,14,1,True,True,False,0.025770463049411774,correct,0
6801,1700,0,45,45,45,14,15,14,True,True,False,0.004085205029696226,correct,0
6802,1700,1,45,45,45,15,14,16,True,True,False,0.004085205029696226,correct,0
6803,1700,1,5,5,5,14,15,14,True,True,False,0.025770463049411774,correct,0
6804,1701,0,29,29,29,11,10,11,True,True,False,0.03223700076341629,correct,0
6805,1701,0,6,6,6,10,11,10,True,True,False,0.04332861304283142,correct,0
6806,1701,1,6,6,6,11,10,27,True,True,False,0.04332861304283142,correct,0
6807,1701,1,29,29,29,10,11,10,True,True,False,0.03223700076341629,correct,0
6808,1702,0,12,12,12,15,7,15,True,True,False,0.03462105244398117,correct,0
6809,1702,0,33,33,33,7,15,7,True,True,False,0.016991499811410904,correct,0
6810,1702,1,33,33,33,15,7,15,True,True,False,0.016991499811410904,correct,0
6811,1702,1,12,12,12,7,15,7,True,True,False,0.03462105244398117,correct,0
6812,1703,0,12,32,12,12,6,12,False,False,False,0.007016600109636784,other,20
6813,1703,0,18,18,18,6,12,6,True,True,False,0.06660616397857666,correct,0
6814,1703,1,18,18,18,12,6,12,True,True,False,0.06660616397857666,correct,0
6815,1703,1,12,12,12,6,12,6,True,True,False,0.007016600109636784,correct,0
6816,1704,0,24,24,24,21,7,21,True,True,False,0.01447340939193964,correct,0
6817,1704,0,18,18,18,7,21,7,True,True,False,0.044155895709991455,correct,0
6818,1704,1,18,18,18,21,7,21,True,True,False,0.044155895709991455,correct,0
6819,1704,1,24,24,24,7,21,7,True,True,False,0.01447340939193964,correct,0
6820,1705,0,36,36,36,0,14,17,True,True,False,0.018245043233036995,correct,0
6821,1705,0,17,17,17,14,0,11,True,True,False,0.035320330411195755,correct,0
6822,1705,1,17,17,17,0,14,0,True,True,False,0.035320330411195755,correct,0
6823,1705,1,36,36,36,14,0,14,True,True,False,0.018245043233036995,correct,0
6824,1706,0,38,38,38,6,27,6,True,True,False,0.01764458604156971,correct,0
6825,1706,0,22,22,22,27,6,23,True,True,False,0.07197975367307663,correct,0
6826,1706,1,22,22,22,6,27,6,True,True,False,0.07197975367307663,correct,0
6827,1706,1,38,38,38,27,6,27,True,True,False,0.01764458604156971,correct,0
6828,1707,0,45,45,45,7,0,7,True,True,False,0.01696820557117462,correct,0
6829,1707,0,1,1,1,0,7,23,True,True,False,0.012241514399647713,correct,0
6830,1707,1,1,29,1,7,0,7,False,False,False,0.012241514399647713,other,28
6831,1707,1,45,45,45,0,7,21,True,True,False,0.01696820557117462,correct,0
6832,1708,0,39,39,39,8,14,8,True,True,False,0.09590253233909607,correct,0
6833,1708,0,22,22,22,14,8,14,True,True,False,0.0665261447429657,correct,0
6834,1708,1,22,22,22,8,14,8,True,True,False,0.0665261447429657,correct,0
6835,1708,1,39,32,39,14,8,14,False,False,False,0.09590253233909607,other,7
6836,1709,0,6,6,6,15,18,15,True,True,False,0.027170969173312187,correct,0
6837,1709,0,10,10,10,18,15,18,True,True,False,0.02844177931547165,correct,0
6838,1709,1,10,10,10,15,18,7,True,True,False,0.02844177931547165,correct,0
6839,1709,1,6,6,6,18,15,18,True,True,False,0.027170969173312187,correct,0
6840,1710,0,2,2,2,1,6,1,True,True,False,0.034193623811006546,correct,0
6841,1710,0,16,16,16,6,1,6,True,True,False,0.025203539058566093,correct,0
6842,1710,1,16,16,16,1,6,1,True,True,False,0.025203539058566093,correct,0
6843,1710,1,2,2,2,6,1,6,True,True,False,0.034193623811006546,correct,0
6844,1711,0,38,38,38,18,15,36,True,True,False,0.003664937801659107,correct,0
6845,1711,0,12,12,12,15,18,15,True,True,False,0.04126648232340813,correct,0
6846,1711,1,12,12,12,18,15,7,True,True,False,0.04126648232340813,correct,0
6847,1711,1,38,38,38,15,18,19,True,True,False,0.003664937801659107,correct,0
6848,1712,0,16,16,16,38,7,11,True,True,False,0.03717176616191864,correct,0
6849,1712,0,38,38,38,7,38,20,True,True,False,0.013921828009188175,correct,0
6850,1712,1,38,38,38,38,7,0,True,True,False,0.013921828009188175,correct,0
6851,1712,1,16,16,16,7,38,7,True,True,False,0.03717176616191864,correct,0
6852,1713,0,15,15,15,7,24,7,True,True,False,0.05862924084067345,correct,0
6853,1713,0,37,37,37,24,7,24,True,True,False,0.02166648767888546,correct,0
6854,1713,1,37,37,37,7,24,7,True,True,False,0.02166648767888546,correct,0
6855,1713,1,15,16,15,24,7,24,False,False,True,0.05862924084067345,off_by_one,1
6856,1714,0,6,6,6,6,16,6,True,True,False,0.06760876625776291,correct,0
6857,1714,0,2,2,2,16,6,16,True,True,False,0.03827672079205513,correct,0
6858,1714,1,2,2,2,6,16,15,True,True,False,0.03827672079205513,correct,0
6859,1714,1,6,6,6,16,6,27,True,True,False,0.06760876625776291,correct,0
6860,1715,0,36,1,36,6,15,6,False,False,False,0.07207532227039337,other,35
6861,1715,0,19,19,19,15,6,15,True,True,False,0.06494437903165817,correct,0
6862,1715,1,19,19,19,6,15,6,True,True,False,0.06494437903165817,correct,0
6863,1715,1,36,36,36,15,6,15,True,True,False,0.07207532227039337,correct,0
6864,1716,0,26,26,26,17,24,17,True,True,False,0.02914419211447239,correct,0
6865,1716,0,17,17,17,24,17,24,True,True,False,0.04107363894581795,correct,0
6866,1716,1,17,1,17,17,24,17,False,False,False,0.04107363894581795,other,16
6867,1716,1,26,26,26,24,17,24,True,True,False,0.02914419211447239,correct,0
6868,1717,0,38,38,38,26,15,26,True,True,False,0.017160722985863686,correct,0
6869,1717,0,13,13,13,15,26,15,True,True,False,0.0285507645457983,correct,0
6870,1717,1,13,13,13,26,15,26,True,True,False,0.0285507645457983,correct,0
6871,1717,1,38,38,38,15,26,17,True,True,False,0.017160722985863686,correct,0
6872,1718,0,9,9,9,24,16,24,True,True,False,0.006672707386314869,correct,0
6873,1718,0,36,36,36,16,24,0,True,True,False,0.037639930844306946,correct,0
6874,1718,1,36,30,36,24,16,24,False,False,False,0.037639930844306946,other,6
6875,1718,1,9,9,9,16,24,16,True,True,False,0.006672707386314869,correct,0
6876,1719,0,17,18,17,14,15,14,False,False,True,0.019074905663728714,off_by_one,1
6877,1719,0,34,34,34,15,14,0,True,True,False,0.03367362543940544,correct,0
6878,1719,1,34,34,34,14,15,14,True,True,False,0.03367362543940544,correct,0
6879,1719,1,17,17,17,15,14,15,True,True,False,0.019074905663728714,correct,0
6880,1720,0,12,12,12,27,1,16,True,True,False,0.04327065870165825,correct,0
6881,1720,0,18,18,18,1,27,24,True,True,False,0.020039761438965797,correct,0
6882,1720,1,18,18,18,27,1,0,True,True,False,0.020039761438965797,correct,0
6883,1720,1,12,12,12,1,27,1,True,True,False,0.04327065870165825,correct,0
6884,1721,0,29,29,29,6,2,6,True,True,False,0.05078774318099022,correct,0
6885,1721,0,2,2,2,2,6,2,True,True,False,0.011939332820475101,correct,0
6886,1721,1,2,2,2,6,2,6,True,True,False,0.011939332820475101,correct,0
6887,1721,1,29,29,29,2,6,7,True,True,False,0.05078774318099022,correct,0
6888,1722,0,25,25,25,24,32,24,True,True,False,0.060230329632759094,correct,0
6889,1722,0,33,33,33,32,24,7,True,True,False,0.009703097864985466,correct,0
6890,1722,1,33,28,33,24,32,24,False,False,False,0.009703097864985466,other,5
6891,1722,1,25,25,25,32,24,32,True,True,False,0.060230329632759094,correct,0
6892,1723,0,4,4,4,6,7,6,True,True,False,0.018777690827846527,correct,0
6893,1723,0,24,45,24,7,6,7,False,False,False,0.015785591676831245,other,21
6894,1723,1,24,24,24,6,7,6,True,True,False,0.015785591676831245,correct,0
6895,1723,1,4,4,4,7,6,7,True,True,False,0.018777690827846527,correct,0
6896,1724,0,5,5,5,16,8,16,True,True,False,0.04671122133731842,correct,0
6897,1724,0,39,39,39,8,16,7,True,True,False,0.0184787604957819,correct,0
6898,1724,1,39,39,39,16,8,16,True,True,False,0.0184787604957819,correct,0
6899,1724,1,5,5,5,8,16,8,True,True,False,0.04671122133731842,correct,0
6900,1725,0,1,27,1,6,7,6,False,False,False,0.046334221959114075,other,26
6901,1725,0,8,8,8,7,6,7,True,True,False,0.03402498736977577,correct,0
6902,1725,1,8,8,8,6,7,6,True,True,False,0.03402498736977577,correct,0
6903,1725,1,1,1,1,7,6,7,True,True,False,0.046334221959114075,correct,0
6904,1726,0,2,2,2,17,37,17,True,True,False,0.017353443428874016,correct,0
6905,1726,0,46,11,46,37,17,37,False,False,False,0.04010939970612526,other,35
6906,1726,1,46,43,46,17,37,0,False,False,False,0.04010939970612526,other,3
6907,1726,1,2,2,2,37,17,0,True,True,False,0.017353443428874016,correct,0
6908,1727,0,32,32,32,28,31,0,True,True,False,0.004553362727165222,correct,0
6909,1727,0,38,38,38,31,28,31,True,True,False,0.0022701951675117016,correct,0
6910,1727,1,38,38,38,28,31,14,True,True,False,0.0022701951675117016,correct,0
6911,1727,1,32,32,32,31,28,31,True,True,False,0.004553362727165222,correct,0
6912,1728,0,23,23,23,2,6,2,True,True,False,0.1679711639881134,correct,0
6913,1728,0,24,24,24,6,2,6,True,True,False,0.037342000752687454,correct,0
6914,1728,1,24,24,24,2,6,2,True,True,False,0.037342000752687454,correct,0
6915,1728,1,23,23,23,6,2,6,True,True,False,0.1679711639881134,correct,0
6916,1729,0,0,0,0,2,11,2,True,True,False,0.05111143738031387,correct,0
6917,1729,0,12,12,12,11,2,11,True,True,False,0.028535207733511925,correct,0
6918,1729,1,12,12,12,2,11,2,True,True,False,0.028535207733511925,correct,0
6919,1729,1,0,0,0,11,2,11,True,True,False,0.05111143738031387,correct,0
6920,1730,0,30,30,30,16,24,16,True,True,False,0.038496244698762894,correct,0
6921,1730,0,18,18,18,24,16,24,True,True,False,0.04933881014585495,correct,0
6922,1730,1,18,18,18,16,24,16,True,True,False,0.04933881014585495,correct,0
6923,1730,1,30,30,30,24,16,24,True,True,False,0.038496244698762894,correct,0
6924,1731,0,16,15,16,15,7,16,False,False,True,0.037975016981363297,off_by_one,1
6925,1731,0,22,22,22,7,15,7,True,True,False,0.0630657821893692,correct,0
6926,1731,1,22,22,22,15,7,15,True,True,False,0.0630657821893692,correct,0
6927,1731,1,16,16,16,7,15,3,True,True,False,0.037975016981363297,correct,0
6928,1732,0,21,21,21,34,24,34,True,True,False,0.03249279409646988,correct,0
6929,1732,0,42,42,42,24,34,24,True,True,False,0.15551865100860596,correct,0
6930,1732,1,42,42,42,34,24,34,True,True,False,0.15551865100860596,correct,0
6931,1732,1,21,21,21,24,34,24,True,True,False,0.03249279409646988,correct,0
6932,1733,0,3,3,3,7,9,7,True,True,False,0.03232193738222122,correct,0
6933,1733,0,27,27,27,9,7,9,True,True,False,0.030169883742928505,correct,0
6934,1733,1,27,27,27,7,9,7,True,True,False,0.030169883742928505,correct,0
6935,1733,1,3,3,3,9,7,9,True,True,False,0.03232193738222122,correct,0
6936,1734,0,31,28,31,6,24,6,False,False,False,0.022434579208493233,other,3
6937,1734,0,38,38,38,24,6,36,True,True,False,0.01846335455775261,correct,0
6938,1734,1,38,38,38,6,24,6,True,True,False,0.01846335455775261,correct,0
6939,1734,1,31,31,31,24,6,24,True,True,False,0.022434579208493233,correct,0
6940,1735,0,24,24,24,6,13,6,True,True,False,0.00628841295838356,correct,0
6941,1735,0,3,3,3,13,6,13,True,True,False,0.035131990909576416,correct,0
6942,1735,1,3,3,3,6,13,6,True,True,False,0.035131990909576416,correct,0
6943,1735,1,24,24,24,13,6,13,True,True,False,0.00628841295838356,correct,0
6944,1736,0,6,6,6,3,12,3,True,True,False,0.05801798030734062,correct,0
6945,1736,0,19,19,19,12,3,12,True,True,False,0.04162196069955826,correct,0
6946,1736,1,19,19,19,3,12,7,True,True,False,0.04162196069955826,correct,0
6947,1736,1,6,6,6,12,3,12,True,True,False,0.05801798030734062,correct,0
6948,1737,0,45,45,45,16,17,16,True,True,False,0.014658469706773758,correct,0
6949,1737,0,12,12,12,17,16,17,True,True,False,0.03430170938372612,correct,0
6950,1737,1,12,12,12,16,17,16,True,True,False,0.03430170938372612,correct,0
6951,1737,1,45,45,45,17,16,17,True,True,False,0.014658469706773758,correct,0
6952,1738,0,1,1,1,4,5,4,True,True,False,0.007546805310994387,correct,0
6953,1738,0,7,7,7,5,4,5,True,True,False,0.02520919032394886,correct,0
6954,1738,1,7,7,7,4,5,4,True,True,False,0.02520919032394886,correct,0
6955,1738,1,1,1,1,5,4,5,True,True,False,0.007546805310994387,correct,0
6956,1739,0,1,1,1,27,36,27,True,True,False,0.030125824734568596,correct,0
6957,1739,0,16,16,16,36,27,36,True,True,False,0.03793033957481384,correct,0
6958,1739,1,16,15,16,27,36,27,False,False,True,0.03793033957481384,off_by_one,1
6959,1739,1,1,27,1,36,27,36,False,False,False,0.030125824734568596,other,26
6960,1740,0,29,29,29,14,7,11,True,True,False,0.023313365876674652,correct,0
6961,1740,0,39,39,39,7,14,7,True,True,False,0.03978846222162247,correct,0
6962,1740,1,39,39,39,14,7,14,True,True,False,0.03978846222162247,correct,0
6963,1740,1,29,29,29,7,14,7,True,True,False,0.023313365876674652,correct,0
6964,1741,0,15,16,15,7,2,7,False,False,True,0.08128272742033005,off_by_one,1
6965,1741,0,9,9,9,2,7,2,True,True,False,0.04254121333360672,correct,0
6966,1741,1,9,9,9,7,2,7,True,True,False,0.04254121333360672,correct,0
6967,1741,1,15,16,15,2,7,2,False,False,True,0.08128272742033005,off_by_one,1
6968,1742,0,36,36,36,16,7,16,True,True,False,0.010853931307792664,correct,0
6969,1742,0,25,25,25,7,16,7,True,True,False,0.02549528330564499,correct,0
6970,1742,1,25,25,25,16,7,16,True,True,False,0.02549528330564499,correct,0
6971,1742,1,36,36,36,7,16,7,True,True,False,0.010853931307792664,correct,0
6972,1743,0,26,26,26,6,24,6,True,True,False,0.024594401940703392,correct,0
6973,1743,0,39,39,39,24,6,24,True,True,False,0.06818373501300812,correct,0
6974,1743,1,39,39,39,6,24,6,True,True,False,0.06818373501300812,correct,0
6975,1743,1,26,26,26,24,6,24,True,True,False,0.024594401940703392,correct,0
6976,1744,0,43,43,43,32,7,32,True,True,False,0.05523018538951874,correct,0
6977,1744,0,26,26,26,7,32,7,True,True,False,0.03418043255805969,correct,0
6978,1744,1,26,26,26,32,7,7,True,True,False,0.03418043255805969,correct,0
6979,1744,1,43,43,43,7,32,24,True,True,False,0.05523018538951874,correct,0
6980,1745,0,48,48,48,26,15,26,True,True,False,0.0283371452242136,correct,0
6981,1745,0,41,41,41,15,26,16,True,True,False,0.04802641272544861,correct,0
6982,1745,1,41,41,41,26,15,26,True,True,False,0.04802641272544861,correct,0
6983,1745,1,48,48,48,15,26,15,True,True,False,0.0283371452242136,correct,0
6984,1746,0,48,48,48,2,6,2,True,True,False,0.03288998454809189,correct,0
6985,1746,0,13,13,13,6,2,6,True,True,False,0.08999785035848618,correct,0
6986,1746,1,13,13,13,2,6,18,True,True,False,0.08999785035848618,correct,0
6987,1746,1,48,48,48,6,2,6,True,True,False,0.03288998454809189,correct,0
6988,1747,0,8,8,8,6,16,6,True,True,False,0.028573837131261826,correct,0
6989,1747,0,22,22,22,16,6,16,True,True,False,0.08640184253454208,correct,0
6990,1747,1,22,22,22,6,16,6,True,True,False,0.08640184253454208,correct,0
6991,1747,1,8,8,8,16,6,11,True,True,False,0.028573837131261826,correct,0
6992,1748,0,30,30,30,25,16,25,True,True,False,0.0070798443630337715,correct,0
6993,1748,0,19,19,19,16,25,16,True,True,False,0.031209472566843033,correct,0
6994,1748,1,19,19,19,25,16,25,True,True,False,0.031209472566843033,correct,0
6995,1748,1,30,30,30,16,25,16,True,True,False,0.0070798443630337715,correct,0
6996,1749,0,3,3,3,14,6,14,True,True,False,0.0319407619535923,correct,0
6997,1749,0,45,45,45,6,14,6,True,True,False,0.04569516330957413,correct,0
6998,1749,1,45,35,45,14,6,14,False,False,False,0.04569516330957413,other,10
6999,1749,1,3,3,3,6,14,6,True,True,False,0.0319407619535923,correct,0
7000,1750,0,2,2,2,0,18,0,True,True,False,0.010686787776648998,correct,0
7001,1750,0,13,13,13,18,0,18,True,True,False,0.059090469032526016,correct,0
7002,1750,1,13,3,13,0,18,0,False,False,False,0.059090469032526016,other,10
7003,1750,1,2,2,2,18,0,18,True,True,False,0.010686787776648998,correct,0
7004,1751,0,26,26,26,38,6,38,True,True,False,0.04208697751164436,correct,0
7005,1751,0,29,10,29,6,38,6,False,False,False,0.047646235674619675,other,19
7006,1751,1,29,29,29,38,6,24,True,True,False,0.047646235674619675,correct,0
7007,1751,1,26,26,26,6,38,6,True,True,False,0.04208697751164436,correct,0
7008,1752,0,14,14,14,6,18,6,True,True,False,0.03634453937411308,correct,0
7009,1752,0,0,0,0,18,6,36,True,True,False,0.029040759429335594,correct,0
7010,1752,1,0,0,0,6,18,6,True,True,False,0.029040759429335594,correct,0
7011,1752,1,14,14,14,18,6,36,True,True,False,0.03634453937411308,correct,0
7012,1753,0,48,48,48,26,0,26,True,True,False,0.0240549985319376,correct,0
7013,1753,0,18,18,18,0,26,15,True,True,False,0.054169662296772,correct,0
7014,1753,1,18,18,18,26,0,26,True,True,False,0.054169662296772,correct,0
7015,1753,1,48,48,48,0,26,0,True,True,False,0.0240549985319376,correct,0
7016,1754,0,0,0,0,14,24,14,True,True,False,0.019079700112342834,correct,0
7017,1754,0,33,33,33,24,14,24,True,True,False,0.018155565485358238,correct,0
7018,1754,1,33,33,33,14,24,14,True,True,False,0.018155565485358238,correct,0
7019,1754,1,0,0,0,24,14,24,True,True,False,0.019079700112342834,correct,0
7020,1755,0,40,40,40,7,6,7,True,True,False,0.02869824692606926,correct,0
7021,1755,0,25,25,25,6,7,6,True,True,False,0.04849594831466675,correct,0
7022,1755,1,25,25,25,7,6,7,True,True,False,0.04849594831466675,correct,0
7023,1755,1,40,46,40,6,7,6,False,False,False,0.02869824692606926,other,6
7024,1756,0,31,31,31,7,6,7,True,True,False,0.027318958193063736,correct,0
7025,1756,0,37,37,37,6,7,6,True,True,False,0.01606983318924904,correct,0
7026,1756,1,37,37,37,7,6,7,True,True,False,0.01606983318924904,correct,0
7027,1756,1,31,31,31,6,7,6,True,True,False,0.027318958193063736,correct,0
7028,1757,0,45,45,45,27,17,27,True,True,False,0.01043393462896347,correct,0
7029,1757,0,20,20,20,17,27,17,True,True,False,0.029090940952301025,correct,0
7030,1757,1,20,20,20,27,17,27,True,True,False,0.029090940952301025,correct,0
7031,1757,1,45,35,45,17,27,17,False,False,False,0.01043393462896347,other,10
7032,1758,0,38,38,38,6,14,6,True,True,False,0.1763467639684677,correct,0
7033,1758,0,21,21,21,14,6,14,True,True,False,0.020189056172966957,correct,0
7034,1758,1,21,21,21,6,14,6,True,True,False,0.020189056172966957,correct,0
7035,1758,1,38,30,38,14,6,6,False,False,False,0.1763467639684677,other,8
7036,1759,0,13,13,13,15,16,1,True,True,False,0.05435815081000328,correct,0
7037,1759,0,28,28,28,16,15,16,True,True,False,0.030348556116223335,correct,0
7038,1759,1,28,28,28,15,16,0,True,True,False,0.030348556116223335,correct,0
7039,1759,1,13,13,13,16,15,16,True,True,False,0.05435815081000328,correct,0
7040,1760,0,44,44,44,26,18,26,True,True,False,0.020191438496112823,correct,0
7041,1760,0,18,18,18,18,26,7,True,True,False,0.0453629344701767,correct,0
7042,1760,1,18,18,18,26,18,26,True,True,False,0.0453629344701767,correct,0
7043,1760,1,44,44,44,18,26,18,True,True,False,0.020191438496112823,correct,0
7044,1761,0,5,5,5,19,2,19,True,True,False,0.032938335090875626,correct,0
7045,1761,0,10,10,10,2,19,2,True,True,False,0.009889326989650726,correct,0
7046,1761,1,10,29,10,19,2,36,False,False,False,0.009889326989650726,other,19
7047,1761,1,5,5,5,2,19,2,True,True,False,0.032938335090875626,correct,0
7048,1762,0,12,12,12,38,7,14,True,True,False,0.049226175993680954,correct,0
7049,1762,0,21,21,21,7,38,7,True,True,False,0.038134731352329254,correct,0
7050,1762,1,21,21,21,38,7,38,True,True,False,0.038134731352329254,correct,0
7051,1762,1,12,12,12,7,38,7,True,True,False,0.049226175993680954,correct,0
7052,1763,0,8,8,8,15,36,15,True,True,False,0.08882199972867966,correct,0
7053,1763,0,4,4,4,36,15,19,True,True,False,0.01282464899122715,correct,0
7054,1763,1,4,4,4,15,36,18,True,True,False,0.01282464899122715,correct,0
7055,1763,1,8,44,8,36,15,6,False,False,False,0.08882199972867966,other,36
7056,1764,0,48,48,48,14,16,14,True,True,False,0.007875297218561172,correct,0
7057,1764,0,10,10,10,16,14,11,True,True,False,0.03227388486266136,correct,0
7058,1764,1,10,10,10,14,16,16,True,True,False,0.03227388486266136,correct,0
7059,1764,1,48,22,48,16,14,16,False,False,False,0.007875297218561172,other,26
7060,1765,0,43,43,43,7,36,7,True,True,False,0.007613679394125938,correct,0
7061,1765,0,5,5,5,36,7,36,True,True,False,0.04124929755926132,correct,0
7062,1765,1,5,5,5,7,36,7,True,True,False,0.04124929755926132,correct,0
7063,1765,1,43,43,43,36,7,36,True,True,False,0.007613679394125938,correct,0
7064,1766,0,43,43,43,1,7,1,True,True,False,0.028080904856324196,correct,0
7065,1766,0,19,19,19,7,1,7,True,True,False,0.012876882217824459,correct,0
7066,1766,1,19,19,19,1,7,1,True,True,False,0.012876882217824459,correct,0
7067,1766,1,43,43,43,7,1,7,True,True,False,0.028080904856324196,correct,0
7068,1767,0,1,1,1,12,14,12,True,True,False,0.008501681499183178,correct,0
7069,1767,0,35,35,35,14,12,14,True,True,False,0.04837517440319061,correct,0
7070,1767,1,35,35,35,12,14,12,True,True,False,0.04837517440319061,correct,0
7071,1767,1,1,1,1,14,12,14,True,True,False,0.008501681499183178,correct,0
7072,1768,0,32,32,32,18,26,24,True,True,False,0.05514801666140556,correct,0
7073,1768,0,22,22,22,26,18,26,True,True,False,0.08239739388227463,correct,0
7074,1768,1,22,22,22,18,26,18,True,True,False,0.08239739388227463,correct,0
7075,1768,1,32,32,32,26,18,26,True,True,False,0.05514801666140556,correct,0
7076,1769,0,2,2,2,14,38,14,True,True,False,0.018154853954911232,correct,0
7077,1769,0,47,47,47,38,14,0,True,True,False,0.028466707095503807,correct,0
7078,1769,1,47,47,47,14,38,20,True,True,False,0.028466707095503807,correct,0
7079,1769,1,2,2,2,38,14,38,True,True,False,0.018154853954911232,correct,0
7080,1770,0,34,5,34,6,18,6,False,False,False,0.019905660301446915,other,29
7081,1770,0,13,13,13,18,6,18,True,True,False,0.04516660422086716,correct,0
7082,1770,1,13,13,13,6,18,6,True,True,False,0.04516660422086716,correct,0
7083,1770,1,34,34,34,18,6,18,True,True,False,0.019905660301446915,correct,0
7084,1771,0,27,27,27,18,14,18,True,True,False,0.017221800982952118,correct,0
7085,1771,0,4,4,4,14,18,14,True,True,False,0.0300211850553751,correct,0
7086,1771,1,4,4,4,18,14,18,True,True,False,0.0300211850553751,correct,0
7087,1771,1,27,27,27,14,18,14,True,True,False,0.017221800982952118,correct,0
7088,1772,0,14,14,14,18,16,18,True,True,False,0.017553266137838364,correct,0
7089,1772,0,48,48,48,16,18,16,True,True,False,0.033237531781196594,correct,0
7090,1772,1,48,48,48,18,16,18,True,True,False,0.033237531781196594,correct,0
7091,1772,1,14,14,14,16,18,16,True,True,False,0.017553266137838364,correct,0
7092,1773,0,30,30,30,6,18,6,True,True,False,0.033279675990343094,correct,0
7093,1773,0,21,21,21,18,6,18,True,True,False,0.03859219700098038,correct,0
7094,1773,1,21,21,21,6,18,6,True,True,False,0.03859219700098038,correct,0
7095,1773,1,30,30,30,18,6,18,True,True,False,0.033279675990343094,correct,0
7096,1774,0,21,21,21,6,36,6,True,True,False,0.10272852331399918,correct,0
7097,1774,0,11,27,11,36,6,36,False,False,False,0.035836078226566315,other,16
7098,1774,1,11,11,11,6,36,6,True,True,False,0.035836078226566315,correct,0
7099,1774,1,21,21,21,36,6,18,True,True,False,0.10272852331399918,correct,0
7100,1775,0,4,4,4,15,1,24,True,True,False,0.002762304153293371,correct,0
7101,1775,0,1,1,1,1,15,1,True,True,False,0.019991176202893257,correct,0
7102,1775,1,1,1,1,15,1,15,True,True,False,0.019991176202893257,correct,0
7103,1775,1,4,4,4,1,15,1,True,True,False,0.002762304153293371,correct,0
7104,1776,0,48,48,48,6,0,6,True,True,False,0.02164146490395069,correct,0
7105,1776,0,26,26,26,0,6,0,True,True,False,0.07684046775102615,correct,0
7106,1776,1,26,26,26,6,0,6,True,True,False,0.07684046775102615,correct,0
7107,1776,1,48,48,48,0,6,0,True,True,False,0.02164146490395069,correct,0
7108,1777,0,0,0,0,24,7,24,True,True,False,0.055065251886844635,correct,0
7109,1777,0,35,35,35,7,24,7,True,True,False,0.009558984078466892,correct,0
7110,1777,1,35,35,35,24,7,24,True,True,False,0.009558984078466892,correct,0
7111,1777,1,0,0,0,7,24,7,True,True,False,0.055065251886844635,correct,0
7112,1778,0,42,42,42,8,9,8,True,True,False,0.12995776534080505,correct,0
7113,1778,0,24,29,24,9,8,6,False,False,False,0.07393554598093033,other,5
7114,1778,1,24,24,24,8,9,8,True,True,False,0.07393554598093033,correct,0
7115,1778,1,42,42,42,9,8,9,True,True,False,0.12995776534080505,correct,0
7116,1779,0,38,38,38,1,18,1,True,True,False,0.004331008065491915,correct,0
7117,1779,0,29,29,29,18,1,24,True,True,False,0.04242711886763573,correct,0
7118,1779,1,29,11,29,1,18,18,False,False,False,0.04242711886763573,other,18
7119,1779,1,38,38,38,18,1,18,True,True,False,0.004331008065491915,correct,0
7120,1780,0,34,34,34,15,14,15,True,True,False,0.03311527147889137,correct,0
7121,1780,0,40,11,40,14,15,24,False,False,False,0.17333035171031952,other,29
7122,1780,1,40,40,40,15,14,16,True,True,False,0.17333035171031952,correct,0
7123,1780,1,34,34,34,14,15,14,True,True,False,0.03311527147889137,correct,0
7124,1781,0,1,12,1,0,2,0,False,False,False,0.059757448732852936,other,11
7125,1781,0,26,26,26,2,0,2,True,True,False,0.0434115044772625,correct,0
7126,1781,1,26,26,26,0,2,0,True,True,False,0.0434115044772625,correct,0
7127,1781,1,1,1,1,2,0,6,True,True,False,0.059757448732852936,correct,0
7128,1782,0,7,7,7,7,16,7,True,True,False,0.05498592555522919,correct,0
7129,1782,0,19,19,19,16,7,16,True,True,False,0.044509559869766235,correct,0
7130,1782,1,19,19,19,7,16,24,True,True,False,0.044509559869766235,correct,0
7131,1782,1,7,7,7,16,7,16,True,True,False,0.05498592555522919,correct,0
7132,1783,0,32,32,32,0,4,0,True,True,False,0.00965146068483591,correct,0
7133,1783,0,35,35,35,4,0,4,True,True,False,0.014177311211824417,correct,0
7134,1783,1,35,35,35,0,4,0,True,True,False,0.014177311211824417,correct,0
7135,1783,1,32,32,32,4,0,4,True,True,False,0.00965146068483591,correct,0
7136,1784,0,39,39,39,12,14,12,True,True,False,0.019621724262833595,correct,0
7137,1784,0,21,21,21,14,12,14,True,True,False,0.03824029490351677,correct,0
7138,1784,1,21,21,21,12,14,6,True,True,False,0.03824029490351677,correct,0
7139,1784,1,39,39,39,14,12,14,True,True,False,0.019621724262833595,correct,0
7140,1785,0,6,6,6,16,24,16,True,True,False,0.0658431351184845,correct,0
7141,1785,0,20,20,20,24,16,24,True,True,False,0.01997639797627926,correct,0
7142,1785,1,20,20,20,16,24,16,True,True,False,0.01997639797627926,correct,0
7143,1785,1,6,6,6,24,16,2,True,True,False,0.0658431351184845,correct,0
7144,1786,0,28,28,28,17,15,17,True,True,False,0.021174205467104912,correct,0
7145,1786,0,23,23,23,15,17,15,True,True,False,0.02257859706878662,correct,0
7146,1786,1,23,23,23,17,15,17,True,True,False,0.02257859706878662,correct,0
7147,1786,1,28,28,28,15,17,15,True,True,False,0.021174205467104912,correct,0
7148,1787,0,41,41,41,2,8,2,True,True,False,0.030921490862965584,correct,0
7149,1787,0,29,29,29,8,2,12,True,True,False,0.03383791446685791,correct,0
7150,1787,1,29,29,29,2,8,6,True,True,False,0.03383791446685791,correct,0
7151,1787,1,41,41,41,8,2,8,True,True,False,0.030921490862965584,correct,0
7152,1788,0,27,36,27,27,36,27,False,False,False,0.005528753157705069,other,9
7153,1788,0,5,5,5,36,27,36,True,True,False,0.024860680103302002,correct,0
7154,1788,1,5,5,5,27,36,27,True,True,False,0.024860680103302002,correct,0
7155,1788,1,27,27,27,36,27,36,True,True,False,0.005528753157705069,correct,0
7156,1789,0,28,28,28,6,2,6,True,True,False,0.00513075664639473,correct,0
7157,1789,0,38,38,38,2,6,2,True,True,False,0.015454807318747044,correct,0
7158,1789,1,38,38,38,6,2,6,True,True,False,0.015454807318747044,correct,0
7159,1789,1,28,28,28,2,6,2,True,True,False,0.00513075664639473,correct,0
7160,1790,0,24,35,24,34,29,34,False,False,False,0.018683472648262978,other,11
7161,1790,0,46,46,46,29,34,5,True,True,False,0.03857717290520668,correct,0
7162,1790,1,46,46,46,34,29,34,True,True,False,0.03857717290520668,correct,0
7163,1790,1,24,24,24,29,34,29,True,True,False,0.018683472648262978,correct,0
7164,1791,0,32,33,32,24,16,24,False,False,True,0.031117064878344536,off_by_one,1
7165,1791,0,29,11,29,16,24,16,False,False,False,0.043832797557115555,other,18
7166,1791,1,29,29,29,24,16,4,True,True,False,0.043832797557115555,correct,0
7167,1791,1,32,32,32,16,24,16,True,True,False,0.031117064878344536,correct,0
7168,1792,0,28,29,28,5,0,5,False,False,True,0.009822350926697254,off_by_one,1
7169,1792,0,31,31,31,0,5,0,True,True,False,0.050428662449121475,correct,0
7170,1792,1,31,31,31,5,0,5,True,True,False,0.050428662449121475,correct,0
7171,1792,1,28,28,28,0,5,0,True,True,False,0.009822350926697254,correct,0
7172,1793,0,7,7,7,1,0,1,True,True,False,0.008453929796814919,correct,0
7173,1793,0,0,0,0,0,1,0,True,True,False,0.014195010997354984,correct,0
7174,1793,1,0,0,0,1,0,1,True,True,False,0.014195010997354984,correct,0
7175,1793,1,7,7,7,0,1,0,True,True,False,0.008453929796814919,correct,0
7176,1794,0,40,40,40,2,6,2,True,True,False,0.020226551219820976,correct,0
7177,1794,0,46,17,46,6,2,6,False,False,False,0.030065150931477547,other,29
7178,1794,1,46,46,46,2,6,2,True,True,False,0.030065150931477547,correct,0
7179,1794,1,40,40,40,6,2,6,True,True,False,0.020226551219820976,correct,0
7180,1795,0,48,48,48,4,2,4,True,True,False,0.01063366699963808,correct,0
7181,1795,0,7,7,7,2,4,2,True,True,False,0.022094186395406723,correct,0
7182,1795,1,7,7,7,4,2,6,True,True,False,0.022094186395406723,correct,0
7183,1795,1,48,48,48,2,4,2,True,True,False,0.01063366699963808,correct,0
7184,1796,0,21,21,21,16,1,16,True,True,False,0.027031494304537773,correct,0
7185,1796,0,18,18,18,1,16,1,True,True,False,0.020660679787397385,correct,0
7186,1796,1,18,18,18,16,1,16,True,True,False,0.020660679787397385,correct,0
7187,1796,1,21,21,21,1,16,1,True,True,False,0.027031494304537773,correct,0
7188,1797,0,30,30,30,6,24,6,True,True,False,0.011631797067821026,correct,0
7189,1797,0,21,21,21,24,6,24,True,True,False,0.018224366009235382,correct,0
7190,1797,1,21,21,21,6,24,6,True,True,False,0.018224366009235382,correct,0
7191,1797,1,30,30,30,24,6,24,True,True,False,0.011631797067821026,correct,0
7192,1798,0,34,34,34,36,24,24,True,True,False,0.022340713068842888,correct,0
7193,1798,0,1,1,1,24,36,7,True,True,False,0.06455037742853165,correct,0
7194,1798,1,1,1,1,36,24,36,True,True,False,0.06455037742853165,correct,0
7195,1798,1,34,34,34,24,36,24,True,True,False,0.022340713068842888,correct,0
7196,1799,0,0,0,0,18,16,18,True,True,False,0.04704030603170395,correct,0
7197,1799,0,32,32,32,16,18,16,True,True,False,0.01615893840789795,correct,0
7198,1799,1,32,32,32,18,16,18,True,True,False,0.01615893840789795,correct,0
7199,1799,1,0,0,0,16,18,16,True,True,False,0.04704030603170395,correct,0
7200,1800,0,40,36,40,10,8,10,False,False,False,0.01457814872264862,other,4
7201,1800,0,41,41,41,8,10,8,True,True,False,0.03376033902168274,correct,0
7202,1800,1,41,41,41,10,8,10,True,True,False,0.03376033902168274,correct,0
7203,1800,1,40,40,40,8,10,8,True,True,False,0.01457814872264862,correct,0
7204,1801,0,36,36,36,14,7,14,True,True,False,0.004862026311457157,correct,0
7205,1801,0,42,42,42,7,14,7,True,True,False,0.04213051497936249,correct,0
7206,1801,1,42,42,42,14,7,14,True,True,False,0.04213051497936249,correct,0
7207,1801,1,36,36,36,7,14,21,True,True,False,0.004862026311457157,correct,0
7208,1802,0,0,0,0,20,14,7,True,True,False,0.037213683128356934,correct,0
7209,1802,0,8,8,8,14,20,14,True,True,False,0.023348640650510788,correct,0
7210,1802,1,8,8,8,20,14,37,True,True,False,0.023348640650510788,correct,0
7211,1802,1,0,0,0,14,20,14,True,True,False,0.037213683128356934,correct,0
7212,1803,0,40,40,40,6,7,6,True,True,False,0.01672641932964325,correct,0
7213,1803,0,20,20,20,7,6,7,True,True,False,0.05927939713001251,correct,0
7214,1803,1,20,20,20,6,7,6,True,True,False,0.05927939713001251,correct,0
7215,1803,1,40,40,40,7,6,7,True,True,False,0.01672641932964325,correct,0
7216,1804,0,38,38,38,3,17,3,True,True,False,0.007309150882065296,correct,0
7217,1804,0,26,26,26,17,3,17,True,True,False,0.0099543621763587,correct,0
7218,1804,1,26,26,26,3,17,3,True,True,False,0.0099543621763587,correct,0
7219,1804,1,38,38,38,17,3,17,True,True,False,0.007309150882065296,correct,0
7220,1805,0,31,31,31,18,14,18,True,True,False,0.04258009418845177,correct,0
7221,1805,0,38,38,38,14,18,14,True,True,False,0.02509346604347229,correct,0
7222,1805,1,38,38,38,18,14,18,True,True,False,0.02509346604347229,correct,0
7223,1805,1,31,31,31,14,18,14,True,True,False,0.04258009418845177,correct,0
7224,1806,0,48,48,48,26,6,26,True,True,False,0.06072084605693817,correct,0
7225,1806,0,34,34,34,6,26,12,True,True,False,0.029767949134111404,correct,0
7226,1806,1,34,34,34,26,6,26,True,True,False,0.029767949134111404,correct,0
7227,1806,1,48,48,48,6,26,6,True,True,False,0.06072084605693817,correct,0
7228,1807,0,19,19,19,16,6,16,True,True,False,0.07429368793964386,correct,0
7229,1807,0,15,15,15,6,16,6,True,True,False,0.022021668031811714,correct,0
7230,1807,1,15,16,15,16,6,14,False,False,True,0.022021668031811714,off_by_one,1
7231,1807,1,19,19,19,6,16,6,True,True,False,0.07429368793964386,correct,0
7232,1808,0,39,39,39,16,1,16,True,True,False,0.017802057787775993,correct,0
7233,1808,0,28,28,28,1,16,1,True,True,False,0.01616254635155201,correct,0
7234,1808,1,28,29,28,16,1,16,False,False,True,0.01616254635155201,off_by_one,1
7235,1808,1,39,39,39,1,16,7,True,True,False,0.017802057787775993,correct,0
7236,1809,0,39,39,39,15,7,7,True,True,False,0.02203233726322651,correct,0
7237,1809,0,27,27,27,7,15,7,True,True,False,0.03601070120930672,correct,0
7238,1809,1,27,27,27,15,7,16,True,True,False,0.03601070120930672,correct,0
7239,1809,1,39,39,39,7,15,7,True,True,False,0.02203233726322651,correct,0
7240,1810,0,19,19,19,16,7,16,True,True,False,0.03317665681242943,correct,0
7241,1810,0,28,28,28,7,16,7,True,True,False,0.023344499990344048,correct,0
7242,1810,1,28,28,28,16,7,16,True,True,False,0.023344499990344048,correct,0
7243,1810,1,19,19,19,7,16,7,True,True,False,0.03317665681242943,correct,0
7244,1811,0,18,18,18,27,36,27,True,True,False,0.008831816725432873,correct,0
7245,1811,0,30,30,30,36,27,24,True,True,False,0.014025470241904259,correct,0
7246,1811,1,30,30,30,27,36,27,True,True,False,0.014025470241904259,correct,0
7247,1811,1,18,18,18,36,27,36,True,True,False,0.008831816725432873,correct,0
7248,1812,0,12,12,12,17,14,17,True,True,False,0.03320597484707832,correct,0
7249,1812,0,37,37,37,14,17,14,True,True,False,0.025062382221221924,correct,0
7250,1812,1,37,37,37,17,14,17,True,True,False,0.025062382221221924,correct,0
7251,1812,1,12,12,12,14,17,14,True,True,False,0.03320597484707832,correct,0
7252,1813,0,38,38,38,6,36,6,True,True,False,0.03623469918966293,correct,0
7253,1813,0,40,40,40,36,6,36,True,True,False,0.054441872984170914,correct,0
7254,1813,1,40,40,40,6,36,6,True,True,False,0.054441872984170914,correct,0
7255,1813,1,38,9,38,36,6,36,False,False,False,0.03623469918966293,other,29
7256,1814,0,9,9,9,20,24,20,True,True,False,0.03214611858129501,correct,0
7257,1814,0,36,3,36,24,20,7,False,False,False,0.0422993041574955,other,33
7258,1814,1,36,36,36,20,24,20,True,True,False,0.0422993041574955,correct,0
7259,1814,1,9,9,9,24,20,7,True,True,False,0.03214611858129501,correct,0
7260,1815,0,29,29,29,36,18,20,True,True,False,0.059490833431482315,correct,0
7261,1815,0,43,43,43,18,36,18,True,True,False,0.014392929151654243,correct,0
7262,1815,1,43,43,43,36,18,36,True,True,False,0.014392929151654243,correct,0
7263,1815,1,29,1,29,18,36,18,False,False,False,0.059490833431482315,other,28
7264,1816,0,9,9,9,2,6,2,True,True,False,0.005785848014056683,correct,0
7265,1816,0,26,26,26,6,2,6,True,True,False,0.04665921628475189,correct,0
7266,1816,1,26,26,26,2,6,2,True,True,False,0.04665921628475189,correct,0
7267,1816,1,9,9,9,6,2,6,True,True,False,0.005785848014056683,correct,0
7268,1817,0,24,24,24,0,16,0,True,True,False,0.01202043704688549,correct,0
7269,1817,0,42,42,42,16,0,17,True,True,False,0.10701605677604675,correct,0
7270,1817,1,42,42,42,0,16,0,True,True,False,0.10701605677604675,correct,0
7271,1817,1,24,24,24,16,0,0,True,True,False,0.01202043704688549,correct,0
7272,1818,0,44,44,44,6,15,6,True,True,False,0.015148390084505081,correct,0
7273,1818,0,27,27,27,15,6,15,True,True,False,0.010888633318245411,correct,0
7274,1818,1,27,27,27,6,15,6,True,True,False,0.010888633318245411,correct,0
7275,1818,1,44,44,44,15,6,15,True,True,False,0.015148390084505081,correct,0
7276,1819,0,6,6,6,7,36,7,True,True,False,0.028741614893078804,correct,0
7277,1819,0,4,4,4,36,7,19,True,True,False,0.14031709730625153,correct,0
7278,1819,1,4,32,4,7,36,24,False,False,False,0.14031709730625153,other,28
7279,1819,1,6,6,6,36,7,36,True,True,False,0.028741614893078804,correct,0
7280,1820,0,29,29,29,7,2,7,True,True,False,0.04946289584040642,correct,0
7281,1820,0,22,22,22,2,7,2,True,True,False,0.06883806735277176,correct,0
7282,1820,1,22,22,22,7,2,7,True,True,False,0.06883806735277176,correct,0
7283,1820,1,29,29,29,2,7,6,True,True,False,0.04946289584040642,correct,0
7284,1821,0,30,30,30,2,1,2,True,True,False,0.10551587492227554,correct,0
7285,1821,0,28,29,28,1,2,1,False,False,True,0.06118965148925781,off_by_one,1
7286,1821,1,28,28,28,2,1,2,True,True,False,0.06118965148925781,correct,0
7287,1821,1,30,30,30,1,2,1,True,True,False,0.10551587492227554,correct,0
7288,1822,0,41,41,41,5,4,5,True,True,False,0.2163456678390503,correct,0
7289,1822,0,34,34,34,4,5,4,True,True,False,0.013835457153618336,correct,0
7290,1822,1,34,34,34,5,4,5,True,True,False,0.013835457153618336,correct,0
7291,1822,1,41,41,41,4,5,4,True,True,False,0.2163456678390503,correct,0
7292,1823,0,2,2,2,6,19,6,True,True,False,0.0437193289399147,correct,0
7293,1823,0,15,5,15,19,6,19,False,False,False,0.13855278491973877,other,10
7294,1823,1,15,15,15,6,19,6,True,True,False,0.13855278491973877,correct,0
7295,1823,1,2,2,2,19,6,19,True,True,False,0.0437193289399147,correct,0
7296,1824,0,19,20,19,7,0,7,False,False,True,0.008965594694018364,off_by_one,1
7297,1824,0,45,45,45,0,7,0,True,True,False,0.014484054408967495,correct,0
7298,1824,1,45,24,45,7,0,7,False,False,False,0.014484054408967495,other,21
7299,1824,1,19,19,19,0,7,0,True,True,False,0.008965594694018364,correct,0
7300,1825,0,8,8,8,7,2,7,True,True,False,0.01207277737557888,correct,0
7301,1825,0,48,48,48,2,7,2,True,True,False,0.016358206048607826,correct,0
7302,1825,1,48,48,48,7,2,20,True,True,False,0.016358206048607826,correct,0
7303,1825,1,8,8,8,2,7,2,True,True,False,0.01207277737557888,correct,0
7304,1826,0,28,28,28,27,6,27,True,True,False,0.03272116184234619,correct,0
7305,1826,0,42,42,42,6,27,6,True,True,False,0.06012704223394394,correct,0
7306,1826,1,42,42,42,27,6,27,True,True,False,0.06012704223394394,correct,0
7307,1826,1,28,12,28,6,27,6,False,False,False,0.03272116184234619,other,16
7308,1827,0,26,26,26,18,15,24,True,True,False,0.007579671684652567,correct,0
7309,1827,0,18,18,18,15,18,11,True,True,False,0.04861292615532875,correct,0
7310,1827,1,18,18,18,18,15,18,True,True,False,0.04861292615532875,correct,0
7311,1827,1,26,26,26,15,18,15,True,True,False,0.007579671684652567,correct,0
7312,1828,0,48,48,48,18,15,18,True,True,False,0.009192058816552162,correct,0
7313,1828,0,43,43,43,15,18,15,True,True,False,0.032459601759910583,correct,0
7314,1828,1,43,43,43,18,15,18,True,True,False,0.032459601759910583,correct,0
7315,1828,1,48,48,48,15,18,15,True,True,False,0.009192058816552162,correct,0
7316,1829,0,18,18,18,6,14,6,True,True,False,0.05570283159613609,correct,0
7317,1829,0,27,27,27,14,6,14,True,True,False,0.07378441840410233,correct,0
7318,1829,1,27,27,27,6,14,6,True,True,False,0.07378441840410233,correct,0
7319,1829,1,18,18,18,14,6,14,True,True,False,0.05570283159613609,correct,0
7320,1830,0,24,24,24,10,8,10,True,True,False,0.015169436112046242,correct,0
7321,1830,0,7,7,7,8,10,8,True,True,False,0.051048681139945984,correct,0
7322,1830,1,7,7,7,10,8,10,True,True,False,0.051048681139945984,correct,0
7323,1830,1,24,24,24,8,10,8,True,True,False,0.015169436112046242,correct,0
7324,1831,0,2,2,2,15,16,15,True,True,False,0.017924964427947998,correct,0
7325,1831,0,12,12,12,16,15,14,True,True,False,0.006844233721494675,correct,0
7326,1831,1,12,12,12,15,16,15,True,True,False,0.006844233721494675,correct,0
7327,1831,1,2,2,2,16,15,16,True,True,False,0.017924964427947998,correct,0
7328,1832,0,10,10,10,2,6,17,True,True,False,0.05019674450159073,correct,0
7329,1832,0,0,0,0,6,2,6,True,True,False,0.024116186425089836,correct,0
7330,1832,1,0,0,0,2,6,2,True,True,False,0.024116186425089836,correct,0
7331,1832,1,10,10,10,6,2,6,True,True,False,0.05019674450159073,correct,0
7332,1833,0,0,0,0,36,27,36,True,True,False,0.03755689412355423,correct,0
7333,1833,0,26,26,26,27,36,27,True,True,False,0.012905916199088097,correct,0
7334,1833,1,26,26,26,36,27,36,True,True,False,0.012905916199088097,correct,0
7335,1833,1,0,0,0,27,36,27,True,True,False,0.03755689412355423,correct,0
7336,1834,0,22,22,22,6,18,6,True,True,False,0.0789392963051796,correct,0
7337,1834,0,11,29,11,18,6,18,False,False,False,0.023000143468379974,other,18
7338,1834,1,11,29,11,6,18,6,False,False,False,0.023000143468379974,other,18
7339,1834,1,22,22,22,18,6,18,True,True,False,0.0789392963051796,correct,0
7340,1835,0,45,45,45,14,6,14,True,True,False,0.006894564721733332,correct,0
7341,1835,0,23,23,23,6,14,6,True,True,False,0.04970431700348854,correct,0
7342,1835,1,23,23,23,14,6,14,True,True,False,0.04970431700348854,correct,0
7343,1835,1,45,45,45,6,14,6,True,True,False,0.006894564721733332,correct,0
7344,1836,0,43,43,43,7,23,7,True,True,False,0.04716883599758148,correct,0
7345,1836,0,3,3,3,23,7,23,True,True,False,0.010600941255688667,correct,0
7346,1836,1,3,3,3,7,23,7,True,True,False,0.010600941255688667,correct,0
7347,1836,1,43,33,43,23,7,23,False,False,False,0.04716883599758148,other,10
7348,1837,0,45,45,45,15,6,15,True,True,False,0.02687886916100979,correct,0
7349,1837,0,17,28,17,6,15,6,False,False,False,0.01241263747215271,other,11
7350,1837,1,17,17,17,15,6,11,True,True,False,0.01241263747215271,correct,0
7351,1837,1,45,45,45,6,15,6,True,True,False,0.02687886916100979,correct,0
7352,1838,0,2,2,2,4,5,4,True,True,False,0.004052718635648489,correct,0
7353,1838,0,44,44,44,5,4,5,True,True,False,0.019690388813614845,correct,0
7354,1838,1,44,44,44,4,5,4,True,True,False,0.019690388813614845,correct,0
7355,1838,1,2,2,2,5,4,5,True,True,False,0.004052718635648489,correct,0
7356,1839,0,20,20,20,15,8,15,True,True,False,0.035425592213869095,correct,0
7357,1839,0,36,36,36,8,15,8,True,True,False,0.013810756616294384,correct,0
7358,1839,1,36,36,36,15,8,15,True,True,False,0.013810756616294384,correct,0
7359,1839,1,20,20,20,8,15,7,True,True,False,0.035425592213869095,correct,0
7360,1840,0,46,46,46,14,16,14,True,True,False,0.039136115461587906,correct,0
7361,1840,0,22,22,22,16,14,16,True,True,False,0.020211972296237946,correct,0
7362,1840,1,22,22,22,14,16,14,True,True,False,0.020211972296237946,correct,0
7363,1840,1,46,46,46,16,14,0,True,True,False,0.039136115461587906,correct,0
7364,1841,0,30,31,30,15,16,18,False,False,True,0.041965071111917496,off_by_one,1
7365,1841,0,0,0,0,16,15,0,True,True,False,0.013108738698065281,correct,0
7366,1841,1,0,0,0,15,16,15,True,True,False,0.013108738698065281,correct,0
7367,1841,1,30,30,30,16,15,14,True,True,False,0.041965071111917496,correct,0
7368,1842,0,48,48,48,18,31,18,True,True,False,0.025956012308597565,correct,0
7369,1842,0,38,38,38,31,18,31,True,True,False,0.0265182051807642,correct,0
7370,1842,1,38,38,38,18,31,18,True,True,False,0.0265182051807642,correct,0
7371,1842,1,48,48,48,31,18,14,True,True,False,0.025956012308597565,correct,0
7372,1843,0,25,25,25,7,36,7,True,True,False,0.028785215690732002,correct,0
7373,1843,0,6,6,6,36,7,36,True,True,False,0.028741614893078804,correct,0
7374,1843,1,6,6,6,7,36,7,True,True,False,0.028741614893078804,correct,0
7375,1843,1,25,25,25,36,7,36,True,True,False,0.028785215690732002,correct,0
7376,1844,0,8,8,8,7,18,7,True,True,False,0.06658954173326492,correct,0
7377,1844,0,22,22,22,18,7,18,True,True,False,0.08482080698013306,correct,0
7378,1844,1,22,22,22,7,18,7,True,True,False,0.08482080698013306,correct,0
7379,1844,1,8,8,8,18,7,18,True,True,False,0.06658954173326492,correct,0
7380,1845,0,29,29,29,16,18,16,True,True,False,0.04710718244314194,correct,0
7381,1845,0,15,15,15,18,16,8,True,True,False,0.015426085330545902,correct,0
7382,1845,1,15,15,15,16,18,16,True,True,False,0.015426085330545902,correct,0
7383,1845,1,29,29,29,18,16,18,True,True,False,0.04710718244314194,correct,0
7384,1846,0,11,11,11,15,6,15,True,True,False,0.0218194667249918,correct,0
7385,1846,0,6,6,6,6,15,6,True,True,False,0.0737018957734108,correct,0
7386,1846,1,6,6,6,15,6,15,True,True,False,0.0737018957734108,correct,0
7387,1846,1,11,10,11,6,15,6,False,False,True,0.0218194667249918,off_by_one,1
7388,1847,0,11,11,11,19,7,18,True,True,False,0.006908143404871225,correct,0
7389,1847,0,27,27,27,7,19,7,True,True,False,0.01863584667444229,correct,0
7390,1847,1,27,28,27,19,7,19,False,False,True,0.01863584667444229,off_by_one,1
7391,1847,1,11,11,11,7,19,15,True,True,False,0.006908143404871225,correct,0
7392,1848,0,18,18,18,17,6,17,True,True,False,0.028899310156702995,correct,0
7393,1848,0,1,1,1,6,17,6,True,True,False,0.03084925375878811,correct,0
7394,1848,1,1,1,1,17,6,17,True,True,False,0.03084925375878811,correct,0
7395,1848,1,18,18,18,6,17,6,True,True,False,0.028899310156702995,correct,0
7396,1849,0,31,31,31,15,14,1,True,True,False,0.02815723419189453,correct,0
7397,1849,0,25,25,25,14,15,14,True,True,False,0.015892423689365387,correct,0
7398,1849,1,25,25,25,15,14,15,True,True,False,0.015892423689365387,correct,0
7399,1849,1,31,31,31,14,15,16,True,True,False,0.02815723419189453,correct,0
7400,1850,0,20,20,20,7,16,7,True,True,False,0.018336966633796692,correct,0
7401,1850,0,33,33,33,16,7,16,True,True,False,0.020529722794890404,correct,0
7402,1850,1,33,33,33,7,16,7,True,True,False,0.020529722794890404,correct,0
7403,1850,1,20,20,20,16,7,16,True,True,False,0.018336966633796692,correct,0
7404,1851,0,25,25,25,6,0,6,True,True,False,0.026519911363720894,correct,0
7405,1851,0,33,33,33,0,6,0,True,True,False,0.030641421675682068,correct,0
7406,1851,1,33,33,33,6,0,6,True,True,False,0.030641421675682068,correct,0
7407,1851,1,25,25,25,0,6,0,True,True,False,0.026519911363720894,correct,0
7408,1852,0,48,48,48,36,7,36,True,True,False,0.027188079431653023,correct,0
7409,1852,0,45,45,45,7,36,7,True,True,False,0.004988897126168013,correct,0
7410,1852,1,45,45,45,36,7,36,True,True,False,0.004988897126168013,correct,0
7411,1852,1,48,48,48,7,36,7,True,True,False,0.027188079431653023,correct,0
7412,1853,0,2,2,2,14,7,14,True,True,False,0.04995065554976463,correct,0
7413,1853,0,22,22,22,7,14,7,True,True,False,0.05742013826966286,correct,0
7414,1853,1,22,22,22,14,7,14,True,True,False,0.05742013826966286,correct,0
7415,1853,1,2,48,2,7,14,24,False,False,False,0.04995065554976463,other,46
7416,1854,0,29,29,29,6,2,6,True,True,False,0.003713134443387389,correct,0
7417,1854,0,24,24,24,2,6,2,True,True,False,0.02667556144297123,correct,0
7418,1854,1,24,24,24,6,2,6,True,True,False,0.02667556144297123,correct,0
7419,1854,1,29,29,29,2,6,6,True,True,False,0.003713134443387389,correct,0
7420,1855,0,35,35,35,9,7,9,True,True,False,0.04735330492258072,correct,0
7421,1855,0,28,28,28,7,9,7,True,True,False,0.03767535462975502,correct,0
7422,1855,1,28,28,28,9,7,9,True,True,False,0.03767535462975502,correct,0
7423,1855,1,35,35,35,7,9,7,True,True,False,0.04735330492258072,correct,0
7424,1856,0,0,2,0,38,24,38,False,False,False,0.019852180033922195,other,2
7425,1856,0,2,2,2,24,38,7,True,True,False,0.02962319739162922,correct,0
7426,1856,1,2,2,2,38,24,38,True,True,False,0.02962319739162922,correct,0
7427,1856,1,0,0,0,24,38,24,True,True,False,0.019852180033922195,correct,0
7428,1857,0,24,24,24,36,18,36,True,True,False,0.011916770599782467,correct,0
7429,1857,0,34,34,34,18,36,24,True,True,False,0.004180326126515865,correct,0
7430,1857,1,34,34,34,36,18,2,True,True,False,0.004180326126515865,correct,0
7431,1857,1,24,24,24,18,36,18,True,True,False,0.011916770599782467,correct,0
7432,1858,0,0,0,0,28,31,28,True,True,False,0.012409685179591179,correct,0
7433,1858,0,9,9,9,31,28,31,True,True,False,0.01614888198673725,correct,0
7434,1858,1,9,38,9,28,31,14,False,False,False,0.01614888198673725,other,29
7435,1858,1,0,32,0,31,28,31,False,False,False,0.012409685179591179,other,32
7436,1859,0,16,16,16,21,18,21,True,True,False,0.026829054579138756,correct,0
7437,1859,0,21,21,21,18,21,18,True,True,False,0.04705163091421127,correct,0
7438,1859,1,21,21,21,21,18,21,True,True,False,0.04705163091421127,correct,0
7439,1859,1,16,16,16,18,21,18,True,True,False,0.026829054579138756,correct,0
7440,1860,0,31,31,31,36,18,36,True,True,False,0.018698442727327347,correct,0
7441,1860,0,1,27,1,18,36,18,False,False,False,0.020649276673793793,other,26
7442,1860,1,1,27,1,36,18,36,False,False,False,0.020649276673793793,other,26
7443,1860,1,31,31,31,18,36,18,True,True,False,0.018698442727327347,correct,0
7444,1861,0,33,33,33,15,22,15,True,True,False,0.04199349135160446,correct,0
7445,1861,0,39,39,39,22,15,8,True,True,False,0.01366630382835865,correct,0
7446,1861,1,39,39,39,15,22,15,True,True,False,0.01366630382835865,correct,0
7447,1861,1,33,33,33,22,15,18,True,True,False,0.04199349135160446,correct,0
7448,1862,0,48,48,48,14,15,14,True,True,False,0.016466254368424416,correct,0
7449,1862,0,25,25,25,15,14,15,True,True,False,0.01332747470587492,correct,0
7450,1862,1,25,25,25,14,15,14,True,True,False,0.01332747470587492,correct,0
7451,1862,1,48,48,48,15,14,15,True,True,False,0.016466254368424416,correct,0
7452,1863,0,7,7,7,18,17,2,True,True,False,0.016392044723033905,correct,0
7453,1863,0,26,26,26,17,18,17,True,True,False,0.02332943119108677,correct,0
7454,1863,1,26,26,26,18,17,18,True,True,False,0.02332943119108677,correct,0
7455,1863,1,7,7,7,17,18,17,True,True,False,0.016392044723033905,correct,0
7456,1864,0,40,40,40,6,7,6,True,True,False,0.018386347219347954,correct,0
7457,1864,0,8,8,8,7,6,7,True,True,False,0.04466680809855461,correct,0
7458,1864,1,8,8,8,6,7,6,True,True,False,0.04466680809855461,correct,0
7459,1864,1,40,40,40,7,6,7,True,True,False,0.018386347219347954,correct,0
7460,1865,0,5,5,5,16,3,16,True,True,False,0.07792450487613678,correct,0
7461,1865,0,48,48,48,3,16,3,True,True,False,0.024813467636704445,correct,0
7462,1865,1,48,48,48,16,3,16,True,True,False,0.024813467636704445,correct,0
7463,1865,1,5,5,5,3,16,3,True,True,False,0.07792450487613678,correct,0
7464,1866,0,30,30,30,15,36,15,True,True,False,0.07373358309268951,correct,0
7465,1866,0,14,14,14,36,15,18,True,True,False,0.03129822015762329,correct,0
7466,1866,1,14,14,14,15,36,15,True,True,False,0.03129822015762329,correct,0
7467,1866,1,30,30,30,36,15,36,True,True,False,0.07373358309268951,correct,0
7468,1867,0,45,45,45,26,18,26,True,True,False,0.023940443992614746,correct,0
7469,1867,0,29,1,29,18,26,18,False,False,False,0.012766910716891289,other,28
7470,1867,1,29,29,29,26,18,26,True,True,False,0.012766910716891289,correct,0
7471,1867,1,45,45,45,18,26,18,True,True,False,0.023940443992614746,correct,0
7472,1868,0,44,44,44,7,2,7,True,True,False,0.020357202738523483,correct,0
7473,1868,0,1,1,1,2,7,2,True,True,False,0.017998047173023224,correct,0
7474,1868,1,1,24,1,7,2,7,False,False,False,0.017998047173023224,other,23
7475,1868,1,44,44,44,2,7,2,True,True,False,0.020357202738523483,correct,0
7476,1869,0,45,45,45,6,16,6,True,True,False,0.019767804071307182,correct,0
7477,1869,0,20,20,20,16,6,16,True,True,False,0.05323733389377594,correct,0
7478,1869,1,20,20,20,6,16,6,True,True,False,0.05323733389377594,correct,0
7479,1869,1,45,45,45,16,6,16,True,True,False,0.019767804071307182,correct,0
7480,1870,0,5,5,5,14,22,14,True,True,False,0.07977329194545746,correct,0
7481,1870,0,12,12,12,22,14,8,True,True,False,0.030535977333784103,correct,0
7482,1870,1,12,12,12,14,22,14,True,True,False,0.030535977333784103,correct,0
7483,1870,1,5,5,5,22,14,6,True,True,False,0.07977329194545746,correct,0
7484,1871,0,7,7,7,7,6,7,True,True,False,0.05571417510509491,correct,0
7485,1871,0,34,34,34,6,7,6,True,True,False,0.03396092727780342,correct,0
7486,1871,1,34,34,34,7,6,7,True,True,False,0.03396092727780342,correct,0
7487,1871,1,7,7,7,6,7,6,True,True,False,0.05571417510509491,correct,0
7488,1872,0,20,20,20,18,0,18,True,True,False,0.042572226375341415,correct,0
7489,1872,0,17,17,17,0,18,0,True,True,False,0.04159906134009361,correct,0
7490,1872,1,17,17,17,18,0,18,True,True,False,0.04159906134009361,correct,0
7491,1872,1,20,20,20,0,18,0,True,True,False,0.042572226375341415,correct,0
7492,1873,0,15,15,15,18,14,18,True,True,False,0.032183729112148285,correct,0
7493,1873,0,20,20,20,14,18,15,True,True,False,0.043951451778411865,correct,0
7494,1873,1,20,20,20,18,14,18,True,True,False,0.043951451778411865,correct,0
7495,1873,1,15,15,15,14,18,14,True,True,False,0.032183729112148285,correct,0
7496,1874,0,20,20,20,9,12,7,True,True,False,0.05919771268963814,correct,0
7497,1874,0,3,3,3,12,9,12,True,True,False,0.047169242054224014,correct,0
7498,1874,1,3,3,3,9,12,9,True,True,False,0.047169242054224014,correct,0
7499,1874,1,20,20,20,12,9,12,True,True,False,0.05919771268963814,correct,0
7500,1875,0,16,16,16,18,16,9,True,True,False,0.0496721975505352,correct,0
7501,1875,0,48,48,48,16,18,16,True,True,False,0.03621748462319374,correct,0
7502,1875,1,48,48,48,18,16,18,True,True,False,0.03621748462319374,correct,0
7503,1875,1,16,16,16,16,18,24,True,True,False,0.0496721975505352,correct,0
7504,1876,0,13,13,13,8,7,6,True,True,False,0.04220108687877655,correct,0
7505,1876,0,29,29,29,7,8,7,True,True,False,0.008778642863035202,correct,0
7506,1876,1,29,29,29,8,7,12,True,True,False,0.008778642863035202,correct,0
7507,1876,1,13,13,13,7,8,6,True,True,False,0.04220108687877655,correct,0
7508,1877,0,9,36,9,15,16,14,False,False,False,0.02845325879752636,other,27
7509,1877,0,22,22,22,16,15,16,True,True,False,0.07005785405635834,correct,0
7510,1877,1,22,22,22,15,16,15,True,True,False,0.07005785405635834,correct,0
7511,1877,1,9,9,9,16,15,16,True,True,False,0.02845325879752636,correct,0
7512,1878,0,12,12,12,16,23,25,True,True,False,0.009570670314133167,correct,0
7513,1878,0,44,44,44,23,16,23,True,True,False,0.009520039893686771,correct,0
7514,1878,1,44,44,44,16,23,16,True,True,False,0.009520039893686771,correct,0
7515,1878,1,12,12,12,23,16,23,True,True,False,0.009570670314133167,correct,0
7516,1879,0,18,18,18,9,20,9,True,True,False,0.0535646453499794,correct,0
7517,1879,0,30,30,30,20,9,7,True,True,False,0.037631042301654816,correct,0
7518,1879,1,30,30,30,9,20,9,True,True,False,0.037631042301654816,correct,0
7519,1879,1,18,18,18,20,9,13,True,True,False,0.0535646453499794,correct,0
7520,1880,0,18,17,18,6,16,6,False,False,True,0.02973170205950737,off_by_one,1
7521,1880,0,15,15,15,16,6,16,True,True,False,0.020245257765054703,correct,0
7522,1880,1,15,15,15,6,16,6,True,True,False,0.020245257765054703,correct,0
7523,1880,1,18,18,18,16,6,14,True,True,False,0.02973170205950737,correct,0
7524,1881,0,28,27,28,15,18,7,False,False,True,0.02498049847781658,off_by_one,1
7525,1881,0,36,36,36,18,15,18,True,True,False,0.013095132075250149,correct,0
7526,1881,1,36,36,36,15,18,0,True,True,False,0.013095132075250149,correct,0
7527,1881,1,28,28,28,18,15,18,True,True,False,0.02498049847781658,correct,0
7528,1882,0,16,16,16,6,24,6,True,True,False,0.15492117404937744,correct,0
7529,1882,0,34,34,34,24,6,24,True,True,False,0.02686283364892006,correct,0
7530,1882,1,34,34,34,6,24,6,True,True,False,0.02686283364892006,correct,0
7531,1882,1,16,16,16,24,6,4,True,True,False,0.15492117404937744,correct,0
7532,1883,0,11,11,11,6,13,6,True,True,False,0.058766212314367294,correct,0
7533,1883,0,43,43,43,13,6,13,True,True,False,0.06372950226068497,correct,0
7534,1883,1,43,43,43,6,13,6,True,True,False,0.06372950226068497,correct,0
7535,1883,1,11,28,11,13,6,8,False,False,False,0.058766212314367294,other,17
7536,1884,0,2,2,2,7,17,7,True,True,False,0.020637264475226402,correct,0
7537,1884,0,24,45,24,17,7,17,False,False,False,0.028247451409697533,other,21
7538,1884,1,24,24,24,7,17,7,True,True,False,0.028247451409697533,correct,0
7539,1884,1,2,2,2,17,7,17,True,True,False,0.020637264475226402,correct,0
7540,1885,0,42,42,42,15,14,15,True,True,False,0.06673184037208557,correct,0
7541,1885,0,17,17,17,14,15,14,True,True,False,0.027049630880355835,correct,0
7542,1885,1,17,18,17,15,14,15,False,False,True,0.027049630880355835,off_by_one,1
7543,1885,1,42,42,42,14,15,14,True,True,False,0.06673184037208557,correct,0
7544,1886,0,47,47,47,6,18,6,True,True,False,0.04011291638016701,correct,0
7545,1886,0,3,3,3,18,6,18,True,True,False,0.048470545560121536,correct,0
7546,1886,1,3,3,3,6,18,6,True,True,False,0.048470545560121536,correct,0
7547,1886,1,47,47,47,18,6,18,True,True,False,0.04011291638016701,correct,0
7548,1887,0,19,19,19,16,18,0,True,True,False,0.00984394270926714,correct,0
7549,1887,0,3,3,3,18,16,18,True,True,False,0.031128492206335068,correct,0
7550,1887,1,3,3,3,16,18,16,True,True,False,0.031128492206335068,correct,0
7551,1887,1,19,19,19,18,16,18,True,True,False,0.00984394270926714,correct,0
7552,1888,0,10,10,10,2,19,17,True,True,False,0.04501365125179291,correct,0
7553,1888,0,32,32,32,19,2,19,True,True,False,0.0773821771144867,correct,0
7554,1888,1,32,32,32,2,19,2,True,True,False,0.0773821771144867,correct,0
7555,1888,1,10,10,10,19,2,18,True,True,False,0.04501365125179291,correct,0
7556,1889,0,4,4,4,16,36,16,True,True,False,0.05332977697253227,correct,0
7557,1889,0,36,36,36,36,16,36,True,True,False,0.0588986836373806,correct,0
7558,1889,1,36,36,36,16,36,16,True,True,False,0.0588986836373806,correct,0
7559,1889,1,4,4,4,36,16,36,True,True,False,0.05332977697253227,correct,0
7560,1890,0,4,4,4,12,7,12,True,True,False,0.022042421624064445,correct,0
7561,1890,0,46,46,46,7,12,7,True,True,False,0.03708486631512642,correct,0
7562,1890,1,46,46,46,12,7,12,True,True,False,0.03708486631512642,correct,0
7563,1890,1,4,4,4,7,12,7,True,True,False,0.022042421624064445,correct,0
7564,1891,0,37,37,37,24,6,24,True,True,False,0.04746394604444504,correct,0
7565,1891,0,30,22,30,6,24,6,False,False,False,0.01873294822871685,other,8
7566,1891,1,30,30,30,24,6,24,True,True,False,0.01873294822871685,correct,0
7567,1891,1,37,37,37,6,24,6,True,True,False,0.04746394604444504,correct,0
7568,1892,0,42,42,42,6,0,6,True,True,False,0.36294305324554443,correct,0
7569,1892,0,11,11,11,0,6,0,True,True,False,0.03718849644064903,correct,0
7570,1892,1,11,29,11,6,0,6,False,False,False,0.03718849644064903,other,18
7571,1892,1,42,42,42,0,6,0,True,True,False,0.36294305324554443,correct,0
7572,1893,0,21,21,21,15,36,15,True,True,False,0.010820559225976467,correct,0
7573,1893,0,16,16,16,36,15,36,True,True,False,0.01315364334732294,correct,0
7574,1893,1,16,16,16,15,36,15,True,True,False,0.01315364334732294,correct,0
7575,1893,1,21,21,21,36,15,36,True,True,False,0.010820559225976467,correct,0
7576,1894,0,31,31,31,7,6,7,True,True,False,0.04349721223115921,correct,0
7577,1894,0,30,30,30,6,7,6,True,True,False,0.08302144706249237,correct,0
7578,1894,1,30,30,30,7,6,0,True,True,False,0.08302144706249237,correct,0
7579,1894,1,31,31,31,6,7,6,True,True,False,0.04349721223115921,correct,0
7580,1895,0,35,35,35,24,16,24,True,True,False,0.01176507119089365,correct,0
7581,1895,0,34,34,34,16,24,16,True,True,False,0.02740848809480667,correct,0
7582,1895,1,34,34,34,24,16,24,True,True,False,0.02740848809480667,correct,0
7583,1895,1,35,35,35,16,24,0,True,True,False,0.01176507119089365,correct,0
7584,1896,0,48,48,48,17,14,17,True,True,False,0.017321424558758736,correct,0
7585,1896,0,27,27,27,14,17,14,True,True,False,0.005203744396567345,correct,0
7586,1896,1,27,27,27,17,14,17,True,True,False,0.005203744396567345,correct,0
7587,1896,1,48,48,48,14,17,14,True,True,False,0.017321424558758736,correct,0
7588,1897,0,0,0,0,15,16,17,True,True,False,0.03503801301121712,correct,0
7589,1897,0,20,20,20,16,15,16,True,True,False,0.03529544174671173,correct,0
7590,1897,1,20,20,20,15,16,15,True,True,False,0.03529544174671173,correct,0
7591,1897,1,0,0,0,16,15,16,True,True,False,0.03503801301121712,correct,0
7592,1898,0,44,44,44,36,26,36,True,True,False,0.02105732262134552,correct,0
7593,1898,0,31,30,31,26,36,26,False,False,True,0.08532866835594177,off_by_one,1
7594,1898,1,31,31,31,36,26,24,True,True,False,0.08532866835594177,correct,0
7595,1898,1,44,44,44,26,36,26,True,True,False,0.02105732262134552,correct,0
7596,1899,0,37,37,37,15,7,7,True,True,False,0.02079525962471962,correct,0
7597,1899,0,45,45,45,7,15,7,True,True,False,0.017042651772499084,correct,0
7598,1899,1,45,45,45,15,7,15,True,True,False,0.017042651772499084,correct,0
7599,1899,1,37,37,37,7,15,7,True,True,False,0.02079525962471962,correct,0
7600,1900,0,28,12,28,10,2,10,False,False,False,0.015155576169490814,other,16
7601,1900,0,19,19,19,2,10,2,True,True,False,0.030094802379608154,correct,0
7602,1900,1,19,19,19,10,2,38,True,True,False,0.030094802379608154,correct,0
7603,1900,1,28,28,28,2,10,2,True,True,False,0.015155576169490814,correct,0
7604,1901,0,17,17,17,15,19,15,True,True,False,0.059397876262664795,correct,0
7605,1901,0,3,3,3,19,15,19,True,True,False,0.012592902407050133,correct,0
7606,1901,1,3,3,3,15,19,15,True,True,False,0.012592902407050133,correct,0
7607,1901,1,17,17,17,19,15,20,True,True,False,0.059397876262664795,correct,0
7608,1902,0,25,25,25,13,11,13,True,True,False,0.03561725839972496,correct,0
7609,1902,0,2,2,2,11,13,11,True,True,False,0.007751442026346922,correct,0
7610,1902,1,2,2,2,13,11,13,True,True,False,0.007751442026346922,correct,0
7611,1902,1,25,25,25,11,13,11,True,True,False,0.03561725839972496,correct,0
7612,1903,0,48,48,48,2,7,2,True,True,False,0.042010918259620667,correct,0
7613,1903,0,3,3,3,7,2,7,True,True,False,0.0486980676651001,correct,0
7614,1903,1,3,3,3,2,7,2,True,True,False,0.0486980676651001,correct,0
7615,1903,1,48,48,48,7,2,7,True,True,False,0.042010918259620667,correct,0
7616,1904,0,41,41,41,3,9,3,True,True,False,0.10920457541942596,correct,0
7617,1904,0,22,22,22,9,3,7,True,True,False,0.06675714254379272,correct,0
7618,1904,1,22,22,22,3,9,3,True,True,False,0.06675714254379272,correct,0
7619,1904,1,41,41,41,9,3,9,True,True,False,0.10920457541942596,correct,0
7620,1905,0,47,47,47,14,18,14,True,True,False,0.01725991629064083,correct,0
7621,1905,0,9,33,9,18,14,18,False,False,False,0.018497394397854805,other,24
7622,1905,1,9,9,9,14,18,14,True,True,False,0.018497394397854805,correct,0
7623,1905,1,47,47,47,18,14,18,True,True,False,0.01725991629064083,correct,0
7624,1906,0,13,13,13,0,14,23,True,True,False,0.03748951852321625,correct,0
7625,1906,0,31,31,31,14,0,14,True,True,False,0.047045622020959854,correct,0
7626,1906,1,31,31,31,0,14,0,True,True,False,0.047045622020959854,correct,0
7627,1906,1,13,13,13,14,0,17,True,True,False,0.03748951852321625,correct,0
7628,1907,0,31,31,31,36,27,24,True,True,False,0.045887406915426254,correct,0
7629,1907,0,44,44,44,27,36,27,True,True,False,0.017860516905784607,correct,0
7630,1907,1,44,44,44,36,27,36,True,True,False,0.017860516905784607,correct,0
7631,1907,1,31,31,31,27,36,27,True,True,False,0.045887406915426254,correct,0
7632,1908,0,29,11,29,24,6,7,False,False,False,0.01955675520002842,other,18
7633,1908,0,22,22,22,6,24,6,True,True,False,0.06038133054971695,correct,0
7634,1908,1,22,22,22,24,6,24,True,True,False,0.06038133054971695,correct,0
7635,1908,1,29,29,29,6,24,6,True,True,False,0.01955675520002842,correct,0
7636,1909,0,46,46,46,15,6,15,True,True,False,0.06346145272254944,correct,0
7637,1909,0,31,31,31,6,15,6,True,True,False,0.09431242197751999,correct,0
7638,1909,1,31,31,31,15,6,15,True,True,False,0.09431242197751999,correct,0
7639,1909,1,46,46,46,6,15,6,True,True,False,0.06346145272254944,correct,0
7640,1910,0,42,42,42,2,6,2,True,True,False,0.01599755324423313,correct,0
7641,1910,0,34,34,34,6,2,6,True,True,False,0.023989560082554817,correct,0
7642,1910,1,34,34,34,2,6,9,True,True,False,0.023989560082554817,correct,0
7643,1910,1,42,42,42,6,2,6,True,True,False,0.01599755324423313,correct,0
7644,1911,0,25,25,25,17,24,15,True,True,False,0.007866565138101578,correct,0
7645,1911,0,38,39,38,24,17,24,False,False,True,0.007485540583729744,off_by_one,1
7646,1911,1,38,38,38,17,24,0,True,True,False,0.007485540583729744,correct,0
7647,1911,1,25,25,25,24,17,24,True,True,False,0.007866565138101578,correct,0
7648,1912,0,7,7,7,15,27,15,True,True,False,0.014841057360172272,correct,0
7649,1912,0,38,38,38,27,15,14,True,True,False,0.01734393835067749,correct,0
7650,1912,1,38,38,38,15,27,7,True,True,False,0.01734393835067749,correct,0
7651,1912,1,7,7,7,27,15,14,True,True,False,0.014841057360172272,correct,0
7652,1913,0,24,24,24,26,14,26,True,True,False,0.012108296155929565,correct,0
7653,1913,0,28,28,28,14,26,14,True,True,False,0.020679403096437454,correct,0
7654,1913,1,28,28,28,26,14,26,True,True,False,0.020679403096437454,correct,0
7655,1913,1,24,24,24,14,26,14,True,True,False,0.012108296155929565,correct,0
7656,1914,0,24,29,24,9,13,6,False,False,False,0.060511697083711624,other,5
7657,1914,0,32,32,32,13,9,13,True,True,False,0.018928445875644684,correct,0
7658,1914,1,32,32,32,9,13,9,True,True,False,0.018928445875644684,correct,0
7659,1914,1,24,24,24,13,9,13,True,True,False,0.060511697083711624,correct,0
7660,1915,0,25,25,25,19,7,10,True,True,False,0.01829097792506218,correct,0
7661,1915,0,32,32,32,7,19,7,True,True,False,0.014850044623017311,correct,0
7662,1915,1,32,32,32,19,7,19,True,True,False,0.014850044623017311,correct,0
7663,1915,1,25,25,25,7,19,7,True,True,False,0.01829097792506218,correct,0
7664,1916,0,24,24,24,24,36,24,True,True,False,0.0033190876711159945,correct,0
7665,1916,0,14,14,14,36,24,36,True,True,False,0.04148902744054794,correct,0
7666,1916,1,14,14,14,24,36,24,True,True,False,0.04148902744054794,correct,0
7667,1916,1,24,24,24,36,24,36,True,True,False,0.0033190876711159945,correct,0
7668,1917,0,47,47,47,19,6,19,True,True,False,0.04003455862402916,correct,0
7669,1917,0,28,28,28,6,19,6,True,True,False,0.005620111711323261,correct,0
7670,1917,1,28,28,28,19,6,19,True,True,False,0.005620111711323261,correct,0
7671,1917,1,47,47,47,6,19,6,True,True,False,0.04003455862402916,correct,0
7672,1918,0,21,21,21,6,36,6,True,True,False,0.10272852331399918,correct,0
7673,1918,0,41,41,41,36,6,2,True,True,False,0.029786383733153343,correct,0
7674,1918,1,41,41,41,6,36,6,True,True,False,0.029786383733153343,correct,0
7675,1918,1,21,21,21,36,6,18,True,True,False,0.10272852331399918,correct,0
7676,1919,0,34,34,34,17,14,17,True,True,False,0.029625196009874344,correct,0
7677,1919,0,5,5,5,14,17,14,True,True,False,0.03938960283994675,correct,0
7678,1919,1,5,5,5,17,14,17,True,True,False,0.03938960283994675,correct,0
7679,1919,1,34,34,34,14,17,27,True,True,False,0.029625196009874344,correct,0
7680,1920,0,32,32,32,7,0,7,True,True,False,0.03296099230647087,correct,0
7681,1920,0,2,2,2,0,7,0,True,True,False,0.006910234224051237,correct,0
7682,1920,1,2,2,2,7,0,7,True,True,False,0.006910234224051237,correct,0
7683,1920,1,32,32,32,0,7,0,True,True,False,0.03296099230647087,correct,0
7684,1921,0,27,27,27,24,14,24,True,True,False,0.01179225742816925,correct,0
7685,1921,0,16,16,16,14,24,14,True,True,False,0.11195673793554306,correct,0
7686,1921,1,16,16,16,24,14,24,True,True,False,0.11195673793554306,correct,0
7687,1921,1,27,27,27,14,24,14,True,True,False,0.01179225742816925,correct,0
7688,1922,0,4,4,4,1,27,1,True,True,False,0.00899252388626337,correct,0
7689,1922,0,16,16,16,27,1,0,True,True,False,0.077489472925663,correct,0
7690,1922,1,16,15,16,1,27,24,False,False,True,0.077489472925663,off_by_one,1
7691,1922,1,4,4,4,27,1,14,True,True,False,0.00899252388626337,correct,0
7692,1923,0,16,16,16,7,3,7,True,True,False,0.05685177445411682,correct,0
7693,1923,0,32,32,32,3,7,3,True,True,False,0.019224723801016808,correct,0
7694,1923,1,32,32,32,7,3,7,True,True,False,0.019224723801016808,correct,0
7695,1923,1,16,16,16,3,7,3,True,True,False,0.05685177445411682,correct,0
7696,1924,0,48,48,48,14,26,14,True,True,False,0.034947458654642105,correct,0
7697,1924,0,28,28,28,26,14,26,True,True,False,0.023729491978883743,correct,0
7698,1924,1,28,28,28,14,26,14,True,True,False,0.023729491978883743,correct,0
7699,1924,1,48,48,48,26,14,26,True,True,False,0.034947458654642105,correct,0
7700,1925,0,1,1,1,36,38,36,True,True,False,0.020259689539670944,correct,0
7701,1925,0,30,30,30,38,36,14,True,True,False,0.027628012001514435,correct,0
7702,1925,1,30,30,30,36,38,15,True,True,False,0.027628012001514435,correct,0
7703,1925,1,1,28,1,38,36,0,False,False,False,0.020259689539670944,other,27
7704,1926,0,21,21,21,16,14,16,True,True,False,0.014116809703409672,correct,0
7705,1926,0,2,2,2,14,16,14,True,True,False,0.033595629036426544,correct,0
7706,1926,1,2,2,2,16,14,16,True,True,False,0.033595629036426544,correct,0
7707,1926,1,21,21,21,14,16,14,True,True,False,0.014116809703409672,correct,0
7708,1927,0,8,8,8,15,17,1,True,True,False,0.09229883551597595,correct,0
7709,1927,0,48,48,48,17,15,17,True,True,False,0.02659803256392479,correct,0
7710,1927,1,48,48,48,15,17,0,True,True,False,0.02659803256392479,correct,0
7711,1927,1,8,8,8,17,15,17,True,True,False,0.09229883551597595,correct,0
7712,1928,0,4,4,4,16,24,16,True,True,False,0.04603387787938118,correct,0
7713,1928,0,33,33,33,24,16,4,True,True,False,0.03669967129826546,correct,0
7714,1928,1,33,33,33,16,24,16,True,True,False,0.03669967129826546,correct,0
7715,1928,1,4,4,4,24,16,24,True,True,False,0.04603387787938118,correct,0
7716,1929,0,11,29,11,7,26,7,False,False,False,0.025182778015732765,other,18
7717,1929,0,31,31,31,26,7,6,True,True,False,0.08871879428625107,correct,0
7718,1929,1,31,31,31,7,26,7,True,True,False,0.08871879428625107,correct,0
7719,1929,1,11,11,11,26,7,26,True,True,False,0.025182778015732765,correct,0
7720,1930,0,7,7,7,6,24,6,True,True,False,0.009990633465349674,correct,0
7721,1930,0,1,1,1,24,6,24,True,True,False,0.045170411467552185,correct,0
7722,1930,1,1,10,1,6,24,6,False,False,False,0.045170411467552185,other,9
7723,1930,1,7,7,7,24,6,24,True,True,False,0.009990633465349674,correct,0
7724,1931,0,23,23,23,32,24,6,True,True,False,0.07835382223129272,correct,0
7725,1931,0,31,31,31,24,32,24,True,True,False,0.05211203917860985,correct,0
7726,1931,1,31,31,31,32,24,32,True,True,False,0.05211203917860985,correct,0
7727,1931,1,23,23,23,24,32,24,True,True,False,0.07835382223129272,correct,0
7728,1932,0,24,24,24,7,6,1,True,True,False,0.009159168228507042,correct,0
7729,1932,0,40,40,40,6,7,6,True,True,False,0.019197814166545868,correct,0
7730,1932,1,40,40,40,7,6,7,True,True,False,0.019197814166545868,correct,0
7731,1932,1,24,24,24,6,7,6,True,True,False,0.009159168228507042,correct,0
7732,1933,0,42,42,42,18,24,18,True,True,False,0.12025180459022522,correct,0
7733,1933,0,6,22,6,24,18,24,False,False,False,0.14628560841083527,other,16
7734,1933,1,6,6,6,18,24,18,True,True,False,0.14628560841083527,correct,0
7735,1933,1,42,42,42,24,18,24,True,True,False,0.12025180459022522,correct,0
7736,1934,0,12,12,12,7,24,7,True,True,False,0.018276751041412354,correct,0
7737,1934,0,47,47,47,24,7,24,True,True,False,0.039169032126665115,correct,0
7738,1934,1,47,47,47,7,24,7,True,True,False,0.039169032126665115,correct,0
7739,1934,1,12,12,12,24,7,16,True,True,False,0.018276751041412354,correct,0
7740,1935,0,46,46,46,22,0,8,True,True,False,0.0084965405985713,correct,0
7741,1935,0,38,38,38,0,22,14,True,True,False,0.005020204000174999,correct,0
7742,1935,1,38,38,38,22,0,8,True,True,False,0.005020204000174999,correct,0
7743,1935,1,46,46,46,0,22,0,True,True,False,0.0084965405985713,correct,0
7744,1936,0,19,19,19,2,19,2,True,True,False,0.03434434533119202,correct,0
7745,1936,0,5,5,5,19,2,19,True,True,False,0.053662776947021484,correct,0
7746,1936,1,5,5,5,2,19,2,True,True,False,0.053662776947021484,correct,0
7747,1936,1,19,19,19,19,2,19,True,True,False,0.03434434533119202,correct,0
7748,1937,0,48,48,48,14,16,14,True,True,False,0.016526134684681892,correct,0
7749,1937,0,38,38,38,16,14,16,True,True,False,0.015382692217826843,correct,0
7750,1937,1,38,38,38,14,16,14,True,True,False,0.015382692217826843,correct,0
7751,1937,1,48,48,48,16,14,0,True,True,False,0.016526134684681892,correct,0
7752,1938,0,7,7,7,14,17,14,True,True,False,0.0067593250423669815,correct,0
7753,1938,0,5,5,5,17,14,17,True,True,False,0.01761024259030819,correct,0
7754,1938,1,5,5,5,14,17,14,True,True,False,0.01761024259030819,correct,0
7755,1938,1,7,7,7,17,14,17,True,True,False,0.0067593250423669815,correct,0
7756,1939,0,12,12,12,26,16,26,True,True,False,0.06931172311306,correct,0
7757,1939,0,11,11,11,16,26,16,True,True,False,0.0690794512629509,correct,0
7758,1939,1,11,10,11,26,16,26,False,False,True,0.0690794512629509,off_by_one,1
7759,1939,1,12,12,12,16,26,16,True,True,False,0.06931172311306,correct,0
7760,1940,0,0,0,0,7,14,7,True,True,False,0.04894844815135002,correct,0
7761,1940,0,26,22,26,14,7,6,False,False,False,0.17228233814239502,other,4
7762,1940,1,26,26,26,7,14,7,True,True,False,0.17228233814239502,correct,0
7763,1940,1,0,0,0,14,7,14,True,True,False,0.04894844815135002,correct,0
7764,1941,0,5,5,5,26,16,26,True,True,False,0.0654546245932579,correct,0
7765,1941,0,0,0,0,16,26,16,True,True,False,0.06270138919353485,correct,0
7766,1941,1,0,0,0,26,16,26,True,True,False,0.06270138919353485,correct,0
7767,1941,1,5,5,5,16,26,16,True,True,False,0.0654546245932579,correct,0
7768,1942,0,8,8,8,12,15,12,True,True,False,0.033715151250362396,correct,0
7769,1942,0,0,0,0,15,12,15,True,True,False,0.03850339725613594,correct,0
7770,1942,1,0,2,0,12,15,12,False,False,False,0.03850339725613594,other,2
7771,1942,1,8,8,8,15,12,15,True,True,False,0.033715151250362396,correct,0
7772,1943,0,48,48,48,16,6,16,True,True,False,0.008600236847996712,correct,0
7773,1943,0,36,36,36,6,16,6,True,True,False,0.028235452249646187,correct,0
7774,1943,1,36,36,36,16,6,16,True,True,False,0.028235452249646187,correct,0
7775,1943,1,48,48,48,6,16,6,True,True,False,0.008600236847996712,correct,0
7776,1944,0,31,31,31,14,12,14,True,True,False,0.05634576082229614,correct,0
7777,1944,0,1,1,1,12,14,12,True,True,False,0.014534133486449718,correct,0
7778,1944,1,1,1,1,14,12,14,True,True,False,0.014534133486449718,correct,0
7779,1944,1,31,31,31,12,14,12,True,True,False,0.05634576082229614,correct,0
7780,1945,0,17,17,17,26,7,26,True,True,False,0.06586193293333054,correct,0
7781,1945,0,32,29,32,7,26,9,False,False,False,0.05629538744688034,other,3
7782,1945,1,32,32,32,26,7,26,True,True,False,0.05629538744688034,correct,0
7783,1945,1,17,29,17,7,26,7,False,False,False,0.06586193293333054,other,12
7784,1946,0,25,25,25,18,38,18,True,True,False,0.007077295798808336,correct,0
7785,1946,0,46,45,46,38,18,14,False,False,True,0.03473760932683945,off_by_one,1
7786,1946,1,46,46,46,18,38,36,True,True,False,0.03473760932683945,correct,0
7787,1946,1,25,25,25,38,18,38,True,True,False,0.007077295798808336,correct,0
7788,1947,0,13,13,13,27,7,27,True,True,False,0.03947760537266731,correct,0
7789,1947,0,33,33,33,7,27,7,True,True,False,0.04838507995009422,correct,0
7790,1947,1,33,10,33,27,7,27,False,False,False,0.04838507995009422,other,23
7791,1947,1,13,13,13,7,27,7,True,True,False,0.03947760537266731,correct,0
7792,1948,0,0,0,0,24,14,24,True,True,False,0.049373187124729156,correct,0
7793,1948,0,9,9,9,14,24,14,True,True,False,0.04603293910622597,correct,0
7794,1948,1,9,9,9,24,14,24,True,True,False,0.04603293910622597,correct,0
7795,1948,1,0,0,0,14,24,27,True,True,False,0.049373187124729156,correct,0
7796,1949,0,31,31,31,18,14,18,True,True,False,0.040887702256441116,correct,0
7797,1949,0,18,18,18,14,18,14,True,True,False,0.0375286340713501,correct,0
7798,1949,1,18,18,18,18,14,18,True,True,False,0.0375286340713501,correct,0
7799,1949,1,31,31,31,14,18,14,True,True,False,0.040887702256441116,correct,0
7800,1950,0,39,39,39,36,6,36,True,True,False,0.023682260885834694,correct,0
7801,1950,0,26,26,26,6,36,6,True,True,False,0.036999136209487915,correct,0
7802,1950,1,26,26,26,36,6,3,True,True,False,0.036999136209487915,correct,0
7803,1950,1,39,39,39,6,36,6,True,True,False,0.023682260885834694,correct,0
7804,1951,0,41,41,41,7,18,7,True,True,False,0.05746467038989067,correct,0
7805,1951,0,45,45,45,18,7,18,True,True,False,0.048535365611314774,correct,0
7806,1951,1,45,45,45,7,18,7,True,True,False,0.048535365611314774,correct,0
7807,1951,1,41,41,41,18,7,18,True,True,False,0.05746467038989067,correct,0
7808,1952,0,30,30,30,14,26,14,True,True,False,0.1086190938949585,correct,0
7809,1952,0,11,11,11,26,14,26,True,True,False,0.005952604580670595,correct,0
7810,1952,1,11,10,11,14,26,14,False,False,True,0.005952604580670595,off_by_one,1
7811,1952,1,30,30,30,26,14,26,True,True,False,0.1086190938949585,correct,0
7812,1953,0,18,18,18,36,26,36,True,True,False,0.006360695231705904,correct,0
7813,1953,0,2,2,2,26,36,26,True,True,False,0.05142246186733246,correct,0
7814,1953,1,2,2,2,36,26,36,True,True,False,0.05142246186733246,correct,0
7815,1953,1,18,18,18,26,36,26,True,True,False,0.006360695231705904,correct,0
7816,1954,0,39,39,39,12,7,12,True,True,False,0.023916369304060936,correct,0
7817,1954,0,44,24,44,7,12,7,False,False,False,0.03255663067102432,other,20
7818,1954,1,44,44,44,12,7,12,True,True,False,0.03255663067102432,correct,0
7819,1954,1,39,39,39,7,12,7,True,True,False,0.023916369304060936,correct,0
7820,1955,0,17,17,17,13,12,13,True,True,False,0.025551021099090576,correct,0
7821,1955,0,34,34,34,12,13,12,True,True,False,0.018621906638145447,correct,0
7822,1955,1,34,34,34,13,12,13,True,True,False,0.018621906638145447,correct,0
7823,1955,1,17,17,17,12,13,6,True,True,False,0.025551021099090576,correct,0
7824,1956,0,14,14,14,0,26,0,True,True,False,0.05894998461008072,correct,0
7825,1956,0,24,24,24,26,0,26,True,True,False,0.006273882929235697,correct,0
7826,1956,1,24,24,24,0,26,23,True,True,False,0.006273882929235697,correct,0
7827,1956,1,14,14,14,26,0,26,True,True,False,0.05894998461008072,correct,0
7828,1957,0,37,37,37,8,2,8,True,True,False,0.02445352077484131,correct,0
7829,1957,0,42,42,42,2,8,2,True,True,False,0.07882944494485855,correct,0
7830,1957,1,42,42,42,8,2,8,True,True,False,0.07882944494485855,correct,0
7831,1957,1,37,37,37,2,8,2,True,True,False,0.02445352077484131,correct,0
7832,1958,0,11,18,11,38,7,14,False,False,False,0.04077249392867088,other,7
7833,1958,0,14,14,14,7,38,7,True,True,False,0.0460931695997715,correct,0
7834,1958,1,14,3,14,38,7,10,False,False,False,0.0460931695997715,other,11
7835,1958,1,11,29,11,7,38,7,False,False,False,0.04077249392867088,other,18
7836,1959,0,1,1,1,27,36,27,True,True,False,0.026577267795801163,correct,0
7837,1959,0,13,13,13,36,27,36,True,True,False,0.05298611894249916,correct,0
7838,1959,1,13,13,13,27,36,27,True,True,False,0.05298611894249916,correct,0
7839,1959,1,1,1,1,36,27,36,True,True,False,0.026577267795801163,correct,0
7840,1960,0,37,43,37,17,12,17,False,False,False,0.01634807512164116,other,6
7841,1960,0,42,42,42,12,17,12,True,True,False,0.026265114545822144,correct,0
7842,1960,1,42,42,42,17,12,17,True,True,False,0.026265114545822144,correct,0
7843,1960,1,37,37,37,12,17,12,True,True,False,0.01634807512164116,correct,0
7844,1961,0,43,43,43,36,6,36,True,True,False,0.03070666640996933,correct,0
7845,1961,0,18,18,18,6,36,6,True,True,False,0.024894025176763535,correct,0
7846,1961,1,18,18,18,36,6,10,True,True,False,0.024894025176763535,correct,0
7847,1961,1,43,43,43,6,36,6,True,True,False,0.03070666640996933,correct,0
7848,1962,0,27,27,27,37,27,14,True,True,False,0.011699585244059563,correct,0
7849,1962,0,28,11,28,27,37,15,False,False,False,0.06852734833955765,other,17
7850,1962,1,28,11,28,37,27,37,False,False,False,0.06852734833955765,other,17
7851,1962,1,27,27,27,27,37,14,True,True,False,0.011699585244059563,correct,0
7852,1963,0,12,12,12,6,7,6,True,True,False,0.02287096343934536,correct,0
7853,1963,0,1,1,1,7,6,7,True,True,False,0.046334221959114075,correct,0
7854,1963,1,1,27,1,6,7,6,False,False,False,0.046334221959114075,other,26
7855,1963,1,12,12,12,7,6,7,True,True,False,0.02287096343934536,correct,0
7856,1964,0,40,43,40,36,7,10,False,False,False,0.010503607802093029,other,3
7857,1964,0,38,38,38,7,36,7,True,True,False,0.004603069741278887,correct,0
7858,1964,1,38,38,38,36,7,36,True,True,False,0.004603069741278887,correct,0
7859,1964,1,40,40,40,7,36,7,True,True,False,0.010503607802093029,correct,0
7860,1965,0,33,33,33,18,6,24,True,True,False,0.05568128079175949,correct,0
7861,1965,0,19,19,19,6,18,6,True,True,False,0.010550413280725479,correct,0
7862,1965,1,19,19,19,18,6,18,True,True,False,0.010550413280725479,correct,0
7863,1965,1,33,33,33,6,18,6,True,True,False,0.05568128079175949,correct,0
7864,1966,0,20,20,20,18,7,18,True,True,False,0.041132405400276184,correct,0
7865,1966,0,11,10,11,7,18,0,False,False,True,0.059106361120939255,off_by_one,1
7866,1966,1,11,10,11,18,7,18,False,False,True,0.059106361120939255,off_by_one,1
7867,1966,1,20,20,20,7,18,7,True,True,False,0.041132405400276184,correct,0
7868,1967,0,33,33,33,33,6,33,True,True,False,0.02391650527715683,correct,0
7869,1967,0,23,23,23,6,33,6,True,True,False,0.05911203473806381,correct,0
7870,1967,1,23,23,23,33,6,33,True,True,False,0.05911203473806381,correct,0
7871,1967,1,33,33,33,6,33,6,True,True,False,0.02391650527715683,correct,0
7872,1968,0,1,1,1,15,27,15,True,True,False,0.030106207355856895,correct,0
7873,1968,0,17,0,17,27,15,14,False,False,False,0.012651700526475906,other,17
7874,1968,1,17,17,17,15,27,14,True,True,False,0.012651700526475906,correct,0
7875,1968,1,1,1,1,27,15,27,True,True,False,0.030106207355856895,correct,0
7876,1969,0,5,5,5,7,38,7,True,True,False,0.044612158089876175,correct,0
7877,1969,0,6,6,6,38,7,38,True,True,False,0.019451331347227097,correct,0
7878,1969,1,6,6,6,7,38,7,True,True,False,0.019451331347227097,correct,0
7879,1969,1,5,42,5,38,7,38,False,False,False,0.044612158089876175,other,37
7880,1970,0,41,41,41,14,7,14,True,True,False,0.04435117170214653,correct,0
7881,1970,0,34,34,34,7,14,7,True,True,False,0.01353917270898819,correct,0
7882,1970,1,34,34,34,14,7,14,True,True,False,0.01353917270898819,correct,0
7883,1970,1,41,41,41,7,14,7,True,True,False,0.04435117170214653,correct,0
7884,1971,0,8,8,8,17,24,17,True,True,False,0.05906949192285538,correct,0
7885,1971,0,33,33,33,24,17,24,True,True,False,0.012307814322412014,correct,0
7886,1971,1,33,33,33,17,24,17,True,True,False,0.012307814322412014,correct,0
7887,1971,1,8,8,8,24,17,36,True,True,False,0.05906949192285538,correct,0
7888,1972,0,11,33,11,16,26,14,False,False,False,0.05022701621055603,other,22
7889,1972,0,0,0,0,26,16,6,True,True,False,0.047945644706487656,correct,0
7890,1972,1,0,0,0,16,26,16,True,True,False,0.047945644706487656,correct,0
7891,1972,1,11,11,11,26,16,26,True,True,False,0.05022701621055603,correct,0
7892,1973,0,23,23,23,20,12,20,True,True,False,0.026890866458415985,correct,0
7893,1973,0,14,14,14,12,20,12,True,True,False,0.02180270105600357,correct,0
7894,1973,1,14,14,14,20,12,20,True,True,False,0.02180270105600357,correct,0
7895,1973,1,23,23,23,12,20,12,True,True,False,0.026890866458415985,correct,0
7896,1974,0,27,36,27,12,9,12,False,False,False,0.04205363616347313,other,9
7897,1974,0,24,24,24,9,12,9,True,True,False,0.018572956323623657,correct,0
7898,1974,1,24,24,24,12,9,12,True,True,False,0.018572956323623657,correct,0
7899,1974,1,27,27,27,9,12,9,True,True,False,0.04205363616347313,correct,0
7900,1975,0,21,21,21,14,27,11,True,True,False,0.03784707188606262,correct,0
7901,1975,0,22,22,22,27,14,33,True,True,False,0.04432874172925949,correct,0
7902,1975,1,22,22,22,14,27,11,True,True,False,0.04432874172925949,correct,0
7903,1975,1,21,21,21,27,14,14,True,True,False,0.03784707188606262,correct,0
7904,1976,0,26,26,26,20,6,20,True,True,False,0.06722868233919144,correct,0
7905,1976,0,33,33,33,6,20,6,True,True,False,0.018005138263106346,correct,0
7906,1976,1,33,33,33,20,6,20,True,True,False,0.018005138263106346,correct,0
7907,1976,1,26,26,26,6,20,6,True,True,False,0.06722868233919144,correct,0
7908,1977,0,9,9,9,7,18,7,True,True,False,0.0546688511967659,correct,0
7909,1977,0,6,6,6,18,7,18,True,True,False,0.0680239349603653,correct,0
7910,1977,1,6,6,6,7,18,7,True,True,False,0.0680239349603653,correct,0
7911,1977,1,9,9,9,18,7,18,True,True,False,0.0546688511967659,correct,0
7912,1978,0,5,5,5,14,15,14,True,True,False,0.03748400881886482,correct,0
7913,1978,0,31,31,31,15,14,21,True,True,False,0.03885599598288536,correct,0
7914,1978,1,31,31,31,14,15,14,True,True,False,0.03885599598288536,correct,0
7915,1978,1,5,5,5,15,14,15,True,True,False,0.03748400881886482,correct,0
7916,1979,0,12,10,12,7,28,6,False,False,False,0.05284704267978668,other,2
7917,1979,0,36,36,36,28,7,0,True,True,False,0.054737649857997894,correct,0
7918,1979,1,36,36,36,7,28,7,True,True,False,0.054737649857997894,correct,0
7919,1979,1,12,12,12,28,7,31,True,True,False,0.05284704267978668,correct,0
7920,1980,0,31,31,31,18,7,24,True,True,False,0.045629389584064484,correct,0
7921,1980,0,44,44,44,7,18,7,True,True,False,0.01166382897645235,correct,0
7922,1980,1,44,44,44,18,7,18,True,True,False,0.01166382897645235,correct,0
7923,1980,1,31,31,31,7,18,7,True,True,False,0.045629389584064484,correct,0
7924,1981,0,25,25,25,18,27,18,True,True,False,0.023926936089992523,correct,0
7925,1981,0,1,1,1,27,18,27,True,True,False,0.03265175595879555,correct,0
7926,1981,1,1,0,1,18,27,5,False,False,True,0.03265175595879555,off_by_one,1
7927,1981,1,25,25,25,27,18,16,True,True,False,0.023926936089992523,correct,0
7928,1982,0,3,3,3,35,31,35,True,True,False,0.025105074048042297,correct,0
7929,1982,0,38,38,38,31,35,14,True,True,False,0.013842690736055374,correct,0
7930,1982,1,38,40,38,35,31,31,False,False,False,0.013842690736055374,other,2
7931,1982,1,3,3,3,31,35,31,True,True,False,0.025105074048042297,correct,0
7932,1983,0,40,40,40,10,11,10,True,True,False,0.033332690596580505,correct,0
7933,1983,0,35,35,35,11,10,0,True,True,False,0.004153052344918251,correct,0
7934,1983,1,35,35,35,10,11,20,True,True,False,0.004153052344918251,correct,0
7935,1983,1,40,40,40,11,10,11,True,True,False,0.033332690596580505,correct,0
7936,1984,0,40,44,40,24,7,24,False,False,False,0.0533960722386837,other,4
7937,1984,0,18,18,18,7,24,7,True,True,False,0.04807690158486366,correct,0
7938,1984,1,18,18,18,24,7,24,True,True,False,0.04807690158486366,correct,0
7939,1984,1,40,46,40,7,24,7,False,False,False,0.0533960722386837,other,6
7940,1985,0,2,2,2,12,6,12,True,True,False,0.01992485485970974,correct,0
7941,1985,0,23,23,23,6,12,6,True,True,False,0.05831504985690117,correct,0
7942,1985,1,23,23,23,12,6,12,True,True,False,0.05831504985690117,correct,0
7943,1985,1,2,2,2,6,12,6,True,True,False,0.01992485485970974,correct,0
7944,1986,0,27,27,27,6,15,6,True,True,False,0.07851620018482208,correct,0
7945,1986,0,31,31,31,15,6,15,True,True,False,0.05771565064787865,correct,0
7946,1986,1,31,31,31,6,15,6,True,True,False,0.05771565064787865,correct,0
7947,1986,1,27,27,27,15,6,15,True,True,False,0.07851620018482208,correct,0
7948,1987,0,6,6,6,1,18,1,True,True,False,0.019791841506958008,correct,0
7949,1987,0,40,40,40,18,1,18,True,True,False,0.0016614474589005113,correct,0
7950,1987,1,40,40,40,1,18,1,True,True,False,0.0016614474589005113,correct,0
7951,1987,1,6,6,6,18,1,18,True,True,False,0.019791841506958008,correct,0
7952,1988,0,42,42,42,14,7,14,True,True,False,0.06128937378525734,correct,0
7953,1988,0,29,11,29,7,14,6,False,False,False,0.020503245294094086,other,18
7954,1988,1,29,29,29,14,7,14,True,True,False,0.020503245294094086,correct,0
7955,1988,1,42,42,42,7,14,7,True,True,False,0.06128937378525734,correct,0
7956,1989,0,38,38,38,7,14,7,True,True,False,0.007035125978291035,correct,0
7957,1989,0,27,27,27,14,7,14,True,True,False,0.050137557089328766,correct,0
7958,1989,1,27,17,27,7,14,7,False,False,False,0.050137557089328766,other,10
7959,1989,1,38,38,38,14,7,14,True,True,False,0.007035125978291035,correct,0
7960,1990,0,18,18,18,24,14,24,True,True,False,0.06264767050743103,correct,0
7961,1990,0,5,5,5,14,24,14,True,True,False,0.04259197786450386,correct,0
7962,1990,1,5,5,5,24,14,24,True,True,False,0.04259197786450386,correct,0
7963,1990,1,18,18,18,14,24,14,True,True,False,0.06264767050743103,correct,0
7964,1991,0,18,18,18,6,17,6,True,True,False,0.0585101842880249,correct,0
7965,1991,0,33,33,33,17,6,17,True,True,False,0.020301545038819313,correct,0
7966,1991,1,33,33,33,6,17,6,True,True,False,0.020301545038819313,correct,0
7967,1991,1,18,18,18,17,6,17,True,True,False,0.0585101842880249,correct,0
7968,1992,0,2,2,2,12,9,12,True,True,False,0.05211906135082245,correct,0
7969,1992,0,42,42,42,9,12,9,True,True,False,0.171285018324852,correct,0
7970,1992,1,42,42,42,12,9,12,True,True,False,0.171285018324852,correct,0
7971,1992,1,2,2,2,9,12,9,True,True,False,0.05211906135082245,correct,0
7972,1993,0,42,42,42,7,16,7,True,True,False,0.08637658506631851,correct,0
7973,1993,0,46,46,46,16,7,16,True,True,False,0.028159353882074356,correct,0
7974,1993,1,46,46,46,7,16,7,True,True,False,0.028159353882074356,correct,0
7975,1993,1,42,42,42,16,7,16,True,True,False,0.08637658506631851,correct,0
7976,1994,0,37,37,37,24,18,24,True,True,False,0.057104531675577164,correct,0
7977,1994,0,47,47,47,18,24,18,True,True,False,0.05200841277837753,correct,0
7978,1994,1,47,47,47,24,18,24,True,True,False,0.05200841277837753,correct,0
7979,1994,1,37,37,37,18,24,18,True,True,False,0.057104531675577164,correct,0
7980,1995,0,15,15,15,18,22,18,True,True,False,0.04961549490690231,correct,0
7981,1995,0,11,11,11,22,18,22,True,True,False,0.04767245799303055,correct,0
7982,1995,1,11,11,11,18,22,18,True,True,False,0.04767245799303055,correct,0
7983,1995,1,15,15,15,22,18,12,True,True,False,0.04961549490690231,correct,0
7984,1996,0,0,0,0,6,36,6,True,True,False,0.017271490767598152,correct,0
7985,1996,0,45,45,45,36,6,36,True,True,False,0.059022434055805206,correct,0
7986,1996,1,45,45,45,6,36,6,True,True,False,0.059022434055805206,correct,0
7987,1996,1,0,0,0,36,6,36,True,True,False,0.017271490767598152,correct,0
7988,1997,0,12,12,12,26,7,26,True,True,False,0.07627487927675247,correct,0
7989,1997,0,23,23,23,7,26,7,True,True,False,0.021903665736317635,correct,0
7990,1997,1,23,23,23,26,7,26,True,True,False,0.021903665736317635,correct,0
7991,1997,1,12,10,12,7,26,7,False,False,False,0.07627487927675247,other,2
7992,1998,0,43,43,43,18,15,18,True,True,False,0.031023865565657616,correct,0
7993,1998,0,44,44,44,15,18,15,True,True,False,0.03136079013347626,correct,0
7994,1998,1,44,44,44,18,15,18,True,True,False,0.03136079013347626,correct,0
7995,1998,1,43,43,43,15,18,15,True,True,False,0.031023865565657616,correct,0
7996,1999,0,48,48,48,20,7,10,True,True,False,0.022917460650205612,correct,0
7997,1999,0,18,18,18,7,20,7,True,True,False,0.06514640152454376,correct,0
7998,1999,1,18,18,18,20,7,7,True,True,False,0.06514640152454376,correct,0
7999,1999,1,48,24,48,7,20,7,False,False,False,0.022917460650205612,other,24
