idx,batch_idx,pair_idx,true_action,pred_action,dummy_action,orig_actor,ret_actor,pred_actor,is_correct_action,is_dummy_action,is_off_by_one,mse,prediction_category,abs_error
0,0,0,45,32,45,7,15,15,False,False,False,0.04344037175178528,other,13
1,0,0,20,43,20,15,7,15,False,False,False,0.0788305327296257,other,23
2,0,1,20,31,20,7,15,5,False,False,False,0.0784568265080452,other,11
3,0,1,45,4,45,15,7,15,False,False,False,0.057555969804525375,other,41
4,1,0,45,44,45,6,2,34,False,False,True,0.01843304932117462,off_by_one,1
5,1,0,2,17,2,2,6,18,False,False,False,0.016963692381978035,other,15
6,1,1,2,17,2,6,2,18,False,False,False,0.011882768012583256,other,15
7,1,1,45,4,45,2,6,34,False,False,False,0.013359559699892998,other,41
8,2,0,36,43,36,32,31,32,False,False,False,0.032972391694784164,other,7
9,2,0,10,28,10,31,32,15,False,False,False,0.004370091948658228,other,18
10,2,1,10,17,10,32,31,32,False,False,False,0.006438292562961578,other,7
11,2,1,36,17,36,31,32,15,False,False,False,0.01387153659015894,other,19
12,3,0,1,17,1,35,24,34,False,False,False,0.04091053828597069,other,16
13,3,0,44,17,44,24,35,34,False,False,False,0.016042107716202736,other,27
14,3,1,44,17,44,35,24,34,False,False,False,0.019136587157845497,other,27
15,3,1,1,43,1,24,35,22,False,False,False,0.04420153424143791,other,42
16,4,0,11,17,11,24,16,15,False,False,False,0.022811749950051308,other,6
17,4,0,14,17,14,16,24,15,False,False,False,0.03622996062040329,other,3
18,4,1,14,17,14,24,16,5,False,False,False,0.049839090555906296,other,3
19,4,1,11,17,11,16,24,7,False,False,False,0.04426226764917374,other,6
20,5,0,22,17,22,16,38,7,False,False,False,0.021143460646271706,other,5
21,5,0,17,17,17,38,16,15,True,True,False,0.026775319129228592,correct,0
22,5,1,17,17,17,16,38,7,True,True,False,0.02416214533150196,correct,0
23,5,1,22,17,22,38,16,7,False,False,False,0.04644249752163887,other,5
24,6,0,17,32,17,6,7,5,False,False,False,0.03706447035074234,other,15
25,6,0,21,3,21,7,6,18,False,False,False,0.012427120469510555,other,18
26,6,1,21,17,21,6,7,7,False,False,False,0.013078233227133751,other,4
27,6,1,17,17,17,7,6,34,True,True,False,0.04322503134608269,correct,0
28,7,0,13,32,13,38,39,7,False,False,False,0.03772592544555664,other,19
29,7,0,1,43,1,39,38,7,False,False,False,0.014557755552232265,other,42
30,7,1,1,17,1,38,39,15,False,False,False,0.0246017687022686,other,16
31,7,1,13,43,13,39,38,15,False,False,False,0.033165398985147476,other,30
32,8,0,20,17,20,14,6,15,False,False,False,0.05477120727300644,other,3
33,8,0,34,32,34,6,14,34,False,False,False,0.039696186780929565,other,2
34,8,1,34,7,34,14,6,32,False,False,False,0.024562006816267967,other,27
35,8,1,20,17,20,6,14,34,False,False,False,0.03165736049413681,other,3
36,9,0,14,17,14,17,7,32,False,False,False,0.03979675471782684,other,3
37,9,0,46,43,46,7,17,32,False,False,False,0.017290759831666946,other,3
38,9,1,46,17,46,17,7,34,False,False,False,0.0325000025331974,other,29
39,9,1,14,17,14,7,17,34,False,False,False,0.032524529844522476,other,3
40,10,0,47,24,47,6,19,34,False,False,False,0.01654648222029209,other,23
41,10,0,2,17,2,19,6,34,False,False,False,0.054167479276657104,other,15
42,10,1,2,17,2,6,19,6,False,False,False,0.05764776095747948,other,15
43,10,1,47,17,47,19,6,34,False,False,False,0.019617745652794838,other,30
44,11,0,24,44,24,7,8,15,False,False,False,0.008267281576991081,other,20
45,11,0,38,17,38,8,7,18,False,False,False,0.02084720879793167,other,21
46,11,1,38,0,38,7,8,18,False,False,False,0.031085964292287827,other,38
47,11,1,24,4,24,8,7,18,False,False,False,0.0027222023345530033,other,20
48,12,0,4,4,4,24,18,18,True,True,False,0.01412267331033945,correct,0
49,12,0,38,0,38,18,24,18,False,False,False,0.021097440272569656,other,38
50,12,1,38,17,38,24,18,24,False,False,False,0.013368017040193081,other,21
51,12,1,4,4,4,18,24,24,True,True,False,0.015907924622297287,correct,0
52,13,0,35,32,35,18,16,34,False,False,False,0.010631351731717587,other,3
53,13,0,29,17,29,16,18,18,False,False,False,0.02627989836037159,other,12
54,13,1,29,17,29,18,16,34,False,False,False,0.038755062967538834,other,12
55,13,1,35,24,35,16,18,34,False,False,False,0.011765806004405022,other,11
56,14,0,43,43,43,3,5,18,True,True,False,0.053419329226017,correct,0
57,14,0,39,17,39,5,3,18,False,False,False,0.02564065530896187,other,22
58,14,1,39,43,39,3,5,18,False,False,False,0.02244132198393345,other,4
59,14,1,43,43,43,5,3,5,True,True,False,0.018481649458408356,correct,0
60,15,0,33,43,33,6,13,18,False,False,False,0.007967673242092133,other,10
61,15,0,41,35,41,13,6,34,False,False,False,0.02294791489839554,other,6
62,15,1,41,24,41,6,13,34,False,False,False,0.027360105887055397,other,17
63,15,1,33,17,33,13,6,18,False,False,False,0.01313077937811613,other,16
64,16,0,36,17,36,24,27,32,False,False,False,0.010103266686201096,other,19
65,16,0,3,17,3,27,24,34,False,False,False,0.027022505179047585,other,14
66,16,1,3,17,3,24,27,18,False,False,False,0.018992673605680466,other,14
67,16,1,36,17,36,27,24,15,False,False,False,0.017933130264282227,other,19
68,17,0,4,27,4,0,14,15,False,False,False,0.03157597407698631,other,23
69,17,0,18,17,18,14,0,15,False,False,True,0.011796928942203522,off_by_one,1
70,17,1,18,17,18,0,14,15,False,False,True,0.011774556711316109,off_by_one,1
71,17,1,4,27,4,14,0,7,False,False,False,0.014087794348597527,other,23
72,18,0,20,17,20,26,24,34,False,False,False,0.05154387652873993,other,3
73,18,0,37,17,37,24,26,32,False,False,False,0.04742361232638359,other,20
74,18,1,37,43,37,26,24,34,False,False,False,0.04055256024003029,other,6
75,18,1,20,32,20,24,26,22,False,False,False,0.03684968873858452,other,12
76,19,0,2,17,2,18,17,22,False,False,False,0.023554282262921333,other,15
77,19,0,39,17,39,17,18,32,False,False,False,0.011371909640729427,other,22
78,19,1,39,17,39,18,17,34,False,False,False,0.015142226591706276,other,22
79,19,1,2,0,2,17,18,34,False,False,False,0.029764961451292038,other,2
80,20,0,25,24,25,16,0,7,False,False,True,0.028381697833538055,off_by_one,1
81,20,0,29,17,29,0,16,7,False,False,False,0.020446764305233955,other,12
82,20,1,29,17,29,16,0,7,False,False,False,0.03175113722681999,other,12
83,20,1,25,17,25,0,16,16,False,False,False,0.03355478122830391,other,8
84,21,0,13,17,13,17,14,15,False,False,False,0.019660279154777527,other,4
85,21,0,47,24,47,14,17,27,False,False,False,0.011086094193160534,other,23
86,21,1,47,27,47,17,14,7,False,False,False,0.02130124159157276,other,20
87,21,1,13,17,13,14,17,15,False,False,False,0.019946208223700523,other,4
88,22,0,25,24,25,6,1,34,False,False,True,0.01403187308460474,off_by_one,1
89,22,0,28,17,28,1,6,15,False,False,False,0.02581741102039814,other,11
90,22,1,28,17,28,6,1,18,False,False,False,0.018764935433864594,other,11
91,22,1,25,32,25,1,6,15,False,False,False,0.02396203577518463,other,7
92,23,0,6,43,6,13,2,18,False,False,False,0.017381981015205383,other,37
93,23,0,25,35,25,2,13,34,False,False,False,0.012946532107889652,other,10
94,23,1,25,24,25,13,2,18,False,False,True,0.011254285462200642,off_by_one,1
95,23,1,6,17,6,2,13,34,False,False,False,0.04241589084267616,other,11
96,24,0,5,5,5,16,26,7,True,True,False,0.03295043110847473,correct,0
97,24,0,27,17,27,26,16,18,False,False,False,0.05085930600762367,other,10
98,24,1,27,29,27,16,26,7,False,False,False,0.037203337997198105,other,2
99,24,1,5,15,5,26,16,15,False,False,False,0.051326993852853775,other,10
100,25,0,15,44,15,24,17,18,False,False,False,0.09455244988203049,other,29
101,25,0,12,17,12,17,24,0,False,False,False,0.030905665829777718,other,5
102,25,1,12,17,12,24,17,18,False,False,False,0.035192862153053284,other,5
103,25,1,15,5,15,17,24,15,False,False,False,0.057908669114112854,other,10
104,26,0,1,17,1,17,15,15,False,False,False,0.009552902542054653,other,16
105,26,0,17,17,17,15,17,15,True,True,False,0.012368625029921532,correct,0
106,26,1,17,17,17,17,15,15,True,True,False,0.01896709017455578,correct,0
107,26,1,1,17,1,15,17,15,False,False,False,0.008042305707931519,other,16
108,27,0,38,17,38,15,6,32,False,False,False,0.016176018863916397,other,21
109,27,0,31,17,31,6,15,5,False,False,False,0.03235239163041115,other,14
110,27,1,31,17,31,15,6,34,False,False,False,0.04211533069610596,other,14
111,27,1,38,17,38,6,15,34,False,False,False,0.012267780490219593,other,21
112,28,0,17,17,17,7,8,18,True,True,False,0.05183158069849014,correct,0
113,28,0,16,15,16,8,7,18,False,False,True,0.04250691831111908,off_by_one,1
114,28,1,16,32,16,7,8,18,False,False,False,0.057607945054769516,other,16
115,28,1,17,17,17,8,7,18,True,True,False,0.05034439638257027,correct,0
116,29,0,27,17,27,12,9,18,False,False,False,0.03143065422773361,other,10
117,29,0,44,32,44,9,12,7,False,False,False,0.03797464817762375,other,12
118,29,1,44,17,44,12,9,34,False,False,False,0.03606769070029259,other,27
119,29,1,27,17,27,9,12,34,False,False,False,0.02173827402293682,other,10
120,30,0,6,17,6,27,1,15,False,False,False,0.049360241740942,other,11
121,30,0,43,17,43,1,27,15,False,False,False,0.016058025881648064,other,26
122,30,1,43,0,43,27,1,7,False,False,False,0.014653881080448627,other,43
123,30,1,6,17,6,1,27,7,False,False,False,0.041726525872945786,other,11
124,31,0,4,28,4,23,18,15,False,False,False,0.01654333621263504,other,24
125,31,0,2,32,2,18,23,18,False,False,False,0.019625050947070122,other,30
126,31,1,2,17,2,23,18,22,False,False,False,0.030046826228499413,other,15
127,31,1,4,17,4,18,23,34,False,False,False,0.003530703019350767,other,13
128,32,0,37,17,37,11,2,15,False,False,False,0.009839354082942009,other,20
129,32,0,12,17,12,2,11,5,False,False,False,0.02640705369412899,other,5
130,32,1,12,17,12,11,2,15,False,False,False,0.03708890452980995,other,5
131,32,1,37,17,37,2,11,15,False,False,False,0.003740415908396244,other,20
132,33,0,29,32,29,15,36,5,False,False,False,0.008412731811404228,other,3
133,33,0,2,17,2,36,15,15,False,False,False,0.03719601780176163,other,15
134,33,1,2,17,2,15,36,18,False,False,False,0.06952106952667236,other,15
135,33,1,29,32,29,36,15,5,False,False,False,0.012532521970570087,other,3
136,34,0,29,32,29,29,33,5,False,False,False,0.022886577993631363,other,3
137,34,0,34,32,34,33,29,7,False,False,False,0.01850738190114498,other,2
138,34,1,34,24,34,29,33,34,False,False,False,0.005734293255954981,other,10
139,34,1,29,32,29,33,29,5,False,False,False,0.013362833298742771,other,3
140,35,0,0,17,0,14,24,34,False,False,False,0.012796899303793907,other,17
141,35,0,32,17,32,24,14,34,False,False,False,0.012893522158265114,other,15
142,35,1,32,17,32,14,24,15,False,False,False,0.01095243263989687,other,15
143,35,1,0,17,0,24,14,34,False,False,False,0.0168418250977993,other,17
144,36,0,38,17,38,16,20,7,False,False,False,0.028050309047102928,other,21
145,36,0,18,17,18,20,16,5,False,False,True,0.0349043533205986,off_by_one,1
146,36,1,18,2,18,16,20,7,False,False,False,0.04493700712919235,other,16
147,36,1,38,17,38,20,16,15,False,False,False,0.02038627490401268,other,21
148,37,0,34,17,34,29,34,34,False,False,False,0.027448860928416252,other,17
149,37,0,36,17,36,34,29,34,False,False,False,0.013773909769952297,other,19
150,37,1,36,17,36,29,34,34,False,False,False,0.02493353933095932,other,19
151,37,1,34,17,34,34,29,34,False,False,False,0.0368783138692379,other,17
152,38,0,2,17,2,16,3,15,False,False,False,0.014297976158559322,other,15
153,38,0,25,24,25,3,16,34,False,False,True,0.004638396203517914,off_by_one,1
154,38,1,25,17,25,16,3,34,False,False,False,0.017423946410417557,other,8
155,38,1,2,17,2,3,16,15,False,False,False,0.009578005410730839,other,15
156,39,0,3,17,3,38,7,15,False,False,False,0.028616517782211304,other,14
157,39,0,15,11,15,7,38,7,False,False,False,0.05068593844771385,other,4
158,39,1,15,7,15,38,7,15,False,False,False,0.06281524151563644,other,8
159,39,1,3,32,3,7,38,7,False,False,False,0.02707788534462452,other,29
160,40,0,1,17,1,15,16,15,False,False,False,0.015248030424118042,other,16
161,40,0,7,34,7,16,15,27,False,False,False,0.0508856363594532,other,27
162,40,1,7,7,7,15,16,34,True,True,False,0.03349718451499939,correct,0
163,40,1,1,17,1,16,15,15,False,False,False,0.014767597429454327,other,16
164,41,0,16,42,16,26,16,34,False,False,False,0.14025337994098663,other,26
165,41,0,4,35,4,16,26,34,False,False,False,0.01692930981516838,other,31
166,41,1,4,24,4,26,16,34,False,False,False,0.0065484363585710526,other,20
167,41,1,16,0,16,16,26,18,False,False,False,0.15089821815490723,other,16
168,42,0,15,10,15,16,15,27,False,False,False,0.041245684027671814,other,5
169,42,0,28,27,28,15,16,7,False,False,True,0.01947656087577343,off_by_one,1
170,42,1,28,17,28,16,15,27,False,False,False,0.02361760102212429,other,11
171,42,1,15,44,15,15,16,15,False,False,False,0.038599178194999695,other,29
172,43,0,4,17,4,14,16,27,False,False,False,0.021934274584054947,other,13
173,43,0,12,17,12,16,14,32,False,False,False,0.022732198238372803,other,5
174,43,1,12,17,12,14,16,16,False,False,False,0.007839135825634003,other,5
175,43,1,4,17,4,16,14,32,False,False,False,0.01834612339735031,other,13
176,44,0,18,17,18,18,24,18,False,False,True,0.04994307830929756,off_by_one,1
177,44,0,19,43,19,24,18,15,False,False,False,0.034310754388570786,other,24
178,44,1,19,17,19,18,24,18,False,False,False,0.03472673520445824,other,2
179,44,1,18,24,18,24,18,34,False,False,False,0.029934505000710487,other,6
180,45,0,48,17,48,15,2,18,False,False,False,0.031423721462488174,other,31
181,45,0,8,8,8,2,15,18,True,True,False,0.009817710146307945,correct,0
182,45,1,8,0,8,15,2,5,False,False,False,0.013319756835699081,other,8
183,45,1,48,17,48,2,15,18,False,False,False,0.014396203681826591,other,31
184,46,0,26,4,26,15,7,15,False,False,False,0.010761382058262825,other,22
185,46,0,3,17,3,7,15,7,False,False,False,0.01602577418088913,other,14
186,46,1,3,17,3,15,7,18,False,False,False,0.037114500999450684,other,14
187,46,1,26,4,26,7,15,7,False,False,False,0.011159198358654976,other,22
188,47,0,31,43,31,26,18,34,False,False,False,0.013586112298071384,other,12
189,47,0,20,43,20,18,26,34,False,False,False,0.015562538988888264,other,23
190,47,1,20,17,20,26,18,34,False,False,False,0.01130724512040615,other,3
191,47,1,31,17,31,18,26,22,False,False,False,0.03383593261241913,other,14
192,48,0,21,3,21,7,19,18,False,False,False,0.04524275287985802,other,18
193,48,0,48,17,48,19,7,34,False,False,False,0.007928076200187206,other,31
194,48,1,48,17,48,7,19,34,False,False,False,0.010771841742098331,other,31
195,48,1,21,43,21,19,7,34,False,False,False,0.037219248712062836,other,22
196,49,0,46,17,46,20,6,18,False,False,False,0.009338267147541046,other,29
197,49,0,22,32,22,6,20,18,False,False,False,0.008908680640161037,other,10
198,49,1,22,0,22,20,6,18,False,False,False,0.03840649127960205,other,22
199,49,1,46,17,46,6,20,18,False,False,False,0.014385763555765152,other,29
200,50,0,10,17,10,24,6,7,False,False,False,0.06253892928361893,other,7
201,50,0,7,15,7,6,24,7,False,False,False,0.037105441093444824,other,8
202,50,1,7,7,7,24,6,18,True,True,False,0.06438621133565903,correct,0
203,50,1,10,0,10,6,24,18,False,False,False,0.0682101622223854,other,10
204,51,0,27,0,27,15,6,15,False,False,False,0.012888383120298386,other,27
205,51,0,31,31,31,6,15,5,True,True,False,0.07149393856525421,correct,0
206,51,1,31,0,31,15,6,18,False,False,False,0.07796107977628708,other,31
207,51,1,27,17,27,6,15,18,False,False,False,0.01811729557812214,other,10
208,52,0,32,0,32,31,6,7,False,False,False,0.04702545702457428,other,32
209,52,0,28,32,28,6,31,5,False,False,False,0.017195777967572212,other,4
210,52,1,28,17,28,31,6,32,False,False,False,0.03804011642932892,other,11
211,52,1,32,17,32,6,31,34,False,False,False,0.017899153754115105,other,15
212,53,0,21,43,21,24,18,18,False,False,False,0.06817367672920227,other,22
213,53,0,10,32,10,18,24,5,False,False,False,0.02392462082207203,other,22
214,53,1,10,17,10,24,18,18,False,False,False,0.034270379692316055,other,7
215,53,1,21,3,21,18,24,5,False,False,False,0.03050249069929123,other,18
216,54,0,44,7,44,26,24,18,False,False,False,0.073822982609272,other,37
217,54,0,9,0,9,24,26,18,False,False,False,0.020092682912945747,other,9
218,54,1,9,17,9,26,24,18,False,False,False,0.021464599296450615,other,8
219,54,1,44,32,44,24,26,7,False,False,False,0.07241158187389374,other,12
220,55,0,38,17,38,20,15,34,False,False,False,0.021875524893403053,other,21
221,55,0,10,17,10,15,20,22,False,False,False,0.025000395253300667,other,7
222,55,1,10,17,10,20,15,7,False,False,False,0.03581942990422249,other,7
223,55,1,38,0,38,15,20,18,False,False,False,0.03162245824933052,other,38
224,56,0,45,17,45,17,9,7,False,False,False,0.025622762739658356,other,28
225,56,0,21,43,21,9,17,22,False,False,False,0.055129580199718475,other,22
226,56,1,21,43,21,17,9,15,False,False,False,0.05016862228512764,other,22
227,56,1,45,32,45,9,17,34,False,False,False,0.00924887228757143,other,13
228,57,0,18,17,18,6,15,34,False,False,True,0.02142438106238842,off_by_one,1
229,57,0,38,17,38,15,6,18,False,False,False,0.037589844316244125,other,21
230,57,1,38,17,38,6,15,15,False,False,False,0.03885556012392044,other,21
231,57,1,18,17,18,15,6,18,False,False,True,0.018374081701040268,off_by_one,1
232,58,0,39,43,39,3,12,18,False,False,False,0.012909570708870888,other,4
233,58,0,40,17,40,12,3,18,False,False,False,0.03744720295071602,other,23
234,58,1,40,17,40,3,12,34,False,False,False,0.022773154079914093,other,23
235,58,1,39,17,39,12,3,18,False,False,False,0.011965310201048851,other,22
236,59,0,2,17,2,6,1,18,False,False,False,0.026957344263792038,other,15
237,59,0,41,41,41,1,6,18,True,True,False,0.0526324100792408,correct,0
238,59,1,41,35,41,6,1,18,False,False,False,0.1409248262643814,other,6
239,59,1,2,17,2,1,6,18,False,False,False,0.03668147698044777,other,15
240,60,0,37,17,37,7,2,34,False,False,False,0.021478358656167984,other,20
241,60,0,14,17,14,2,7,34,False,False,False,0.022898517549037933,other,3
242,60,1,14,17,14,7,2,34,False,False,False,0.03147653117775917,other,3
243,60,1,37,43,37,2,7,34,False,False,False,0.011183064430952072,other,6
244,61,0,46,17,46,0,15,32,False,False,False,0.0363113135099411,other,29
245,61,0,43,17,43,15,0,18,False,False,False,0.03569084033370018,other,26
246,61,1,43,17,43,0,15,15,False,False,False,0.03882884234189987,other,26
247,61,1,46,17,46,15,0,18,False,False,False,0.04812536761164665,other,29
248,62,0,5,15,5,33,7,32,False,False,False,0.016999319195747375,other,10
249,62,0,6,3,6,7,33,7,False,False,False,0.04142950102686882,other,3
250,62,1,6,32,6,33,7,7,False,False,False,0.026408137753605843,other,26
251,62,1,5,15,5,7,33,32,False,False,False,0.03764022886753082,other,10
252,63,0,37,17,37,15,16,34,False,False,False,0.023269368335604668,other,20
253,63,0,41,28,41,16,15,34,False,False,False,0.08751380443572998,other,13
254,63,1,41,24,41,15,16,15,False,False,False,0.09569313377141953,other,17
255,63,1,37,43,37,16,15,15,False,False,False,0.018842509016394615,other,6
256,64,0,47,15,47,24,18,18,False,False,False,0.06419850885868073,other,32
257,64,0,44,7,44,18,24,18,False,False,False,0.04880707710981369,other,37
258,64,1,44,24,44,24,18,18,False,False,False,0.020606353878974915,other,20
259,64,1,47,34,47,18,24,18,False,False,False,0.02415301837027073,other,13
260,65,0,27,17,27,16,14,15,False,False,False,0.02368205599486828,other,10
261,65,0,8,8,8,14,16,15,True,True,False,0.019431492313742638,correct,0
262,65,1,8,8,8,16,14,37,True,True,False,0.01743515580892563,correct,0
263,65,1,27,17,27,14,16,7,False,False,False,0.016796451061964035,other,10
264,66,0,7,4,7,16,0,15,False,False,False,0.025039756670594215,other,3
265,66,0,32,17,32,0,16,16,False,False,False,0.028215494006872177,other,15
266,66,1,32,17,32,16,0,32,False,False,False,0.03509347140789032,other,15
267,66,1,7,17,7,0,16,27,False,False,False,0.04732488468289375,other,10
268,67,0,41,24,41,8,7,18,False,False,False,0.06759238988161087,other,17
269,67,0,11,17,11,7,8,34,False,False,False,0.04645772650837898,other,6
270,67,1,11,17,11,8,7,34,False,False,False,0.031159140169620514,other,6
271,67,1,41,41,41,7,8,34,True,True,False,0.016362564638257027,correct,0
272,68,0,19,17,19,16,6,7,False,False,False,0.03497889265418053,other,2
273,68,0,20,0,20,6,16,18,False,False,False,0.03728729486465454,other,20
274,68,1,20,32,20,16,6,7,False,False,False,0.044121433049440384,other,12
275,68,1,19,43,19,6,16,18,False,False,False,0.03570815548300743,other,24
276,69,0,6,0,6,6,2,34,False,False,False,0.051255594938993454,other,6
277,69,0,39,43,39,2,6,34,False,False,False,0.018764792010188103,other,4
278,69,1,39,17,39,6,2,34,False,False,False,0.009174107573926449,other,22
279,69,1,6,17,6,2,6,18,False,False,False,0.0502096563577652,other,11
280,70,0,41,8,41,14,15,27,False,False,False,0.08408910781145096,other,33
281,70,0,21,43,21,15,14,15,False,False,False,0.020500093698501587,other,22
282,70,1,21,17,21,14,15,27,False,False,False,0.02216542884707451,other,4
283,70,1,41,24,41,15,14,18,False,False,False,0.06986404210329056,other,17
284,71,0,21,43,21,1,7,22,False,False,False,0.03851404786109924,other,22
285,71,0,45,4,45,7,1,7,False,False,False,0.006711359601467848,other,41
286,71,1,45,4,45,1,7,15,False,False,False,0.011157759465277195,other,41
287,71,1,21,43,21,7,1,18,False,False,False,0.02633981965482235,other,22
288,72,0,32,17,32,6,20,18,False,False,False,0.032978855073451996,other,15
289,72,0,46,43,46,20,6,7,False,False,False,0.014005975797772408,other,3
290,72,1,46,17,46,6,20,18,False,False,False,0.018703512847423553,other,29
291,72,1,32,0,32,20,6,18,False,False,False,0.06779330223798752,other,32
292,73,0,40,17,40,15,7,34,False,False,False,0.008475777693092823,other,23
293,73,0,3,17,3,7,15,22,False,False,False,0.05604279786348343,other,14
294,73,1,3,43,3,15,7,34,False,False,False,0.05936609208583832,other,40
295,73,1,40,17,40,7,15,34,False,False,False,0.018646754324436188,other,23
296,74,0,25,4,25,39,7,15,False,False,False,0.015787683427333832,other,21
297,74,0,29,17,29,7,39,18,False,False,False,0.029877468943595886,other,12
298,74,1,29,32,29,39,7,18,False,False,False,0.029859861359000206,other,3
299,74,1,25,24,25,7,39,18,False,False,True,0.0222639013081789,off_by_one,1
300,75,0,10,29,10,14,36,7,False,False,False,0.02776184119284153,other,19
301,75,0,40,17,40,36,14,15,False,False,False,0.032409317791461945,other,23
302,75,1,40,32,40,14,36,27,False,False,False,0.020930035039782524,other,8
303,75,1,10,24,10,36,14,15,False,False,False,0.03461967781186104,other,14
304,76,0,20,17,20,7,2,18,False,False,False,0.027270033955574036,other,3
305,76,0,30,0,30,2,7,34,False,False,False,0.042641907930374146,other,30
306,76,1,30,31,30,7,2,18,False,False,True,0.03184620290994644,off_by_one,1
307,76,1,20,17,20,2,7,18,False,False,False,0.01300011109560728,other,3
308,77,0,6,31,6,15,20,15,False,False,False,0.05342318117618561,other,25
309,77,0,47,17,47,20,15,34,False,False,False,0.02130744978785515,other,30
310,77,1,47,24,47,15,20,34,False,False,False,0.013998917303979397,other,23
311,77,1,6,17,6,20,15,34,False,False,False,0.04003974422812462,other,11
312,78,0,9,17,9,26,6,34,False,False,False,0.025535162538290024,other,8
313,78,0,46,17,46,6,26,6,False,False,False,0.02339993230998516,other,29
314,78,1,46,17,46,26,6,34,False,False,False,0.03396090492606163,other,29
315,78,1,9,17,9,6,26,34,False,False,False,0.022768639028072357,other,8
316,79,0,30,43,30,19,6,18,False,False,False,0.06682474911212921,other,13
317,79,0,7,24,7,6,19,22,False,False,False,0.05090468004345894,other,17
318,79,1,7,15,7,19,6,34,False,False,False,0.10671646147966385,other,8
319,79,1,30,0,30,6,19,18,False,False,False,0.046164438128471375,other,30
320,80,0,18,17,18,6,16,18,False,False,True,0.05727562680840492,off_by_one,1
321,80,0,34,46,34,16,6,7,False,False,False,0.046874038875103,other,12
322,80,1,34,44,34,6,16,34,False,False,False,0.03191302716732025,other,10
323,80,1,18,31,18,16,6,6,False,False,False,0.06422373652458191,other,13
324,81,0,8,8,8,15,36,5,True,True,False,0.09133973717689514,correct,0
325,81,0,20,43,20,36,15,18,False,False,False,0.044094789773225784,other,23
326,81,1,20,17,20,15,36,15,False,False,False,0.05628440901637077,other,3
327,81,1,8,8,8,36,15,18,True,True,False,0.06693277508020401,correct,0
328,82,0,37,43,37,15,14,34,False,False,False,0.012340045534074306,other,6
329,82,0,8,45,8,14,15,15,False,False,False,0.024221664294600487,other,37
330,82,1,8,8,8,15,14,18,True,True,False,0.04873909801244736,correct,0
331,82,1,37,43,37,14,15,15,False,False,False,0.010079202242195606,other,6
332,83,0,34,34,34,36,26,24,True,True,False,0.03757765144109726,correct,0
333,83,0,23,24,23,26,36,34,False,False,True,0.015635663643479347,off_by_one,1
334,83,1,23,35,23,36,26,34,False,False,False,0.006911048199981451,other,12
335,83,1,34,32,34,26,36,24,False,False,False,0.03438529744744301,other,2
336,84,0,10,24,10,39,20,18,False,False,False,0.023698309436440468,other,14
337,84,0,11,32,11,20,39,7,False,False,False,0.04186895862221718,other,21
338,84,1,11,17,11,39,20,18,False,False,False,0.05700947344303131,other,6
339,84,1,10,17,10,20,39,7,False,False,False,0.040887150913476944,other,7
340,85,0,19,17,19,14,16,37,False,False,False,0.017303429543972015,other,2
341,85,0,29,17,29,16,14,7,False,False,False,0.1010790541768074,other,12
342,85,1,29,31,29,14,16,6,False,False,False,0.06346043944358826,other,2
343,85,1,19,32,19,16,14,15,False,False,False,0.04385347664356232,other,13
344,86,0,39,43,39,3,15,18,False,False,False,0.008359890431165695,other,4
345,86,0,9,43,9,15,3,34,False,False,False,0.04892443120479584,other,34
346,86,1,9,32,9,3,15,18,False,False,False,0.05206577479839325,other,23
347,86,1,39,43,39,15,3,18,False,False,False,0.014259767718613148,other,4
348,87,0,25,24,25,12,6,18,False,False,True,0.017594601958990097,off_by_one,1
349,87,0,36,17,36,6,12,18,False,False,False,0.014398409985005856,other,19
350,87,1,36,17,36,12,6,18,False,False,False,0.012508205138146877,other,19
351,87,1,25,24,25,6,12,24,False,False,True,0.014945653267204762,off_by_one,1
352,88,0,37,17,37,18,22,34,False,False,False,0.026514943689107895,other,20
353,88,0,40,17,40,22,18,22,False,False,False,0.03542259708046913,other,23
354,88,1,40,17,40,18,22,18,False,False,False,0.03883678466081619,other,23
355,88,1,37,43,37,22,18,18,False,False,False,0.023419369012117386,other,6
356,89,0,21,43,21,7,24,18,False,False,False,0.030111154541373253,other,22
357,89,0,12,17,12,24,7,18,False,False,False,0.04277068376541138,other,5
358,89,1,12,17,12,7,24,18,False,False,False,0.030440807342529297,other,5
359,89,1,21,17,21,24,7,15,False,False,False,0.03537096083164215,other,4
360,90,0,27,31,27,14,24,6,False,False,False,0.04972789064049721,other,4
361,90,0,14,17,14,24,14,5,False,False,False,0.03232046216726303,other,3
362,90,1,14,17,14,14,24,7,False,False,False,0.02972310781478882,other,3
363,90,1,27,32,27,24,14,18,False,False,False,0.06512260437011719,other,5
364,91,0,13,17,13,7,18,15,False,False,False,0.04521936550736427,other,4
365,91,0,18,17,18,18,7,18,False,False,True,0.0638044998049736,off_by_one,1
366,91,1,18,32,18,7,18,5,False,False,False,0.05168602615594864,other,14
367,91,1,13,0,13,18,7,18,False,False,False,0.022293154150247574,other,13
368,92,0,32,17,32,15,16,15,False,False,False,0.03528331592679024,other,15
369,92,0,5,5,5,16,15,34,True,True,False,0.03114674799144268,correct,0
370,92,1,5,34,5,15,16,27,False,False,False,0.03215455263853073,other,29
371,92,1,32,17,32,16,15,34,False,False,False,0.03168629854917526,other,15
372,93,0,8,2,8,27,18,20,False,False,False,0.04414345696568489,other,6
373,93,0,17,17,17,18,27,18,True,True,False,0.015423390083014965,correct,0
374,93,1,17,17,17,27,18,15,True,True,False,0.01715884730219841,correct,0
375,93,1,8,32,8,18,27,5,False,False,False,0.05366595461964607,other,24
376,94,0,43,43,43,4,6,18,True,True,False,0.012376034632325172,correct,0
377,94,0,30,0,30,6,4,18,False,False,False,0.009839537553489208,other,30
378,94,1,30,32,30,4,6,8,False,False,False,0.019411256536841393,other,2
379,94,1,43,17,43,6,4,18,False,False,False,0.0298256054520607,other,26
380,95,0,36,17,36,20,18,18,False,False,False,0.013757273554801941,other,19
381,95,0,42,42,42,18,20,18,True,True,False,0.05729910358786583,correct,0
382,95,1,42,42,42,20,18,18,True,True,False,0.026977958157658577,correct,0
383,95,1,36,17,36,18,20,18,False,False,False,0.0068832444958388805,other,19
384,96,0,38,17,38,11,2,34,False,False,False,0.0035795450676232576,other,21
385,96,0,40,17,40,2,11,15,False,False,False,0.0224579069763422,other,23
386,96,1,40,17,40,11,2,15,False,False,False,0.026511697098612785,other,23
387,96,1,38,17,38,2,11,34,False,False,False,0.003373039187863469,other,21
388,97,0,5,15,5,4,5,18,False,False,False,0.14091229438781738,other,10
389,97,0,42,42,42,5,4,18,True,True,False,0.042293481528759,correct,0
390,97,1,42,42,42,4,5,18,True,True,False,0.04106639325618744,correct,0
391,97,1,5,15,5,5,4,18,False,False,False,0.061004091054201126,other,10
392,98,0,27,17,27,20,18,18,False,False,False,0.008141972124576569,other,10
393,98,0,33,17,33,18,20,18,False,False,False,0.004930280148983002,other,16
394,98,1,33,17,33,20,18,7,False,False,False,0.01679205521941185,other,16
395,98,1,27,17,27,18,20,15,False,False,False,0.006264167372137308,other,10
396,99,0,34,44,34,8,11,36,False,False,False,0.019225774332880974,other,10
397,99,0,15,35,15,11,8,18,False,False,False,0.1068088635802269,other,20
398,99,1,15,15,15,8,11,22,True,True,False,0.04763718694448471,correct,0
399,99,1,34,24,34,11,8,27,False,False,False,0.03230130672454834,other,10
400,100,0,10,17,10,6,18,18,False,False,False,0.04174718260765076,other,7
401,100,0,28,17,28,18,6,18,False,False,False,0.022285640239715576,other,11
402,100,1,28,17,28,6,18,18,False,False,False,0.020812928676605225,other,11
403,100,1,10,32,10,18,6,5,False,False,False,0.036280978471040726,other,22
404,101,0,27,32,27,7,6,22,False,False,False,0.03800269961357117,other,5
405,101,0,31,17,31,6,7,18,False,False,False,0.020373670384287834,other,14
406,101,1,31,17,31,7,6,22,False,False,False,0.027058295905590057,other,14
407,101,1,27,17,27,6,7,34,False,False,False,0.03740352764725685,other,10
408,102,0,27,43,27,0,35,1,False,False,False,0.032379161566495895,other,16
409,102,0,42,42,42,35,0,15,True,True,False,0.053595248609781265,correct,0
410,102,1,42,42,42,0,35,34,True,True,False,0.04696959629654884,correct,0
411,102,1,27,17,27,35,0,7,False,False,False,0.03000176139175892,other,10
412,103,0,47,24,47,13,11,34,False,False,False,0.03297829255461693,other,23
413,103,0,45,24,45,11,13,34,False,False,False,0.03362668678164482,other,21
414,103,1,45,43,45,13,11,18,False,False,False,0.03202323988080025,other,2
415,103,1,47,17,47,11,13,7,False,False,False,0.04087037220597267,other,30
416,104,0,10,17,10,16,24,18,False,False,False,0.028109092265367508,other,7
417,104,0,40,17,40,24,16,18,False,False,False,0.0166460108011961,other,23
418,104,1,40,17,40,16,24,15,False,False,False,0.016166964545845985,other,23
419,104,1,10,32,10,24,16,18,False,False,False,0.005457461345940828,other,22
420,105,0,8,8,8,2,6,6,True,True,False,0.04223022237420082,correct,0
421,105,0,43,17,43,6,2,34,False,False,False,0.015886370092630386,other,26
422,105,1,43,17,43,2,6,34,False,False,False,0.03250739350914955,other,26
423,105,1,8,8,8,6,2,22,True,True,False,0.015891218557953835,correct,0
424,106,0,15,34,15,7,9,18,False,False,False,0.027418378740549088,other,19
425,106,0,33,17,33,9,7,15,False,False,False,0.0394480861723423,other,16
426,106,1,33,17,33,7,9,18,False,False,False,0.05035185441374779,other,16
427,106,1,15,34,15,9,7,34,False,False,False,0.01453334465622902,other,19
428,107,0,17,17,17,14,6,18,True,True,False,0.023330291733145714,correct,0
429,107,0,3,43,3,6,14,34,False,False,False,0.02537878043949604,other,40
430,107,1,3,17,3,14,6,32,False,False,False,0.05034243315458298,other,14
431,107,1,17,17,17,6,14,34,True,True,False,0.022630300372838974,correct,0
432,108,0,44,44,44,2,6,18,True,True,False,0.013119474984705448,correct,0
433,108,0,7,5,7,6,2,34,False,False,False,0.0446961484849453,other,2
434,108,1,7,15,7,2,6,18,False,False,False,0.03728795424103737,other,8
435,108,1,44,32,44,6,2,18,False,False,False,0.013161667622625828,other,12
436,109,0,26,35,26,7,19,18,False,False,False,0.016664836555719376,other,9
437,109,0,30,17,30,19,7,18,False,False,False,0.03375335410237312,other,13
438,109,1,30,17,30,7,19,18,False,False,False,0.017920326441526413,other,13
439,109,1,26,35,26,19,7,24,False,False,False,0.02466707117855549,other,9
440,110,0,10,32,10,36,14,18,False,False,False,0.03519837185740471,other,22
441,110,0,37,31,37,14,36,6,False,False,False,0.1111946776509285,other,6
442,110,1,37,43,37,36,14,7,False,False,False,0.15741828083992004,other,6
443,110,1,10,29,10,14,36,27,False,False,False,0.036158740520477295,other,19
444,111,0,46,17,46,16,26,15,False,False,False,0.020241452381014824,other,29
445,111,0,8,8,8,26,16,19,True,True,False,0.009478080086410046,correct,0
446,111,1,8,8,8,16,26,18,True,True,False,0.03358827531337738,correct,0
447,111,1,46,17,46,26,16,18,False,False,False,0.014564999379217625,other,29
448,112,0,11,17,11,14,16,18,False,False,False,0.010701569728553295,other,6
449,112,0,38,17,38,16,14,15,False,False,False,0.0066359140910208225,other,21
450,112,1,38,17,38,14,16,15,False,False,False,0.007487955037504435,other,21
451,112,1,11,17,11,16,14,15,False,False,False,0.014667076990008354,other,6
452,113,0,30,0,30,0,7,15,False,False,False,0.04835400730371475,other,30
453,113,0,11,17,11,7,0,7,False,False,False,0.016544602811336517,other,6
454,113,1,11,17,11,0,7,15,False,False,False,0.015444345772266388,other,6
455,113,1,30,17,30,7,0,34,False,False,False,0.021388351917266846,other,13
456,114,0,12,0,12,24,7,18,False,False,False,0.05325235426425934,other,12
457,114,0,40,17,40,7,24,15,False,False,False,0.011474636383354664,other,23
458,114,1,40,17,40,24,7,18,False,False,False,0.02573048509657383,other,23
459,114,1,12,17,12,7,24,7,False,False,False,0.034735944122076035,other,5
460,115,0,44,32,44,6,3,24,False,False,False,0.012564553879201412,other,12
461,115,0,4,17,4,3,6,18,False,False,False,0.017278354614973068,other,13
462,115,1,4,17,4,6,3,18,False,False,False,0.01710609719157219,other,13
463,115,1,44,24,44,3,6,18,False,False,False,0.012728791683912277,other,20
464,116,0,34,46,34,24,14,34,False,False,False,0.0235599335283041,other,12
465,116,0,22,31,22,14,24,5,False,False,False,0.033625226467847824,other,9
466,116,1,22,43,22,24,14,18,False,False,False,0.03332698345184326,other,21
467,116,1,34,24,34,14,24,18,False,False,False,0.04263000190258026,other,10
468,117,0,42,42,42,30,14,34,True,True,False,0.01816859282553196,correct,0
469,117,0,13,17,13,14,30,15,False,False,False,0.028962936252355576,other,4
470,117,1,13,17,13,30,14,15,False,False,False,0.025708507746458054,other,4
471,117,1,42,42,42,14,30,15,True,True,False,0.052644889801740646,correct,0
472,118,0,0,17,0,17,18,18,False,False,False,0.015053785406053066,other,17
473,118,0,4,24,4,18,17,18,False,False,False,0.006070559844374657,other,20
474,118,1,4,32,4,17,18,7,False,False,False,0.02618793025612831,other,28
475,118,1,0,17,0,18,17,15,False,False,False,0.02310289442539215,other,17
476,119,0,11,17,11,20,16,15,False,False,False,0.013115868903696537,other,6
477,119,0,27,32,27,16,20,7,False,False,False,0.02426312305033207,other,5
478,119,1,27,17,27,20,16,7,False,False,False,0.01571153663098812,other,10
479,119,1,11,17,11,16,20,7,False,False,False,0.019499441608786583,other,6
480,120,0,1,17,1,6,15,5,False,False,False,0.035437826067209244,other,16
481,120,0,25,4,25,15,6,15,False,False,False,0.022632142528891563,other,21
482,120,1,25,24,25,6,15,18,False,False,True,0.028055181726813316,off_by_one,1
483,120,1,1,17,1,15,6,15,False,False,False,0.04220141842961311,other,16
484,121,0,16,34,16,18,6,15,False,False,False,0.037785980850458145,other,18
485,121,0,11,17,11,6,18,18,False,False,False,0.04003070667386055,other,6
486,121,1,11,17,11,18,6,18,False,False,False,0.07343220710754395,other,6
487,121,1,16,24,16,6,18,34,False,False,False,0.06726390868425369,other,8
488,122,0,34,24,34,36,18,34,False,False,False,0.02324545569717884,other,10
489,122,0,8,8,8,18,36,18,True,True,False,0.02523624151945114,correct,0
490,122,1,8,8,8,36,18,18,True,True,False,0.017899788916110992,correct,0
491,122,1,34,24,34,18,36,7,False,False,False,0.022346092388033867,other,10
492,123,0,23,24,23,6,8,18,False,False,True,0.15938013792037964,off_by_one,1
493,123,0,47,34,47,8,6,18,False,False,False,0.038166873157024384,other,13
494,123,1,47,7,47,6,8,18,False,False,False,0.019232967868447304,other,40
495,123,1,23,43,23,8,6,6,False,False,False,0.12010955810546875,other,20
496,124,0,17,32,17,7,27,7,False,False,False,0.029418935999274254,other,15
497,124,0,28,17,28,27,7,31,False,False,False,0.022540776059031487,other,11
498,124,1,28,17,28,7,27,18,False,False,False,0.056584931910037994,other,11
499,124,1,17,17,17,27,7,7,True,True,False,0.0255280788987875,correct,0
500,125,0,0,17,0,6,37,34,False,False,False,0.027712367475032806,other,17
501,125,0,48,0,48,37,6,18,False,False,False,0.052808791399002075,other,48
502,125,1,48,2,48,6,37,18,False,False,False,0.03224627673625946,other,46
503,125,1,0,17,0,37,6,15,False,False,False,0.02384084090590477,other,17
504,126,0,11,17,11,0,22,8,False,False,False,0.020505618304014206,other,6
505,126,0,34,24,34,22,0,7,False,False,False,0.006633582059293985,other,10
506,126,1,34,24,34,0,22,7,False,False,False,0.0306024719029665,other,10
507,126,1,11,17,11,22,0,18,False,False,False,0.011000659316778183,other,6
508,127,0,1,17,1,33,18,18,False,False,False,0.03187386319041252,other,16
509,127,0,11,17,11,18,33,18,False,False,False,0.03179848566651344,other,6
510,127,1,11,0,11,33,18,15,False,False,False,0.05565737560391426,other,11
511,127,1,1,17,1,18,33,32,False,False,False,0.037364762276411057,other,16
512,128,0,9,17,9,0,1,34,False,False,False,0.005666188895702362,other,8
513,128,0,41,35,41,1,0,15,False,False,False,0.0181241724640131,other,6
514,128,1,41,4,41,0,1,15,False,False,False,0.12678058445453644,other,37
515,128,1,9,17,9,1,0,34,False,False,False,0.0041207075119018555,other,8
516,129,0,46,17,46,20,38,15,False,False,False,0.03024529106914997,other,29
517,129,0,43,17,43,38,20,18,False,False,False,0.012128512375056744,other,26
518,129,1,43,17,43,20,38,18,False,False,False,0.013911092653870583,other,26
519,129,1,46,17,46,38,20,7,False,False,False,0.02623007819056511,other,29
520,130,0,36,0,36,36,26,18,False,False,False,0.05254589766263962,other,36
521,130,0,12,17,12,26,36,18,False,False,False,0.022388311102986336,other,5
522,130,1,12,17,12,36,26,18,False,False,False,0.0232573002576828,other,5
523,130,1,36,17,36,26,36,18,False,False,False,0.023648928850889206,other,19
524,131,0,11,17,11,18,16,18,False,False,False,0.03266013786196709,other,6
525,131,0,31,17,31,16,18,7,False,False,False,0.07741642743349075,other,14
526,131,1,31,17,31,18,16,18,False,False,False,0.04911007732152939,other,14
527,131,1,11,17,11,16,18,7,False,False,False,0.029799772426486015,other,6
528,132,0,1,0,1,14,15,7,False,False,True,0.008142446167767048,off_by_one,1
529,132,0,28,17,28,15,14,15,False,False,False,0.0072690509259700775,other,11
530,132,1,28,17,28,14,15,15,False,False,False,0.01242644339799881,other,11
531,132,1,1,17,1,15,14,15,False,False,False,0.024047276005148888,other,16
532,133,0,42,42,42,15,12,15,True,True,False,0.028567124158143997,correct,0
533,133,0,8,8,8,12,15,18,True,True,False,0.06484425812959671,correct,0
534,133,1,8,8,8,15,12,18,True,True,False,0.06229464337229729,correct,0
535,133,1,42,42,42,12,15,34,True,True,False,0.04035672917962074,correct,0
536,134,0,22,43,22,17,6,15,False,False,False,0.01940387487411499,other,21
537,134,0,5,15,5,6,17,18,False,False,False,0.029739221557974815,other,10
538,134,1,5,5,5,17,6,15,True,True,False,0.03695225715637207,correct,0
539,134,1,22,43,22,6,17,15,False,False,False,0.014971860684454441,other,21
540,135,0,38,32,38,16,27,27,False,False,False,0.023014962673187256,other,6
541,135,0,28,43,28,27,16,7,False,False,False,0.03194721043109894,other,15
542,135,1,28,17,28,16,27,27,False,False,False,0.0175935085862875,other,11
543,135,1,38,17,38,27,16,27,False,False,False,0.02509607933461666,other,21
544,136,0,25,32,25,6,7,34,False,False,False,0.023259449750185013,other,7
545,136,0,5,34,5,7,6,34,False,False,False,0.0202413871884346,other,29
546,136,1,5,24,5,6,7,34,False,False,False,0.0488666407763958,other,19
547,136,1,25,24,25,7,6,34,False,False,True,0.012397410348057747,off_by_one,1
548,137,0,4,32,4,18,17,34,False,False,False,0.01223569642752409,other,28
549,137,0,15,15,15,17,18,15,True,True,False,0.03628774732351303,correct,0
550,137,1,15,4,15,18,17,34,False,False,False,0.05641595274209976,other,11
551,137,1,4,27,4,17,18,15,False,False,False,0.03606696426868439,other,23
552,138,0,29,17,29,24,6,34,False,False,False,0.02262217551469803,other,12
553,138,0,5,5,5,6,24,34,True,True,False,0.022362153977155685,correct,0
554,138,1,5,15,5,24,6,34,False,False,False,0.02395208179950714,other,10
555,138,1,29,17,29,6,24,22,False,False,False,0.02012358047068119,other,12
556,139,0,9,17,9,16,7,34,False,False,False,0.04357130825519562,other,8
557,139,0,45,32,45,7,16,7,False,False,False,0.02960117906332016,other,13
558,139,1,45,32,45,16,7,7,False,False,False,0.04040626809000969,other,13
559,139,1,9,32,9,7,16,18,False,False,False,0.03530906140804291,other,23
560,140,0,2,17,2,27,17,15,False,False,False,0.007843219675123692,other,15
561,140,0,4,17,4,17,27,34,False,False,False,0.021227924153208733,other,13
562,140,1,4,32,4,27,17,15,False,False,False,0.024991149082779884,other,28
563,140,1,2,17,2,17,27,7,False,False,False,0.009963871911168098,other,15
564,141,0,39,17,39,14,26,18,False,False,False,0.022975526750087738,other,22
565,141,0,22,17,22,26,14,18,False,False,False,0.035765640437603,other,5
566,141,1,22,17,22,14,26,7,False,False,False,0.05843634158372879,other,5
567,141,1,39,17,39,26,14,18,False,False,False,0.021147387102246284,other,22
568,142,0,30,17,30,25,17,32,False,False,False,0.01872897893190384,other,13
569,142,0,27,17,27,17,25,16,False,False,False,0.017582910135388374,other,10
570,142,1,27,17,27,25,17,25,False,False,False,0.0191479679197073,other,10
571,142,1,30,43,30,17,25,7,False,False,False,0.012875630520284176,other,13
572,143,0,17,0,17,15,14,15,False,False,False,0.021907541900873184,other,17
573,143,0,38,17,38,14,15,27,False,False,False,0.02033204585313797,other,21
574,143,1,38,17,38,15,14,15,False,False,False,0.028438953682780266,other,21
575,143,1,17,0,17,14,15,27,False,False,False,0.015396792441606522,other,17
576,144,0,7,24,7,14,7,15,False,False,False,0.017491942271590233,other,17
577,144,0,8,8,8,7,14,19,True,True,False,0.008231393061578274,correct,0
578,144,1,8,8,8,14,7,18,True,True,False,0.015338877215981483,correct,0
579,144,1,7,7,7,7,14,15,True,True,False,0.021614767611026764,correct,0
580,145,0,32,17,32,14,20,18,False,False,False,0.022414546459913254,other,15
581,145,0,31,0,31,20,14,15,False,False,False,0.026252828538417816,other,31
582,145,1,31,17,31,14,20,7,False,False,False,0.022446146234869957,other,14
583,145,1,32,17,32,20,14,7,False,False,False,0.03501473367214203,other,15
584,146,0,34,46,34,24,27,18,False,False,False,0.02772274985909462,other,12
585,146,0,10,17,10,27,24,6,False,False,False,0.024584608152508736,other,7
586,146,1,10,17,10,24,27,15,False,False,False,0.02062046341598034,other,7
587,146,1,34,44,34,27,24,32,False,False,False,0.02587365359067917,other,10
588,147,0,27,0,27,16,18,15,False,False,False,0.0218855831772089,other,27
589,147,0,47,24,47,18,16,18,False,False,False,0.03651915863156319,other,23
590,147,1,47,44,47,16,18,18,False,False,False,0.011879551224410534,other,3
591,147,1,27,17,27,18,16,18,False,False,False,0.025115879252552986,other,10
592,148,0,23,17,23,6,15,34,False,False,False,0.01640309952199459,other,6
593,148,0,20,17,20,15,6,18,False,False,False,0.01168109755963087,other,3
594,148,1,20,17,20,6,15,18,False,False,False,0.02945123426616192,other,3
595,148,1,23,32,23,15,6,34,False,False,False,0.03355077654123306,other,9
596,149,0,24,44,24,24,18,18,False,False,False,0.013707124628126621,other,20
597,149,0,38,17,38,18,24,18,False,False,False,0.01742401160299778,other,21
598,149,1,38,31,38,24,18,18,False,False,False,0.018057405948638916,other,7
599,149,1,24,24,24,18,24,18,True,True,False,0.019343126565217972,correct,0
600,150,0,36,17,36,36,6,18,False,False,False,0.06796080619096756,other,19
601,150,0,30,31,30,6,36,5,False,False,True,0.07213431596755981,off_by_one,1
602,150,1,30,32,30,36,6,18,False,False,False,0.05444880202412605,other,2
603,150,1,36,32,36,6,36,7,False,False,False,0.04527389630675316,other,4
604,151,0,1,32,1,18,16,7,False,False,False,0.030740419402718544,other,31
605,151,0,3,32,3,16,18,27,False,False,False,0.038317106664180756,other,29
606,151,1,3,17,3,18,16,18,False,False,False,0.028216609731316566,other,14
607,151,1,1,17,1,16,18,7,False,False,False,0.048581622540950775,other,16
608,152,0,9,17,9,24,26,22,False,False,False,0.03350803628563881,other,8
609,152,0,15,15,15,26,24,34,True,True,False,0.07086487859487534,correct,0
610,152,1,15,15,15,24,26,18,True,True,False,0.05266604200005531,correct,0
611,152,1,9,17,9,26,24,34,False,False,False,0.03130408376455307,other,8
612,153,0,47,46,47,38,24,15,False,False,True,0.04544834420084953,off_by_one,1
613,153,0,43,31,43,24,38,20,False,False,False,0.03115141950547695,other,12
614,153,1,43,17,43,38,24,15,False,False,False,0.02306426502764225,other,26
615,153,1,47,11,47,24,38,7,False,False,False,0.05176980048418045,other,36
616,154,0,18,32,18,9,17,7,False,False,False,0.040175989270210266,other,14
617,154,0,26,4,26,17,9,7,False,False,False,0.022660724818706512,other,22
618,154,1,26,24,26,9,17,34,False,False,False,0.019579026848077774,other,2
619,154,1,18,17,18,17,9,7,False,False,True,0.058973997831344604,off_by_one,1
620,155,0,24,4,24,6,0,24,False,False,False,0.011607745662331581,other,20
621,155,0,7,7,7,0,6,15,True,True,False,0.0335528627038002,correct,0
622,155,1,7,5,7,6,0,15,False,False,False,0.016576720401644707,other,2
623,155,1,24,24,24,0,6,18,True,True,False,0.01653524488210678,correct,0
624,156,0,28,32,28,1,2,5,False,False,False,0.04420957714319229,other,4
625,156,0,19,43,19,2,1,18,False,False,False,0.018265394493937492,other,24
626,156,1,19,43,19,1,2,34,False,False,False,0.013425312004983425,other,24
627,156,1,28,27,28,2,1,15,False,False,True,0.056446172297000885,off_by_one,1
628,157,0,11,17,11,6,4,18,False,False,False,0.0053474148735404015,other,6
629,157,0,16,5,16,4,6,18,False,False,False,0.07870317250490189,other,11
630,157,1,16,17,16,6,4,34,False,False,True,0.0910591408610344,off_by_one,1
631,157,1,11,17,11,4,6,18,False,False,False,0.007932735607028008,other,6
632,158,0,7,44,7,2,7,34,False,False,False,0.023114053532481194,other,37
633,158,0,23,17,23,7,2,34,False,False,False,0.04691611975431442,other,6
634,158,1,23,4,23,2,7,34,False,False,False,0.013719523325562477,other,19
635,158,1,7,34,7,7,2,34,False,False,False,0.02315739542245865,other,27
636,159,0,27,17,27,6,14,18,False,False,False,0.08310612291097641,other,10
637,159,0,46,17,46,14,6,18,False,False,False,0.01599162630736828,other,29
638,159,1,46,17,46,6,14,18,False,False,False,0.01740691252052784,other,29
639,159,1,27,31,27,14,6,15,False,False,False,0.08682186901569366,other,4
640,160,0,3,43,3,19,2,18,False,False,False,0.02490447834134102,other,40
641,160,0,20,24,20,2,19,18,False,False,False,0.008784418925642967,other,4
642,160,1,20,17,20,19,2,18,False,False,False,0.015037154778838158,other,3
643,160,1,3,17,3,2,19,18,False,False,False,0.0234113410115242,other,14
644,161,0,2,17,2,7,30,6,False,False,False,0.05460845306515694,other,15
645,161,0,46,32,46,30,7,5,False,False,False,0.05035291984677315,other,14
646,161,1,46,17,46,7,30,18,False,False,False,0.04018807411193848,other,29
647,161,1,2,17,2,30,7,34,False,False,False,0.07754069566726685,other,15
648,162,0,41,35,41,2,6,34,False,False,False,0.02494625933468342,other,6
649,162,0,30,0,30,6,2,34,False,False,False,0.05436478182673454,other,30
650,162,1,30,17,30,2,6,5,False,False,False,0.06869559735059738,other,13
651,162,1,41,44,41,6,2,34,False,False,False,0.04169478267431259,other,3
652,163,0,23,32,23,27,16,7,False,False,False,0.015215406194329262,other,9
653,163,0,14,17,14,16,27,7,False,False,False,0.030429033562541008,other,3
654,163,1,14,17,14,27,16,7,False,False,False,0.03768852725625038,other,3
655,163,1,23,32,23,16,27,7,False,False,False,0.006190636195242405,other,9
656,164,0,25,4,25,6,14,18,False,False,False,0.12399402260780334,other,21
657,164,0,6,17,6,14,6,18,False,False,False,0.16577404737472534,other,11
658,164,1,6,41,6,6,14,15,False,False,False,0.047322504222393036,other,35
659,164,1,25,17,25,14,6,18,False,False,False,0.11235061287879944,other,8
660,165,0,2,17,2,6,16,7,False,False,False,0.014873851090669632,other,15
661,165,0,46,0,46,16,6,15,False,False,False,0.04680957645177841,other,46
662,165,1,46,17,46,6,16,5,False,False,False,0.06279958039522171,other,29
663,165,1,2,17,2,16,6,18,False,False,False,0.040913525968790054,other,15
664,166,0,30,17,30,16,14,15,False,False,False,0.036047060042619705,other,13
665,166,0,3,43,3,14,16,15,False,False,False,0.03960346803069115,other,40
666,166,1,3,17,3,16,14,15,False,False,False,0.03568422049283981,other,14
667,166,1,30,17,30,14,16,15,False,False,False,0.044810306280851364,other,13
668,167,0,45,32,45,4,1,18,False,False,False,0.02622884325683117,other,13
669,167,0,1,27,1,1,4,18,False,False,False,0.00848607998341322,other,26
670,167,1,1,17,1,4,1,18,False,False,False,0.014199193567037582,other,16
671,167,1,45,17,45,1,4,7,False,False,False,0.03140193969011307,other,28
672,168,0,37,43,37,6,7,18,False,False,False,0.011487963609397411,other,6
673,168,0,39,0,39,7,6,18,False,False,False,0.07373205572366714,other,39
674,168,1,39,17,39,6,7,5,False,False,False,0.061265092343091965,other,22
675,168,1,37,17,37,7,6,18,False,False,False,0.030019156634807587,other,20
676,169,0,18,17,18,25,0,22,False,False,True,0.019484037533402443,off_by_one,1
677,169,0,34,4,34,0,25,32,False,False,False,0.01319907233119011,other,30
678,169,1,34,44,34,25,0,27,False,False,False,0.01340295746922493,other,10
679,169,1,18,17,18,0,25,22,False,False,True,0.007006494328379631,off_by_one,1
680,170,0,45,32,45,24,6,5,False,False,False,0.06754191219806671,other,13
681,170,0,16,17,16,6,24,5,False,False,True,0.03241054341197014,off_by_one,1
682,170,1,16,44,16,24,6,5,False,False,False,0.012841807678341866,other,28
683,170,1,45,32,45,6,24,18,False,False,False,0.059785518795251846,other,13
684,171,0,8,0,8,20,6,18,False,False,False,0.06643670052289963,other,8
685,171,0,7,7,7,6,20,34,True,True,False,0.010362341068685055,correct,0
686,171,1,7,7,7,20,6,34,True,True,False,0.05221112072467804,correct,0
687,171,1,8,8,8,6,20,18,True,True,False,0.030712150037288666,correct,0
688,172,0,39,17,39,5,2,18,False,False,False,0.017835708335042,other,22
689,172,0,34,35,34,2,5,18,False,False,True,0.021923910826444626,off_by_one,1
690,172,1,34,24,34,5,2,34,False,False,False,0.013650921173393726,other,10
691,172,1,39,43,39,2,5,18,False,False,False,0.019141077995300293,other,4
692,173,0,43,17,43,15,6,34,False,False,False,0.04251077026128769,other,26
693,173,0,24,32,24,6,15,34,False,False,False,0.02077930048108101,other,8
694,173,1,24,0,24,15,6,7,False,False,False,0.04512544721364975,other,24
695,173,1,43,43,43,6,15,18,True,True,False,0.00927120354026556,correct,0
696,174,0,4,0,4,15,6,15,False,False,False,0.03670696169137955,other,4
697,174,0,31,17,31,6,15,18,False,False,False,0.06012522429227829,other,14
698,174,1,31,17,31,15,6,18,False,False,False,0.04489874094724655,other,14
699,174,1,4,17,4,6,15,34,False,False,False,0.04486987367272377,other,13
700,175,0,39,43,39,6,7,18,False,False,False,0.012550974264740944,other,4
701,175,0,5,7,5,7,6,18,False,False,False,0.09176776558160782,other,2
702,175,1,5,5,5,6,7,18,True,True,False,0.06607832759618759,correct,0
703,175,1,39,17,39,7,6,18,False,False,False,0.021281773224473,other,22
704,176,0,25,4,25,38,6,15,False,False,False,0.02953317016363144,other,21
705,176,0,46,17,46,6,38,18,False,False,False,0.012465431354939938,other,29
706,176,1,46,17,46,38,6,15,False,False,False,0.011155269108712673,other,29
707,176,1,25,32,25,6,38,18,False,False,False,0.022258447483181953,other,7
708,177,0,28,17,28,15,6,18,False,False,False,0.022530540823936462,other,11
709,177,0,29,17,29,6,15,18,False,False,False,0.028120003640651703,other,12
710,177,1,29,17,29,15,6,18,False,False,False,0.025144066661596298,other,12
711,177,1,28,17,28,6,15,18,False,False,False,0.019076498225331306,other,11
712,178,0,37,17,37,20,39,18,False,False,False,0.028144557029008865,other,20
713,178,0,7,15,7,39,20,18,False,False,False,0.03133364021778107,other,8
714,178,1,7,7,7,20,39,27,True,True,False,0.04050283133983612,correct,0
715,178,1,37,17,37,39,20,18,False,False,False,0.02090788446366787,other,20
716,179,0,14,17,14,17,9,34,False,False,False,0.020318524911999702,other,3
717,179,0,45,32,45,9,17,34,False,False,False,0.009652277454733849,other,13
718,179,1,45,32,45,17,9,15,False,False,False,0.030787283554673195,other,13
719,179,1,14,17,14,9,17,15,False,False,False,0.026267023757100105,other,3
720,180,0,33,17,33,0,27,15,False,False,False,0.025343066081404686,other,16
721,180,0,31,17,31,27,0,37,False,False,False,0.04272427409887314,other,14
722,180,1,31,32,31,0,27,7,False,False,True,0.044717784970998764,off_by_one,1
723,180,1,33,17,33,27,0,15,False,False,False,0.03422539308667183,other,16
724,181,0,12,17,12,16,36,34,False,False,False,0.009313094429671764,other,5
725,181,0,9,17,9,36,16,34,False,False,False,0.0073654549196362495,other,8
726,181,1,9,17,9,16,36,7,False,False,False,0.004903910215944052,other,8
727,181,1,12,17,12,36,16,18,False,False,False,0.010365060530602932,other,5
728,182,0,22,43,22,24,14,15,False,False,False,0.037028439342975616,other,21
729,182,0,19,17,19,14,24,18,False,False,False,0.0423240140080452,other,2
730,182,1,19,43,19,24,14,18,False,False,False,0.050293561071157455,other,24
731,182,1,22,31,22,14,24,18,False,False,False,0.04350676387548447,other,9
732,183,0,1,17,1,36,18,18,False,False,False,0.035701949149370193,other,16
733,183,0,22,43,22,18,36,18,False,False,False,0.027621975168585777,other,21
734,183,1,22,17,22,36,18,18,False,False,False,0.02415931224822998,other,5
735,183,1,1,31,1,18,36,18,False,False,False,0.03392186760902405,other,30
736,184,0,23,32,23,32,31,32,False,False,False,0.05134919285774231,other,9
737,184,0,37,17,37,31,32,32,False,False,False,0.02863738313317299,other,20
738,184,1,37,43,37,32,31,15,False,False,False,0.03640010952949524,other,6
739,184,1,23,32,23,31,32,32,False,False,False,0.022714663296937943,other,9
740,185,0,45,17,45,3,6,18,False,False,False,0.00867878831923008,other,28
741,185,0,35,32,35,6,3,24,False,False,False,0.0032773048151284456,other,3
742,185,1,35,17,35,3,6,7,False,False,False,0.005028693471103907,other,18
743,185,1,45,32,45,6,3,24,False,False,False,0.004968527238816023,other,13
744,186,0,4,27,4,17,0,15,False,False,False,0.004299316089600325,other,23
745,186,0,13,17,13,0,17,32,False,False,False,0.023408476263284683,other,4
746,186,1,13,17,13,17,0,34,False,False,False,0.0260468777269125,other,4
747,186,1,4,17,4,0,17,15,False,False,False,0.027432186529040337,other,13
748,187,0,20,43,20,15,16,34,False,False,False,0.0329466350376606,other,23
749,187,0,10,17,10,16,15,32,False,False,False,0.010394444689154625,other,7
750,187,1,10,17,10,15,16,34,False,False,False,0.024205798283219337,other,7
751,187,1,20,17,20,16,15,15,False,False,False,0.02085261419415474,other,3
752,188,0,26,24,26,6,19,34,False,False,False,0.011772912926971912,other,2
753,188,0,15,44,15,19,6,12,False,False,False,0.07074323296546936,other,29
754,188,1,15,17,15,6,19,5,False,False,False,0.16314619779586792,other,2
755,188,1,26,24,26,19,6,34,False,False,False,0.01880224235355854,other,2
756,189,0,41,24,41,16,7,18,False,False,False,0.101403146982193,other,17
757,189,0,27,17,27,7,16,15,False,False,False,0.013887596316635609,other,10
758,189,1,27,17,27,16,7,15,False,False,False,0.03182069957256317,other,10
759,189,1,41,17,41,7,16,15,False,False,False,0.057539183646440506,other,24
760,190,0,34,17,34,21,0,15,False,False,False,0.019943848252296448,other,17
761,190,0,20,17,20,0,21,34,False,False,False,0.01706773042678833,other,3
762,190,1,20,43,20,21,0,34,False,False,False,0.024192608892917633,other,23
763,190,1,34,17,34,0,21,34,False,False,False,0.02216748148202896,other,17
764,191,0,44,17,44,16,14,34,False,False,False,0.011095136404037476,other,27
765,191,0,38,17,38,14,16,32,False,False,False,0.005420890171080828,other,21
766,191,1,38,17,38,16,14,34,False,False,False,0.0037044668570160866,other,21
767,191,1,44,17,44,14,16,32,False,False,False,0.003408859483897686,other,27
768,192,0,14,17,14,6,26,18,False,False,False,0.018165849149227142,other,3
769,192,0,26,24,26,26,6,18,False,False,False,0.022708654403686523,other,2
770,192,1,26,24,26,6,26,34,False,False,False,0.02010023407638073,other,2
771,192,1,14,0,14,26,6,18,False,False,False,0.0246933251619339,other,14
772,193,0,6,17,6,17,15,34,False,False,False,0.01974155753850937,other,11
773,193,0,34,24,34,15,17,7,False,False,False,0.004370817914605141,other,10
774,193,1,34,4,34,17,15,15,False,False,False,0.01762550137937069,other,30
775,193,1,6,17,6,15,17,34,False,False,False,0.0408906564116478,other,11
776,194,0,15,15,15,17,14,15,True,True,False,0.07150404900312424,correct,0
777,194,0,45,0,45,14,17,15,False,False,False,0.009014309383928776,other,45
778,194,1,45,17,45,17,14,7,False,False,False,0.013577942736446857,other,28
779,194,1,15,17,15,14,17,18,False,False,False,0.08081302791833878,other,2
780,195,0,39,43,39,7,1,15,False,False,False,0.016263194382190704,other,4
781,195,0,36,0,36,1,7,7,False,False,False,0.031937915831804276,other,36
782,195,1,36,17,36,7,1,15,False,False,False,0.03402544930577278,other,19
783,195,1,39,43,39,1,7,15,False,False,False,0.01682920940220356,other,4
784,196,0,35,17,35,17,7,32,False,False,False,0.007340915035456419,other,18
785,196,0,39,43,39,7,17,34,False,False,False,0.013417959213256836,other,4
786,196,1,39,17,39,17,7,32,False,False,False,0.011393518187105656,other,22
787,196,1,35,27,35,7,17,32,False,False,False,0.01595868170261383,other,8
788,197,0,12,17,12,15,18,18,False,False,False,0.025921646505594254,other,5
789,197,0,10,17,10,18,15,18,False,False,False,0.004935509990900755,other,7
790,197,1,10,17,10,15,18,15,False,False,False,0.009277962148189545,other,7
791,197,1,12,17,12,18,15,18,False,False,False,0.030108563601970673,other,5
792,198,0,3,17,3,14,6,32,False,False,False,0.021552644670009613,other,14
793,198,0,11,17,11,6,14,18,False,False,False,0.011032703332602978,other,6
794,198,1,11,17,11,14,6,18,False,False,False,0.02043493092060089,other,6
795,198,1,3,43,3,6,14,34,False,False,False,0.02172728069126606,other,40
796,199,0,2,17,2,0,7,32,False,False,False,0.030385907739400864,other,15
797,199,0,27,17,27,7,0,32,False,False,False,0.02259736880660057,other,10
798,199,1,27,17,27,0,7,32,False,False,False,0.012469440698623657,other,10
799,199,1,2,43,2,7,0,32,False,False,False,0.04221665859222412,other,41
800,200,0,8,8,8,18,6,5,True,True,False,0.10496823489665985,correct,0
801,200,0,36,0,36,6,18,18,False,False,False,0.021408535540103912,other,36
802,200,1,36,17,36,18,6,18,False,False,False,0.024172931909561157,other,19
803,200,1,8,8,8,6,18,18,True,True,False,0.06894966959953308,correct,0
804,201,0,2,17,2,15,14,18,False,False,False,0.0398552305996418,other,15
805,201,0,0,17,0,14,15,16,False,False,False,0.03857560455799103,other,17
806,201,1,0,17,0,15,14,32,False,False,False,0.016142863780260086,other,17
807,201,1,2,17,2,14,15,32,False,False,False,0.04691797494888306,other,15
808,202,0,7,15,7,20,14,34,False,False,False,0.03623981773853302,other,8
809,202,0,10,17,10,14,20,34,False,False,False,0.02341347374022007,other,7
810,202,1,10,0,10,20,14,36,False,False,False,0.02779337577521801,other,10
811,202,1,7,7,7,14,20,15,True,True,False,0.021587911993265152,correct,0
812,203,0,41,15,41,27,24,32,False,False,False,0.03406796604394913,other,26
813,203,0,32,32,32,24,27,18,True,True,False,0.03949591889977455,correct,0
814,203,1,32,0,32,27,24,15,False,False,False,0.04370414838194847,other,32
815,203,1,41,24,41,24,27,15,False,False,False,0.031547583639621735,other,17
816,204,0,45,4,45,7,12,18,False,False,False,0.010375690646469593,other,41
817,204,0,20,17,20,12,7,24,False,False,False,0.019836029037833214,other,3
818,204,1,20,43,20,7,12,18,False,False,False,0.03580563887953758,other,23
819,204,1,45,32,45,12,7,34,False,False,False,0.017368748784065247,other,13
820,205,0,3,17,3,15,6,15,False,False,False,0.06824203580617905,other,14
821,205,0,13,43,13,6,15,6,False,False,False,0.0437890887260437,other,30
822,205,1,13,17,13,15,6,34,False,False,False,0.057159196585416794,other,4
823,205,1,3,17,3,6,15,5,False,False,False,0.0464266799390316,other,14
824,206,0,30,43,30,15,36,34,False,False,False,0.023501455783843994,other,13
825,206,0,27,17,27,36,15,18,False,False,False,0.011386346071958542,other,10
826,206,1,27,0,27,15,36,18,False,False,False,0.006771328393369913,other,27
827,206,1,30,17,30,36,15,34,False,False,False,0.031333643943071365,other,13
828,207,0,11,17,11,14,15,15,False,False,False,0.008086800575256348,other,6
829,207,0,20,17,20,15,14,15,False,False,False,0.02420191839337349,other,3
830,207,1,20,17,20,14,15,22,False,False,False,0.03821929916739464,other,3
831,207,1,11,11,11,15,14,32,True,True,False,0.005199587903916836,correct,0
832,208,0,46,43,46,12,16,18,False,False,False,0.07533944398164749,other,3
833,208,0,16,11,16,16,12,27,False,False,False,0.007505331188440323,other,5
834,208,1,16,17,16,12,16,18,False,False,True,0.043103814125061035,off_by_one,1
835,208,1,46,17,46,16,12,27,False,False,False,0.06508035957813263,other,29
836,209,0,3,17,3,6,18,6,False,False,False,0.02804093435406685,other,14
837,209,0,39,43,39,18,6,34,False,False,False,0.01886400580406189,other,4
838,209,1,39,43,39,6,18,34,False,False,False,0.011877554468810558,other,4
839,209,1,3,43,3,18,6,34,False,False,False,0.04080769419670105,other,40
840,210,0,9,0,9,27,16,15,False,False,False,0.03441173955798149,other,9
841,210,0,43,32,43,16,27,27,False,False,False,0.027440423145890236,other,11
842,210,1,43,17,43,27,16,15,False,False,False,0.03136778995394707,other,26
843,210,1,9,32,9,16,27,7,False,False,False,0.03245963156223297,other,23
844,211,0,23,32,23,6,7,34,False,False,False,0.02878669463098049,other,9
845,211,0,18,0,18,7,6,18,False,False,False,0.018432997167110443,other,18
846,211,1,18,0,18,6,7,18,False,False,False,0.012675381265580654,other,18
847,211,1,23,32,23,7,6,34,False,False,False,0.08982343226671219,other,9
848,212,0,34,46,34,16,18,32,False,False,False,0.03144001588225365,other,12
849,212,0,20,43,20,18,16,18,False,False,False,0.06226549297571182,other,23
850,212,1,20,0,20,16,18,7,False,False,False,0.06084758788347244,other,20
851,212,1,34,24,34,18,16,34,False,False,False,0.0290428027510643,other,10
852,213,0,33,17,33,9,11,18,False,False,False,0.014065522700548172,other,16
853,213,0,40,17,40,11,9,15,False,False,False,0.03135436028242111,other,23
854,213,1,40,17,40,9,11,34,False,False,False,0.026189669966697693,other,23
855,213,1,33,17,33,11,9,27,False,False,False,0.012855044566094875,other,16
856,214,0,47,44,47,6,2,34,False,False,False,0.04112144932150841,other,3
857,214,0,28,17,28,2,6,34,False,False,False,0.010177461430430412,other,11
858,214,1,28,17,28,6,2,18,False,False,False,0.005805428605526686,other,11
859,214,1,47,4,47,2,6,34,False,False,False,0.02486925944685936,other,43
860,215,0,32,32,32,13,12,5,True,True,False,0.029249435290694237,correct,0
861,215,0,18,17,18,12,13,18,False,False,True,0.04343921318650246,off_by_one,1
862,215,1,18,17,18,13,12,5,False,False,True,0.05476462095975876,off_by_one,1
863,215,1,32,17,32,12,13,34,False,False,False,0.029827047139406204,other,15
864,216,0,21,17,21,14,17,22,False,False,False,0.03518177568912506,other,4
865,216,0,14,17,14,17,14,32,False,False,False,0.03251158818602562,other,3
866,216,1,14,17,14,14,17,32,False,False,False,0.025169985368847847,other,3
867,216,1,21,43,21,17,14,32,False,False,False,0.03980071842670441,other,22
868,217,0,31,17,31,18,6,5,False,False,False,0.07783226668834686,other,14
869,217,0,7,7,7,6,18,34,True,True,False,0.014651593752205372,correct,0
870,217,1,7,7,7,18,6,34,True,True,False,0.04439229145646095,correct,0
871,217,1,31,17,31,6,18,18,False,False,False,0.0690445676445961,other,14
872,218,0,32,17,32,18,25,34,False,False,False,0.020734548568725586,other,15
873,218,0,26,24,26,25,18,34,False,False,False,0.011501103639602661,other,2
874,218,1,26,32,26,18,25,34,False,False,False,0.026137882843613625,other,6
875,218,1,32,0,32,25,18,34,False,False,False,0.012858622707426548,other,32
876,219,0,46,17,46,16,18,15,False,False,False,0.041762664914131165,other,29
877,219,0,45,32,45,18,16,34,False,False,False,0.017121383920311928,other,13
878,219,1,45,44,45,16,18,32,False,False,True,0.011837787926197052,off_by_one,1
879,219,1,46,17,46,18,16,34,False,False,False,0.008368054404854774,other,29
880,220,0,9,0,9,3,5,24,False,False,False,0.01034412533044815,other,9
881,220,0,45,32,45,5,3,5,False,False,False,0.013503828085958958,other,13
882,220,1,45,24,45,3,5,18,False,False,False,0.008169373497366905,other,21
883,220,1,9,17,9,5,3,24,False,False,False,0.007445977535098791,other,8
884,221,0,45,17,45,6,0,7,False,False,False,0.021240118891000748,other,28
885,221,0,30,17,30,0,6,34,False,False,False,0.0663030594587326,other,13
886,221,1,30,17,30,6,0,7,False,False,False,0.032918769866228104,other,13
887,221,1,45,17,45,0,6,34,False,False,False,0.04119354858994484,other,28
888,222,0,5,4,5,10,9,7,False,False,True,0.03450862318277359,off_by_one,1
889,222,0,47,24,47,9,10,18,False,False,False,0.040764037519693375,other,23
890,222,1,47,7,47,10,9,34,False,False,False,0.06551696360111237,other,40
891,222,1,5,24,5,9,10,32,False,False,False,0.03769306465983391,other,19
892,223,0,29,27,29,26,18,18,False,False,False,0.03703073039650917,other,2
893,223,0,30,0,30,18,26,5,False,False,False,0.05112231895327568,other,30
894,223,1,30,17,30,26,18,18,False,False,False,0.037203215062618256,other,13
895,223,1,29,0,29,18,26,18,False,False,False,0.031182914972305298,other,29
896,224,0,47,24,47,20,38,7,False,False,False,0.024387553334236145,other,23
897,224,0,21,17,21,38,20,7,False,False,False,0.038857899606227875,other,4
898,224,1,21,0,21,20,38,7,False,False,False,0.04578825458884239,other,21
899,224,1,47,46,47,38,20,15,False,False,True,0.02334454655647278,off_by_one,1
900,225,0,11,31,11,14,24,8,False,False,False,0.06318620592355728,other,20
901,225,0,27,17,27,24,14,18,False,False,False,0.032468508929014206,other,10
902,225,1,27,17,27,14,24,27,False,False,False,0.024507125839591026,other,10
903,225,1,11,17,11,24,14,5,False,False,False,0.07834649085998535,other,6
904,226,0,32,17,32,2,6,34,False,False,False,0.06460142880678177,other,15
905,226,0,23,32,23,6,2,34,False,False,False,0.07203832268714905,other,9
906,226,1,23,4,23,2,6,34,False,False,False,0.07159474492073059,other,19
907,226,1,32,17,32,6,2,18,False,False,False,0.11395151913166046,other,15
908,227,0,26,32,26,18,14,34,False,False,False,0.013052956201136112,other,6
909,227,0,13,0,13,14,18,34,False,False,False,0.033050376921892166,other,13
910,227,1,13,17,13,18,14,34,False,False,False,0.018688872456550598,other,4
911,227,1,26,27,26,14,18,15,False,False,True,0.02672385238111019,off_by_one,1
912,228,0,41,32,41,18,15,34,False,False,False,0.06471429765224457,other,9
913,228,0,11,17,11,15,18,22,False,False,False,0.009807237423956394,other,6
914,228,1,11,17,11,18,15,22,False,False,False,0.011836601421236992,other,6
915,228,1,41,41,41,15,18,32,True,True,False,0.05357316881418228,correct,0
916,229,0,7,7,7,7,14,15,True,True,False,0.011979769915342331,correct,0
917,229,0,1,17,1,14,7,15,False,False,False,0.06528737396001816,other,16
918,229,1,1,32,1,7,14,5,False,False,False,0.04635791480541229,other,31
919,229,1,7,7,7,14,7,15,True,True,False,0.05018976330757141,correct,0
920,230,0,7,7,7,19,6,18,True,True,False,0.019668541848659515,correct,0
921,230,0,0,0,0,6,19,18,True,True,False,0.024944359436631203,correct,0
922,230,1,0,17,0,19,6,18,False,False,False,0.024439876899123192,other,17
923,230,1,7,7,7,6,19,18,True,True,False,0.029439782723784447,correct,0
924,231,0,31,31,31,16,6,7,True,True,False,0.08829424530267715,correct,0
925,231,0,26,24,26,6,16,34,False,False,False,0.02892310544848442,other,2
926,231,1,26,27,26,16,6,22,False,False,True,0.03174269199371338,off_by_one,1
927,231,1,31,0,31,6,16,5,False,False,False,0.0756242424249649,other,31
928,232,0,34,32,34,2,6,34,False,False,False,0.029476463794708252,other,2
929,232,0,21,31,21,6,2,6,False,False,False,0.04200633987784386,other,10
930,232,1,21,43,21,2,6,34,False,False,False,0.06389238685369492,other,22
931,232,1,34,24,34,6,2,34,False,False,False,0.0073165567591786385,other,10
932,233,0,10,17,10,19,6,7,False,False,False,0.026552025228738785,other,7
933,233,0,31,0,31,6,19,18,False,False,False,0.033667635172605515,other,31
934,233,1,31,0,31,19,6,34,False,False,False,0.05035414174199104,other,31
935,233,1,10,17,10,6,19,19,False,False,False,0.010892336256802082,other,7
936,234,0,3,17,3,16,14,15,False,False,False,0.03807440027594566,other,14
937,234,0,10,17,10,14,16,22,False,False,False,0.03897947445511818,other,7
938,234,1,10,17,10,16,14,15,False,False,False,0.03564644977450371,other,7
939,234,1,3,43,3,14,16,7,False,False,False,0.037961315363645554,other,40
940,235,0,28,17,28,4,5,18,False,False,False,0.007287852931767702,other,11
941,235,0,47,34,47,5,4,18,False,False,False,0.01685737632215023,other,13
942,235,1,47,7,47,4,5,18,False,False,False,0.03648978844285011,other,40
943,235,1,28,17,28,5,4,18,False,False,False,0.007504925597459078,other,11
944,236,0,3,0,3,7,19,15,False,False,False,0.009080301970243454,other,3
945,236,0,24,17,24,19,7,18,False,False,False,0.018236007541418076,other,7
946,236,1,24,32,24,7,19,18,False,False,False,0.014539205469191074,other,8
947,236,1,3,17,3,19,7,18,False,False,False,0.01583704724907875,other,14
948,237,0,47,17,47,7,2,34,False,False,False,0.02901206724345684,other,30
949,237,0,17,17,17,2,7,34,True,True,False,0.011232007294893265,correct,0
950,237,1,17,17,17,7,2,34,True,True,False,0.01494225300848484,correct,0
951,237,1,47,17,47,2,7,34,False,False,False,0.026437077671289444,other,30
952,238,0,15,29,15,14,7,27,False,False,False,0.025027161464095116,other,14
953,238,0,31,17,31,7,14,7,False,False,False,0.032115183770656586,other,14
954,238,1,31,0,31,14,7,27,False,False,False,0.015957027673721313,other,31
955,238,1,15,32,15,7,14,7,False,False,False,0.06468987464904785,other,17
956,239,0,35,17,35,9,13,18,False,False,False,0.046320222318172455,other,18
957,239,0,24,4,24,13,9,18,False,False,False,0.010694701224565506,other,20
958,239,1,24,24,24,9,13,18,True,True,False,0.01231004111468792,correct,0
959,239,1,35,17,35,13,9,18,False,False,False,0.041449300944805145,other,18
960,240,0,47,34,47,7,16,7,False,False,False,0.04534396901726723,other,13
961,240,0,43,17,43,16,7,27,False,False,False,0.02311289869248867,other,26
962,240,1,43,17,43,7,16,15,False,False,False,0.020716963335871696,other,26
963,240,1,47,44,47,16,7,37,False,False,False,0.02839568816125393,other,3
964,241,0,0,17,0,7,6,5,False,False,False,0.03519058972597122,other,17
965,241,0,5,34,5,6,7,18,False,False,False,0.03456122800707817,other,29
966,241,1,5,34,5,7,6,15,False,False,False,0.03485286608338356,other,29
967,241,1,0,0,0,6,7,18,True,True,False,0.030668914318084717,correct,0
968,242,0,45,17,45,12,9,18,False,False,False,0.028941504657268524,other,28
969,242,0,22,31,22,9,12,6,False,False,False,0.03811390697956085,other,9
970,242,1,22,43,22,12,9,34,False,False,False,0.03968311473727226,other,21
971,242,1,45,24,45,9,12,34,False,False,False,0.0089540621265769,other,21
972,243,0,23,24,23,14,6,15,False,False,True,0.03760618716478348,off_by_one,1
973,243,0,48,0,48,6,14,18,False,False,False,0.03060702048242092,other,48
974,243,1,48,0,48,14,6,15,False,False,False,0.033963222056627274,other,48
975,243,1,23,35,23,6,14,15,False,False,False,0.005581673700362444,other,12
976,244,0,45,17,45,18,15,18,False,False,False,0.020840948447585106,other,28
977,244,0,31,17,31,15,18,22,False,False,False,0.0645446851849556,other,14
978,244,1,31,17,31,18,15,18,False,False,False,0.037480272352695465,other,14
979,244,1,45,17,45,15,18,7,False,False,False,0.018891409039497375,other,28
980,245,0,26,24,26,6,7,18,False,False,False,0.017469679936766624,other,2
981,245,0,43,17,43,7,6,18,False,False,False,0.02200177125632763,other,26
982,245,1,43,43,43,6,7,18,True,True,False,0.009305717423558235,correct,0
983,245,1,26,24,26,7,6,18,False,False,False,0.017163842916488647,other,2
984,246,0,5,5,5,36,15,18,True,True,False,0.04479845613241196,correct,0
985,246,0,35,4,35,15,36,15,False,False,False,0.12046205252408981,other,31
986,246,1,35,31,35,36,15,7,False,False,False,0.13172440230846405,other,4
987,246,1,5,5,5,15,36,15,True,True,False,0.03284584358334541,correct,0
988,247,0,35,24,35,26,17,34,False,False,False,0.009529028087854385,other,11
989,247,0,24,43,24,17,26,8,False,False,False,0.048589225858449936,other,19
990,247,1,24,17,24,26,17,36,False,False,False,0.02629091404378414,other,7
991,247,1,35,0,35,17,26,7,False,False,False,0.034327469766139984,other,35
992,248,0,6,17,6,30,0,34,False,False,False,0.021318823099136353,other,11
993,248,0,20,31,20,0,30,15,False,False,False,0.058415304869413376,other,11
994,248,1,20,17,20,30,0,34,False,False,False,0.040125831961631775,other,3
995,248,1,6,32,6,0,30,34,False,False,False,0.05612245574593544,other,26
996,249,0,34,32,34,16,14,7,False,False,False,0.033924929797649384,other,2
997,249,0,43,17,43,14,16,27,False,False,False,0.04121522605419159,other,26
998,249,1,43,17,43,16,14,7,False,False,False,0.03650565817952156,other,26
999,249,1,34,17,34,14,16,7,False,False,False,0.04326115548610687,other,17
1000,250,0,38,17,38,17,26,18,False,False,False,0.006286043673753738,other,21
1001,250,0,6,32,6,26,17,18,False,False,False,0.022821106016635895,other,26
1002,250,1,6,0,6,17,26,6,False,False,False,0.0702708438038826,other,6
1003,250,1,38,17,38,26,17,18,False,False,False,0.007164326496422291,other,21
1004,251,0,25,4,25,26,27,7,False,False,False,0.06021145358681679,other,21
1005,251,0,37,31,37,27,26,5,False,False,False,0.06639550626277924,other,6
1006,251,1,37,17,37,26,27,18,False,False,False,0.02227710746228695,other,20
1007,251,1,25,41,25,27,26,15,False,False,False,0.019481973722577095,other,16
1008,252,0,16,32,16,7,0,18,False,False,False,0.04716575890779495,other,16
1009,252,0,8,44,8,0,7,22,False,False,False,0.07546059787273407,other,36
1010,252,1,8,8,8,7,0,6,True,True,False,0.0251034926623106,correct,0
1011,252,1,16,29,16,0,7,32,False,False,False,0.05769886076450348,other,13
1012,253,0,3,17,3,15,16,18,False,False,False,0.03141428157687187,other,14
1013,253,0,22,17,22,16,15,18,False,False,False,0.034524280577898026,other,5
1014,253,1,22,32,22,15,16,7,False,False,False,0.0418751984834671,other,10
1015,253,1,3,32,3,16,15,27,False,False,False,0.023074204102158546,other,29
1016,254,0,34,24,34,15,16,32,False,False,False,0.00859170313924551,other,10
1017,254,0,26,24,26,16,15,34,False,False,False,0.01969510316848755,other,2
1018,254,1,26,32,26,15,16,34,False,False,False,0.015768975019454956,other,6
1019,254,1,34,4,34,16,15,34,False,False,False,0.018785705789923668,other,30
1020,255,0,20,17,20,4,5,8,False,False,False,0.03978203982114792,other,3
1021,255,0,6,43,6,5,4,18,False,False,False,0.039659373462200165,other,37
1022,255,1,6,17,6,4,5,18,False,False,False,0.019356893375515938,other,11
1023,255,1,20,17,20,5,4,5,False,False,False,0.04366612061858177,other,3
1024,256,0,39,17,39,14,18,15,False,False,False,0.009161400608718395,other,22
1025,256,0,3,17,3,18,14,18,False,False,False,0.03413112461566925,other,14
1026,256,1,3,17,3,14,18,7,False,False,False,0.0602293387055397,other,14
1027,256,1,39,17,39,18,14,18,False,False,False,0.03242141753435135,other,22
1028,257,0,4,0,4,14,2,15,False,False,False,0.03186385706067085,other,4
1029,257,0,47,24,47,2,14,7,False,False,False,0.03300197422504425,other,23
1030,257,1,47,44,47,14,2,7,False,False,False,0.034603338688611984,other,3
1031,257,1,4,24,4,2,14,7,False,False,False,0.021599939092993736,other,20
1032,258,0,35,0,35,0,30,34,False,False,False,0.043184664100408554,other,35
1033,258,0,15,15,15,30,0,34,True,True,False,0.07462741434574127,correct,0
1034,258,1,15,11,15,0,30,22,False,False,False,0.04663795605301857,other,4
1035,258,1,35,32,35,30,0,34,False,False,False,0.039374615997076035,other,3
1036,259,0,36,17,36,7,6,18,False,False,False,0.013052667491137981,other,19
1037,259,0,23,24,23,6,7,34,False,False,True,0.016608553007245064,off_by_one,1
1038,259,1,23,24,23,7,6,34,False,False,True,0.020261665806174278,off_by_one,1
1039,259,1,36,17,36,6,7,18,False,False,False,0.012130222283303738,other,19
1040,260,0,16,42,16,19,7,34,False,False,False,0.08355724066495895,other,26
1041,260,0,42,42,42,7,19,34,True,True,False,0.050844475626945496,correct,0
1042,260,1,42,42,42,19,7,34,True,True,False,0.11367058753967285,correct,0
1043,260,1,16,24,16,7,19,34,False,False,False,0.07349688559770584,other,8
1044,261,0,32,17,32,37,1,7,False,False,False,0.01731269061565399,other,15
1045,261,0,44,44,44,1,37,7,True,True,False,0.013671216554939747,correct,0
1046,261,1,44,17,44,37,1,27,False,False,False,0.01142942626029253,other,27
1047,261,1,32,17,32,1,37,7,False,False,False,0.00557286199182272,other,15
1048,262,0,17,17,17,6,0,34,True,True,False,0.039575930684804916,correct,0
1049,262,0,24,17,24,0,6,32,False,False,False,0.01087555754929781,other,7
1050,262,1,24,17,24,6,0,34,False,False,False,0.022696683183312416,other,7
1051,262,1,17,17,17,0,6,18,True,True,False,0.04155910015106201,correct,0
1052,263,0,23,32,23,24,15,34,False,False,False,0.019596032798290253,other,9
1053,263,0,48,17,48,15,24,34,False,False,False,0.02300249971449375,other,31
1054,263,1,48,43,48,24,15,34,False,False,False,0.009259696118533611,other,5
1055,263,1,23,32,23,15,24,34,False,False,False,0.037783559411764145,other,9
1056,264,0,17,32,17,9,17,7,False,False,False,0.027017056941986084,other,15
1057,264,0,13,17,13,17,9,34,False,False,False,0.0243963822722435,other,4
1058,264,1,13,17,13,9,17,15,False,False,False,0.02096768654882908,other,4
1059,264,1,17,17,17,17,9,15,True,True,False,0.03916511684656143,correct,0
1060,265,0,16,32,16,15,6,18,False,False,False,0.011672071181237698,other,16
1061,265,0,37,17,37,6,15,18,False,False,False,0.011777631007134914,other,20
1062,265,1,37,43,37,15,6,34,False,False,False,0.027205966413021088,other,6
1063,265,1,16,32,16,6,15,7,False,False,False,0.02002575807273388,other,16
1064,266,0,7,7,7,17,14,15,True,True,False,0.017867058515548706,correct,0
1065,266,0,12,17,12,14,17,15,False,False,False,0.011463331989943981,other,5
1066,266,1,12,17,12,17,14,15,False,False,False,0.015720559284090996,other,5
1067,266,1,7,44,7,14,17,7,False,False,False,0.02366362325847149,other,37
1068,267,0,26,32,26,0,16,32,False,False,False,0.01187862642109394,other,6
1069,267,0,21,43,21,16,0,34,False,False,False,0.0396156907081604,other,22
1070,267,1,21,17,21,0,16,15,False,False,False,0.0321526974439621,other,4
1071,267,1,26,24,26,16,0,32,False,False,False,0.027788899838924408,other,2
1072,268,0,46,17,46,7,12,7,False,False,False,0.05236920341849327,other,29
1073,268,0,44,24,44,12,7,7,False,False,False,0.04320444166660309,other,20
1074,268,1,44,32,44,7,12,7,False,False,False,0.07736792415380478,other,12
1075,268,1,46,43,46,12,7,18,False,False,False,0.05317831039428711,other,3
1076,269,0,29,17,29,27,7,27,False,False,False,0.053181830793619156,other,12
1077,269,0,18,32,18,7,27,5,False,False,False,0.050372909754514694,other,14
1078,269,1,18,17,18,27,7,15,False,False,True,0.07260091602802277,off_by_one,1
1079,269,1,29,32,29,7,27,5,False,False,False,0.0375070758163929,other,3
1080,270,0,6,17,6,7,24,7,False,False,False,0.04930667206645012,other,11
1081,270,0,8,8,8,24,7,5,True,True,False,0.12414674460887909,correct,0
1082,270,1,8,45,8,7,24,18,False,False,False,0.12184569239616394,other,37
1083,270,1,6,32,6,24,7,7,False,False,False,0.03444872051477432,other,26
1084,271,0,47,4,47,13,9,34,False,False,False,0.021490130573511124,other,43
1085,271,0,38,0,38,9,13,18,False,False,False,0.01675334945321083,other,38
1086,271,1,38,17,38,13,9,34,False,False,False,0.013691830448806286,other,21
1087,271,1,47,24,47,9,13,18,False,False,False,0.020288333296775818,other,23
1088,272,0,36,24,36,39,24,18,False,False,False,0.037480659782886505,other,12
1089,272,0,4,4,4,24,39,36,True,True,False,0.02217303402721882,correct,0
1090,272,1,4,24,4,39,24,18,False,False,False,0.033286623656749725,other,20
1091,272,1,36,17,36,24,39,18,False,False,False,0.05908181518316269,other,19
1092,273,0,15,11,15,1,15,7,False,False,False,0.039176102727651596,other,4
1093,273,0,46,43,46,15,1,32,False,False,False,0.00864723976701498,other,3
1094,273,1,46,17,46,1,15,34,False,False,False,0.008864637464284897,other,29
1095,273,1,15,15,15,15,1,15,True,True,False,0.04938821867108345,correct,0
1096,274,0,47,24,47,7,6,34,False,False,False,0.02331969141960144,other,23
1097,274,0,7,34,7,6,7,34,False,False,False,0.02287879027426243,other,27
1098,274,1,7,7,7,7,6,34,True,True,False,0.012499099597334862,correct,0
1099,274,1,47,17,47,6,7,34,False,False,False,0.027949053794145584,other,30
1100,275,0,44,17,44,24,15,34,False,False,False,0.07033316045999527,other,27
1101,275,0,19,17,19,15,24,7,False,False,False,0.03579298406839371,other,2
1102,275,1,19,17,19,24,15,18,False,False,False,0.02897544577717781,other,2
1103,275,1,44,4,44,15,24,15,False,False,False,0.07597251236438751,other,40
1104,276,0,9,17,9,7,24,7,False,False,False,0.027792491018772125,other,8
1105,276,0,14,17,14,24,7,34,False,False,False,0.01348952017724514,other,3
1106,276,1,14,27,14,7,24,8,False,False,False,0.01164325699210167,other,13
1107,276,1,9,43,9,24,7,18,False,False,False,0.03634676709771156,other,34
1108,277,0,40,17,40,18,14,34,False,False,False,0.026033081114292145,other,23
1109,277,0,33,17,33,14,18,7,False,False,False,0.033028535544872284,other,16
1110,277,1,33,17,33,18,14,18,False,False,False,0.035604141652584076,other,16
1111,277,1,40,17,40,14,18,7,False,False,False,0.02034197561442852,other,23
1112,278,0,14,17,14,16,14,34,False,False,False,0.013350180350244045,other,3
1113,278,0,32,17,32,14,16,7,False,False,False,0.028213711455464363,other,15
1114,278,1,32,31,32,16,14,32,False,False,True,0.02701592445373535,off_by_one,1
1115,278,1,14,17,14,14,16,32,False,False,False,0.01749492436647415,other,3
1116,279,0,48,17,48,38,6,7,False,False,False,0.04243186488747597,other,31
1117,279,0,21,43,21,6,38,18,False,False,False,0.010138783603906631,other,22
1118,279,1,21,0,21,38,6,18,False,False,False,0.017907077446579933,other,21
1119,279,1,48,32,48,6,38,18,False,False,False,0.014486760832369328,other,16
1120,280,0,38,17,38,39,24,18,False,False,False,0.02716120146214962,other,21
1121,280,0,34,24,34,24,39,18,False,False,False,0.03244851902127266,other,10
1122,280,1,34,34,34,39,24,18,True,True,False,0.026536105200648308,correct,0
1123,280,1,38,43,38,24,39,8,False,False,False,0.027602069079875946,other,5
1124,281,0,16,15,16,16,6,32,False,False,True,0.046611685305833817,off_by_one,1
1125,281,0,34,17,34,6,16,34,False,False,False,0.016798848286271095,other,17
1126,281,1,34,4,34,16,6,32,False,False,False,0.026672130450606346,other,30
1127,281,1,16,17,16,6,16,7,False,False,True,0.05662702023983002,off_by_one,1
1128,282,0,48,17,48,14,16,15,False,False,False,0.027884336188435555,other,31
1129,282,0,29,17,29,16,14,27,False,False,False,0.03228112310171127,other,12
1130,282,1,29,32,29,14,16,5,False,False,False,0.02952468954026699,other,3
1131,282,1,48,17,48,16,14,15,False,False,False,0.012248271144926548,other,31
1132,283,0,9,17,9,16,24,34,False,False,False,0.027137797325849533,other,8
1133,283,0,34,24,34,24,16,15,False,False,False,0.009150560945272446,other,10
1134,283,1,34,34,34,16,24,15,True,True,False,0.017951572313904762,correct,0
1135,283,1,9,17,9,24,16,15,False,False,False,0.02259429544210434,other,8
1136,284,0,27,17,27,17,7,7,False,False,False,0.021927179768681526,other,10
1137,284,0,47,17,47,7,17,34,False,False,False,0.02131826989352703,other,30
1138,284,1,47,17,47,17,7,15,False,False,False,0.020482227206230164,other,30
1139,284,1,27,17,27,7,17,34,False,False,False,0.021775998175144196,other,10
1140,285,0,46,17,46,4,1,18,False,False,False,0.03754198178648949,other,29
1141,285,0,39,43,39,1,4,18,False,False,False,0.015479965135455132,other,4
1142,285,1,39,43,39,4,1,18,False,False,False,0.018216336145997047,other,4
1143,285,1,46,32,46,1,4,5,False,False,False,0.03648792952299118,other,14
1144,286,0,23,24,23,14,20,34,False,False,True,0.03737734258174896,off_by_one,1
1145,286,0,42,44,42,20,14,0,False,False,False,0.13480417430400848,other,2
1146,286,1,42,42,42,14,20,34,True,True,False,0.10646064579486847,correct,0
1147,286,1,23,4,23,20,14,15,False,False,False,0.012592334300279617,other,19
1148,287,0,22,17,22,19,2,18,False,False,False,0.062159378081560135,other,5
1149,287,0,46,17,46,2,19,18,False,False,False,0.025361955165863037,other,29
1150,287,1,46,17,46,19,2,18,False,False,False,0.015583567321300507,other,29
1151,287,1,22,0,22,2,19,18,False,False,False,0.026297157630324364,other,22
1152,288,0,38,17,38,5,6,18,False,False,False,0.021346384659409523,other,21
1153,288,0,37,43,37,6,5,8,False,False,False,0.02620805986225605,other,6
1154,288,1,37,17,37,5,6,18,False,False,False,0.013277956284582615,other,20
1155,288,1,38,17,38,6,5,8,False,False,False,0.019980642944574356,other,21
1156,289,0,38,24,38,24,14,24,False,False,False,0.04128899425268173,other,14
1157,289,0,13,43,13,14,24,7,False,False,False,0.05467919632792473,other,30
1158,289,1,13,17,13,24,14,33,False,False,False,0.09830177575349808,other,4
1159,289,1,38,17,38,14,24,27,False,False,False,0.030671246349811554,other,21
1160,290,0,30,17,30,26,24,18,False,False,False,0.038217052817344666,other,13
1161,290,0,26,24,26,24,26,18,False,False,False,0.01564689725637436,other,2
1162,290,1,26,24,26,26,24,34,False,False,False,0.014831307344138622,other,2
1163,290,1,30,17,30,24,26,18,False,False,False,0.029648857191205025,other,13
1164,291,0,12,17,12,0,18,15,False,False,False,0.031505003571510315,other,5
1165,291,0,37,43,37,18,0,34,False,False,False,0.01755315251648426,other,6
1166,291,1,37,43,37,0,18,15,False,False,False,0.016243355348706245,other,6
1167,291,1,12,17,12,18,0,34,False,False,False,0.03787584230303764,other,5
1168,292,0,15,29,15,15,7,7,False,False,False,0.024569116532802582,other,14
1169,292,0,11,4,11,7,15,18,False,False,False,0.03797074779868126,other,7
1170,292,1,11,17,11,15,7,7,False,False,False,0.03515772894024849,other,6
1171,292,1,15,11,15,7,15,18,False,False,False,0.04066980630159378,other,4
1172,293,0,33,32,33,16,14,27,False,False,True,0.017309583723545074,off_by_one,1
1173,293,0,41,41,41,14,16,15,True,True,False,0.030079981312155724,correct,0
1174,293,1,41,4,41,16,14,27,False,False,False,0.12380477786064148,other,37
1175,293,1,33,17,33,14,16,7,False,False,False,0.020196616649627686,other,16
1176,294,0,18,17,18,20,6,18,False,False,True,0.025856060907244682,off_by_one,1
1177,294,0,16,32,16,6,20,5,False,False,False,0.07885771989822388,other,16
1178,294,1,16,15,16,20,6,18,False,False,True,0.06548025459051132,off_by_one,1
1179,294,1,18,17,18,6,20,18,False,False,True,0.022640949115157127,off_by_one,1
1180,295,0,40,17,40,6,1,18,False,False,False,0.01729845069348812,other,23
1181,295,0,48,0,48,1,6,18,False,False,False,0.020594514906406403,other,48
1182,295,1,48,17,48,6,1,18,False,False,False,0.02520846761763096,other,31
1183,295,1,40,0,40,1,6,18,False,False,False,0.013801241293549538,other,40
1184,296,0,36,17,36,16,26,34,False,False,False,0.01856830343604088,other,19
1185,296,0,13,17,13,26,16,34,False,False,False,0.026325466111302376,other,4
1186,296,1,13,17,13,16,26,32,False,False,False,0.01852467842400074,other,4
1187,296,1,36,17,36,26,16,34,False,False,False,0.02538648433983326,other,19
1188,297,0,13,17,13,1,2,34,False,False,False,0.05147191509604454,other,4
1189,297,0,36,17,36,2,1,18,False,False,False,0.017215095460414886,other,19
1190,297,1,36,0,36,1,2,15,False,False,False,0.018075434491038322,other,36
1191,297,1,13,17,13,2,1,22,False,False,False,0.03716376796364784,other,4
1192,298,0,27,32,27,16,36,7,False,False,False,0.04184303432703018,other,5
1193,298,0,46,17,46,36,16,18,False,False,False,0.051006898283958435,other,29
1194,298,1,46,32,46,16,36,7,False,False,False,0.03924151882529259,other,14
1195,298,1,27,17,27,36,16,15,False,False,False,0.05578065291047096,other,10
1196,299,0,33,17,33,17,3,15,False,False,False,0.030643625184893608,other,16
1197,299,0,44,24,44,3,17,34,False,False,False,0.013098813593387604,other,20
1198,299,1,44,17,44,17,3,15,False,False,False,0.008722810074687004,other,27
1199,299,1,33,17,33,3,17,7,False,False,False,0.026324698701500893,other,16
1200,300,0,24,44,24,7,14,7,False,False,False,0.010830167680978775,other,20
1201,300,0,19,17,19,14,7,18,False,False,False,0.028383079916238785,other,2
1202,300,1,19,17,19,7,14,5,False,False,False,0.026118284091353416,other,2
1203,300,1,24,24,24,14,7,34,True,True,False,0.008005539886653423,correct,0
1204,301,0,47,17,47,34,0,34,False,False,False,0.01803487166762352,other,30
1205,301,0,42,42,42,0,34,15,True,True,False,0.05108475312590599,correct,0
1206,301,1,42,42,42,34,0,34,True,True,False,0.019600939005613327,correct,0
1207,301,1,47,4,47,0,34,32,False,False,False,0.03986312076449394,other,43
1208,302,0,25,32,25,14,1,15,False,False,False,0.009607408195734024,other,7
1209,302,0,10,17,10,1,14,32,False,False,False,0.022995425388216972,other,7
1210,302,1,10,17,10,14,1,18,False,False,False,0.018296029418706894,other,7
1211,302,1,25,32,25,1,14,7,False,False,False,0.009197442792356014,other,7
1212,303,0,14,17,14,24,36,18,False,False,False,0.024385590106248856,other,3
1213,303,0,25,35,25,36,24,18,False,False,False,0.008252243511378765,other,10
1214,303,1,25,24,25,24,36,18,False,False,True,0.008715750649571419,off_by_one,1
1215,303,1,14,24,14,36,24,18,False,False,False,0.020245417952537537,other,10
1216,304,0,44,17,44,21,22,34,False,False,False,0.005849720444530249,other,27
1217,304,0,14,17,14,22,21,34,False,False,False,0.03164416551589966,other,3
1218,304,1,14,27,14,21,22,34,False,False,False,0.024041911587119102,other,13
1219,304,1,44,17,44,22,21,34,False,False,False,0.006254850421100855,other,27
1220,305,0,12,17,12,33,35,32,False,False,False,0.012187673710286617,other,5
1221,305,0,0,17,0,35,33,16,False,False,False,0.028571803122758865,other,17
1222,305,1,0,43,0,33,35,7,False,False,False,0.018439611420035362,other,43
1223,305,1,12,17,12,35,33,32,False,False,False,0.01460352260619402,other,5
1224,306,0,11,17,11,15,22,34,False,False,False,0.030867522582411766,other,6
1225,306,0,22,17,22,22,15,22,False,False,False,0.02944391593337059,other,5
1226,306,1,22,43,22,15,22,34,False,False,False,0.02577366679906845,other,21
1227,306,1,11,0,11,22,15,22,False,False,False,0.02770298719406128,other,11
1228,307,0,3,0,3,36,26,18,False,False,False,0.06178455427289009,other,3
1229,307,0,28,32,28,26,36,18,False,False,False,0.011064613237977028,other,4
1230,307,1,28,17,28,36,26,18,False,False,False,0.020722810178995132,other,11
1231,307,1,3,17,3,26,36,18,False,False,False,0.029068196192383766,other,14
1232,308,0,36,17,36,15,36,18,False,False,False,0.017855672165751457,other,19
1233,308,0,18,17,18,36,15,15,False,False,True,0.010325468145310879,off_by_one,1
1234,308,1,18,17,18,15,36,15,False,False,True,0.015735575929284096,off_by_one,1
1235,308,1,36,17,36,36,15,18,False,False,False,0.008160572499036789,other,19
1236,309,0,24,17,24,6,2,24,False,False,False,0.0052597192116081715,other,7
1237,309,0,15,17,15,2,6,22,False,False,False,0.07923667132854462,other,2
1238,309,1,15,4,15,6,2,24,False,False,False,0.07638866454362869,other,11
1239,309,1,24,4,24,2,6,34,False,False,False,0.0036514869425445795,other,20
1240,310,0,5,5,5,6,2,34,True,True,False,0.04351707920432091,correct,0
1241,310,0,43,17,43,2,6,18,False,False,False,0.03941909968852997,other,26
1242,310,1,43,17,43,6,2,18,False,False,False,0.018965542316436768,other,26
1243,310,1,5,15,5,2,6,18,False,False,False,0.03826089948415756,other,10
1244,311,0,21,43,21,7,4,18,False,False,False,0.021840538829565048,other,22
1245,311,0,18,17,18,4,7,18,False,False,True,0.055844686925411224,off_by_one,1
1246,311,1,18,32,18,7,4,18,False,False,False,0.05383225157856941,other,14
1247,311,1,21,43,21,4,7,18,False,False,False,0.026420021429657936,other,22
1248,312,0,33,17,33,20,17,34,False,False,False,0.00929055642336607,other,16
1249,312,0,4,17,4,17,20,15,False,False,False,0.009034479036927223,other,13
1250,312,1,4,17,4,20,17,16,False,False,False,0.029805952683091164,other,13
1251,312,1,33,17,33,17,20,34,False,False,False,0.006972013507038355,other,16
1252,313,0,47,17,47,16,27,27,False,False,False,0.012862375937402248,other,30
1253,313,0,34,24,34,27,16,7,False,False,False,0.012087561190128326,other,10
1254,313,1,34,17,34,16,27,7,False,False,False,0.017230210825800896,other,17
1255,313,1,47,17,47,27,16,27,False,False,False,0.020891064777970314,other,30
1256,314,0,38,17,38,25,17,32,False,False,False,0.010364321991801262,other,21
1257,314,0,29,17,29,17,25,32,False,False,False,0.03554355353116989,other,12
1258,314,1,29,17,29,25,17,15,False,False,False,0.017077840864658356,other,12
1259,314,1,38,17,38,17,25,15,False,False,False,0.006487692706286907,other,21
1260,315,0,0,17,0,15,27,15,False,False,False,0.02129051275551319,other,17
1261,315,0,38,17,38,27,15,7,False,False,False,0.019419200718402863,other,21
1262,315,1,38,17,38,15,27,15,False,False,False,0.023876942694187164,other,21
1263,315,1,0,17,0,27,15,27,False,False,False,0.011729061603546143,other,17
1264,316,0,22,17,22,6,2,7,False,False,False,0.064573734998703,other,5
1265,316,0,5,15,5,2,6,18,False,False,False,0.05903543531894684,other,10
1266,316,1,5,5,5,6,2,18,True,True,False,0.040556274354457855,correct,0
1267,316,1,22,3,22,2,6,5,False,False,False,0.061279647052288055,other,19
1268,317,0,43,17,43,2,7,34,False,False,False,0.03254121169447899,other,26
1269,317,0,3,17,3,7,2,34,False,False,False,0.03985648974776268,other,14
1270,317,1,3,17,3,2,7,18,False,False,False,0.03381859138607979,other,14
1271,317,1,43,32,43,7,2,18,False,False,False,0.03909226879477501,other,11
1272,318,0,31,17,31,24,7,18,False,False,False,0.04466092586517334,other,14
1273,318,0,11,17,11,7,24,8,False,False,False,0.007039218675345182,other,6
1274,318,1,11,17,11,24,7,18,False,False,False,0.00799588393419981,other,6
1275,318,1,31,17,31,7,24,15,False,False,False,0.07733208686113358,other,14
1276,319,0,34,17,34,14,16,16,False,False,False,0.042034830898046494,other,17
1277,319,0,5,5,5,16,14,15,True,True,False,0.0451204888522625,correct,0
1278,319,1,5,5,5,14,16,15,True,True,False,0.052451785653829575,correct,0
1279,319,1,34,4,34,16,14,27,False,False,False,0.02311021462082863,other,30
1280,320,0,18,0,18,16,6,15,False,False,False,0.014310731552541256,other,18
1281,320,0,9,17,9,6,16,18,False,False,False,0.016720140352845192,other,8
1282,320,1,9,17,9,16,6,34,False,False,False,0.017388401553034782,other,8
1283,320,1,18,17,18,6,16,34,False,False,True,0.013080693781375885,off_by_one,1
1284,321,0,8,0,8,16,26,18,False,False,False,0.04102631285786629,other,8
1285,321,0,23,44,23,26,16,18,False,False,False,0.028211481869220734,other,21
1286,321,1,23,11,23,16,26,27,False,False,False,0.03491365909576416,other,12
1287,321,1,8,8,8,26,16,18,True,True,False,0.03263256698846817,correct,0
1288,322,0,29,0,29,38,39,7,False,False,False,0.03254783898591995,other,29
1289,322,0,44,4,44,39,38,15,False,False,False,0.027111651375889778,other,40
1290,322,1,44,0,44,38,39,15,False,False,False,0.026945924386382103,other,44
1291,322,1,29,17,29,39,38,18,False,False,False,0.027784449979662895,other,12
1292,323,0,16,42,16,19,2,34,False,False,False,0.07587677985429764,other,26
1293,323,0,4,32,4,2,19,34,False,False,False,0.014732122421264648,other,28
1294,323,1,4,17,4,19,2,34,False,False,False,0.02525932714343071,other,13
1295,323,1,16,24,16,2,19,34,False,False,False,0.07820075005292892,other,8
1296,324,0,9,17,9,27,14,15,False,False,False,0.013824048452079296,other,8
1297,324,0,46,17,46,14,27,27,False,False,False,0.024668768048286438,other,29
1298,324,1,46,17,46,27,14,7,False,False,False,0.018607977777719498,other,29
1299,324,1,9,17,9,14,27,7,False,False,False,0.022578952834010124,other,8
1300,325,0,46,17,46,16,0,15,False,False,False,0.005972083657979965,other,29
1301,325,0,3,17,3,0,16,16,False,False,False,0.02737955003976822,other,14
1302,325,1,3,0,3,16,0,15,False,False,False,0.01645171083509922,other,3
1303,325,1,46,17,46,0,16,27,False,False,False,0.010005547665059566,other,29
1304,326,0,44,44,44,11,6,18,True,True,False,0.013641582801938057,correct,0
1305,326,0,0,17,0,6,11,18,False,False,False,0.021567879244685173,other,17
1306,326,1,0,17,0,11,6,15,False,False,False,0.04280274361371994,other,17
1307,326,1,44,32,44,6,11,34,False,False,False,0.013962831348180771,other,12
1308,327,0,43,17,43,0,14,34,False,False,False,0.007598946802318096,other,26
1309,327,0,24,17,24,14,0,15,False,False,False,0.01526749785989523,other,7
1310,327,1,24,17,24,0,14,15,False,False,False,0.019109856337308884,other,7
1311,327,1,43,43,43,14,0,7,True,True,False,0.01646510511636734,correct,0
1312,328,0,23,32,23,33,7,7,False,False,False,0.034690871834754944,other,9
1313,328,0,19,17,19,7,33,15,False,False,False,0.03148249164223671,other,2
1314,328,1,19,17,19,33,7,7,False,False,False,0.057654011994600296,other,2
1315,328,1,23,32,23,7,33,32,False,False,False,0.047309182584285736,other,9
1316,329,0,2,17,2,7,14,15,False,False,False,0.015163635835051537,other,15
1317,329,0,11,17,11,14,7,7,False,False,False,0.06253760308027267,other,6
1318,329,1,11,17,11,7,14,18,False,False,False,0.034894708544015884,other,6
1319,329,1,2,17,2,14,7,15,False,False,False,0.0073969620279967785,other,15
1320,330,0,18,17,18,5,0,5,False,False,True,0.04812067374587059,off_by_one,1
1321,330,0,7,7,7,0,5,18,True,True,False,0.021991854533553123,correct,0
1322,330,1,7,7,7,5,0,18,True,True,False,0.024193251505494118,correct,0
1323,330,1,18,17,18,0,5,7,False,False,True,0.04833322390913963,off_by_one,1
1324,331,0,10,17,10,15,16,15,False,False,False,0.049915824085474014,other,7
1325,331,0,45,17,45,16,15,32,False,False,False,0.014424244873225689,other,28
1326,331,1,45,17,45,15,16,32,False,False,False,0.024989042431116104,other,28
1327,331,1,10,27,10,16,15,22,False,False,False,0.03720494359731674,other,17
1328,332,0,9,17,9,4,7,34,False,False,False,0.03560755401849747,other,8
1329,332,0,24,4,24,7,4,7,False,False,False,0.006070158444344997,other,20
1330,332,1,24,17,24,4,7,24,False,False,False,0.00780140794813633,other,7
1331,332,1,9,32,9,7,4,18,False,False,False,0.05716496333479881,other,23
1332,333,0,1,32,1,24,38,7,False,False,False,0.023758891969919205,other,31
1333,333,0,41,2,41,38,24,15,False,False,False,0.043373335152864456,other,39
1334,333,1,41,44,41,24,38,18,False,False,False,0.030113404616713524,other,3
1335,333,1,1,17,1,38,24,18,False,False,False,0.05111121013760567,other,16
1336,334,0,24,32,24,14,7,27,False,False,False,0.017085552215576172,other,8
1337,334,0,21,43,21,7,14,15,False,False,False,0.017902227118611336,other,22
1338,334,1,21,17,21,14,7,27,False,False,False,0.021440736949443817,other,4
1339,334,1,24,0,24,7,14,7,False,False,False,0.021408889442682266,other,24
1340,335,0,21,43,21,14,12,34,False,False,False,0.029860664159059525,other,22
1341,335,0,31,43,31,12,14,18,False,False,False,0.012787826359272003,other,12
1342,335,1,31,17,31,14,12,34,False,False,False,0.025454269722104073,other,14
1343,335,1,21,43,21,12,14,18,False,False,False,0.014981845393776894,other,22
1344,336,0,47,34,47,7,18,15,False,False,False,0.029486238956451416,other,13
1345,336,0,26,44,26,18,7,15,False,False,False,0.011457671411335468,other,18
1346,336,1,26,44,26,7,18,15,False,False,False,0.013346415013074875,other,18
1347,336,1,47,24,47,18,7,18,False,False,False,0.047458767890930176,other,23
1348,337,0,48,17,48,38,24,18,False,False,False,0.014418264850974083,other,31
1349,337,0,23,24,23,24,38,18,False,False,True,0.023585155606269836,off_by_one,1
1350,337,1,23,0,23,38,24,7,False,False,False,0.06463377177715302,other,23
1351,337,1,48,17,48,24,38,18,False,False,False,0.00967327319085598,other,31
1352,338,0,1,17,1,6,20,18,False,False,False,0.012713644653558731,other,16
1353,338,0,3,17,3,20,6,18,False,False,False,0.02968601882457733,other,14
1354,338,1,3,17,3,6,20,18,False,False,False,0.02577584981918335,other,14
1355,338,1,1,17,1,20,6,24,False,False,False,0.018671659752726555,other,16
1356,339,0,21,43,21,14,7,7,False,False,False,0.05545233562588692,other,22
1357,339,0,28,17,28,7,14,18,False,False,False,0.033435918390750885,other,11
1358,339,1,28,17,28,14,7,34,False,False,False,0.08986726403236389,other,11
1359,339,1,21,17,21,7,14,22,False,False,False,0.041388027369976044,other,4
1360,340,0,9,17,9,14,1,18,False,False,False,0.01986083760857582,other,8
1361,340,0,40,17,40,1,14,34,False,False,False,0.009769072756171227,other,23
1362,340,1,40,17,40,14,1,15,False,False,False,0.0068534244783222675,other,23
1363,340,1,9,17,9,1,14,34,False,False,False,0.02467501536011696,other,8
1364,341,0,41,24,41,6,14,18,False,False,False,0.05427389219403267,other,17
1365,341,0,48,24,48,14,6,15,False,False,False,0.03481938689947128,other,24
1366,341,1,48,17,48,6,14,18,False,False,False,0.030150773003697395,other,31
1367,341,1,41,35,41,14,6,18,False,False,False,0.016845252364873886,other,6
1368,342,0,25,27,25,15,0,32,False,False,False,0.017934922128915787,other,2
1369,342,0,2,17,2,0,15,32,False,False,False,0.04425503686070442,other,15
1370,342,1,2,17,2,15,0,18,False,False,False,0.044732190668582916,other,15
1371,342,1,25,17,25,0,15,32,False,False,False,0.016941877081990242,other,8
1372,343,0,45,32,45,5,0,18,False,False,False,0.016015442088246346,other,13
1373,343,0,17,17,17,0,5,18,True,True,False,0.046779338270425797,correct,0
1374,343,1,17,32,17,5,0,5,False,False,False,0.03210905194282532,other,15
1375,343,1,45,17,45,0,5,15,False,False,False,0.031952567398548126,other,28
1376,344,0,32,24,32,24,6,18,False,False,False,0.017285101115703583,other,8
1377,344,0,44,4,44,6,24,24,False,False,False,0.03293769061565399,other,40
1378,344,1,44,24,44,24,6,18,False,False,False,0.018798019737005234,other,20
1379,344,1,32,17,32,6,24,18,False,False,False,0.02511880360543728,other,15
1380,345,0,7,24,7,19,6,34,False,False,False,0.1075434759259224,other,17
1381,345,0,2,17,2,6,19,6,False,False,False,0.040175698697566986,other,15
1382,345,1,2,31,2,19,6,22,False,False,False,0.04224793612957001,other,29
1383,345,1,7,24,7,6,19,22,False,False,False,0.04780850186944008,other,17
1384,346,0,9,17,9,7,19,34,False,False,False,0.011377488262951374,other,8
1385,346,0,6,43,6,19,7,34,False,False,False,0.032979656010866165,other,37
1386,346,1,6,43,6,7,19,34,False,False,False,0.032874491065740585,other,37
1387,346,1,9,17,9,19,7,34,False,False,False,0.0176689513027668,other,8
1388,347,0,8,8,8,7,8,18,True,True,False,0.13891439139842987,correct,0
1389,347,0,1,32,1,8,7,5,False,False,False,0.04546664282679558,other,31
1390,347,1,1,17,1,7,8,34,False,False,False,0.0507173053920269,other,16
1391,347,1,8,8,8,8,7,7,True,True,False,0.05247088894248009,correct,0
1392,348,0,35,31,35,23,18,22,False,False,False,0.0950845405459404,other,4
1393,348,0,13,17,13,18,23,34,False,False,False,0.04656931012868881,other,4
1394,348,1,13,17,13,23,18,15,False,False,False,0.04073166847229004,other,4
1395,348,1,35,17,35,18,23,34,False,False,False,0.05615128204226494,other,18
1396,349,0,37,43,37,18,6,34,False,False,False,0.02426810935139656,other,6
1397,349,0,39,43,39,6,18,22,False,False,False,0.016934368759393692,other,4
1398,349,1,39,17,39,18,6,34,False,False,False,0.028531469404697418,other,22
1399,349,1,37,43,37,6,18,34,False,False,False,0.012157851830124855,other,6
1400,350,0,22,31,22,15,36,15,False,False,False,0.027997398748993874,other,9
1401,350,0,19,0,19,36,15,18,False,False,False,0.03813204914331436,other,19
1402,350,1,19,17,19,15,36,15,False,False,False,0.03357076272368431,other,2
1403,350,1,22,31,22,36,15,18,False,False,False,0.03297479450702667,other,9
1404,351,0,26,24,26,24,7,18,False,False,False,0.00896431040018797,other,2
1405,351,0,37,17,37,7,24,24,False,False,False,0.006680348888039589,other,20
1406,351,1,37,43,37,24,7,15,False,False,False,0.011621116660535336,other,6
1407,351,1,26,24,26,7,24,18,False,False,False,0.01499904040247202,other,2
1408,352,0,25,4,25,36,24,24,False,False,False,0.023486316204071045,other,21
1409,352,0,23,24,23,24,36,34,False,False,True,0.013180439360439777,off_by_one,1
1410,352,1,23,24,23,36,24,34,False,False,True,0.04433247074484825,off_by_one,1
1411,352,1,25,24,25,24,36,34,False,False,True,0.024698421359062195,off_by_one,1
1412,353,0,36,17,36,7,14,7,False,False,False,0.007997963577508926,other,19
1413,353,0,41,44,41,14,7,18,False,False,False,0.042483024299144745,other,3
1414,353,1,41,4,41,7,14,15,False,False,False,0.05225710570812225,other,37
1415,353,1,36,17,36,14,7,7,False,False,False,0.010629089549183846,other,19
1416,354,0,1,17,1,33,28,33,False,False,False,0.008523771539330482,other,16
1417,354,0,6,24,6,28,33,32,False,False,False,0.0552196241915226,other,18
1418,354,1,6,17,6,33,28,33,False,False,False,0.050126563757658005,other,11
1419,354,1,1,17,1,28,33,32,False,False,False,0.027654588222503662,other,16
1420,355,0,1,17,1,26,1,18,False,False,False,0.0225326269865036,other,16
1421,355,0,31,43,31,1,26,18,False,False,False,0.060790203511714935,other,12
1422,355,1,31,17,31,26,1,18,False,False,False,0.02735353447496891,other,14
1423,355,1,1,17,1,1,26,8,False,False,False,0.033120013773441315,other,16
1424,356,0,35,44,35,7,19,34,False,False,False,0.007395452819764614,other,9
1425,356,0,45,17,45,19,7,34,False,False,False,0.023620888590812683,other,28
1426,356,1,45,32,45,7,19,18,False,False,False,0.03690650686621666,other,13
1427,356,1,35,24,35,19,7,34,False,False,False,0.009204162284731865,other,11
1428,357,0,10,0,10,15,2,15,False,False,False,0.04640711098909378,other,10
1429,357,0,8,8,8,2,15,18,True,True,False,0.025127246975898743,correct,0
1430,357,1,8,0,8,15,2,7,False,False,False,0.029345957562327385,other,8
1431,357,1,10,17,10,2,15,7,False,False,False,0.03982812538743019,other,7
1432,358,0,13,17,13,14,19,7,False,False,False,0.026178203523159027,other,4
1433,358,0,24,32,24,19,14,18,False,False,False,0.013681702315807343,other,8
1434,358,1,24,27,24,14,19,18,False,False,False,0.016555381938815117,other,3
1435,358,1,13,17,13,19,14,18,False,False,False,0.03213885426521301,other,4
1436,359,0,7,46,7,16,7,32,False,False,False,0.026798153296113014,other,39
1437,359,0,25,4,25,7,16,15,False,False,False,0.008305568248033524,other,21
1438,359,1,25,24,25,16,7,18,False,False,True,0.01081774104386568,off_by_one,1
1439,359,1,7,4,7,7,16,7,False,False,False,0.02832113578915596,other,3
1440,360,0,0,43,0,18,14,7,False,False,False,0.04028578847646713,other,43
1441,360,0,47,0,47,14,18,32,False,False,False,0.018797945231199265,other,47
1442,360,1,47,17,47,18,14,15,False,False,False,0.014394456520676613,other,30
1443,360,1,0,17,0,14,18,18,False,False,False,0.036027997732162476,other,17
1444,361,0,36,17,36,6,2,18,False,False,False,0.014441262930631638,other,19
1445,361,0,32,24,32,2,6,18,False,False,False,0.011806750670075417,other,8
1446,361,1,32,17,32,6,2,18,False,False,False,0.024572473019361496,other,15
1447,361,1,36,17,36,2,6,18,False,False,False,0.017898987978696823,other,19
1448,362,0,5,1,5,20,12,34,False,False,False,0.07336310297250748,other,4
1449,362,0,27,17,27,12,20,34,False,False,False,0.022166280075907707,other,10
1450,362,1,27,17,27,20,12,15,False,False,False,0.013503704220056534,other,10
1451,362,1,5,34,5,12,20,18,False,False,False,0.036765072494745255,other,29
1452,363,0,6,32,6,26,14,18,False,False,False,0.031029630452394485,other,26
1453,363,0,24,27,24,14,26,18,False,False,False,0.004406810738146305,other,3
1454,363,1,24,27,24,26,14,18,False,False,False,0.005447814241051674,other,3
1455,363,1,6,0,6,14,26,15,False,False,False,0.0965055599808693,other,6
1456,364,0,21,43,21,7,23,34,False,False,False,0.012405836954712868,other,22
1457,364,0,16,15,16,23,7,22,False,False,True,0.05318157374858856,off_by_one,1
1458,364,1,16,32,16,7,23,18,False,False,False,0.043852146714925766,other,16
1459,364,1,21,43,21,23,7,15,False,False,False,0.02156371809542179,other,22
1460,365,0,36,17,36,14,7,7,False,False,False,0.012357369996607304,other,19
1461,365,0,29,17,29,7,14,7,False,False,False,0.01352203544229269,other,12
1462,365,1,29,17,29,14,7,15,False,False,False,0.03225234895944595,other,12
1463,365,1,36,17,36,7,14,7,False,False,False,0.015714971348643303,other,19
1464,366,0,16,11,16,16,18,18,False,False,False,0.061618924140930176,other,5
1465,366,0,22,43,22,18,16,18,False,False,False,0.048310842365026474,other,21
1466,366,1,22,17,22,16,18,7,False,False,False,0.07036709040403366,other,5
1467,366,1,16,34,16,18,16,15,False,False,False,0.046636346727609634,other,18
1468,367,0,26,32,26,18,34,34,False,False,False,0.02217283844947815,other,6
1469,367,0,17,0,17,34,18,34,False,False,False,0.04716781899333,other,17
1470,367,1,17,17,17,18,34,18,True,True,False,0.03302301466464996,correct,0
1471,367,1,26,24,26,34,18,34,False,False,False,0.007962635718286037,other,2
1472,368,0,7,7,7,6,7,34,True,True,False,0.021834425628185272,correct,0
1473,368,0,29,17,29,7,6,34,False,False,False,0.04558110982179642,other,12
1474,368,1,29,17,29,6,7,22,False,False,False,0.02393008954823017,other,12
1475,368,1,7,7,7,7,6,32,True,True,False,0.03631022199988365,correct,0
1476,369,0,20,17,20,0,23,34,False,False,False,0.015214729122817516,other,3
1477,369,0,17,17,17,23,0,22,True,True,False,0.026732461526989937,correct,0
1478,369,1,17,17,17,0,23,15,True,True,False,0.03312807157635689,correct,0
1479,369,1,20,17,20,23,0,15,False,False,False,0.02992977201938629,other,3
1480,370,0,47,17,47,36,16,7,False,False,False,0.019944433122873306,other,30
1481,370,0,38,0,38,16,36,7,False,False,False,0.012229900807142258,other,38
1482,370,1,38,17,38,36,16,18,False,False,False,0.006715881172567606,other,21
1483,370,1,47,0,47,16,36,15,False,False,False,0.014526315964758396,other,47
1484,371,0,12,17,12,18,14,34,False,False,False,0.025049924850463867,other,5
1485,371,0,28,17,28,14,18,34,False,False,False,0.0100035909563303,other,11
1486,371,1,28,17,28,18,14,34,False,False,False,0.0055529591627418995,other,11
1487,371,1,12,17,12,14,18,22,False,False,False,0.0245553907006979,other,5
1488,372,0,14,17,14,24,38,18,False,False,False,0.02082069218158722,other,3
1489,372,0,0,17,0,38,24,15,False,False,False,0.029500436037778854,other,17
1490,372,1,0,17,0,24,38,18,False,False,False,0.03838377445936203,other,17
1491,372,1,14,17,14,38,24,15,False,False,False,0.016855929046869278,other,3
1492,373,0,8,44,8,16,7,22,False,False,False,0.05905081331729889,other,36
1493,373,0,33,17,33,7,16,15,False,False,False,0.028723249211907387,other,16
1494,373,1,33,17,33,16,7,7,False,False,False,0.031089121475815773,other,16
1495,373,1,8,8,8,7,16,15,True,True,False,0.04071696475148201,correct,0
1496,374,0,0,0,0,18,7,18,True,True,False,0.0688001736998558,correct,0
1497,374,0,9,17,9,7,18,18,False,False,False,0.032200489193201065,other,8
1498,374,1,9,32,9,18,7,18,False,False,False,0.02445264905691147,other,23
1499,374,1,0,17,0,7,18,18,False,False,False,0.028865763917565346,other,17
1500,375,0,4,27,4,11,10,15,False,False,False,0.010927360504865646,other,23
1501,375,0,7,5,7,10,11,34,False,False,False,0.03372126445174217,other,2
1502,375,1,7,7,7,11,10,15,True,True,False,0.03766023740172386,correct,0
1503,375,1,4,27,4,10,11,15,False,False,False,0.028330914676189423,other,23
1504,376,0,26,24,26,16,15,7,False,False,False,0.0055485134944319725,other,2
1505,376,0,24,17,24,15,16,16,False,False,False,0.018326792865991592,other,7
1506,376,1,24,32,24,16,15,7,False,False,False,0.011825106106698513,other,8
1507,376,1,26,24,26,15,16,15,False,False,False,0.0060076336376369,other,2
1508,377,0,31,43,31,16,22,34,False,False,False,0.057597797363996506,other,12
1509,377,0,43,17,43,22,16,34,False,False,False,0.01979695074260235,other,26
1510,377,1,43,0,43,16,22,32,False,False,False,0.025958113372325897,other,43
1511,377,1,31,32,31,22,16,7,False,False,True,0.03384014219045639,off_by_one,1
1512,378,0,36,17,36,17,6,15,False,False,False,0.03518019989132881,other,19
1513,378,0,32,17,32,6,17,33,False,False,False,0.02797052450478077,other,15
1514,378,1,32,17,32,17,6,34,False,False,False,0.0308739822357893,other,15
1515,378,1,36,17,36,6,17,7,False,False,False,0.012521614320576191,other,19
1516,379,0,2,17,2,2,19,34,False,False,False,0.028202075511217117,other,15
1517,379,0,12,17,12,19,2,34,False,False,False,0.05356164276599884,other,5
1518,379,1,12,17,12,2,19,22,False,False,False,0.03931766003370285,other,5
1519,379,1,2,17,2,19,2,7,False,False,False,0.014806235209107399,other,15
1520,380,0,44,17,44,14,30,32,False,False,False,0.012268595397472382,other,27
1521,380,0,43,17,43,30,14,34,False,False,False,0.016668634489178658,other,26
1522,380,1,43,0,43,14,30,7,False,False,False,0.009597841650247574,other,43
1523,380,1,44,17,44,30,14,34,False,False,False,0.006293665152043104,other,27
1524,381,0,41,35,41,0,2,34,False,False,False,0.007877985946834087,other,6
1525,381,0,6,43,6,2,0,34,False,False,False,0.03894911706447601,other,37
1526,381,1,6,17,6,0,2,34,False,False,False,0.02500886656343937,other,11
1527,381,1,41,44,41,2,0,34,False,False,False,0.010589759796857834,other,3
1528,382,0,45,17,45,0,6,32,False,False,False,0.022074073553085327,other,28
1529,382,0,31,17,31,6,0,32,False,False,False,0.043699320405721664,other,14
1530,382,1,31,0,31,0,6,34,False,False,False,0.04227314889431,other,31
1531,382,1,45,32,45,6,0,34,False,False,False,0.013281402178108692,other,13
1532,383,0,22,17,22,7,14,5,False,False,False,0.034553397446870804,other,5
1533,383,0,44,0,44,14,7,27,False,False,False,0.017763644456863403,other,44
1534,383,1,44,17,44,7,14,7,False,False,False,0.018597841262817383,other,27
1535,383,1,22,17,22,14,7,27,False,False,False,0.04381879046559334,other,5
1536,384,0,11,11,11,27,6,7,True,True,False,0.05348736420273781,correct,0
1537,384,0,17,17,17,6,27,18,True,True,False,0.028956733644008636,correct,0
1538,384,1,17,17,17,27,6,7,True,True,False,0.034816037863492966,correct,0
1539,384,1,11,17,11,6,27,15,False,False,False,0.02599542774260044,other,6
1540,385,0,32,24,32,11,8,18,False,False,False,0.01162641029804945,other,8
1541,385,0,48,17,48,8,11,18,False,False,False,0.007530630566179752,other,31
1542,385,1,48,17,48,11,8,18,False,False,False,0.022530967369675636,other,31
1543,385,1,32,17,32,8,11,18,False,False,False,0.012964742258191109,other,15
1544,386,0,46,17,46,16,7,15,False,False,False,0.042290814220905304,other,29
1545,386,0,22,17,22,7,16,18,False,False,False,0.03136783838272095,other,5
1546,386,1,22,17,22,16,7,15,False,False,False,0.043308138847351074,other,5
1547,386,1,46,17,46,7,16,7,False,False,False,0.027822116389870644,other,29
1548,387,0,23,35,23,4,5,18,False,False,False,0.016940046101808548,other,12
1549,387,0,10,32,10,5,4,18,False,False,False,0.016565976664423943,other,22
1550,387,1,10,17,10,4,5,18,False,False,False,0.020566346123814583,other,7
1551,387,1,23,35,23,5,4,24,False,False,False,0.01589641161262989,other,12
1552,388,0,35,24,35,3,2,34,False,False,False,0.003757559461519122,other,11
1553,388,0,44,32,44,2,3,34,False,False,False,0.013191912323236465,other,12
1554,388,1,44,17,44,3,2,7,False,False,False,0.008066902868449688,other,27
1555,388,1,35,24,35,2,3,18,False,False,False,0.004532815422862768,other,11
1556,389,0,34,17,34,21,16,34,False,False,False,0.03522246330976486,other,17
1557,389,0,6,43,6,16,21,15,False,False,False,0.02221529558300972,other,37
1558,389,1,6,17,6,21,16,34,False,False,False,0.030243324115872383,other,11
1559,389,1,34,4,34,16,21,7,False,False,False,0.017286870628595352,other,30
1560,390,0,46,17,46,14,17,15,False,False,False,0.04269269481301308,other,29
1561,390,0,39,43,39,17,14,7,False,False,False,0.01108268927782774,other,4
1562,390,1,39,43,39,14,17,7,False,False,False,0.009739053435623646,other,4
1563,390,1,46,43,46,17,14,7,False,False,False,0.014070537872612476,other,3
1564,391,0,30,32,30,14,16,27,False,False,False,0.037875447422266006,other,2
1565,391,0,36,0,36,16,14,27,False,False,False,0.1897195726633072,other,36
1566,391,1,36,31,36,14,16,6,False,False,False,0.07118841260671616,other,5
1567,391,1,30,0,30,16,14,15,False,False,False,0.032032910734415054,other,30
1568,392,0,25,24,25,18,27,34,False,False,True,0.08514254540205002,off_by_one,1
1569,392,0,10,17,10,27,18,7,False,False,False,0.03948260471224785,other,7
1570,392,1,10,32,10,18,27,7,False,False,False,0.02184063196182251,other,22
1571,392,1,25,45,25,27,18,27,False,False,False,0.039042506366968155,other,20
1572,393,0,7,7,7,7,15,34,True,True,False,0.033092938363552094,correct,0
1573,393,0,34,17,34,15,7,7,False,False,False,0.026392215862870216,other,17
1574,393,1,34,34,34,7,15,15,True,True,False,0.01216242928057909,correct,0
1575,393,1,7,44,7,15,7,34,False,False,False,0.043030157685279846,other,37
1576,394,0,35,17,35,6,14,18,False,False,False,0.011842519976198673,other,18
1577,394,0,1,17,1,14,6,15,False,False,False,0.02128010429441929,other,16
1578,394,1,1,27,1,6,14,18,False,False,False,0.011780794709920883,other,26
1579,394,1,35,17,35,14,6,18,False,False,False,0.024137655273079872,other,18
1580,395,0,12,17,12,7,39,18,False,False,False,0.022874532267451286,other,5
1581,395,0,41,24,41,39,7,18,False,False,False,0.09200364351272583,other,17
1582,395,1,41,45,41,7,39,18,False,False,False,0.037847284227609634,other,4
1583,395,1,12,17,12,39,7,15,False,False,False,0.008792398497462273,other,5
1584,396,0,6,17,6,14,16,7,False,False,False,0.03194979205727577,other,11
1585,396,0,13,17,13,16,14,27,False,False,False,0.015472924336791039,other,4
1586,396,1,13,17,13,14,16,15,False,False,False,0.008985113352537155,other,4
1587,396,1,6,17,6,16,14,34,False,False,False,0.027402328327298164,other,11
1588,397,0,44,32,44,1,0,18,False,False,False,0.03579578176140785,other,12
1589,397,0,29,32,29,0,1,7,False,False,False,0.013218280859291553,other,3
1590,397,1,29,17,29,1,0,18,False,False,False,0.021127624437212944,other,12
1591,397,1,44,17,44,0,1,15,False,False,False,0.02435769885778427,other,27
1592,398,0,1,17,1,3,4,18,False,False,False,0.0068112569861114025,other,16
1593,398,0,28,17,28,4,3,18,False,False,False,0.006340848747640848,other,11
1594,398,1,28,17,28,3,4,18,False,False,False,0.006500429008156061,other,11
1595,398,1,1,17,1,4,3,18,False,False,False,0.014520496129989624,other,16
1596,399,0,5,44,5,7,12,7,False,False,False,0.06474828720092773,other,39
1597,399,0,10,17,10,12,7,18,False,False,False,0.0559726320207119,other,7
1598,399,1,10,32,10,7,12,7,False,False,False,0.04036685451865196,other,22
1599,399,1,5,34,5,12,7,18,False,False,False,0.03575018420815468,other,29
1600,400,0,33,17,33,6,24,18,False,False,False,0.02920864336192608,other,16
1601,400,0,27,17,27,24,6,18,False,False,False,0.03862166404724121,other,10
1602,400,1,27,0,27,6,24,18,False,False,False,0.029444195330142975,other,27
1603,400,1,33,17,33,24,6,18,False,False,False,0.03539201617240906,other,16
1604,401,0,8,32,8,24,16,5,False,False,False,0.06770654022693634,other,24
1605,401,0,29,17,29,16,24,7,False,False,False,0.03916667774319649,other,12
1606,401,1,29,17,29,24,16,18,False,False,False,0.03091615065932274,other,12
1607,401,1,8,8,8,16,24,22,True,True,False,0.03747030347585678,correct,0
1608,402,0,43,17,43,38,18,15,False,False,False,0.006468435749411583,other,26
1609,402,0,34,35,34,18,38,24,False,False,True,0.02403620444238186,off_by_one,1
1610,402,1,34,7,34,38,18,18,False,False,False,0.030710404738783836,other,27
1611,402,1,43,17,43,18,38,18,False,False,False,0.010902786627411842,other,26
1612,403,0,7,7,7,17,6,15,True,True,False,0.01940188556909561,correct,0
1613,403,0,33,17,33,6,17,18,False,False,False,0.030873043462634087,other,16
1614,403,1,33,17,33,17,6,5,False,False,False,0.02253066375851631,other,16
1615,403,1,7,7,7,6,17,34,True,True,False,0.013365767896175385,correct,0
1616,404,0,31,0,31,17,20,34,False,False,False,0.03556443378329277,other,31
1617,404,0,6,0,6,20,17,34,False,False,False,0.017595350742340088,other,6
1618,404,1,6,17,6,17,20,34,False,False,False,0.02871403656899929,other,11
1619,404,1,31,17,31,20,17,15,False,False,False,0.04676166921854019,other,14
1620,405,0,37,17,37,16,36,18,False,False,False,0.016495738178491592,other,20
1621,405,0,7,7,7,36,16,27,True,True,False,0.028389552608132362,correct,0
1622,405,1,7,7,7,16,36,32,True,True,False,0.04083705320954323,correct,0
1623,405,1,37,17,37,36,16,18,False,False,False,0.012415640987455845,other,20
1624,406,0,1,32,1,34,35,5,False,False,False,0.033266957849264145,other,31
1625,406,0,3,43,3,35,34,34,False,False,False,0.009450153447687626,other,40
1626,406,1,3,43,3,34,35,34,False,False,False,0.016066230833530426,other,40
1627,406,1,1,17,1,35,34,34,False,False,False,0.052816685289144516,other,16
1628,407,0,48,0,48,7,12,34,False,False,False,0.025393223389983177,other,48
1629,407,0,40,17,40,12,7,34,False,False,False,0.022360781207680702,other,23
1630,407,1,40,17,40,7,12,8,False,False,False,0.0138625493273139,other,23
1631,407,1,48,17,48,12,7,18,False,False,False,0.018847843632102013,other,31
1632,408,0,40,32,40,0,7,15,False,False,False,0.0187842920422554,other,8
1633,408,0,41,32,41,7,0,34,False,False,False,0.01685153879225254,other,9
1634,408,1,41,24,41,0,7,34,False,False,False,0.05699761211872101,other,17
1635,408,1,40,17,40,7,0,34,False,False,False,0.02524172142148018,other,23
1636,409,0,35,32,35,16,15,7,False,False,False,0.0031784537713974714,other,3
1637,409,0,39,17,39,15,16,34,False,False,False,0.01958087459206581,other,22
1638,409,1,39,43,39,16,15,15,False,False,False,0.02196309342980385,other,4
1639,409,1,35,32,35,15,16,15,False,False,False,0.0051613603718578815,other,3
1640,410,0,22,0,22,2,8,18,False,False,False,0.04171433672308922,other,22
1641,410,0,5,34,5,8,2,18,False,False,False,0.03840067982673645,other,29
1642,410,1,5,15,5,2,8,18,False,False,False,0.0416075624525547,other,10
1643,410,1,22,17,22,8,2,5,False,False,False,0.06226588413119316,other,5
1644,411,0,9,43,9,24,20,18,False,False,False,0.020758450031280518,other,34
1645,411,0,35,35,35,20,24,15,True,True,False,0.0041304840706288815,correct,0
1646,411,1,35,44,35,24,20,15,False,False,False,0.004082155879586935,other,9
1647,411,1,9,17,9,20,24,15,False,False,False,0.04026618227362633,other,8
1648,412,0,28,17,28,19,7,34,False,False,False,0.011218035593628883,other,11
1649,412,0,19,17,19,7,19,7,False,False,False,0.0208161361515522,other,2
1650,412,1,19,17,19,19,7,34,False,False,False,0.022268464788794518,other,2
1651,412,1,28,17,28,7,19,34,False,False,False,0.008942324668169022,other,11
1652,413,0,21,43,21,25,0,34,False,False,False,0.037484828382730484,other,22
1653,413,0,43,17,43,0,25,15,False,False,False,0.012348225340247154,other,26
1654,413,1,43,17,43,25,0,32,False,False,False,0.01691703125834465,other,26
1655,413,1,21,17,21,0,25,15,False,False,False,0.03109135664999485,other,4
1656,414,0,5,15,5,31,28,27,False,False,False,0.02444782666862011,other,10
1657,414,0,39,43,39,28,31,27,False,False,False,0.008425630629062653,other,4
1658,414,1,39,17,39,31,28,15,False,False,False,0.014770264737308025,other,22
1659,414,1,5,42,5,28,31,15,False,False,False,0.049063172191381454,other,37
1660,415,0,43,43,43,15,8,15,True,True,False,0.022307246923446655,correct,0
1661,415,0,31,0,31,8,15,18,False,False,False,0.03335368260741234,other,31
1662,415,1,31,0,31,15,8,18,False,False,False,0.046029139310121536,other,31
1663,415,1,43,17,43,8,15,18,False,False,False,0.02354595437645912,other,26
1664,416,0,33,17,33,14,17,7,False,False,False,0.021672319620847702,other,16
1665,416,0,1,31,1,17,14,7,False,False,False,0.058640964329242706,other,30
1666,416,1,1,17,1,14,17,15,False,False,False,0.08418555557727814,other,16
1667,416,1,33,17,33,17,14,15,False,False,False,0.021512772887945175,other,16
1668,417,0,38,17,38,26,16,18,False,False,False,0.029459763318300247,other,21
1669,417,0,4,0,4,16,26,7,False,False,False,0.06271318346261978,other,4
1670,417,1,4,4,4,26,16,7,True,True,False,0.0366617813706398,correct,0
1671,417,1,38,32,38,16,26,22,False,False,False,0.03162211552262306,other,6
1672,418,0,1,17,1,20,15,15,False,False,False,0.025716183707118034,other,16
1673,418,0,44,24,44,15,20,34,False,False,False,0.005130229517817497,other,20
1674,418,1,44,27,44,20,15,34,False,False,False,0.006164331454783678,other,17
1675,418,1,1,17,1,15,20,15,False,False,False,0.03187050670385361,other,16
1676,419,0,16,4,16,6,18,7,False,False,False,0.05225711315870285,other,12
1677,419,0,30,17,30,18,6,18,False,False,False,0.0526626780629158,other,13
1678,419,1,30,0,30,6,18,15,False,False,False,0.015673309564590454,other,30
1679,419,1,16,31,16,18,6,8,False,False,False,0.06562457978725433,other,15
1680,420,0,21,43,21,29,31,34,False,False,False,0.013341015204787254,other,22
1681,420,0,3,17,3,31,29,32,False,False,False,0.044371090829372406,other,14
1682,420,1,3,17,3,29,31,34,False,False,False,0.005684221629053354,other,14
1683,420,1,21,43,21,31,29,32,False,False,False,0.01753496564924717,other,22
1684,421,0,6,17,6,14,16,7,False,False,False,0.0430455207824707,other,11
1685,421,0,22,32,22,16,14,27,False,False,False,0.05794485658407211,other,10
1686,421,1,22,17,22,14,16,20,False,False,False,0.05861762538552284,other,5
1687,421,1,6,32,6,16,14,7,False,False,False,0.02976411208510399,other,26
1688,422,0,45,17,45,3,7,7,False,False,False,0.013152890838682652,other,28
1689,422,0,20,43,20,7,3,18,False,False,False,0.036692071706056595,other,23
1690,422,1,20,17,20,3,7,22,False,False,False,0.030993064865469933,other,3
1691,422,1,45,24,45,7,3,34,False,False,False,0.013215827755630016,other,21
1692,423,0,9,17,9,9,13,18,False,False,False,0.03942905738949776,other,8
1693,423,0,44,24,44,13,9,34,False,False,False,0.04795069992542267,other,20
1694,423,1,44,32,44,9,13,7,False,False,False,0.0479392372071743,other,12
1695,423,1,9,17,9,13,9,18,False,False,False,0.04266354814171791,other,8
1696,424,0,26,44,26,14,15,32,False,False,False,0.009066586382687092,other,18
1697,424,0,19,43,19,15,14,32,False,False,False,0.033538818359375,other,24
1698,424,1,19,43,19,14,15,7,False,False,False,0.01741599850356579,other,24
1699,424,1,26,24,26,15,14,32,False,False,False,0.005388190969824791,other,2
1700,425,0,12,17,12,15,26,18,False,False,False,0.04174860194325447,other,5
1701,425,0,24,24,24,26,15,34,True,True,False,0.012716328725218773,correct,0
1702,425,1,24,24,24,15,26,5,True,True,False,0.010760837234556675,correct,0
1703,425,1,12,39,12,26,15,18,False,False,False,0.041184164583683014,other,27
1704,426,0,35,17,35,18,1,34,False,False,False,0.020613593980669975,other,18
1705,426,0,36,17,36,1,18,15,False,False,False,0.023407788947224617,other,19
1706,426,1,36,43,36,18,1,34,False,False,False,0.014076841995120049,other,7
1707,426,1,35,32,35,1,18,34,False,False,False,0.026245810091495514,other,3
1708,427,0,29,28,29,17,14,15,False,False,True,0.043443843722343445,off_by_one,1
1709,427,0,23,32,23,14,17,27,False,False,False,0.015319268219172955,other,9
1710,427,1,23,17,23,17,14,7,False,False,False,0.031143909320235252,other,6
1711,427,1,29,32,29,14,17,7,False,False,False,0.039073240011930466,other,3
1712,428,0,42,15,42,16,7,27,False,False,False,0.04887344688177109,other,27
1713,428,0,0,2,0,7,16,18,False,False,False,0.028990408405661583,other,2
1714,428,1,0,17,0,16,7,7,False,False,False,0.028654854744672775,other,17
1715,428,1,42,5,42,7,16,18,False,False,False,0.0466521680355072,other,37
1716,429,0,17,17,17,17,16,15,True,True,False,0.024074023589491844,correct,0
1717,429,0,6,43,6,16,17,7,False,False,False,0.041082534939050674,other,37
1718,429,1,6,17,6,17,16,7,False,False,False,0.032779596745967865,other,11
1719,429,1,17,17,17,16,17,18,True,True,False,0.024126878008246422,correct,0
1720,430,0,36,43,36,7,6,34,False,False,False,0.02041567862033844,other,7
1721,430,0,43,43,43,6,7,34,True,True,False,0.007185663562268019,correct,0
1722,430,1,43,43,43,7,6,34,True,True,False,0.010448205284774303,correct,0
1723,430,1,36,17,36,6,7,34,False,False,False,0.013141049072146416,other,19
1724,431,0,45,17,45,0,6,34,False,False,False,0.02332848310470581,other,28
1725,431,0,42,42,42,6,0,18,True,True,False,0.09604328870773315,correct,0
1726,431,1,42,42,42,0,6,15,True,True,False,0.062234535813331604,correct,0
1727,431,1,45,32,45,6,0,18,False,False,False,0.015037469565868378,other,13
1728,432,0,11,17,11,7,16,34,False,False,False,0.008459916338324547,other,6
1729,432,0,13,17,13,16,7,34,False,False,False,0.0361606627702713,other,4
1730,432,1,13,17,13,7,16,22,False,False,False,0.030974527820944786,other,4
1731,432,1,11,17,11,16,7,22,False,False,False,0.019649583846330643,other,6
1732,433,0,24,24,24,7,12,34,True,True,False,0.009262066334486008,correct,0
1733,433,0,25,24,25,12,7,34,False,False,True,0.009055319242179394,off_by_one,1
1734,433,1,25,4,25,7,12,7,False,False,False,0.013927933759987354,other,21
1735,433,1,24,24,24,12,7,34,True,True,False,0.008939792402088642,correct,0
1736,434,0,43,17,43,27,7,15,False,False,False,0.01794837974011898,other,26
1737,434,0,33,17,33,7,27,15,False,False,False,0.028527256101369858,other,16
1738,434,1,33,17,33,27,7,15,False,False,False,0.05180884897708893,other,16
1739,434,1,43,17,43,7,27,7,False,False,False,0.030476750805974007,other,26
1740,435,0,20,43,20,15,7,34,False,False,False,0.03157765790820122,other,23
1741,435,0,26,24,26,7,15,34,False,False,False,0.022501248866319656,other,2
1742,435,1,26,32,26,15,7,34,False,False,False,0.02468045987188816,other,6
1743,435,1,20,43,20,7,15,18,False,False,False,0.025878461077809334,other,23
1744,436,0,40,32,40,16,27,27,False,False,False,0.015148419886827469,other,8
1745,436,0,33,17,33,27,16,15,False,False,False,0.01708303578197956,other,16
1746,436,1,33,17,33,16,27,27,False,False,False,0.020697997882962227,other,16
1747,436,1,40,0,40,27,16,15,False,False,False,0.015606747940182686,other,40
1748,437,0,32,32,32,6,14,5,True,True,False,0.04426401108503342,correct,0
1749,437,0,24,32,24,14,6,27,False,False,False,0.02063044160604477,other,8
1750,437,1,24,24,24,6,14,7,True,True,False,0.019372539594769478,correct,0
1751,437,1,32,32,32,14,6,27,True,True,False,0.04165053740143776,correct,0
1752,438,0,30,43,30,7,16,32,False,False,False,0.02505849488079548,other,13
1753,438,0,32,17,32,16,7,32,False,False,False,0.011295857839286327,other,15
1754,438,1,32,17,32,7,16,34,False,False,False,0.028376799076795578,other,15
1755,438,1,30,43,30,16,7,34,False,False,False,0.013090072199702263,other,13
1756,439,0,37,17,37,5,3,18,False,False,False,0.006249002180993557,other,20
1757,439,0,48,17,48,3,5,8,False,False,False,0.013876285403966904,other,31
1758,439,1,48,43,48,5,3,18,False,False,False,0.008701196871697903,other,5
1759,439,1,37,17,37,3,5,24,False,False,False,0.012922960333526134,other,20
1760,440,0,39,43,39,6,24,22,False,False,False,0.03156451880931854,other,4
1761,440,0,17,17,17,24,6,34,True,True,False,0.06182059645652771,correct,0
1762,440,1,17,17,17,6,24,18,True,True,False,0.07023689895868301,correct,0
1763,440,1,39,17,39,24,6,34,False,False,False,0.025833358988165855,other,22
1764,441,0,14,17,14,14,16,27,False,False,False,0.011193658225238323,other,3
1765,441,0,26,44,26,16,14,15,False,False,False,0.007397861685603857,other,18
1766,441,1,26,17,26,14,16,27,False,False,False,0.00911922287195921,other,9
1767,441,1,14,17,14,16,14,15,False,False,False,0.022518733516335487,other,3
1768,442,0,26,32,26,6,7,34,False,False,False,0.030413568019866943,other,6
1769,442,0,22,31,22,7,6,5,False,False,False,0.048648737370967865,other,9
1770,442,1,22,32,22,6,7,18,False,False,False,0.043162498623132706,other,10
1771,442,1,26,24,26,7,6,34,False,False,False,0.04376081004738808,other,2
1772,443,0,8,8,8,17,7,18,True,True,False,0.03155224025249481,correct,0
1773,443,0,13,17,13,7,17,18,False,False,False,0.029316069558262825,other,4
1774,443,1,13,17,13,17,7,7,False,False,False,0.02158050797879696,other,4
1775,443,1,8,8,8,7,17,5,True,True,False,0.013224116526544094,correct,0
1776,444,0,12,17,12,2,7,18,False,False,False,0.026592345908284187,other,5
1777,444,0,18,17,18,7,2,7,False,False,True,0.03914905712008476,off_by_one,1
1778,444,1,18,17,18,2,7,15,False,False,True,0.033704835921525955,off_by_one,1
1779,444,1,12,17,12,7,2,18,False,False,False,0.011994869448244572,other,5
1780,445,0,48,17,48,18,17,18,False,False,False,0.02953249216079712,other,31
1781,445,0,8,8,8,17,18,5,True,True,False,0.07416790723800659,correct,0
1782,445,1,8,8,8,18,17,19,True,True,False,0.046158142387866974,correct,0
1783,445,1,48,17,48,17,18,15,False,False,False,0.028579626232385635,other,31
1784,446,0,3,17,3,7,21,18,False,False,False,0.03863183408975601,other,14
1785,446,0,16,32,16,21,7,7,False,False,False,0.012288576923310757,other,16
1786,446,1,16,17,16,7,21,7,False,False,True,0.028134427964687347,off_by_one,1
1787,446,1,3,43,3,21,7,34,False,False,False,0.027744820341467857,other,40
1788,447,0,6,43,6,7,27,7,False,False,False,0.024222230538725853,other,37
1789,447,0,4,32,4,27,7,15,False,False,False,0.04174657538533211,other,28
1790,447,1,4,17,4,7,27,7,False,False,False,0.01523399818688631,other,13
1791,447,1,6,17,6,27,7,7,False,False,False,0.02059408463537693,other,11
1792,448,0,40,24,40,24,38,15,False,False,False,0.01522285770624876,other,16
1793,448,0,15,15,15,38,24,15,True,True,False,0.015243331901729107,correct,0
1794,448,1,15,5,15,24,38,18,False,False,False,0.04702848568558693,other,10
1795,448,1,40,0,40,38,24,15,False,False,False,0.030016664415597916,other,40
1796,449,0,36,17,36,24,17,15,False,False,False,0.013904863968491554,other,19
1797,449,0,6,17,6,17,24,18,False,False,False,0.05192021653056145,other,11
1798,449,1,6,17,6,24,17,18,False,False,False,0.025257501751184464,other,11
1799,449,1,36,17,36,17,24,18,False,False,False,0.010732934810221195,other,19
1800,450,0,19,43,19,26,6,34,False,False,False,0.05575307086110115,other,24
1801,450,0,21,3,21,6,26,6,False,False,False,0.026164429262280464,other,18
1802,450,1,21,43,21,26,6,34,False,False,False,0.028575696051120758,other,22
1803,450,1,19,31,19,6,26,22,False,False,False,0.07023480534553528,other,12
1804,451,0,47,17,47,10,9,18,False,False,False,0.048247966915369034,other,30
1805,451,0,15,34,15,9,10,34,False,False,False,0.040330708026885986,other,19
1806,451,1,15,32,15,10,9,5,False,False,False,0.09458091109991074,other,17
1807,451,1,47,17,47,9,10,7,False,False,False,0.04266025498509407,other,30
1808,452,0,38,17,38,7,9,34,False,False,False,0.011624258011579514,other,21
1809,452,0,30,17,30,9,7,18,False,False,False,0.030270550400018692,other,13
1810,452,1,30,17,30,7,9,34,False,False,False,0.01606433466076851,other,13
1811,452,1,38,17,38,9,7,15,False,False,False,0.014905608259141445,other,21
1812,453,0,46,43,46,17,12,34,False,False,False,0.035867832601070404,other,3
1813,453,0,44,17,44,12,17,34,False,False,False,0.01871430315077305,other,27
1814,453,1,44,17,44,17,12,15,False,False,False,0.013832793571054935,other,27
1815,453,1,46,17,46,12,17,18,False,False,False,0.03403317555785179,other,29
1816,454,0,25,4,25,18,7,34,False,False,False,0.011555822566151619,other,21
1817,454,0,14,17,14,7,18,34,False,False,False,0.026609372347593307,other,3
1818,454,1,14,17,14,18,7,34,False,False,False,0.015811694785952568,other,3
1819,454,1,25,17,25,7,18,34,False,False,False,0.024236170575022697,other,8
1820,455,0,34,44,34,20,14,34,False,False,False,0.018956894055008888,other,10
1821,455,0,46,17,46,14,20,15,False,False,False,0.006483304314315319,other,29
1822,455,1,46,17,46,20,14,15,False,False,False,0.02754497155547142,other,29
1823,455,1,34,24,34,14,20,7,False,False,False,0.024379471316933632,other,10
1824,456,0,40,17,40,4,0,18,False,False,False,0.007369558792561293,other,23
1825,456,0,26,43,26,0,4,18,False,False,False,0.05816294252872467,other,17
1826,456,1,26,4,26,4,0,24,False,False,False,0.0557938814163208,other,22
1827,456,1,40,0,40,0,4,15,False,False,False,0.006853316444903612,other,40
1828,457,0,22,17,22,11,13,15,False,False,False,0.05433345213532448,other,5
1829,457,0,0,17,0,13,11,7,False,False,False,0.019962765276432037,other,17
1830,457,1,0,31,0,11,13,7,False,False,False,0.011800643056631088,other,31
1831,457,1,22,43,22,13,11,18,False,False,False,0.027954069897532463,other,21
1832,458,0,39,43,39,18,7,34,False,False,False,0.026408037170767784,other,4
1833,458,0,4,17,4,7,18,34,False,False,False,0.0338045135140419,other,13
1834,458,1,4,17,4,18,7,34,False,False,False,0.012742185965180397,other,13
1835,458,1,39,43,39,7,18,34,False,False,False,0.012285291217267513,other,4
1836,459,0,9,17,9,14,7,18,False,False,False,0.04256065562367439,other,8
1837,459,0,41,35,41,7,14,7,False,False,False,0.09481125324964523,other,6
1838,459,1,41,28,41,14,7,15,False,False,False,0.05354403331875801,other,13
1839,459,1,9,17,9,7,14,7,False,False,False,0.036289315670728683,other,8
1840,460,0,2,17,2,15,6,34,False,False,False,0.024137848988175392,other,15
1841,460,0,8,32,8,6,15,18,False,False,False,0.05366470292210579,other,24
1842,460,1,8,8,8,15,6,6,True,True,False,0.08964916318655014,correct,0
1843,460,1,2,43,2,6,15,34,False,False,False,0.006055222824215889,other,41
1844,461,0,44,17,44,37,6,18,False,False,False,0.03874550387263298,other,27
1845,461,0,14,32,14,6,37,7,False,False,False,0.03208291158080101,other,18
1846,461,1,14,0,14,37,6,7,False,False,False,0.040403056889772415,other,14
1847,461,1,44,17,44,6,37,18,False,False,False,0.04583868756890297,other,27
1848,462,0,22,43,22,17,20,15,False,False,False,0.01850861683487892,other,21
1849,462,0,16,27,16,20,17,34,False,False,False,0.10013717412948608,other,11
1850,462,1,16,34,16,17,20,15,False,False,False,0.05403101071715355,other,18
1851,462,1,22,43,22,20,17,18,False,False,False,0.037673208862543106,other,21
1852,463,0,6,17,6,17,1,15,False,False,False,0.0391269251704216,other,11
1853,463,0,5,34,5,1,17,15,False,False,False,0.02667701058089733,other,29
1854,463,1,5,5,5,17,1,15,True,True,False,0.03182163089513779,correct,0
1855,463,1,6,17,6,1,17,18,False,False,False,0.03822673112154007,other,11
1856,464,0,0,17,0,6,14,7,False,False,False,0.04631875455379486,other,17
1857,464,0,32,32,32,14,6,7,True,True,False,0.015694111585617065,correct,0
1858,464,1,32,17,32,6,14,5,False,False,False,0.02214215323328972,other,15
1859,464,1,0,17,0,14,6,7,False,False,False,0.04399654269218445,other,17
1860,465,0,42,42,42,6,18,24,True,True,False,0.02721926011145115,correct,0
1861,465,0,34,24,34,18,6,18,False,False,False,0.03230341151356697,other,10
1862,465,1,34,46,34,6,18,18,False,False,False,0.029619792476296425,other,12
1863,465,1,42,42,42,18,6,18,True,True,False,0.0739765539765358,correct,0
1864,466,0,15,11,15,0,2,7,False,False,False,0.031264979392290115,other,4
1865,466,0,11,17,11,2,0,7,False,False,False,0.009189151227474213,other,6
1866,466,1,11,17,11,0,2,15,False,False,False,0.00831761583685875,other,6
1867,466,1,15,17,15,2,0,18,False,False,False,0.03410746157169342,other,2
1868,467,0,32,17,32,7,15,34,False,False,False,0.017560012638568878,other,15
1869,467,0,14,17,14,15,7,34,False,False,False,0.03715085610747337,other,3
1870,467,1,14,17,14,7,15,5,False,False,False,0.030987298116087914,other,3
1871,467,1,32,17,32,15,7,32,False,False,False,0.009786381386220455,other,15
1872,468,0,33,17,33,26,37,18,False,False,False,0.017374716699123383,other,16
1873,468,0,28,17,28,37,26,15,False,False,False,0.029341408982872963,other,11
1874,468,1,28,17,28,26,37,18,False,False,False,0.009220816195011139,other,11
1875,468,1,33,17,33,37,26,7,False,False,False,0.026656730100512505,other,16
1876,469,0,3,17,3,6,18,18,False,False,False,0.018625231459736824,other,14
1877,469,0,29,17,29,18,6,34,False,False,False,0.029500750824809074,other,12
1878,469,1,29,17,29,6,18,5,False,False,False,0.024556556716561317,other,12
1879,469,1,3,43,3,18,6,34,False,False,False,0.03164801001548767,other,40
1880,470,0,15,17,15,16,14,7,False,False,False,0.03207181766629219,other,2
1881,470,0,39,43,39,14,16,15,False,False,False,0.016344325616955757,other,4
1882,470,1,39,43,39,16,14,7,False,False,False,0.0160727147012949,other,4
1883,470,1,15,17,15,14,16,27,False,False,False,0.035198260098695755,other,2
1884,471,0,8,44,8,7,24,18,False,False,False,0.021237559616565704,other,36
1885,471,0,23,24,23,24,7,18,False,False,True,0.03052322007715702,off_by_one,1
1886,471,1,23,24,23,7,24,18,False,False,True,0.07192198187112808,off_by_one,1
1887,471,1,8,32,8,24,7,5,False,False,False,0.04938105121254921,other,24
1888,472,0,9,17,9,24,6,34,False,False,False,0.06570665538311005,other,8
1889,472,0,33,17,33,6,24,34,False,False,False,0.01739547774195671,other,16
1890,472,1,33,17,33,24,6,34,False,False,False,0.02414744161069393,other,16
1891,472,1,9,3,9,6,24,6,False,False,False,0.059654299169778824,other,6
1892,473,0,21,17,21,7,12,18,False,False,False,0.024270202964544296,other,4
1893,473,0,38,17,38,12,7,18,False,False,False,0.006706528831273317,other,21
1894,473,1,38,17,38,7,12,34,False,False,False,0.015140015631914139,other,21
1895,473,1,21,31,21,12,7,22,False,False,False,0.028050221502780914,other,10
1896,474,0,2,17,2,27,7,22,False,False,False,0.03317170590162277,other,15
1897,474,0,35,17,35,7,27,32,False,False,False,0.02352880872786045,other,18
1898,474,1,35,4,35,27,7,32,False,False,False,0.0102253258228302,other,31
1899,474,1,2,43,2,7,27,32,False,False,False,0.024215908721089363,other,41
1900,475,0,39,17,39,17,15,15,False,False,False,0.020142629742622375,other,22
1901,475,0,31,17,31,15,17,22,False,False,False,0.046573299914598465,other,14
1902,475,1,31,43,31,17,15,7,False,False,False,0.06638208031654358,other,12
1903,475,1,39,17,39,15,17,34,False,False,False,0.01293437834829092,other,22
1904,476,0,31,17,31,2,8,18,False,False,False,0.03855358809232712,other,14
1905,476,0,47,44,47,8,2,18,False,False,False,0.04253198206424713,other,3
1906,476,1,47,24,47,2,8,7,False,False,False,0.03176642581820488,other,23
1907,476,1,31,0,31,8,2,18,False,False,False,0.04336019977927208,other,31
1908,477,0,8,8,8,6,24,18,True,True,False,0.11448360234498978,correct,0
1909,477,0,26,24,26,24,6,18,False,False,False,0.016416579484939575,other,2
1910,477,1,26,24,26,6,24,18,False,False,False,0.012642218731343746,other,2
1911,477,1,8,8,8,24,6,5,True,True,False,0.1705237179994583,correct,0
1912,478,0,38,17,38,24,7,34,False,False,False,0.010518711991608143,other,21
1913,478,0,2,17,2,7,24,6,False,False,False,0.06606338918209076,other,15
1914,478,1,2,17,2,24,7,34,False,False,False,0.06470157951116562,other,15
1915,478,1,38,17,38,7,24,34,False,False,False,0.0351199209690094,other,21
1916,479,0,26,32,26,6,25,34,False,False,False,0.023121977224946022,other,6
1917,479,0,10,17,10,25,6,22,False,False,False,0.03362119197845459,other,7
1918,479,1,10,17,10,6,25,22,False,False,False,0.029667332768440247,other,7
1919,479,1,26,24,26,25,6,32,False,False,False,0.01635410636663437,other,2
1920,480,0,43,17,43,6,16,15,False,False,False,0.021757297217845917,other,26
1921,480,0,1,17,1,16,6,37,False,False,False,0.05923103168606758,other,16
1922,480,1,1,2,1,6,16,7,False,False,True,0.03623050078749657,off_by_one,1
1923,480,1,43,17,43,16,6,7,False,False,False,0.04074784740805626,other,26
1924,481,0,16,32,16,7,14,22,False,False,False,0.041382964700460434,other,16
1925,481,0,22,32,22,14,7,18,False,False,False,0.04714455083012581,other,10
1926,481,1,22,17,22,7,14,22,False,False,False,0.03885621204972267,other,5
1927,481,1,16,17,16,14,7,18,False,False,True,0.03735054284334183,off_by_one,1
1928,482,0,5,34,5,6,15,18,False,False,False,0.036526888608932495,other,29
1929,482,0,18,17,18,15,6,18,False,False,True,0.032901156693696976,off_by_one,1
1930,482,1,18,17,18,6,15,15,False,False,True,0.03707961365580559,off_by_one,1
1931,482,1,5,5,5,15,6,15,True,True,False,0.023262852802872658,correct,0
1932,483,0,38,24,38,16,2,7,False,False,False,0.02607445791363716,other,14
1933,483,0,34,24,34,2,16,18,False,False,False,0.0321858748793602,other,10
1934,483,1,34,46,34,16,2,7,False,False,False,0.018169250339269638,other,12
1935,483,1,38,44,38,2,16,15,False,False,False,0.026188615709543228,other,6
1936,484,0,34,24,34,13,8,18,False,False,False,0.03311330825090408,other,10
1937,484,0,23,35,23,8,13,18,False,False,False,0.037602122873067856,other,12
1938,484,1,23,35,23,13,8,18,False,False,False,0.05410578474402428,other,12
1939,484,1,34,34,34,8,13,18,True,True,False,0.024459587410092354,correct,0
1940,485,0,15,15,15,32,24,22,True,True,False,0.07139980047941208,correct,0
1941,485,0,11,17,11,24,32,18,False,False,False,0.035317301750183105,other,6
1942,485,1,11,17,11,32,24,34,False,False,False,0.062455035746097565,other,6
1943,485,1,15,15,15,24,32,34,True,True,False,0.04152483120560646,correct,0
1944,486,0,5,42,5,24,14,34,False,False,False,0.060477111488580704,other,37
1945,486,0,15,32,15,14,24,22,False,False,False,0.0896853506565094,other,17
1946,486,1,15,15,15,24,14,15,True,True,False,0.05569380521774292,correct,0
1947,486,1,5,7,5,14,24,32,False,False,False,0.06479693949222565,other,2
1948,487,0,7,7,7,1,15,15,True,True,False,0.01758071966469288,correct,0
1949,487,0,35,24,35,15,1,34,False,False,False,0.0024011675268411636,other,11
1950,487,1,35,17,35,1,15,34,False,False,False,0.009202824905514717,other,18
1951,487,1,7,24,7,15,1,34,False,False,False,0.030113548040390015,other,17
1952,488,0,25,4,25,38,7,15,False,False,False,0.014175241813063622,other,21
1953,488,0,39,17,39,7,38,15,False,False,False,0.020528102293610573,other,22
1954,488,1,39,31,39,38,7,7,False,False,False,0.03734841197729111,other,8
1955,488,1,25,44,25,7,38,18,False,False,False,0.01551663875579834,other,19
1956,489,0,14,0,14,14,32,7,False,False,False,0.02370232343673706,other,14
1957,489,0,31,43,31,32,14,15,False,False,False,0.05644461140036583,other,12
1958,489,1,31,17,31,14,32,18,False,False,False,0.08361680805683136,other,14
1959,489,1,14,4,14,32,14,15,False,False,False,0.010158676654100418,other,10
1960,490,0,32,17,32,24,39,5,False,False,False,0.009607214480638504,other,15
1961,490,0,31,31,31,39,24,18,True,True,False,0.02952735312283039,correct,0
1962,490,1,31,17,31,24,39,18,False,False,False,0.05579615384340286,other,14
1963,490,1,32,32,32,39,24,18,True,True,False,0.0088169164955616,correct,0
1964,491,0,46,44,46,8,2,24,False,False,False,0.01916022039949894,other,2
1965,491,0,38,17,38,2,8,18,False,False,False,0.020465204492211342,other,21
1966,491,1,38,17,38,8,2,18,False,False,False,0.013919652439653873,other,21
1967,491,1,46,43,46,2,8,18,False,False,False,0.034970737993717194,other,3
1968,492,0,34,27,34,17,0,27,False,False,False,0.012896881438791752,other,7
1969,492,0,47,44,47,0,17,32,False,False,False,0.016945013776421547,other,3
1970,492,1,47,17,47,17,0,32,False,False,False,0.04170193150639534,other,30
1971,492,1,34,17,34,0,17,32,False,False,False,0.010550175793468952,other,17
1972,493,0,7,7,7,1,0,18,True,True,False,0.01488339900970459,correct,0
1973,493,0,43,43,43,0,1,15,True,True,False,0.014572680927813053,correct,0
1974,493,1,43,17,43,1,0,15,False,False,False,0.013701502233743668,other,26
1975,493,1,7,7,7,0,1,27,True,True,False,0.04478989541530609,correct,0
1976,494,0,5,42,5,22,6,22,False,False,False,0.06445689499378204,other,37
1977,494,0,32,17,32,6,22,32,False,False,False,0.03078651987016201,other,15
1978,494,1,32,31,32,22,6,7,False,False,True,0.02837936021387577,off_by_one,1
1979,494,1,5,24,5,6,22,34,False,False,False,0.07094308733940125,other,19
1980,495,0,7,7,7,36,15,18,True,True,False,0.018573066219687462,correct,0
1981,495,0,30,17,30,15,36,18,False,False,False,0.05659009888768196,other,13
1982,495,1,30,0,30,36,15,18,False,False,False,0.02402784302830696,other,30
1983,495,1,7,7,7,15,36,7,True,True,False,0.023258181288838387,correct,0
1984,496,0,0,17,0,7,18,5,False,False,False,0.03304120525717735,other,17
1985,496,0,11,17,11,18,7,18,False,False,False,0.06405308097600937,other,6
1986,496,1,11,32,11,7,18,7,False,False,False,0.044849004596471786,other,21
1987,496,1,0,0,0,18,7,18,True,True,False,0.03969436511397362,correct,0
1988,497,0,37,43,37,4,2,18,False,False,False,0.015298894606530666,other,6
1989,497,0,24,35,24,2,4,34,False,False,False,0.007203566376119852,other,11
1990,497,1,24,32,24,4,2,24,False,False,False,0.008139371871948242,other,8
1991,497,1,37,17,37,2,4,18,False,False,False,0.016085345298051834,other,20
1992,498,0,41,24,41,18,14,15,False,False,False,0.0413593053817749,other,17
1993,498,0,39,0,39,14,18,7,False,False,False,0.03788832947611809,other,39
1994,498,1,39,43,39,18,14,18,False,False,False,0.042790550738573074,other,4
1995,498,1,41,15,41,14,18,27,False,False,False,0.03888532146811485,other,26
1996,499,0,4,27,4,7,2,34,False,False,False,0.03156284987926483,other,23
1997,499,0,42,42,42,2,7,34,True,True,False,0.09955059736967087,correct,0
1998,499,1,42,42,42,7,2,34,True,True,False,0.14668165147304535,correct,0
1999,499,1,4,32,4,2,7,34,False,False,False,0.020766574889421463,other,28
2000,500,0,27,31,27,14,19,15,False,False,False,0.07728063315153122,other,4
2001,500,0,33,0,33,19,14,15,False,False,False,0.021016765385866165,other,33
2002,500,1,33,17,33,14,19,7,False,False,False,0.01325191929936409,other,16
2003,500,1,27,17,27,19,14,18,False,False,False,0.093156598508358,other,10
2004,501,0,43,43,43,5,1,18,True,True,False,0.026582133024930954,correct,0
2005,501,0,41,0,41,1,5,18,False,False,False,0.16994160413742065,other,41
2006,501,1,41,41,41,5,1,18,True,True,False,0.10733683407306671,correct,0
2007,501,1,43,17,43,1,5,22,False,False,False,0.07087408006191254,other,26
2008,502,0,43,43,43,7,16,34,True,True,False,0.014575603418052197,correct,0
2009,502,0,46,17,46,16,7,34,False,False,False,0.010272583924233913,other,29
2010,502,1,46,43,46,7,16,32,False,False,False,0.009323369711637497,other,3
2011,502,1,43,43,43,16,7,34,True,True,False,0.023999901488423347,correct,0
2012,503,0,44,17,44,24,16,7,False,False,False,0.05169765651226044,other,27
2013,503,0,33,27,33,16,24,18,False,False,False,0.04691473767161369,other,6
2014,503,1,33,17,33,24,16,18,False,False,False,0.031363990157842636,other,16
2015,503,1,44,32,44,16,24,27,False,False,False,0.06338335573673248,other,12
2016,504,0,10,17,10,1,17,7,False,False,False,0.01069083996117115,other,7
2017,504,0,25,24,25,17,1,32,False,False,True,0.007600417360663414,off_by_one,1
2018,504,1,25,24,25,1,17,34,False,False,True,0.009120886214077473,off_by_one,1
2019,504,1,10,17,10,17,1,32,False,False,False,0.014440633356571198,other,7
2020,505,0,28,17,28,20,24,18,False,False,False,0.01504095271229744,other,11
2021,505,0,41,46,41,24,20,18,False,False,False,0.018249478191137314,other,5
2022,505,1,41,4,41,20,24,15,False,False,False,0.030159050598740578,other,37
2023,505,1,28,17,28,24,20,18,False,False,False,0.009291746653616428,other,11
2024,506,0,48,17,48,14,0,15,False,False,False,0.025500016286969185,other,31
2025,506,0,0,17,0,0,14,16,False,False,False,0.0232829786837101,other,17
2026,506,1,0,17,0,14,0,18,False,False,False,0.02576724998652935,other,17
2027,506,1,48,17,48,0,14,32,False,False,False,0.011987242847681046,other,31
2028,507,0,40,24,40,18,36,18,False,False,False,0.03517940267920494,other,16
2029,507,0,24,4,24,36,18,24,False,False,False,0.018553104251623154,other,20
2030,507,1,24,24,24,18,36,18,True,True,False,0.011695511639118195,correct,0
2031,507,1,40,17,40,36,18,24,False,False,False,0.027493255212903023,other,23
2032,508,0,29,32,29,36,24,5,False,False,False,0.04152224585413933,other,3
2033,508,0,34,7,34,24,36,18,False,False,False,0.02756747230887413,other,27
2034,508,1,34,7,34,36,24,18,False,False,False,0.030109170824289322,other,27
2035,508,1,29,17,29,24,36,18,False,False,False,0.04388337954878807,other,12
2036,509,0,29,17,29,35,28,22,False,False,False,0.04400591179728508,other,12
2037,509,0,16,15,16,28,35,16,False,False,True,0.049385495483875275,off_by_one,1
2038,509,1,16,15,16,35,28,32,False,False,True,0.049694448709487915,off_by_one,1
2039,509,1,29,17,29,28,35,15,False,False,False,0.041387006640434265,other,12
2040,510,0,4,32,4,34,18,34,False,False,False,0.036216847598552704,other,28
2041,510,0,7,46,7,18,34,34,False,False,False,0.02874015085399151,other,39
2042,510,1,7,44,7,34,18,34,False,False,False,0.017070647329092026,other,37
2043,510,1,4,17,4,18,34,34,False,False,False,0.02554335445165634,other,13
2044,511,0,38,43,38,6,0,34,False,False,False,0.007228026166558266,other,5
2045,511,0,40,17,40,0,6,34,False,False,False,0.020478934049606323,other,23
2046,511,1,40,17,40,6,0,34,False,False,False,0.010064971633255482,other,23
2047,511,1,38,0,38,0,6,34,False,False,False,0.02875593863427639,other,38
2048,512,0,21,43,21,3,14,22,False,False,False,0.01839584670960903,other,22
2049,512,0,6,32,6,14,3,7,False,False,False,0.013035278767347336,other,26
2050,512,1,6,43,6,3,14,7,False,False,False,0.02451038919389248,other,37
2051,512,1,21,43,21,14,3,34,False,False,False,0.02764076180756092,other,22
2052,513,0,26,24,26,7,18,34,False,False,False,0.011603805236518383,other,2
2053,513,0,9,17,9,18,7,34,False,False,False,0.008692044764757156,other,8
2054,513,1,9,17,9,7,18,34,False,False,False,0.010304311290383339,other,8
2055,513,1,26,24,26,18,7,34,False,False,False,0.01893969625234604,other,2
2056,514,0,20,43,20,33,6,7,False,False,False,0.038887493312358856,other,23
2057,514,0,0,17,0,6,33,22,False,False,False,0.056118715554475784,other,17
2058,514,1,0,43,0,33,6,7,False,False,False,0.04816854000091553,other,43
2059,514,1,20,17,20,6,33,5,False,False,False,0.04163263365626335,other,3
2060,515,0,10,17,10,18,33,18,False,False,False,0.02132270112633705,other,7
2061,515,0,15,32,15,33,18,22,False,False,False,0.031791891902685165,other,17
2062,515,1,15,45,15,18,33,34,False,False,False,0.031900644302368164,other,30
2063,515,1,10,0,10,33,18,7,False,False,False,0.043470390141010284,other,10
2064,516,0,36,17,36,17,27,7,False,False,False,0.0059137530624866486,other,19
2065,516,0,29,17,29,27,17,15,False,False,False,0.029659176245331764,other,12
2066,516,1,29,17,29,17,27,32,False,False,False,0.05093793570995331,other,12
2067,516,1,36,17,36,27,17,32,False,False,False,0.009524225257337093,other,19
2068,517,0,9,32,9,7,13,18,False,False,False,0.03175089880824089,other,23
2069,517,0,4,17,4,13,7,34,False,False,False,0.021780047565698624,other,13
2070,517,1,4,4,4,7,13,34,True,True,False,0.01695602387189865,correct,0
2071,517,1,9,17,9,13,7,18,False,False,False,0.02726897783577442,other,8
2072,518,0,2,17,2,24,15,18,False,False,False,0.00629246374592185,other,15
2073,518,0,5,5,5,15,24,15,True,True,False,0.016141729429364204,correct,0
2074,518,1,5,5,5,24,15,15,True,True,False,0.025834983214735985,correct,0
2075,518,1,2,17,2,15,24,18,False,False,False,0.0130510488525033,other,15
2076,519,0,18,17,18,18,7,34,False,False,True,0.05105205625295639,off_by_one,1
2077,519,0,16,17,16,7,18,18,False,False,True,0.12082018703222275,off_by_one,1
2078,519,1,16,15,16,18,7,34,False,False,True,0.07896799594163895,off_by_one,1
2079,519,1,18,17,18,7,18,18,False,False,True,0.06078794598579407,off_by_one,1
2080,520,0,37,17,37,6,16,18,False,False,False,0.009928114712238312,other,20
2081,520,0,7,35,7,16,6,32,False,False,False,0.031231749802827835,other,28
2082,520,1,7,44,7,6,16,34,False,False,False,0.023604674264788628,other,37
2083,520,1,37,17,37,16,6,15,False,False,False,0.014626984484493732,other,20
2084,521,0,2,17,2,18,7,34,False,False,False,0.06392364203929901,other,15
2085,521,0,6,17,6,7,18,34,False,False,False,0.05407995730638504,other,11
2086,521,1,6,32,6,18,7,34,False,False,False,0.0468168631196022,other,26
2087,521,1,2,17,2,7,18,18,False,False,False,0.05638841167092323,other,15
2088,522,0,20,17,20,9,7,18,False,False,False,0.04964470863342285,other,3
2089,522,0,0,17,0,7,9,7,False,False,False,0.04739278554916382,other,17
2090,522,1,0,17,0,9,7,15,False,False,False,0.0458429791033268,other,17
2091,522,1,20,17,20,7,9,18,False,False,False,0.050439003854990005,other,3
2092,523,0,8,8,8,12,15,19,True,True,False,0.03982856869697571,correct,0
2093,523,0,19,32,19,15,12,7,False,False,False,0.052297912538051605,other,13
2094,523,1,19,17,19,12,15,18,False,False,False,0.04226382076740265,other,2
2095,523,1,8,8,8,15,12,18,True,True,False,0.021480770781636238,correct,0
2096,524,0,18,17,18,7,20,18,False,False,True,0.018664462491869926,off_by_one,1
2097,524,0,1,32,1,20,7,7,False,False,False,0.02947363257408142,other,31
2098,524,1,1,17,1,7,20,15,False,False,False,0.03957151249051094,other,16
2099,524,1,18,17,18,20,7,7,False,False,True,0.03736460953950882,off_by_one,1
2100,525,0,48,0,48,7,6,18,False,False,False,0.015532736666500568,other,48
2101,525,0,9,17,9,6,7,18,False,False,False,0.039323993027210236,other,8
2102,525,1,9,17,9,7,6,7,False,False,False,0.038901787251234055,other,8
2103,525,1,48,17,48,6,7,18,False,False,False,0.024235649034380913,other,31
2104,526,0,2,17,2,14,15,15,False,False,False,0.0206891018897295,other,15
2105,526,0,32,0,32,15,14,15,False,False,False,0.03697620704770088,other,32
2106,526,1,32,17,32,14,15,7,False,False,False,0.024386173114180565,other,15
2107,526,1,2,17,2,15,14,7,False,False,False,0.028610697016119957,other,15
2108,527,0,21,43,21,7,16,34,False,False,False,0.02410300448536873,other,22
2109,527,0,22,43,22,16,7,32,False,False,False,0.019252149388194084,other,21
2110,527,1,22,17,22,7,16,34,False,False,False,0.024454111233353615,other,5
2111,527,1,21,43,21,16,7,15,False,False,False,0.028116712346673012,other,22
2112,528,0,16,17,16,7,14,18,False,False,True,0.021570835262537003,off_by_one,1
2113,528,0,30,17,30,14,7,7,False,False,False,0.01767141744494438,other,13
2114,528,1,30,17,30,7,14,18,False,False,False,0.03597995638847351,other,13
2115,528,1,16,32,16,14,7,15,False,False,False,0.01908283308148384,other,16
2116,529,0,2,0,2,0,7,0,False,False,False,0.03598214313387871,other,2
2117,529,0,16,15,16,7,0,34,False,False,True,0.024735944345593452,off_by_one,1
2118,529,1,16,24,16,0,7,34,False,False,False,0.02517199143767357,other,8
2119,529,1,2,17,2,7,0,7,False,False,False,0.021937526762485504,other,15
2120,530,0,28,17,28,18,14,34,False,False,False,0.0049744402058422565,other,11
2121,530,0,24,17,24,14,18,15,False,False,False,0.018099501729011536,other,7
2122,530,1,24,32,24,18,14,34,False,False,False,0.015389502979815006,other,8
2123,530,1,28,17,28,14,18,34,False,False,False,0.011879519559442997,other,11
2124,531,0,9,0,9,14,16,15,False,False,False,0.04385723918676376,other,9
2125,531,0,35,32,35,16,14,27,False,False,False,0.021774206310510635,other,3
2126,531,1,35,17,35,14,16,37,False,False,False,0.034000810235738754,other,18
2127,531,1,9,17,9,16,14,7,False,False,False,0.03243020176887512,other,8
2128,532,0,10,29,10,38,24,7,False,False,False,0.0313069112598896,other,19
2129,532,0,46,32,46,24,38,7,False,False,False,0.02732686698436737,other,14
2130,532,1,46,17,46,38,24,15,False,False,False,0.02949153631925583,other,29
2131,532,1,10,17,10,24,38,7,False,False,False,0.03890671581029892,other,7
2132,533,0,3,43,3,19,7,34,False,False,False,0.013599788770079613,other,40
2133,533,0,37,43,37,7,19,34,False,False,False,0.014393934048712254,other,6
2134,533,1,37,43,37,19,7,34,False,False,False,0.04059881344437599,other,6
2135,533,1,3,17,3,7,19,34,False,False,False,0.030917253345251083,other,14
2136,534,0,31,43,31,6,7,34,False,False,False,0.0382155179977417,other,12
2137,534,0,40,17,40,7,6,34,False,False,False,0.0262717567384243,other,23
2138,534,1,40,17,40,6,7,34,False,False,False,0.008810470812022686,other,23
2139,534,1,31,17,31,7,6,22,False,False,False,0.04134945198893547,other,14
2140,535,0,42,42,42,3,12,34,True,True,False,0.03052111715078354,correct,0
2141,535,0,34,34,34,12,3,34,True,True,False,0.008762267418205738,correct,0
2142,535,1,34,35,34,3,12,34,False,False,True,0.01611226424574852,off_by_one,1
2143,535,1,42,42,42,12,3,22,True,True,False,0.09111330658197403,correct,0
2144,536,0,40,32,40,24,26,32,False,False,False,0.022517215460538864,other,8
2145,536,0,32,17,32,26,24,34,False,False,False,0.03864051029086113,other,15
2146,536,1,32,32,32,24,26,34,True,True,False,0.02878396399319172,correct,0
2147,536,1,40,17,40,26,24,34,False,False,False,0.048770345747470856,other,23
2148,537,0,33,32,33,16,24,7,False,False,True,0.020530015230178833,off_by_one,1
2149,537,0,17,17,17,24,16,15,True,True,False,0.037317823618650436,correct,0
2150,537,1,17,17,17,16,24,18,True,True,False,0.04758349806070328,correct,0
2151,537,1,33,17,33,24,16,15,False,False,False,0.027314402163028717,other,16
2152,538,0,22,43,22,7,14,15,False,False,False,0.0224494356662035,other,21
2153,538,0,8,8,8,14,7,18,True,True,False,0.013656781055033207,correct,0
2154,538,1,8,8,8,7,14,19,True,True,False,0.007858287543058395,correct,0
2155,538,1,22,17,22,14,7,22,False,False,False,0.03541748598217964,other,5
2156,539,0,21,43,21,18,20,18,False,False,False,0.010144127532839775,other,22
2157,539,0,37,17,37,20,18,15,False,False,False,0.011746557429432869,other,20
2158,539,1,37,17,37,18,20,18,False,False,False,0.022717231884598732,other,20
2159,539,1,21,17,21,20,18,18,False,False,False,0.030439402908086777,other,4
2160,540,0,40,32,40,6,36,5,False,False,False,0.06390433758497238,other,8
2161,540,0,28,17,28,36,6,18,False,False,False,0.034409988671541214,other,11
2162,540,1,28,17,28,6,36,18,False,False,False,0.01794610545039177,other,11
2163,540,1,40,0,40,36,6,18,False,False,False,0.08248687535524368,other,40
2164,541,0,15,32,15,15,14,7,False,False,False,0.020351236686110497,other,17
2165,541,0,25,32,25,14,15,27,False,False,False,0.009384050033986568,other,7
2166,541,1,25,44,25,15,14,15,False,False,False,0.004498285241425037,other,19
2167,541,1,15,17,15,14,15,7,False,False,False,0.01541041024029255,other,2
2168,542,0,30,17,30,36,7,18,False,False,False,0.02373345009982586,other,13
2169,542,0,23,32,23,7,36,18,False,False,False,0.025108855217695236,other,9
2170,542,1,23,24,23,36,7,34,False,False,True,0.05320765823125839,off_by_one,1
2171,542,1,30,17,30,7,36,5,False,False,False,0.036344680935144424,other,13
2172,543,0,46,17,46,24,6,18,False,False,False,0.010361039079725742,other,29
2173,543,0,20,31,20,6,24,18,False,False,False,0.05475125461816788,other,11
2174,543,1,20,0,20,24,6,24,False,False,False,0.0626595988869667,other,20
2175,543,1,46,17,46,6,24,8,False,False,False,0.00963546335697174,other,29
2176,544,0,9,17,9,26,16,18,False,False,False,0.024133028462529182,other,8
2177,544,0,47,24,47,16,26,32,False,False,False,0.02936076559126377,other,23
2178,544,1,47,4,47,26,16,7,False,False,False,0.03148587420582771,other,43
2179,544,1,9,17,9,16,26,18,False,False,False,0.026552459225058556,other,8
2180,545,0,44,17,44,6,19,34,False,False,False,0.02859465591609478,other,27
2181,545,0,42,42,42,19,6,34,True,True,False,0.1378639191389084,correct,0
2182,545,1,42,42,42,6,19,34,True,True,False,0.06068537384271622,correct,0
2183,545,1,44,32,44,19,6,5,False,False,False,0.012404313310980797,other,12
2184,546,0,41,35,41,3,4,7,False,False,False,0.012193497270345688,other,6
2185,546,0,45,24,45,4,3,18,False,False,False,0.01427035965025425,other,21
2186,546,1,45,17,45,3,4,18,False,False,False,0.01516821701079607,other,28
2187,546,1,41,35,41,4,3,24,False,False,False,0.016449177637696266,other,6
2188,547,0,48,43,48,19,7,34,False,False,False,0.01702602580189705,other,5
2189,547,0,3,17,3,7,19,34,False,False,False,0.028617283329367638,other,14
2190,547,1,3,43,3,19,7,34,False,False,False,0.01473075058311224,other,40
2191,547,1,48,17,48,7,19,34,False,False,False,0.013180969282984734,other,31
2192,548,0,25,4,25,7,18,18,False,False,False,0.014729510992765427,other,21
2193,548,0,38,17,38,18,7,18,False,False,False,0.02408870868384838,other,21
2194,548,1,38,17,38,7,18,24,False,False,False,0.020859494805336,other,21
2195,548,1,25,4,25,18,7,18,False,False,False,0.009050766937434673,other,21
2196,549,0,9,17,9,32,14,15,False,False,False,0.010344699956476688,other,8
2197,549,0,31,17,31,14,32,18,False,False,False,0.086639903485775,other,14
2198,549,1,31,43,31,32,14,15,False,False,False,0.05653519183397293,other,12
2199,549,1,9,17,9,14,32,15,False,False,False,0.01459504570811987,other,8
2200,550,0,20,17,20,6,16,18,False,False,False,0.05054875835776329,other,3
2201,550,0,32,17,32,16,6,34,False,False,False,0.04210252687335014,other,15
2202,550,1,32,17,32,6,16,18,False,False,False,0.022874046117067337,other,15
2203,550,1,20,43,20,16,6,34,False,False,False,0.039628710597753525,other,23
2204,551,0,31,35,31,7,6,24,False,False,False,0.04226534441113472,other,4
2205,551,0,15,24,15,6,7,18,False,False,False,0.05573141202330589,other,9
2206,551,1,15,44,15,7,6,18,False,False,False,0.05908561125397682,other,29
2207,551,1,31,43,31,6,7,18,False,False,False,0.04831232130527496,other,12
2208,552,0,30,43,30,16,12,34,False,False,False,0.012847970239818096,other,13
2209,552,0,32,17,32,12,16,34,False,False,False,0.026553841307759285,other,15
2210,552,1,32,17,32,16,12,34,False,False,False,0.014871849678456783,other,15
2211,552,1,30,17,30,12,16,34,False,False,False,0.020518535748124123,other,13
2212,553,0,32,17,32,2,19,22,False,False,False,0.0454806312918663,other,15
2213,553,0,26,24,26,19,2,34,False,False,False,0.014870613813400269,other,2
2214,553,1,26,24,26,2,19,18,False,False,False,0.022725988179445267,other,2
2215,553,1,32,17,32,19,2,34,False,False,False,0.06342829018831253,other,15
2216,554,0,23,32,23,1,7,15,False,False,False,0.03008069284260273,other,9
2217,554,0,31,32,31,7,1,7,False,False,True,0.026291202753782272,off_by_one,1
2218,554,1,31,0,31,1,7,7,False,False,False,0.024624522775411606,other,31
2219,554,1,23,32,23,7,1,34,False,False,False,0.030600380152463913,other,9
2220,555,0,32,17,32,15,18,7,False,False,False,0.021012434735894203,other,15
2221,555,0,1,17,1,18,15,18,False,False,False,0.011190920136868954,other,16
2222,555,1,1,17,1,15,18,18,False,False,False,0.039964791387319565,other,16
2223,555,1,32,17,32,18,15,15,False,False,False,0.028023630380630493,other,15
2224,556,0,6,0,6,18,24,18,False,False,False,0.06788627803325653,other,6
2225,556,0,0,17,0,24,18,5,False,False,False,0.032838281244039536,other,17
2226,556,1,0,17,0,18,24,18,False,False,False,0.045292582362890244,other,17
2227,556,1,6,17,6,24,18,18,False,False,False,0.06099281832575798,other,11
2228,557,0,29,32,29,14,16,7,False,False,False,0.02939147688448429,other,3
2229,557,0,16,17,16,16,14,32,False,False,True,0.04416114091873169,off_by_one,1
2230,557,1,16,4,16,14,16,27,False,False,False,0.05230887979269028,other,12
2231,557,1,29,17,29,16,14,7,False,False,False,0.03052438423037529,other,12
2232,558,0,4,32,4,15,14,15,False,False,False,0.014369233511388302,other,28
2233,558,0,3,43,3,14,15,15,False,False,False,0.007526071276515722,other,40
2234,558,1,3,43,3,15,14,15,False,False,False,0.012925354763865471,other,40
2235,558,1,4,32,4,14,15,32,False,False,False,0.015569169074296951,other,28
2236,559,0,20,43,20,24,18,34,False,False,False,0.044748056679964066,other,23
2237,559,0,10,17,10,18,24,5,False,False,False,0.048111069947481155,other,7
2238,559,1,10,17,10,24,18,18,False,False,False,0.02209114469587803,other,7
2239,559,1,20,17,20,18,24,18,False,False,False,0.03404528275132179,other,3
2240,560,0,24,17,24,6,7,34,False,False,False,0.015874363481998444,other,7
2241,560,0,26,24,26,7,6,34,False,False,False,0.018292363733053207,other,2
2242,560,1,26,32,26,6,7,34,False,False,False,0.02230582945048809,other,6
2243,560,1,24,17,24,7,6,34,False,False,False,0.016560770571231842,other,7
2244,561,0,20,17,20,1,0,5,False,False,False,0.03520185872912407,other,3
2245,561,0,6,17,6,0,1,34,False,False,False,0.022206496447324753,other,11
2246,561,1,6,43,6,1,0,18,False,False,False,0.036699842661619186,other,37
2247,561,1,20,17,20,0,1,34,False,False,False,0.05320429801940918,other,3
2248,562,0,32,17,32,34,33,34,False,False,False,0.023246536031365395,other,15
2249,562,0,26,2,26,33,34,32,False,False,False,0.03580290824174881,other,24
2250,562,1,26,24,26,34,33,34,False,False,False,0.034945446997880936,other,2
2251,562,1,32,3,32,33,34,32,False,False,False,0.039703577756881714,other,29
2252,563,0,33,17,33,0,7,34,False,False,False,0.00506632262840867,other,16
2253,563,0,38,17,38,7,0,15,False,False,False,0.0051672616973519325,other,21
2254,563,1,38,0,38,0,7,15,False,False,False,0.01241518184542656,other,38
2255,563,1,33,17,33,7,0,34,False,False,False,0.0038728765211999416,other,16
2256,564,0,24,17,24,17,0,7,False,False,False,0.019766416400671005,other,7
2257,564,0,26,12,26,0,17,32,False,False,False,0.020426461473107338,other,14
2258,564,1,26,24,26,17,0,32,False,False,False,0.03664160519838333,other,2
2259,564,1,24,17,24,0,17,34,False,False,False,0.007632974069565535,other,7
2260,565,0,21,43,21,6,37,5,False,False,False,0.05674004182219505,other,22
2261,565,0,27,17,27,37,6,15,False,False,False,0.06098827347159386,other,10
2262,565,1,27,17,27,6,37,15,False,False,False,0.03875085711479187,other,10
2263,565,1,21,0,21,37,6,18,False,False,False,0.07118164002895355,other,21
2264,566,0,47,17,47,19,2,34,False,False,False,0.017440591007471085,other,30
2265,566,0,39,43,39,2,19,18,False,False,False,0.012095112353563309,other,4
2266,566,1,39,43,39,19,2,34,False,False,False,0.00811649952083826,other,4
2267,566,1,47,17,47,2,19,34,False,False,False,0.01671203412115574,other,30
2268,567,0,14,17,14,14,18,18,False,False,False,0.033215951174497604,other,3
2269,567,0,18,17,18,18,14,18,False,False,True,0.006614344194531441,off_by_one,1
2270,567,1,18,0,18,14,18,7,False,False,False,0.01453149039298296,other,18
2271,567,1,14,17,14,18,14,18,False,False,False,0.02589094080030918,other,3
2272,568,0,25,4,25,2,15,18,False,False,False,0.017034709453582764,other,21
2273,568,0,3,17,3,15,2,18,False,False,False,0.01941119320690632,other,14
2274,568,1,3,43,3,2,15,18,False,False,False,0.03078027442097664,other,40
2275,568,1,25,35,25,15,2,15,False,False,False,0.010401086881756783,other,10
2276,569,0,20,17,20,15,7,15,False,False,False,0.03606034070253372,other,3
2277,569,0,46,17,46,7,15,18,False,False,False,0.04082281515002251,other,29
2278,569,1,46,17,46,15,7,34,False,False,False,0.041344739496707916,other,29
2279,569,1,20,17,20,7,15,18,False,False,False,0.029471740126609802,other,3
2280,570,0,13,43,13,18,14,34,False,False,False,0.02101297304034233,other,30
2281,570,0,12,17,12,14,18,15,False,False,False,0.025177642703056335,other,5
2282,570,1,12,17,12,18,14,18,False,False,False,0.023130444809794426,other,5
2283,570,1,13,17,13,14,18,32,False,False,False,0.02098151110112667,other,4
2284,571,0,4,27,4,17,15,7,False,False,False,0.015964282676577568,other,23
2285,571,0,18,17,18,15,17,18,False,False,True,0.03098038025200367,off_by_one,1
2286,571,1,18,17,18,17,15,15,False,False,True,0.0446610301733017,off_by_one,1
2287,571,1,4,32,4,15,17,15,False,False,False,0.008482996374368668,other,28
2288,572,0,3,17,3,18,14,15,False,False,False,0.01572033204138279,other,14
2289,572,0,30,17,30,14,18,15,False,False,False,0.025316232815384865,other,13
2290,572,1,30,17,30,18,14,34,False,False,False,0.0247101578861475,other,13
2291,572,1,3,17,3,14,18,15,False,False,False,0.0065589710138738155,other,14
2292,573,0,27,17,27,2,7,18,False,False,False,0.021262168884277344,other,10
2293,573,0,0,17,0,7,2,34,False,False,False,0.011283590458333492,other,17
2294,573,1,0,17,0,2,7,34,False,False,False,0.01582745648920536,other,17
2295,573,1,27,17,27,7,2,34,False,False,False,0.012181726284325123,other,10
2296,574,0,36,43,36,18,7,34,False,False,False,0.012273174710571766,other,7
2297,574,0,3,17,3,7,18,6,False,False,False,0.036147892475128174,other,14
2298,574,1,3,43,3,18,7,34,False,False,False,0.05809195339679718,other,40
2299,574,1,36,17,36,7,18,34,False,False,False,0.013034489937126637,other,19
2300,575,0,30,0,30,12,8,34,False,False,False,0.014677007682621479,other,30
2301,575,0,11,17,11,8,12,5,False,False,False,0.01275958027690649,other,6
2302,575,1,11,2,11,12,8,6,False,False,False,0.025972973555326462,other,9
2303,575,1,30,43,30,8,12,18,False,False,False,0.02223316952586174,other,13
2304,576,0,23,35,23,6,18,18,False,False,False,0.018584206700325012,other,12
2305,576,0,45,32,45,18,6,18,False,False,False,0.019187074154615402,other,13
2306,576,1,45,17,45,6,18,5,False,False,False,0.024124538525938988,other,28
2307,576,1,23,4,23,18,6,18,False,False,False,0.045129433274269104,other,19
2308,577,0,11,17,11,31,29,32,False,False,False,0.0180949904024601,other,6
2309,577,0,42,42,42,29,31,34,True,True,False,0.037501681596040726,correct,0
2310,577,1,42,42,42,31,29,32,True,True,False,0.0870414599776268,correct,0
2311,577,1,11,17,11,29,31,34,False,False,False,0.008845683187246323,other,6
2312,578,0,11,17,11,22,14,22,False,False,False,0.026403887197375298,other,6
2313,578,0,48,17,48,14,22,7,False,False,False,0.022687261924147606,other,31
2314,578,1,48,17,48,22,14,34,False,False,False,0.017497191205620766,other,31
2315,578,1,11,17,11,14,22,34,False,False,False,0.031479302793741226,other,6
2316,579,0,1,17,1,6,2,34,False,False,False,0.05459766462445259,other,16
2317,579,0,31,17,31,2,6,5,False,False,False,0.05584520846605301,other,14
2318,579,1,31,43,31,6,2,18,False,False,False,0.05110393092036247,other,12
2319,579,1,1,32,1,2,6,6,False,False,False,0.05712926387786865,other,31
2320,580,0,2,17,2,12,17,24,False,False,False,0.024754660204052925,other,15
2321,580,0,19,17,19,17,12,15,False,False,False,0.052589986473321915,other,2
2322,580,1,19,17,19,12,17,18,False,False,False,0.034539539366960526,other,2
2323,580,1,2,0,2,17,12,7,False,False,False,0.041883792728185654,other,2
2324,581,0,8,8,8,39,24,5,True,True,False,0.06041969358921051,correct,0
2325,581,0,32,17,32,24,39,5,False,False,False,0.010929673910140991,other,15
2326,581,1,32,32,32,39,24,5,True,True,False,0.008540032431483269,correct,0
2327,581,1,8,8,8,24,39,18,True,True,False,0.047292303293943405,correct,0
2328,582,0,5,15,5,2,7,18,False,False,False,0.030850788578391075,other,10
2329,582,0,2,17,2,7,2,18,False,False,False,0.02834595926105976,other,15
2330,582,1,2,17,2,2,7,18,False,False,False,0.026760892942547798,other,15
2331,582,1,5,46,5,7,2,18,False,False,False,0.04116600379347801,other,41
2332,583,0,33,17,33,6,28,22,False,False,False,0.026008961722254753,other,16
2333,583,0,7,7,7,28,6,32,True,True,False,0.04207291454076767,correct,0
2334,583,1,7,5,7,6,28,34,False,False,False,0.04754454642534256,other,2
2335,583,1,33,17,33,28,6,34,False,False,False,0.03144124150276184,other,16
2336,584,0,41,43,41,6,38,16,False,False,False,0.06015292555093765,other,2
2337,584,0,12,17,12,38,6,7,False,False,False,0.05213754251599312,other,5
2338,584,1,12,17,12,6,38,7,False,False,False,0.0482630729675293,other,5
2339,584,1,41,4,41,38,6,18,False,False,False,0.056766778230667114,other,37
2340,585,0,39,17,39,31,33,32,False,False,False,0.025081442669034004,other,22
2341,585,0,46,17,46,33,31,32,False,False,False,0.03841111436486244,other,29
2342,585,1,46,17,46,31,33,18,False,False,False,0.025477420538663864,other,29
2343,585,1,39,17,39,33,31,32,False,False,False,0.016679193824529648,other,22
2344,586,0,5,24,5,7,16,34,False,False,False,0.03671819716691971,other,19
2345,586,0,30,43,30,16,7,34,False,False,False,0.07773223519325256,other,13
2346,586,1,30,17,30,7,16,18,False,False,False,0.03840993717312813,other,13
2347,586,1,5,15,5,16,7,34,False,False,False,0.03555456921458244,other,10
2348,587,0,37,43,37,17,26,15,False,False,False,0.0513574592769146,other,6
2349,587,0,27,17,27,26,17,34,False,False,False,0.012272901833057404,other,10
2350,587,1,27,17,27,17,26,8,False,False,False,0.029011132195591927,other,10
2351,587,1,37,43,37,26,17,24,False,False,False,0.010211074724793434,other,6
2352,588,0,35,32,35,6,14,32,False,False,False,0.02364819310605526,other,3
2353,588,0,32,17,32,14,6,7,False,False,False,0.02247697487473488,other,15
2354,588,1,32,17,32,6,14,7,False,False,False,0.008925906382501125,other,15
2355,588,1,35,44,35,14,6,34,False,False,False,0.023947959765791893,other,9
2356,589,0,26,4,26,17,15,15,False,False,False,0.017189420759677887,other,22
2357,589,0,13,17,13,15,17,15,False,False,False,0.01621416211128235,other,4
2358,589,1,13,17,13,17,15,32,False,False,False,0.012691839598119259,other,4
2359,589,1,26,24,26,15,17,15,False,False,False,0.012991136871278286,other,2
2360,590,0,25,29,25,16,6,7,False,False,False,0.034147705882787704,other,4
2361,590,0,38,17,38,6,16,18,False,False,False,0.0379553958773613,other,21
2362,590,1,38,17,38,16,6,7,False,False,False,0.03574841096997261,other,21
2363,590,1,25,24,25,6,16,34,False,False,True,0.03490043804049492,off_by_one,1
2364,591,0,30,17,30,0,34,34,False,False,False,0.027781080454587936,other,13
2365,591,0,23,32,23,34,0,34,False,False,False,0.00999962817877531,other,9
2366,591,1,23,4,23,0,34,15,False,False,False,0.011222821660339832,other,19
2367,591,1,30,43,30,34,0,34,False,False,False,0.013126436620950699,other,13
2368,592,0,33,17,33,14,7,18,False,False,False,0.006667877081781626,other,16
2369,592,0,36,17,36,7,14,15,False,False,False,0.012902192771434784,other,19
2370,592,1,36,17,36,14,7,15,False,False,False,0.013913026079535484,other,19
2371,592,1,33,17,33,7,14,18,False,False,False,0.003681114874780178,other,16
2372,593,0,23,27,23,25,27,32,False,False,False,0.01722656562924385,other,4
2373,593,0,42,42,42,27,25,15,True,True,False,0.028707167133688927,correct,0
2374,593,1,42,42,42,25,27,32,True,True,False,0.014459247700870037,correct,0
2375,593,1,23,17,23,27,25,32,False,False,False,0.01603093557059765,other,6
2376,594,0,26,24,26,7,0,15,False,False,False,0.050155844539403915,other,2
2377,594,0,35,17,35,0,7,34,False,False,False,0.017938006669282913,other,18
2378,594,1,35,27,35,7,0,15,False,False,False,0.012713301926851273,other,8
2379,594,1,26,32,26,0,7,32,False,False,False,0.03976035118103027,other,6
2380,595,0,23,35,23,18,7,18,False,False,False,0.018462656065821648,other,12
2381,595,0,36,17,36,7,18,18,False,False,False,0.010444099083542824,other,19
2382,595,1,36,17,36,18,7,18,False,False,False,0.0065954881720244884,other,19
2383,595,1,23,35,23,7,18,18,False,False,False,0.050810664892196655,other,12
2384,596,0,34,46,34,6,2,18,False,False,False,0.022109560668468475,other,12
2385,596,0,26,24,26,2,6,18,False,False,False,0.03595581650733948,other,2
2386,596,1,26,35,26,6,2,18,False,False,False,0.03709821403026581,other,9
2387,596,1,34,35,34,2,6,18,False,False,True,0.03238608315587044,off_by_one,1
2388,597,0,20,43,20,2,7,34,False,False,False,0.04494742676615715,other,23
2389,597,0,31,43,31,7,2,34,False,False,False,0.0173284113407135,other,12
2390,597,1,31,17,31,2,7,34,False,False,False,0.030726896598935127,other,14
2391,597,1,20,17,20,7,2,18,False,False,False,0.07012048363685608,other,3
2392,598,0,36,17,36,8,14,18,False,False,False,0.01278699655085802,other,19
2393,598,0,47,7,47,14,8,27,False,False,False,0.012808781117200851,other,40
2394,598,1,47,34,47,8,14,7,False,False,False,0.032808102667331696,other,13
2395,598,1,36,17,36,14,8,7,False,False,False,0.01238267682492733,other,19
2396,599,0,28,17,28,24,18,18,False,False,False,0.0052290926687419415,other,11
2397,599,0,25,35,25,18,24,18,False,False,False,0.009324586018919945,other,10
2398,599,1,25,24,25,24,18,18,False,False,True,0.006278683431446552,off_by_one,1
2399,599,1,28,17,28,18,24,18,False,False,False,0.01003644336014986,other,11
2400,600,0,33,17,33,14,17,7,False,False,False,0.01978996954858303,other,16
2401,600,0,46,17,46,17,14,7,False,False,False,0.012541583739221096,other,29
2402,600,1,46,17,46,14,17,7,False,False,False,0.020561955869197845,other,29
2403,600,1,33,17,33,17,14,18,False,False,False,0.02707092836499214,other,16
2404,601,0,19,43,19,39,7,18,False,False,False,0.028658611699938774,other,24
2405,601,0,24,0,24,7,39,15,False,False,False,0.039433520287275314,other,24
2406,601,1,24,32,24,39,7,18,False,False,False,0.04298371449112892,other,8
2407,601,1,19,32,19,7,39,7,False,False,False,0.04435832425951958,other,13
2408,602,0,30,24,30,24,6,18,False,False,False,0.06427001953125,other,6
2409,602,0,3,43,3,6,24,18,False,False,False,0.022661220282316208,other,40
2410,602,1,3,43,3,24,6,18,False,False,False,0.030209654942154884,other,40
2411,602,1,30,32,30,6,24,18,False,False,False,0.051578961312770844,other,2
2412,603,0,28,27,28,16,37,18,False,False,True,0.020636925473809242,off_by_one,1
2413,603,0,45,17,45,37,16,27,False,False,False,0.01719808019697666,other,28
2414,603,1,45,24,45,16,37,7,False,False,False,0.014998532831668854,other,21
2415,603,1,28,17,28,37,16,16,False,False,False,0.021530309692025185,other,11
2416,604,0,17,17,17,6,12,18,True,True,False,0.021448824554681778,correct,0
2417,604,0,31,31,31,12,6,18,True,True,False,0.07584591209888458,correct,0
2418,604,1,31,31,31,6,12,5,True,True,False,0.08899553120136261,correct,0
2419,604,1,17,17,17,12,6,7,True,True,False,0.020513230934739113,correct,0
2420,605,0,36,17,36,6,38,18,False,False,False,0.03521866723895073,other,19
2421,605,0,48,17,48,38,6,7,False,False,False,0.034380435943603516,other,31
2422,605,1,48,2,48,6,38,18,False,False,False,0.01673574186861515,other,46
2423,605,1,36,17,36,38,6,15,False,False,False,0.02385777235031128,other,19
2424,606,0,28,17,28,19,7,18,False,False,False,0.011466598138213158,other,11
2425,606,0,45,27,45,7,19,18,False,False,False,0.016809994354844093,other,18
2426,606,1,45,24,45,19,7,18,False,False,False,0.00994239840656519,other,21
2427,606,1,28,17,28,7,19,18,False,False,False,0.007778955157846212,other,11
2428,607,0,26,43,26,32,14,32,False,False,False,0.02537308819591999,other,17
2429,607,0,46,17,46,14,32,7,False,False,False,0.015276787802577019,other,29
2430,607,1,46,17,46,32,14,34,False,False,False,0.02186722122132778,other,29
2431,607,1,26,27,26,14,32,15,False,False,True,0.048033103346824646,off_by_one,1
2432,608,0,7,7,7,0,5,15,True,True,False,0.01136736385524273,correct,0
2433,608,0,35,4,35,5,0,18,False,False,False,0.007353562396019697,other,31
2434,608,1,35,27,35,0,5,18,False,False,False,0.018239378929138184,other,8
2435,608,1,7,7,7,5,0,18,True,True,False,0.008752623572945595,correct,0
2436,609,0,17,17,17,6,15,34,True,True,False,0.027306435629725456,correct,0
2437,609,0,27,17,27,15,6,34,False,False,False,0.043589819222688675,other,10
2438,609,1,27,17,27,6,15,34,False,False,False,0.036937911063432693,other,10
2439,609,1,17,17,17,15,6,15,True,True,False,0.04880120977759361,correct,0
2440,610,0,48,17,48,26,18,18,False,False,False,0.030065666884183884,other,31
2441,610,0,25,4,25,18,26,18,False,False,False,0.01535581424832344,other,21
2442,610,1,25,24,25,26,18,34,False,False,True,0.019075291231274605,off_by_one,1
2443,610,1,48,17,48,18,26,34,False,False,False,0.02203552983701229,other,31
2444,611,0,41,24,41,15,36,18,False,False,False,0.0203511081635952,other,17
2445,611,0,32,17,32,36,15,15,False,False,False,0.04882359132170677,other,15
2446,611,1,32,24,32,15,36,7,False,False,False,0.019132379442453384,other,8
2447,611,1,41,24,41,36,15,18,False,False,False,0.052791208028793335,other,17
2448,612,0,32,0,32,0,18,15,False,False,False,0.05315006896853447,other,32
2449,612,0,26,24,26,18,0,34,False,False,False,0.0314437597990036,other,2
2450,612,1,26,32,26,0,18,34,False,False,False,0.011070593260228634,other,6
2451,612,1,32,17,32,18,0,34,False,False,False,0.022571519017219543,other,15
2452,613,0,8,32,8,24,7,5,False,False,False,0.06198716536164284,other,24
2453,613,0,33,17,33,7,24,18,False,False,False,0.028007138520479202,other,16
2454,613,1,33,17,33,24,7,18,False,False,False,0.03058970533311367,other,16
2455,613,1,8,8,8,7,24,18,True,True,False,0.04123145714402199,correct,0
2456,614,0,19,0,19,16,12,7,False,False,False,0.06012251600623131,other,19
2457,614,0,48,17,48,12,16,18,False,False,False,0.015195383690297604,other,31
2458,614,1,48,31,48,16,12,15,False,False,False,0.017436305060982704,other,17
2459,614,1,19,17,19,12,16,18,False,False,False,0.031264882534742355,other,2
2460,615,0,44,17,44,7,6,34,False,False,False,0.026721518486738205,other,27
2461,615,0,10,17,10,6,7,18,False,False,False,0.030726445838809013,other,7
2462,615,1,10,43,10,7,6,6,False,False,False,0.04330866038799286,other,33
2463,615,1,44,32,44,6,7,7,False,False,False,0.0221602413803339,other,12
2464,616,0,34,44,34,0,14,7,False,False,False,0.023690538480877876,other,10
2465,616,0,9,17,9,14,0,7,False,False,False,0.026430459693074226,other,8
2466,616,1,9,17,9,0,14,15,False,False,False,0.020229049026966095,other,8
2467,616,1,34,17,34,14,0,15,False,False,False,0.021061209961771965,other,17
2468,617,0,3,17,3,20,24,18,False,False,False,0.0448150634765625,other,14
2469,617,0,2,32,2,24,20,7,False,False,False,0.03852134943008423,other,30
2470,617,1,2,17,2,20,24,18,False,False,False,0.04039505496621132,other,15
2471,617,1,3,17,3,24,20,7,False,False,False,0.039549198001623154,other,14
2472,618,0,18,17,18,4,6,8,False,False,True,0.048758670687675476,off_by_one,1
2473,618,0,38,17,38,6,4,24,False,False,False,0.007793554570525885,other,21
2474,618,1,38,17,38,4,6,18,False,False,False,0.008492480963468552,other,21
2475,618,1,18,0,18,6,4,5,False,False,False,0.04640879109501839,other,18
2476,619,0,2,17,2,5,6,5,False,False,False,0.062386296689510345,other,15
2477,619,0,11,17,11,6,5,7,False,False,False,0.03600090742111206,other,6
2478,619,1,11,32,11,5,6,5,False,False,False,0.05130323767662048,other,21
2479,619,1,2,17,2,6,5,18,False,False,False,0.040039848536252975,other,15
2480,620,0,35,32,35,9,17,18,False,False,False,0.043968506157398224,other,3
2481,620,0,47,0,47,17,9,7,False,False,False,0.03988232463598251,other,47
2482,620,1,47,32,47,9,17,7,False,False,False,0.04471984878182411,other,15
2483,620,1,35,44,35,17,9,34,False,False,False,0.03948626667261124,other,9
2484,621,0,19,17,19,24,18,5,False,False,False,0.03740799427032471,other,2
2485,621,0,38,17,38,18,24,18,False,False,False,0.003498665988445282,other,21
2486,621,1,38,17,38,24,18,24,False,False,False,0.0058157239109277725,other,21
2487,621,1,19,17,19,18,24,18,False,False,False,0.045767270028591156,other,2
2488,622,0,42,42,42,14,15,15,True,True,False,0.064524345099926,correct,0
2489,622,0,10,17,10,15,14,7,False,False,False,0.005780634470283985,other,7
2490,622,1,10,17,10,14,15,15,False,False,False,0.0074810185469686985,other,7
2491,622,1,42,42,42,15,14,15,True,True,False,0.08260327577590942,correct,0
2492,623,0,35,32,35,18,15,18,False,False,False,0.006040697451680899,other,3
2493,623,0,9,17,9,15,18,18,False,False,False,0.028114985674619675,other,8
2494,623,1,9,17,9,18,15,18,False,False,False,0.02943038009107113,other,8
2495,623,1,35,4,35,15,18,15,False,False,False,0.0022473472636193037,other,31
2496,624,0,25,32,25,22,23,34,False,False,False,0.005332753527909517,other,7
2497,624,0,30,0,30,23,22,34,False,False,False,0.057967912405729294,other,30
2498,624,1,30,17,30,22,23,18,False,False,False,0.07041378319263458,other,13
2499,624,1,25,4,25,23,22,7,False,False,False,0.012093226425349712,other,21
2500,625,0,43,17,43,29,30,34,False,False,False,0.013241246342658997,other,26
2501,625,0,0,17,0,30,29,22,False,False,False,0.01930343732237816,other,17
2502,625,1,0,17,0,29,30,34,False,False,False,0.007137013133615255,other,17
2503,625,1,43,43,43,30,29,34,True,True,False,0.01083796564489603,correct,0
2504,626,0,14,17,14,24,6,18,False,False,False,0.01605593040585518,other,3
2505,626,0,15,4,15,6,24,24,False,False,False,0.05779372528195381,other,11
2506,626,1,15,15,15,24,6,18,True,True,False,0.07547235488891602,correct,0
2507,626,1,14,17,14,6,24,24,False,False,False,0.007894480600953102,other,3
2508,627,0,0,0,0,38,18,7,True,True,False,0.019060935825109482,correct,0
2509,627,0,34,24,34,18,38,18,False,False,False,0.02883864752948284,other,10
2510,627,1,34,15,34,38,18,18,False,False,False,0.03582112491130829,other,19
2511,627,1,0,17,0,18,38,18,False,False,False,0.023249560967087746,other,17
2512,628,0,7,7,7,37,17,15,True,True,False,0.03665633499622345,correct,0
2513,628,0,41,24,41,17,37,15,False,False,False,0.01797037199139595,other,17
2514,628,1,41,24,41,37,17,18,False,False,False,0.01056997012346983,other,17
2515,628,1,7,46,7,17,37,34,False,False,False,0.016744840890169144,other,39
2516,629,0,31,43,31,7,2,34,False,False,False,0.017144523561000824,other,12
2517,629,0,40,17,40,2,7,34,False,False,False,0.0067764329724013805,other,23
2518,629,1,40,17,40,7,2,34,False,False,False,0.012851848267018795,other,23
2519,629,1,31,17,31,2,7,34,False,False,False,0.031382396817207336,other,14
2520,630,0,40,17,40,18,24,18,False,False,False,0.015143542550504208,other,23
2521,630,0,11,32,11,24,18,5,False,False,False,0.03314025700092316,other,21
2522,630,1,11,17,11,18,24,18,False,False,False,0.05024198070168495,other,6
2523,630,1,40,17,40,24,18,18,False,False,False,0.02768855355679989,other,23
2524,631,0,16,32,16,6,18,5,False,False,False,0.11503195762634277,other,16
2525,631,0,36,17,36,18,6,18,False,False,False,0.018441231921315193,other,19
2526,631,1,36,17,36,6,18,18,False,False,False,0.031981419771909714,other,19
2527,631,1,16,5,16,18,6,18,False,False,False,0.12304706871509552,other,11
2528,632,0,43,43,43,14,30,15,True,True,False,0.010392790660262108,correct,0
2529,632,0,10,17,10,30,14,32,False,False,False,0.015179067850112915,other,7
2530,632,1,10,17,10,14,30,15,False,False,False,0.009138054214417934,other,7
2531,632,1,43,17,43,30,14,34,False,False,False,0.020970448851585388,other,26
2532,633,0,2,17,2,33,24,32,False,False,False,0.03775962442159653,other,15
2533,633,0,39,17,39,24,33,34,False,False,False,0.01959921233355999,other,22
2534,633,1,39,43,39,33,24,34,False,False,False,0.012954059056937695,other,4
2535,633,1,2,17,2,24,33,34,False,False,False,0.012321447022259235,other,15
2536,634,0,25,24,25,18,0,34,False,False,True,0.008073722012341022,off_by_one,1
2537,634,0,37,17,37,0,18,15,False,False,False,0.02515636384487152,other,20
2538,634,1,37,43,37,18,0,18,False,False,False,0.026520036160945892,other,6
2539,634,1,25,24,25,0,18,18,False,False,True,0.013592284172773361,off_by_one,1
2540,635,0,11,0,11,7,36,7,False,False,False,0.04579012468457222,other,11
2541,635,0,36,17,36,36,7,18,False,False,False,0.023018501698970795,other,19
2542,635,1,36,17,36,7,36,15,False,False,False,0.006715073715895414,other,19
2543,635,1,11,17,11,36,7,18,False,False,False,0.038140248507261276,other,6
2544,636,0,10,17,10,26,36,18,False,False,False,0.031148262321949005,other,7
2545,636,0,5,5,5,36,26,18,True,True,False,0.037563927471637726,correct,0
2546,636,1,5,15,5,26,36,34,False,False,False,0.028844401240348816,other,10
2547,636,1,10,0,10,36,26,18,False,False,False,0.04755494371056557,other,10
2548,637,0,4,27,4,22,23,34,False,False,False,0.02060866542160511,other,23
2549,637,0,37,17,37,23,22,34,False,False,False,0.028708159923553467,other,20
2550,637,1,37,43,37,22,23,18,False,False,False,0.013593376614153385,other,6
2551,637,1,4,0,4,23,22,34,False,False,False,0.012604542076587677,other,4
2552,638,0,32,17,32,19,6,34,False,False,False,0.04919973388314247,other,15
2553,638,0,11,17,11,6,19,6,False,False,False,0.028571268543601036,other,6
2554,638,1,11,17,11,19,6,34,False,False,False,0.04557839408516884,other,6
2555,638,1,32,0,32,6,19,6,False,False,False,0.028583742678165436,other,32
2556,639,0,9,29,9,16,8,7,False,False,False,0.03190262243151665,other,20
2557,639,0,24,4,24,8,16,7,False,False,False,0.016709180548787117,other,20
2558,639,1,24,4,24,16,8,27,False,False,False,0.020845865830779076,other,20
2559,639,1,9,17,9,8,16,15,False,False,False,0.018626738339662552,other,8
2560,640,0,36,17,36,4,5,18,False,False,False,0.01378143671900034,other,19
2561,640,0,5,42,5,5,4,18,False,False,False,0.04048878327012062,other,37
2562,640,1,5,5,5,4,5,18,True,True,False,0.08715672791004181,correct,0
2563,640,1,36,17,36,5,4,18,False,False,False,0.014833513647317886,other,19
2564,641,0,37,43,37,26,15,34,False,False,False,0.019896673038601875,other,6
2565,641,0,47,32,47,15,26,32,False,False,False,0.0417160801589489,other,15
2566,641,1,47,17,47,26,15,34,False,False,False,0.05128653347492218,other,30
2567,641,1,37,43,37,15,26,34,False,False,False,0.05818001553416252,other,6
2568,642,0,40,17,40,6,24,32,False,False,False,0.017307832837104797,other,23
2569,642,0,48,17,48,24,6,5,False,False,False,0.0642535537481308,other,31
2570,642,1,48,0,48,6,24,7,False,False,False,0.05716846510767937,other,48
2571,642,1,40,17,40,24,6,15,False,False,False,0.01339488010853529,other,23
2572,643,0,20,17,20,38,16,15,False,False,False,0.0454932376742363,other,3
2573,643,0,32,32,32,16,38,27,True,True,False,0.03522426635026932,correct,0
2574,643,1,32,17,32,38,16,7,False,False,False,0.026029199361801147,other,15
2575,643,1,20,17,20,16,38,7,False,False,False,0.030698467046022415,other,3
2576,644,0,26,35,26,20,39,18,False,False,False,0.027561454102396965,other,9
2577,644,0,45,24,45,39,20,18,False,False,False,0.015284226275980473,other,21
2578,644,1,45,44,45,20,39,15,False,False,True,0.023355336859822273,off_by_one,1
2579,644,1,26,35,26,39,20,15,False,False,False,0.059119898825883865,other,9
2580,645,0,12,17,12,15,17,15,False,False,False,0.010787714272737503,other,5
2581,645,0,13,17,13,17,15,15,False,False,False,0.019262254238128662,other,4
2582,645,1,13,17,13,15,17,15,False,False,False,0.021314270794391632,other,4
2583,645,1,12,17,12,17,15,15,False,False,False,0.022053327411413193,other,5
2584,646,0,30,17,30,12,16,34,False,False,False,0.023766469210386276,other,13
2585,646,0,23,4,23,16,12,34,False,False,False,0.017266571521759033,other,19
2586,646,1,23,17,23,12,16,34,False,False,False,0.015276690945029259,other,6
2587,646,1,30,43,30,16,12,34,False,False,False,0.013381204567849636,other,13
2588,647,0,12,17,12,18,24,18,False,False,False,0.02934025414288044,other,5
2589,647,0,29,32,29,24,18,5,False,False,False,0.06936371326446533,other,3
2590,647,1,29,17,29,18,24,36,False,False,False,0.054777782410383224,other,12
2591,647,1,12,17,12,24,18,18,False,False,False,0.028425833210349083,other,5
2592,648,0,27,17,27,7,6,7,False,False,False,0.013605939224362373,other,10
2593,648,0,36,17,36,6,7,5,False,False,False,0.04713766649365425,other,19
2594,648,1,36,17,36,7,6,18,False,False,False,0.03372924029827118,other,19
2595,648,1,27,17,27,6,7,34,False,False,False,0.0273263081908226,other,10
2596,649,0,40,17,40,14,26,34,False,False,False,0.01934213563799858,other,23
2597,649,0,41,4,41,26,14,34,False,False,False,0.06086257845163345,other,37
2598,649,1,41,30,41,14,26,15,False,False,False,0.01745840348303318,other,11
2599,649,1,40,17,40,26,14,34,False,False,False,0.018423162400722504,other,23
2600,650,0,37,17,37,5,6,18,False,False,False,0.011162182316184044,other,20
2601,650,0,14,32,14,6,5,5,False,False,False,0.07617253810167313,other,18
2602,650,1,14,17,14,5,6,18,False,False,False,0.05259226635098457,other,3
2603,650,1,37,43,37,6,5,18,False,False,False,0.0152249401435256,other,6
2604,651,0,1,17,1,18,15,18,False,False,False,0.019259078428149223,other,16
2605,651,0,15,11,15,15,18,18,False,False,False,0.03868640959262848,other,4
2606,651,1,15,4,15,18,15,15,False,False,False,0.03632377088069916,other,11
2607,651,1,1,17,1,15,18,15,False,False,False,0.014743083156645298,other,16
2608,652,0,16,5,16,12,10,18,False,False,False,0.06058432161808014,other,11
2609,652,0,14,17,14,10,12,18,False,False,False,0.027122287079691887,other,3
2610,652,1,14,32,14,12,10,18,False,False,False,0.015236413106322289,other,18
2611,652,1,16,32,16,10,12,34,False,False,False,0.08994936943054199,other,16
2612,653,0,17,31,17,24,26,7,False,False,False,0.05113402381539345,other,14
2613,653,0,39,43,39,26,24,34,False,False,False,0.052730493247509,other,4
2614,653,1,39,17,39,24,26,34,False,False,False,0.036612190306186676,other,22
2615,653,1,17,43,17,26,24,34,False,False,False,0.04731716215610504,other,26
2616,654,0,38,17,38,6,0,34,False,False,False,0.006754260044544935,other,21
2617,654,0,27,17,27,0,6,34,False,False,False,0.017840608954429626,other,10
2618,654,1,27,17,27,6,0,18,False,False,False,0.01391519233584404,other,10
2619,654,1,38,17,38,0,6,34,False,False,False,0.00804066751152277,other,21
2620,655,0,28,17,28,19,7,19,False,False,False,0.018058843910694122,other,11
2621,655,0,34,24,34,7,19,34,False,False,False,0.012690487317740917,other,10
2622,655,1,34,24,34,19,7,34,False,False,False,0.02376502938568592,other,10
2623,655,1,28,17,28,7,19,34,False,False,False,0.01000265683978796,other,11
2624,656,0,8,8,8,15,6,6,True,True,False,0.08651068061590195,correct,0
2625,656,0,40,17,40,6,15,34,False,False,False,0.015062966383993626,other,23
2626,656,1,40,0,40,15,6,34,False,False,False,0.02938225492835045,other,40
2627,656,1,8,17,8,6,15,18,False,False,False,0.05683637782931328,other,9
2628,657,0,35,4,35,6,7,24,False,False,False,0.03265316039323807,other,31
2629,657,0,0,17,0,7,6,5,False,False,False,0.04927292466163635,other,17
2630,657,1,0,43,0,6,7,18,False,False,False,0.04233057051897049,other,43
2631,657,1,35,43,35,7,6,8,False,False,False,0.04504649341106415,other,8
2632,658,0,16,11,16,15,14,7,False,False,False,0.011618610471487045,other,5
2633,658,0,21,17,21,14,15,18,False,False,False,0.03278358280658722,other,4
2634,658,1,21,43,21,15,14,34,False,False,False,0.031090322881937027,other,22
2635,658,1,16,32,16,14,15,15,False,False,False,0.017352737486362457,other,16
2636,659,0,34,7,34,6,24,18,False,False,False,0.024711793288588524,other,27
2637,659,0,19,31,19,24,6,5,False,False,False,0.04065868258476257,other,12
2638,659,1,19,17,19,6,24,18,False,False,False,0.02802809700369835,other,2
2639,659,1,34,34,34,24,6,18,True,True,False,0.024717360734939575,correct,0
2640,660,0,11,17,11,7,15,22,False,False,False,0.022127319127321243,other,6
2641,660,0,17,17,17,15,7,15,True,True,False,0.03431224077939987,correct,0
2642,660,1,17,17,17,7,15,18,True,True,False,0.025040458887815475,correct,0
2643,660,1,11,17,11,15,7,34,False,False,False,0.0356132835149765,other,6
2644,661,0,31,17,31,19,7,34,False,False,False,0.04393693804740906,other,14
2645,661,0,44,32,44,7,19,18,False,False,False,0.02238638326525688,other,12
2646,661,1,44,17,44,19,7,34,False,False,False,0.02667931281030178,other,27
2647,661,1,31,43,31,7,19,34,False,False,False,0.024443479254841805,other,12
2648,662,0,1,17,1,36,7,18,False,False,False,0.05240955203771591,other,16
2649,662,0,47,17,47,7,36,24,False,False,False,0.057636063545942307,other,30
2650,662,1,47,46,47,36,7,15,False,False,True,0.039244644343853,off_by_one,1
2651,662,1,1,32,1,7,36,5,False,False,False,0.045484643429517746,other,31
2652,663,0,20,17,20,6,14,18,False,False,False,0.03220098838210106,other,3
2653,663,0,10,17,10,14,6,32,False,False,False,0.05848124995827675,other,7
2654,663,1,10,17,10,6,14,6,False,False,False,0.03550417721271515,other,7
2655,663,1,20,17,20,14,6,22,False,False,False,0.036846935749053955,other,3
2656,664,0,0,31,0,6,12,5,False,False,False,0.06175234541296959,other,31
2657,664,0,38,17,38,12,6,34,False,False,False,0.00748516246676445,other,21
2658,664,1,38,17,38,6,12,8,False,False,False,0.015549610368907452,other,21
2659,664,1,0,17,0,12,6,18,False,False,False,0.06601189076900482,other,17
2660,665,0,43,17,43,18,6,18,False,False,False,0.028300559148192406,other,26
2661,665,0,40,17,40,6,18,18,False,False,False,0.010847097262740135,other,23
2662,665,1,40,32,40,18,6,18,False,False,False,0.030187059193849564,other,8
2663,665,1,43,31,43,6,18,18,False,False,False,0.06325720995664597,other,12
2664,666,0,18,17,18,16,7,18,False,False,True,0.030785007402300835,off_by_one,1
2665,666,0,6,17,6,7,16,7,False,False,False,0.07340933382511139,other,11
2666,666,1,6,17,6,16,7,18,False,False,False,0.10637051612138748,other,11
2667,666,1,18,0,18,7,16,5,False,False,False,0.03041037544608116,other,18
2668,667,0,48,17,48,2,0,18,False,False,False,0.028438717126846313,other,31
2669,667,0,26,1,26,0,2,15,False,False,False,0.023689351975917816,other,25
2670,667,1,26,4,26,2,0,15,False,False,False,0.052805934101343155,other,22
2671,667,1,48,0,48,0,2,15,False,False,False,0.01846460811793804,other,48
2672,668,0,38,17,38,20,7,18,False,False,False,0.012983106076717377,other,21
2673,668,0,34,24,34,7,20,15,False,False,False,0.018262451514601707,other,10
2674,668,1,34,24,34,20,7,7,False,False,False,0.01771348901093006,other,10
2675,668,1,38,17,38,7,20,15,False,False,False,0.02788279578089714,other,21
2676,669,0,0,0,0,17,26,7,True,True,False,0.06354779005050659,correct,0
2677,669,0,17,17,17,26,17,34,True,True,False,0.008383621461689472,correct,0
2678,669,1,17,17,17,17,26,34,True,True,False,0.009555211290717125,correct,0
2679,669,1,0,43,0,26,17,34,False,False,False,0.01565334014594555,other,43
2680,670,0,39,17,39,24,16,34,False,False,False,0.012204322032630444,other,22
2681,670,0,25,35,25,16,24,34,False,False,False,0.020731156691908836,other,10
2682,670,1,25,24,25,24,16,34,False,False,True,0.011144469492137432,off_by_one,1
2683,670,1,39,17,39,16,24,34,False,False,False,0.02814314514398575,other,22
2684,671,0,41,15,41,14,6,18,False,False,False,0.059577737003564835,other,26
2685,671,0,33,17,33,6,14,18,False,False,False,0.006960468366742134,other,16
2686,671,1,33,17,33,14,6,7,False,False,False,0.016070235520601273,other,16
2687,671,1,41,44,41,6,14,18,False,False,False,0.04412141069769859,other,3
2688,672,0,27,17,27,14,24,15,False,False,False,0.015268624760210514,other,10
2689,672,0,13,17,13,24,14,15,False,False,False,0.015649594366550446,other,4
2690,672,1,13,17,13,14,24,15,False,False,False,0.02656208910048008,other,4
2691,672,1,27,27,27,24,14,18,True,True,False,0.01635102368891239,correct,0
2692,673,0,19,17,19,24,0,22,False,False,False,0.032886799424886703,other,2
2693,673,0,46,17,46,0,24,15,False,False,False,0.02720298059284687,other,29
2694,673,1,46,32,46,24,0,34,False,False,False,0.025263933464884758,other,14
2695,673,1,19,17,19,0,24,18,False,False,False,0.03680799528956413,other,2
2696,674,0,31,17,31,6,16,5,False,False,False,0.05969202145934105,other,14
2697,674,0,36,17,36,16,6,15,False,False,False,0.04506192356348038,other,19
2698,674,1,36,32,36,6,16,7,False,False,False,0.02715575136244297,other,4
2699,674,1,31,0,31,16,6,18,False,False,False,0.060561295598745346,other,31
2700,675,0,37,17,37,0,2,15,False,False,False,0.011074051260948181,other,20
2701,675,0,2,17,2,2,0,34,False,False,False,0.041529443114995956,other,15
2702,675,1,2,17,2,0,2,18,False,False,False,0.044937796890735626,other,15
2703,675,1,37,17,37,2,0,18,False,False,False,0.010798390954732895,other,20
2704,676,0,13,17,13,8,14,15,False,False,False,0.022846736013889313,other,4
2705,676,0,12,27,12,14,8,15,False,False,False,0.020569048821926117,other,15
2706,676,1,12,17,12,8,14,18,False,False,False,0.02727692946791649,other,5
2707,676,1,13,0,13,14,8,18,False,False,False,0.02166452445089817,other,13
2708,677,0,19,17,19,7,24,5,False,False,False,0.052848149091005325,other,2
2709,677,0,33,0,33,24,7,24,False,False,False,0.05650200694799423,other,33
2710,677,1,33,0,33,7,24,18,False,False,False,0.047528017312288284,other,33
2711,677,1,19,43,19,24,7,18,False,False,False,0.052923355251550674,other,24
2712,678,0,21,31,21,9,15,22,False,False,False,0.024105224758386612,other,10
2713,678,0,32,17,32,15,9,7,False,False,False,0.030893268063664436,other,15
2714,678,1,32,17,32,9,15,18,False,False,False,0.04352469742298126,other,15
2715,678,1,21,43,21,15,9,34,False,False,False,0.028957253322005272,other,22
2716,679,0,32,0,32,20,12,34,False,False,False,0.012415011413395405,other,32
2717,679,0,13,0,13,12,20,34,False,False,False,0.0310707688331604,other,13
2718,679,1,13,17,13,20,12,18,False,False,False,0.02520398050546646,other,4
2719,679,1,32,17,32,12,20,18,False,False,False,0.008615884929895401,other,15
2720,680,0,44,17,44,3,4,24,False,False,False,0.006667830981314182,other,27
2721,680,0,23,4,23,4,3,24,False,False,False,0.01851232722401619,other,19
2722,680,1,23,24,23,3,4,18,False,False,True,0.01831577531993389,off_by_one,1
2723,680,1,44,0,44,4,3,24,False,False,False,0.004322202410548925,other,44
2724,681,0,20,43,20,4,2,18,False,False,False,0.014652153477072716,other,23
2725,681,0,14,17,14,2,4,5,False,False,False,0.06737571954727173,other,3
2726,681,1,14,17,14,4,2,18,False,False,False,0.044485967606306076,other,3
2727,681,1,20,43,20,2,4,18,False,False,False,0.01729285903275013,other,23
2728,682,0,34,44,34,26,6,18,False,False,False,0.034718047827482224,other,10
2729,682,0,42,42,42,6,26,18,True,True,False,0.12184280157089233,correct,0
2730,682,1,42,42,42,26,6,18,True,True,False,0.08148672431707382,correct,0
2731,682,1,34,34,34,6,26,18,True,True,False,0.027225933969020844,correct,0
2732,683,0,14,17,14,26,36,18,False,False,False,0.023941582068800926,other,3
2733,683,0,21,43,21,36,26,18,False,False,False,0.011286592110991478,other,22
2734,683,1,21,43,21,26,36,18,False,False,False,0.008918803185224533,other,22
2735,683,1,14,24,14,36,26,5,False,False,False,0.012064438313245773,other,10
2736,684,0,26,4,26,7,16,34,False,False,False,0.01604383811354637,other,22
2737,684,0,2,0,2,16,7,7,False,False,False,0.017837895080447197,other,2
2738,684,1,2,43,2,7,16,7,False,False,False,0.02192513644695282,other,41
2739,684,1,26,17,26,16,7,32,False,False,False,0.018669547513127327,other,9
2740,685,0,47,17,47,17,7,7,False,False,False,0.0647062361240387,other,30
2741,685,0,1,32,1,7,17,5,False,False,False,0.030551843345165253,other,31
2742,685,1,1,17,1,17,7,7,False,False,False,0.05316050350666046,other,16
2743,685,1,47,17,47,7,17,15,False,False,False,0.0614280141890049,other,30
2744,686,0,41,44,41,6,16,18,False,False,False,0.04901323467493057,other,3
2745,686,0,27,0,27,16,6,15,False,False,False,0.007417422719299793,other,27
2746,686,1,27,17,27,6,16,18,False,False,False,0.006853662896901369,other,10
2747,686,1,41,24,41,16,6,18,False,False,False,0.02804998680949211,other,17
2748,687,0,42,42,42,30,35,34,True,True,False,0.03904581442475319,correct,0
2749,687,0,33,43,33,35,30,34,False,False,False,0.01474135834723711,other,10
2750,687,1,33,17,33,30,35,34,False,False,False,0.007100596558302641,other,16
2751,687,1,42,42,42,35,30,34,True,True,False,0.06807919591665268,correct,0
2752,688,0,6,17,6,18,23,15,False,False,False,0.017369432374835014,other,11
2753,688,0,33,31,33,23,18,22,False,False,False,0.0920349583029747,other,2
2754,688,1,33,17,33,18,23,34,False,False,False,0.06121177598834038,other,16
2755,688,1,6,17,6,23,18,34,False,False,False,0.04800236225128174,other,11
2756,689,0,18,17,18,7,15,18,False,False,True,0.023740071803331375,off_by_one,1
2757,689,0,38,17,38,15,7,34,False,False,False,0.020085180178284645,other,21
2758,689,1,38,17,38,7,15,34,False,False,False,0.011640118435025215,other,21
2759,689,1,18,17,18,15,7,34,False,False,True,0.049880500882864,off_by_one,1
2760,690,0,8,8,8,14,18,18,True,True,False,0.03774821013212204,correct,0
2761,690,0,11,17,11,18,14,34,False,False,False,0.022048622369766235,other,6
2762,690,1,11,17,11,14,18,22,False,False,False,0.020542150363326073,other,6
2763,690,1,8,8,8,18,14,5,True,True,False,0.049002327024936676,correct,0
2764,691,0,0,17,0,0,1,15,False,False,False,0.009692714549601078,other,17
2765,691,0,27,2,27,1,0,7,False,False,False,0.016014615073800087,other,25
2766,691,1,27,0,27,0,1,15,False,False,False,0.010439076460897923,other,27
2767,691,1,0,17,0,1,0,15,False,False,False,0.01360767986625433,other,17
2768,692,0,41,28,41,15,25,32,False,False,False,0.028034649789333344,other,13
2769,692,0,23,32,23,25,15,32,False,False,False,0.01823962852358818,other,9
2770,692,1,23,17,23,15,25,32,False,False,False,0.03644794970750809,other,6
2771,692,1,41,4,41,25,15,27,False,False,False,0.06334710121154785,other,37
2772,693,0,5,42,5,5,3,18,False,False,False,0.025635194033384323,other,37
2773,693,0,43,43,43,3,5,18,True,True,False,0.03681573271751404,correct,0
2774,693,1,43,17,43,5,3,5,False,False,False,0.006685374770313501,other,26
2775,693,1,5,42,5,3,5,18,False,False,False,0.053349655121564865,other,37
2776,694,0,12,17,12,14,16,15,False,False,False,0.04048439487814903,other,5
2777,694,0,6,43,6,16,14,37,False,False,False,0.02541925758123398,other,37
2778,694,1,6,0,6,14,16,15,False,False,False,0.03486330807209015,other,6
2779,694,1,12,17,12,16,14,37,False,False,False,0.03626181185245514,other,5
2780,695,0,6,43,6,16,7,34,False,False,False,0.027356360107660294,other,37
2781,695,0,41,4,41,7,16,34,False,False,False,0.04242873564362526,other,37
2782,695,1,41,24,41,16,7,34,False,False,False,0.06656777858734131,other,17
2783,695,1,6,43,6,7,16,34,False,False,False,0.03876407444477081,other,37
2784,696,0,42,42,42,7,0,15,True,True,False,0.1000194326043129,correct,0
2785,696,0,13,17,13,0,7,34,False,False,False,0.04971402511000633,other,4
2786,696,1,13,17,13,7,0,18,False,False,False,0.04820890352129936,other,4
2787,696,1,42,42,42,0,7,15,True,True,False,0.027384605258703232,correct,0
2788,697,0,41,35,41,20,7,18,False,False,False,0.032494448125362396,other,6
2789,697,0,9,17,9,7,20,7,False,False,False,0.03445327281951904,other,8
2790,697,1,9,17,9,20,7,22,False,False,False,0.03305717930197716,other,8
2791,697,1,41,35,41,7,20,34,False,False,False,0.022069063037633896,other,6
2792,698,0,37,43,37,0,6,7,False,False,False,0.0352068692445755,other,6
2793,698,0,27,32,27,6,0,5,False,False,False,0.03892618045210838,other,5
2794,698,1,27,17,27,0,6,15,False,False,False,0.06414438039064407,other,10
2795,698,1,37,17,37,6,0,34,False,False,False,0.016481313854455948,other,20
2796,699,0,19,17,19,38,18,15,False,False,False,0.010171080008149147,other,2
2797,699,0,44,17,44,18,38,15,False,False,False,0.020362986251711845,other,27
2798,699,1,44,34,44,38,18,15,False,False,False,0.023697199299931526,other,10
2799,699,1,19,17,19,18,38,15,False,False,False,0.02169773168861866,other,2
2800,700,0,24,24,24,24,16,34,True,True,False,0.018269438296556473,correct,0
2801,700,0,18,17,18,16,24,7,False,False,True,0.0331675186753273,off_by_one,1
2802,700,1,18,17,18,24,16,15,False,False,True,0.04387303814291954,off_by_one,1
2803,700,1,24,24,24,16,24,7,True,True,False,0.011099080555140972,correct,0
2804,701,0,42,42,42,17,26,15,True,True,False,0.11571783572435379,correct,0
2805,701,0,21,43,21,26,17,18,False,False,False,0.026654761284589767,other,22
2806,701,1,21,43,21,17,26,18,False,False,False,0.01064249873161316,other,22
2807,701,1,42,42,42,26,17,34,True,True,False,0.10645274072885513,correct,0
2808,702,0,6,17,6,14,27,15,False,False,False,0.025066718459129333,other,11
2809,702,0,9,17,9,27,14,7,False,False,False,0.006484625395387411,other,8
2810,702,1,9,17,9,14,27,7,False,False,False,0.02492668479681015,other,8
2811,702,1,6,17,6,27,14,7,False,False,False,0.02608238346874714,other,11
2812,703,0,23,24,23,7,8,18,False,False,True,0.07179206609725952,off_by_one,1
2813,703,0,47,44,47,8,7,18,False,False,False,0.058111730962991714,other,3
2814,703,1,47,34,47,7,8,15,False,False,False,0.026567203924059868,other,13
2815,703,1,23,35,23,8,7,18,False,False,False,0.03755645453929901,other,12
2816,704,0,11,0,11,15,12,18,False,False,False,0.04222973808646202,other,11
2817,704,0,34,44,34,12,15,34,False,False,False,0.02423136681318283,other,10
2818,704,1,34,24,34,15,12,7,False,False,False,0.03019469603896141,other,10
2819,704,1,11,17,11,12,15,7,False,False,False,0.03547497093677521,other,6
2820,705,0,32,17,32,14,16,32,False,False,False,0.018969742581248283,other,15
2821,705,0,48,31,48,16,14,7,False,False,False,0.008166776038706303,other,17
2822,705,1,48,17,48,14,16,7,False,False,False,0.02042248845100403,other,31
2823,705,1,32,17,32,16,14,32,False,False,False,0.007705055642873049,other,15
2824,706,0,11,17,11,16,12,34,False,False,False,0.05120372399687767,other,6
2825,706,0,3,43,3,12,16,18,False,False,False,0.02189590223133564,other,40
2826,706,1,3,17,3,16,12,7,False,False,False,0.02868562936782837,other,14
2827,706,1,11,32,11,12,16,7,False,False,False,0.02890666387975216,other,21
2828,707,0,42,42,42,6,24,34,True,True,False,0.04685588181018829,correct,0
2829,707,0,14,17,14,24,6,7,False,False,False,0.044653039425611496,other,3
2830,707,1,14,17,14,6,24,5,False,False,False,0.05999264866113663,other,3
2831,707,1,42,42,42,24,6,34,True,True,False,0.06010173633694649,correct,0
2832,708,0,29,17,29,14,6,32,False,False,False,0.026616351678967476,other,12
2833,708,0,48,32,48,6,14,18,False,False,False,0.012849322520196438,other,16
2834,708,1,48,17,48,14,6,15,False,False,False,0.024313846603035927,other,31
2835,708,1,29,17,29,6,14,22,False,False,False,0.017124315723776817,other,12
2836,709,0,26,24,26,14,18,18,False,False,False,0.02674238570034504,other,2
2837,709,0,4,4,4,18,14,18,True,True,False,0.014841282740235329,correct,0
2838,709,1,4,0,4,14,18,18,False,False,False,0.0312974750995636,other,4
2839,709,1,26,32,26,18,14,18,False,False,False,0.025774450972676277,other,6
2840,710,0,30,17,30,15,18,15,False,False,False,0.025336485356092453,other,13
2841,710,0,45,32,45,18,15,34,False,False,False,0.007136704865843058,other,13
2842,710,1,45,44,45,15,18,34,False,False,True,0.006279594264924526,off_by_one,1
2843,710,1,30,17,30,18,15,34,False,False,False,0.0305569339543581,other,13
2844,711,0,46,2,46,24,7,7,False,False,False,0.039749935269355774,other,44
2845,711,0,32,17,32,7,24,15,False,False,False,0.05344673618674278,other,15
2846,711,1,32,17,32,24,7,18,False,False,False,0.04959673807024956,other,15
2847,711,1,46,17,46,7,24,18,False,False,False,0.022188600152730942,other,29
2848,712,0,1,17,1,2,6,18,False,False,False,0.014403536915779114,other,16
2849,712,0,32,17,32,6,2,18,False,False,False,0.03021141327917576,other,15
2850,712,1,32,0,32,2,6,18,False,False,False,0.01424221321940422,other,32
2851,712,1,1,27,1,6,2,18,False,False,False,0.016089243814349174,other,26
2852,713,0,29,17,29,16,7,32,False,False,False,0.01944846101105213,other,12
2853,713,0,18,17,18,7,16,34,False,False,True,0.008945019915699959,off_by_one,1
2854,713,1,18,17,18,16,7,34,False,False,True,0.02155003324151039,off_by_one,1
2855,713,1,29,17,29,7,16,34,False,False,False,0.006433721166104078,other,12
2856,714,0,19,0,19,36,26,18,False,False,False,0.045029595494270325,other,19
2857,714,0,24,17,24,26,36,18,False,False,False,0.022024132311344147,other,7
2858,714,1,24,24,24,36,26,8,True,True,False,0.017931101843714714,correct,0
2859,714,1,19,17,19,26,36,34,False,False,False,0.037023577839136124,other,2
2860,715,0,24,17,24,24,38,15,False,False,False,0.008738026954233646,other,7
2861,715,0,0,0,0,38,24,7,True,True,False,0.030725060030817986,correct,0
2862,715,1,0,17,0,24,38,18,False,False,False,0.034176718443632126,other,17
2863,715,1,24,17,24,38,24,7,False,False,False,0.013583092950284481,other,7
2864,716,0,8,8,8,2,7,18,True,True,False,0.01776491105556488,correct,0
2865,716,0,24,17,24,7,2,18,False,False,False,0.027533257380127907,other,7
2866,716,1,24,32,24,2,7,18,False,False,False,0.008032543584704399,other,8
2867,716,1,8,8,8,7,2,18,True,True,False,0.011113661341369152,correct,0
2868,717,0,19,17,19,7,0,18,False,False,False,0.025700634345412254,other,2
2869,717,0,28,28,28,0,7,7,True,True,False,0.04439105466008186,correct,0
2870,717,1,28,17,28,7,0,18,False,False,False,0.03381471708416939,other,11
2871,717,1,19,32,19,0,7,7,False,False,False,0.02346630021929741,other,13
2872,718,0,44,0,44,0,16,15,False,False,False,0.007286891341209412,other,44
2873,718,0,43,17,43,16,0,15,False,False,False,0.013361646793782711,other,26
2874,718,1,43,17,43,0,16,15,False,False,False,0.012364504858851433,other,26
2875,718,1,44,17,44,16,0,15,False,False,False,0.008015444502234459,other,27
2876,719,0,48,32,48,7,14,27,False,False,False,0.024188706651329994,other,16
2877,719,0,38,0,38,14,7,15,False,False,False,0.006970913615077734,other,38
2878,719,1,38,17,38,7,14,15,False,False,False,0.008044039830565453,other,21
2879,719,1,48,17,48,14,7,7,False,False,False,0.030208483338356018,other,31
2880,720,0,37,17,37,19,15,18,False,False,False,0.02587416209280491,other,20
2881,720,0,10,17,10,15,19,18,False,False,False,0.011923604644834995,other,7
2882,720,1,10,17,10,19,15,18,False,False,False,0.023042047396302223,other,7
2883,720,1,37,0,37,15,19,7,False,False,False,0.007791274227201939,other,37
2884,721,0,37,17,37,18,14,34,False,False,False,0.015736866742372513,other,20
2885,721,0,22,0,22,14,18,22,False,False,False,0.04709671437740326,other,22
2886,721,1,22,32,22,18,14,18,False,False,False,0.035395298153162,other,10
2887,721,1,37,17,37,14,18,7,False,False,False,0.022907912731170654,other,20
2888,722,0,5,5,5,16,3,34,True,True,False,0.044387660920619965,correct,0
2889,722,0,16,32,16,3,16,7,False,False,False,0.08118855953216553,other,16
2890,722,1,16,46,16,16,3,32,False,False,False,0.07966770976781845,other,30
2891,722,1,5,15,5,3,16,18,False,False,False,0.042673900723457336,other,10
2892,723,0,11,32,11,7,2,18,False,False,False,0.03125477954745293,other,21
2893,723,0,8,8,8,2,7,18,True,True,False,0.05298411846160889,correct,0
2894,723,1,8,8,8,7,2,7,True,True,False,0.039198849350214005,correct,0
2895,723,1,11,17,11,2,7,34,False,False,False,0.043561339378356934,other,6
2896,724,0,46,17,46,14,15,27,False,False,False,0.01996617391705513,other,29
2897,724,0,31,17,31,15,14,15,False,False,False,0.049165450036525726,other,14
2898,724,1,31,17,31,14,15,27,False,False,False,0.03638578578829765,other,14
2899,724,1,46,17,46,15,14,15,False,False,False,0.01666194200515747,other,29
2900,725,0,27,17,27,15,6,34,False,False,False,0.011889712885022163,other,10
2901,725,0,3,43,3,6,15,34,False,False,False,0.020343100652098656,other,40
2902,725,1,3,43,3,15,6,34,False,False,False,0.02232549898326397,other,40
2903,725,1,27,17,27,6,15,34,False,False,False,0.005088252946734428,other,10
2904,726,0,30,17,30,20,38,7,False,False,False,0.022176310420036316,other,13
2905,726,0,17,32,17,38,20,7,False,False,False,0.016951585188508034,other,15
2906,726,1,17,32,17,20,38,7,False,False,False,0.01925518922507763,other,15
2907,726,1,30,17,30,38,20,18,False,False,False,0.01910996064543724,other,13
2908,727,0,3,17,3,0,27,27,False,False,False,0.008761088363826275,other,14
2909,727,0,26,17,26,27,0,32,False,False,False,0.022948823869228363,other,9
2910,727,1,26,32,26,0,27,15,False,False,False,0.01678265817463398,other,6
2911,727,1,3,17,3,27,0,32,False,False,False,0.007503221742808819,other,14
2912,728,0,46,17,46,6,15,18,False,False,False,0.034942805767059326,other,29
2913,728,0,22,32,22,15,6,7,False,False,False,0.10631308704614639,other,10
2914,728,1,22,31,22,6,15,6,False,False,False,0.0825599879026413,other,9
2915,728,1,46,31,46,15,6,18,False,False,False,0.013360965996980667,other,15
2916,729,0,44,17,44,6,16,34,False,False,False,0.007903585210442543,other,27
2917,729,0,42,42,42,16,6,15,True,True,False,0.04244410991668701,correct,0
2918,729,1,42,42,42,6,16,34,True,True,False,0.031444188207387924,correct,0
2919,729,1,44,32,44,16,6,32,False,False,False,0.006191857624799013,other,12
2920,730,0,42,15,42,18,25,34,False,False,False,0.04853980243206024,other,27
2921,730,0,7,7,7,25,18,32,True,True,False,0.011735308915376663,correct,0
2922,730,1,7,44,7,18,25,34,False,False,False,0.02484305575489998,other,37
2923,730,1,42,42,42,25,18,32,True,True,False,0.09225717186927795,correct,0
2924,731,0,39,17,39,24,15,18,False,False,False,0.021745353937149048,other,22
2925,731,0,1,27,1,15,24,15,False,False,False,0.036737170070409775,other,26
2926,731,1,1,32,1,24,15,5,False,False,False,0.02969004027545452,other,31
2927,731,1,39,43,39,15,24,15,False,False,False,0.009636085480451584,other,4
2928,732,0,10,17,10,6,18,18,False,False,False,0.031196588650345802,other,7
2929,732,0,36,17,36,18,6,34,False,False,False,0.03640464320778847,other,19
2930,732,1,36,43,36,6,18,34,False,False,False,0.013012180104851723,other,7
2931,732,1,10,17,10,18,6,22,False,False,False,0.062075175344944,other,7
2932,733,0,12,17,12,26,27,18,False,False,False,0.01504610851407051,other,5
2933,733,0,21,0,21,27,26,18,False,False,False,0.02281872183084488,other,21
2934,733,1,21,43,21,26,27,18,False,False,False,0.04061296582221985,other,22
2935,733,1,12,17,12,27,26,15,False,False,False,0.011200363747775555,other,5
2936,734,0,3,17,3,38,6,18,False,False,False,0.01404027733951807,other,14
2937,734,0,24,32,24,6,38,18,False,False,False,0.005187029950320721,other,8
2938,734,1,24,0,24,38,6,18,False,False,False,0.029143499210476875,other,24
2939,734,1,3,43,3,6,38,18,False,False,False,0.012884789146482944,other,40
2940,735,0,16,32,16,7,6,7,False,False,False,0.05994614213705063,other,16
2941,735,0,28,17,28,6,7,18,False,False,False,0.008801346644759178,other,11
2942,735,1,28,17,28,7,6,18,False,False,False,0.009231877513229847,other,11
2943,735,1,16,17,16,6,7,5,False,False,True,0.0735083594918251,off_by_one,1
2944,736,0,1,32,1,23,18,22,False,False,False,0.006204024888575077,other,31
2945,736,0,3,17,3,18,23,22,False,False,False,0.041241735219955444,other,14
2946,736,1,3,17,3,23,18,15,False,False,False,0.03652174025774002,other,14
2947,736,1,1,17,1,18,23,18,False,False,False,0.025432081893086433,other,16
2948,737,0,8,32,8,14,38,5,False,False,False,0.06476841121912003,other,24
2949,737,0,25,4,25,38,14,15,False,False,False,0.0037959604524075985,other,21
2950,737,1,25,32,25,14,38,27,False,False,False,0.010589770041406155,other,7
2951,737,1,8,29,8,38,14,7,False,False,False,0.05459790676832199,other,21
2952,738,0,12,0,12,33,18,32,False,False,False,0.03859817236661911,other,12
2953,738,0,44,17,44,18,33,18,False,False,False,0.048351649194955826,other,27
2954,738,1,44,4,44,33,18,7,False,False,False,0.042237602174282074,other,40
2955,738,1,12,17,12,18,33,22,False,False,False,0.038538116961717606,other,5
2956,739,0,37,17,37,0,7,15,False,False,False,0.03267991170287132,other,20
2957,739,0,25,24,25,7,0,34,False,False,True,0.03276229649782181,off_by_one,1
2958,739,1,25,27,25,0,7,32,False,False,False,0.015655871480703354,other,2
2959,739,1,37,43,37,7,0,15,False,False,False,0.008932334370911121,other,6
2960,740,0,31,17,31,11,2,15,False,False,False,0.05692392215132713,other,14
2961,740,0,19,17,19,2,11,7,False,False,False,0.04724559932947159,other,2
2962,740,1,19,17,19,11,2,7,False,False,False,0.05048319324851036,other,2
2963,740,1,31,17,31,2,11,7,False,False,False,0.019406434148550034,other,14
2964,741,0,33,17,33,19,7,34,False,False,False,0.03572888672351837,other,16
2965,741,0,12,17,12,7,19,34,False,False,False,0.013472364284098148,other,5
2966,741,1,12,17,12,19,7,34,False,False,False,0.012270110659301281,other,5
2967,741,1,33,31,33,7,19,18,False,False,False,0.02316880039870739,other,2
2968,742,0,16,10,16,0,15,32,False,False,False,0.05762619152665138,other,6
2969,742,0,23,17,23,15,0,32,False,False,False,0.014146563597023487,other,6
2970,742,1,23,17,23,0,15,32,False,False,False,0.01620202325284481,other,6
2971,742,1,16,44,16,15,0,27,False,False,False,0.042632125318050385,other,28
2972,743,0,1,17,1,16,36,7,False,False,False,0.033663973212242126,other,16
2973,743,0,7,7,7,36,16,15,True,True,False,0.06598041206598282,correct,0
2974,743,1,7,15,7,16,36,18,False,False,False,0.04867846146225929,other,8
2975,743,1,1,17,1,36,16,18,False,False,False,0.03596540540456772,other,16
2976,744,0,45,17,45,10,9,7,False,False,False,0.025822635740041733,other,28
2977,744,0,44,17,44,9,10,18,False,False,False,0.03787441924214363,other,27
2978,744,1,44,17,44,10,9,15,False,False,False,0.03963121771812439,other,27
2979,744,1,45,17,45,9,10,7,False,False,False,0.03499993681907654,other,28
2980,745,0,32,17,32,14,20,7,False,False,False,0.016686445102095604,other,15
2981,745,0,15,10,15,20,14,7,False,False,False,0.02290327474474907,other,5
2982,745,1,15,29,15,14,20,7,False,False,False,0.018328189849853516,other,14
2983,745,1,32,17,32,20,14,34,False,False,False,0.011969859711825848,other,15
2984,746,0,24,17,24,14,25,32,False,False,False,0.007048605475574732,other,7
2985,746,0,12,17,12,25,14,15,False,False,False,0.019461778923869133,other,5
2986,746,1,12,17,12,14,25,15,False,False,False,0.02669140137732029,other,5
2987,746,1,24,17,24,25,14,15,False,False,False,0.008985977619886398,other,7
2988,747,0,7,7,7,24,17,34,True,True,False,0.011165278032422066,correct,0
2989,747,0,29,17,29,17,24,6,False,False,False,0.051004961133003235,other,12
2990,747,1,29,32,29,24,17,5,False,False,False,0.03046269156038761,other,3
2991,747,1,7,44,7,17,24,32,False,False,False,0.02371329255402088,other,37
2992,748,0,20,17,20,15,18,18,False,False,False,0.03095458261668682,other,3
2993,748,0,0,17,0,18,15,18,False,False,False,0.025771446526050568,other,17
2994,748,1,0,17,0,15,18,7,False,False,False,0.019593238830566406,other,17
2995,748,1,20,43,20,18,15,18,False,False,False,0.03816910460591316,other,23
2996,749,0,23,24,23,17,15,34,False,False,True,0.011194739490747452,off_by_one,1
2997,749,0,35,24,35,15,17,34,False,False,False,0.003004172584041953,other,11
2998,749,1,35,24,35,17,15,7,False,False,False,0.004205729812383652,other,11
2999,749,1,23,24,23,15,17,34,False,False,True,0.008711546659469604,off_by_one,1
3000,750,0,46,27,46,16,19,27,False,False,False,0.03677111491560936,other,19
3001,750,0,27,17,27,19,16,16,False,False,False,0.04923183470964432,other,10
3002,750,1,27,11,27,16,19,7,False,False,False,0.030027255415916443,other,16
3003,750,1,46,17,46,19,16,15,False,False,False,0.025185124948620796,other,29
3004,751,0,5,5,5,16,15,27,True,True,False,0.03494204208254814,correct,0
3005,751,0,15,32,15,15,16,5,False,False,False,0.043995004147291183,other,17
3006,751,1,15,17,15,16,15,7,False,False,False,0.025123383849859238,other,2
3007,751,1,5,5,5,15,16,15,True,True,False,0.04941511154174805,correct,0
3008,752,0,38,17,38,24,16,18,False,False,False,0.010922175832092762,other,21
3009,752,0,40,17,40,16,24,15,False,False,False,0.01876823976635933,other,23
3010,752,1,40,17,40,24,16,18,False,False,False,0.01748453825712204,other,23
3011,752,1,38,0,38,16,24,15,False,False,False,0.01626422628760338,other,38
3012,753,0,2,17,2,21,6,34,False,False,False,0.007643852848559618,other,15
3013,753,0,8,8,8,6,21,8,True,True,False,0.03519761562347412,correct,0
3014,753,1,8,8,8,21,6,18,True,True,False,0.04575634375214577,correct,0
3015,753,1,2,17,2,6,21,18,False,False,False,0.009540950879454613,other,15
3016,754,0,23,4,23,20,12,18,False,False,False,0.011810760013759136,other,19
3017,754,0,30,32,30,12,20,34,False,False,False,0.01373851764947176,other,2
3018,754,1,30,17,30,20,12,34,False,False,False,0.03696673735976219,other,13
3019,754,1,23,17,23,12,20,34,False,False,False,0.03306769207119942,other,6
3020,755,0,37,43,37,14,16,15,False,False,False,0.01587929204106331,other,6
3021,755,0,41,41,41,16,14,32,True,True,False,0.05912891402840614,correct,0
3022,755,1,41,4,41,14,16,15,False,False,False,0.07220324873924255,other,37
3023,755,1,37,43,37,16,14,15,False,False,False,0.0035552072804421186,other,6
3024,756,0,42,42,42,32,30,34,True,True,False,0.08584088832139969,correct,0
3025,756,0,27,17,27,30,32,34,False,False,False,0.012854881584644318,other,10
3026,756,1,27,17,27,32,30,34,False,False,False,0.029981357976794243,other,10
3027,756,1,42,42,42,30,32,34,True,True,False,0.27694669365882874,correct,0
3028,757,0,32,32,32,7,16,22,True,True,False,0.019369935616850853,correct,0
3029,757,0,1,17,1,16,7,15,False,False,False,0.02764328569173813,other,16
3030,757,1,1,17,1,7,16,18,False,False,False,0.015319918282330036,other,16
3031,757,1,32,17,32,16,7,34,False,False,False,0.022156093269586563,other,15
3032,758,0,45,24,45,17,3,34,False,False,False,0.01964718848466873,other,21
3033,758,0,41,45,41,3,17,34,False,False,False,0.03701508417725563,other,4
3034,758,1,41,0,41,17,3,7,False,False,False,0.05408209562301636,other,41
3035,758,1,45,32,45,3,17,15,False,False,False,0.028952917084097862,other,13
3036,759,0,22,43,22,18,24,34,False,False,False,0.013593574985861778,other,21
3037,759,0,10,17,10,24,18,34,False,False,False,0.036060452461242676,other,7
3038,759,1,10,17,10,18,24,18,False,False,False,0.03391064703464508,other,7
3039,759,1,22,43,22,24,18,34,False,False,False,0.01781187765300274,other,21
3040,760,0,13,17,13,14,24,34,False,False,False,0.04153091087937355,other,4
3041,760,0,43,17,43,24,14,34,False,False,False,0.007033759728074074,other,26
3042,760,1,43,17,43,14,24,34,False,False,False,0.02173820696771145,other,26
3043,760,1,13,17,13,24,14,34,False,False,False,0.018352486193180084,other,4
3044,761,0,40,24,40,39,24,18,False,False,False,0.017791515216231346,other,16
3045,761,0,37,0,37,24,39,18,False,False,False,0.05217394232749939,other,37
3046,761,1,37,17,37,39,24,18,False,False,False,0.015874696895480156,other,20
3047,761,1,40,35,40,24,39,7,False,False,False,0.018599849194288254,other,5
3048,762,0,13,17,13,18,38,7,False,False,False,0.025332558900117874,other,4
3049,762,0,1,17,1,38,18,18,False,False,False,0.013062890619039536,other,16
3050,762,1,1,17,1,18,38,18,False,False,False,0.004160696640610695,other,16
3051,762,1,13,17,13,38,18,15,False,False,False,0.023735905066132545,other,4
3052,763,0,1,27,1,14,7,27,False,False,False,0.01719777099788189,other,26
3053,763,0,12,32,12,7,14,7,False,False,False,0.07067164778709412,other,20
3054,763,1,12,10,12,14,7,6,False,False,False,0.030707689002156258,other,2
3055,763,1,1,32,1,7,14,18,False,False,False,0.021036721765995026,other,31
3056,764,0,46,17,46,6,2,34,False,False,False,0.010151815600693226,other,29
3057,764,0,31,17,31,2,6,34,False,False,False,0.06801541149616241,other,14
3058,764,1,31,0,31,6,2,18,False,False,False,0.062343813478946686,other,31
3059,764,1,46,17,46,2,6,34,False,False,False,0.018462948501110077,other,29
3060,765,0,7,24,7,6,2,22,False,False,False,0.03861386701464653,other,17
3061,765,0,19,43,19,2,6,34,False,False,False,0.06622712314128876,other,24
3062,765,1,19,31,19,6,2,6,False,False,False,0.034615594893693924,other,12
3063,765,1,7,7,7,2,6,34,True,True,False,0.07775187492370605,correct,0
3064,766,0,18,17,18,7,16,7,False,False,True,0.03179193288087845,off_by_one,1
3065,766,0,41,24,41,16,7,15,False,False,False,0.05372767895460129,other,17
3066,766,1,41,1,41,7,16,15,False,False,False,0.0862523764371872,other,40
3067,766,1,18,17,18,16,7,18,False,False,True,0.04690300300717354,off_by_one,1
3068,767,0,46,17,46,7,24,18,False,False,False,0.02049691043794155,other,29
3069,767,0,43,17,43,24,7,18,False,False,False,0.04718831926584244,other,26
3070,767,1,43,32,43,7,24,18,False,False,False,0.05915069580078125,other,11
3071,767,1,46,2,46,24,7,7,False,False,False,0.03231686353683472,other,44
3072,768,0,36,17,36,18,27,34,False,False,False,0.008171061053872108,other,19
3073,768,0,45,17,45,27,18,34,False,False,False,0.020731894299387932,other,28
3074,768,1,45,17,45,18,27,34,False,False,False,0.014430534094572067,other,28
3075,768,1,36,17,36,27,18,34,False,False,False,0.0075414530001580715,other,19
3076,769,0,0,17,0,24,17,18,False,False,False,0.013690149411559105,other,17
3077,769,0,22,17,22,17,24,18,False,False,False,0.021218249574303627,other,5
3078,769,1,22,43,22,24,17,18,False,False,False,0.010701602324843407,other,21
3079,769,1,0,17,0,17,24,18,False,False,False,0.01901080086827278,other,17
3080,770,0,8,8,8,4,0,18,True,True,False,0.05514476075768471,correct,0
3081,770,0,4,17,4,0,4,15,False,False,False,0.05253494158387184,other,13
3082,770,1,4,24,4,4,0,18,False,False,False,0.022606821730732918,other,20
3083,770,1,8,8,8,0,4,7,True,True,False,0.039596036076545715,correct,0
3084,771,0,10,27,10,17,16,15,False,False,False,0.007807041052728891,other,17
3085,771,0,35,32,35,16,17,27,False,False,False,0.025576665997505188,other,3
3086,771,1,35,27,35,17,16,7,False,False,False,0.02165796048939228,other,8
3087,771,1,10,17,10,16,17,27,False,False,False,0.004246448166668415,other,7
3088,772,0,20,17,20,16,12,34,False,False,False,0.062020473182201385,other,3
3089,772,0,33,17,33,12,16,34,False,False,False,0.019622433930635452,other,16
3090,772,1,33,31,33,16,12,15,False,False,False,0.020684054121375084,other,2
3091,772,1,20,32,20,12,16,7,False,False,False,0.05286380276083946,other,12
3092,773,0,8,8,8,18,6,5,True,True,False,0.09546241909265518,correct,0
3093,773,0,7,24,7,6,18,34,False,False,False,0.023226117715239525,other,17
3094,773,1,7,44,7,18,6,34,False,False,False,0.027042429894208908,other,37
3095,773,1,8,0,8,6,18,8,False,False,False,0.05583919584751129,other,8
3096,774,0,25,35,25,7,15,15,False,False,False,0.017125245183706284,other,10
3097,774,0,19,17,19,15,7,34,False,False,False,0.04867853969335556,other,2
3098,774,1,19,17,19,7,15,5,False,False,False,0.03536870703101158,other,2
3099,774,1,25,24,25,15,7,32,False,False,True,0.06851250678300858,off_by_one,1
3100,775,0,28,17,28,21,6,15,False,False,False,0.010402996093034744,other,11
3101,775,0,31,17,31,6,21,18,False,False,False,0.015644988045096397,other,14
3102,775,1,31,17,31,21,6,34,False,False,False,0.03578386828303337,other,14
3103,775,1,28,17,28,6,21,18,False,False,False,0.01530491467565298,other,11
3104,776,0,27,17,27,24,6,34,False,False,False,0.015138990245759487,other,10
3105,776,0,29,17,29,6,24,22,False,False,False,0.02108469419181347,other,12
3106,776,1,29,17,29,24,6,18,False,False,False,0.020794890820980072,other,12
3107,776,1,27,27,27,6,24,34,True,True,False,0.030175497755408287,correct,0
3108,777,0,40,17,40,26,18,34,False,False,False,0.00899384543299675,other,23
3109,777,0,22,43,22,18,26,34,False,False,False,0.046242643147706985,other,21
3110,777,1,22,43,22,26,18,34,False,False,False,0.02779148332774639,other,21
3111,777,1,40,17,40,18,26,34,False,False,False,0.025049133226275444,other,23
3112,778,0,14,32,14,7,2,7,False,False,False,0.034615661948919296,other,18
3113,778,0,31,17,31,2,7,5,False,False,False,0.05157914385199547,other,14
3114,778,1,31,17,31,7,2,7,False,False,False,0.047336287796497345,other,14
3115,778,1,14,17,14,2,7,22,False,False,False,0.041831813752651215,other,3
3116,779,0,10,17,10,18,14,34,False,False,False,0.015468521043658257,other,7
3117,779,0,44,27,44,14,18,34,False,False,False,0.01927023194730282,other,17
3118,779,1,44,17,44,18,14,34,False,False,False,0.013372419402003288,other,27
3119,779,1,10,17,10,14,18,15,False,False,False,0.013133436441421509,other,7
3120,780,0,21,43,21,36,15,18,False,False,False,0.026826636865735054,other,22
3121,780,0,24,4,24,15,36,15,False,False,False,0.013614759780466557,other,20
3122,780,1,24,24,24,36,15,18,True,True,False,0.010746301151812077,correct,0
3123,780,1,21,43,21,15,36,15,False,False,False,0.015377786941826344,other,22
3124,781,0,5,34,5,17,9,7,False,False,False,0.06322819739580154,other,29
3125,781,0,13,17,13,9,17,15,False,False,False,0.02485581487417221,other,4
3126,781,1,13,17,13,17,9,34,False,False,False,0.031417686492204666,other,4
3127,781,1,5,24,5,9,17,34,False,False,False,0.04470764473080635,other,19
3128,782,0,17,17,17,15,14,15,True,True,False,0.04058225825428963,correct,0
3129,782,0,35,32,35,14,15,15,False,False,False,0.020064186304807663,other,3
3130,782,1,35,17,35,15,14,15,False,False,False,0.01947745680809021,other,18
3131,782,1,17,17,17,14,15,18,True,True,False,0.0399584099650383,correct,0
3132,783,0,37,43,37,6,18,18,False,False,False,0.01070716418325901,other,6
3133,783,0,0,17,0,18,6,18,False,False,False,0.07925117015838623,other,17
3134,783,1,0,2,0,6,18,18,False,False,False,0.06513944268226624,other,2
3135,783,1,37,43,37,18,6,18,False,False,False,0.011163391172885895,other,6
3136,784,0,39,17,39,21,15,34,False,False,False,0.01829967088997364,other,22
3137,784,0,36,17,36,15,21,34,False,False,False,0.01326278131455183,other,19
3138,784,1,36,17,36,21,15,15,False,False,False,0.009734620340168476,other,19
3139,784,1,39,43,39,15,21,15,False,False,False,0.016135206446051598,other,4
3140,785,0,39,43,39,7,18,34,False,False,False,0.01865363121032715,other,4
3141,785,0,36,43,36,18,7,34,False,False,False,0.016186783090233803,other,7
3142,785,1,36,17,36,7,18,34,False,False,False,0.014491720125079155,other,19
3143,785,1,39,43,39,18,7,34,False,False,False,0.024362504482269287,other,4
3144,786,0,12,17,12,36,14,18,False,False,False,0.05547807738184929,other,5
3145,786,0,1,17,1,14,36,37,False,False,False,0.0508560873568058,other,16
3146,786,1,1,17,1,36,14,15,False,False,False,0.03911001235246658,other,16
3147,786,1,12,17,12,14,36,7,False,False,False,0.054585278034210205,other,5
3148,787,0,26,24,26,14,16,27,False,False,False,0.017631784081459045,other,2
3149,787,0,2,32,2,16,14,7,False,False,False,0.02318893000483513,other,30
3150,787,1,2,17,2,14,16,37,False,False,False,0.03531514108181,other,15
3151,787,1,26,17,26,16,14,27,False,False,False,0.011908773332834244,other,9
3152,788,0,39,17,39,20,14,7,False,False,False,0.027204450219869614,other,22
3153,788,0,38,17,38,14,20,15,False,False,False,0.014917387627065182,other,21
3154,788,1,38,17,38,20,14,15,False,False,False,0.012917842715978622,other,21
3155,788,1,39,17,39,14,20,34,False,False,False,0.008314250968396664,other,22
3156,789,0,3,17,3,7,14,15,False,False,False,0.014010708779096603,other,14
3157,789,0,37,17,37,14,7,15,False,False,False,0.02397651970386505,other,20
3158,789,1,37,43,37,7,14,15,False,False,False,0.017909012734889984,other,6
3159,789,1,3,17,3,14,7,7,False,False,False,0.012454502284526825,other,14
3160,790,0,41,15,41,7,1,15,False,False,False,0.09812584519386292,other,26
3161,790,0,36,17,36,1,7,18,False,False,False,0.03588935732841492,other,19
3162,790,1,36,17,36,7,1,15,False,False,False,0.03428395092487335,other,19
3163,790,1,41,35,41,1,7,15,False,False,False,0.038676176220178604,other,6
3164,791,0,20,17,20,6,21,34,False,False,False,0.02826380729675293,other,3
3165,791,0,46,17,46,21,6,34,False,False,False,0.013787239789962769,other,29
3166,791,1,46,17,46,6,21,18,False,False,False,0.004535067826509476,other,29
3167,791,1,20,43,20,21,6,34,False,False,False,0.028811480849981308,other,23
3168,792,0,35,28,35,15,16,34,False,False,False,0.004007847048342228,other,7
3169,792,0,4,32,4,16,15,15,False,False,False,0.005946924909949303,other,28
3170,792,1,4,32,4,15,16,7,False,False,False,0.009461373090744019,other,28
3171,792,1,35,24,35,16,15,34,False,False,False,0.003284672275185585,other,11
3172,793,0,6,32,6,18,15,18,False,False,False,0.026673374697566032,other,26
3173,793,0,11,17,11,15,18,18,False,False,False,0.035616084933280945,other,6
3174,793,1,11,17,11,18,15,34,False,False,False,0.03975759074091911,other,6
3175,793,1,6,43,6,15,18,34,False,False,False,0.05013791471719742,other,37
3176,794,0,11,11,11,17,0,15,True,True,False,0.03194078430533409,correct,0
3177,794,0,38,17,38,0,17,15,False,False,False,0.014068886637687683,other,21
3178,794,1,38,17,38,17,0,15,False,False,False,0.010334285907447338,other,21
3179,794,1,11,32,11,0,17,7,False,False,False,0.021850556135177612,other,21
3180,795,0,22,17,22,19,2,18,False,False,False,0.04185362532734871,other,5
3181,795,0,28,17,28,2,19,18,False,False,False,0.011031686328351498,other,11
3182,795,1,28,17,28,19,2,18,False,False,False,0.017060166224837303,other,11
3183,795,1,22,17,22,2,19,18,False,False,False,0.01318863220512867,other,5
3184,796,0,18,31,18,6,24,6,False,False,False,0.06817477196455002,other,13
3185,796,0,7,7,7,24,6,34,True,True,False,0.043253470212221146,correct,0
3186,796,1,7,44,7,6,24,22,False,False,False,0.0285367239266634,other,37
3187,796,1,18,43,18,24,6,34,False,False,False,0.061552830040454865,other,25
3188,797,0,23,32,23,12,2,24,False,False,False,0.03659418597817421,other,9
3189,797,0,6,17,6,2,12,34,False,False,False,0.037374842911958694,other,11
3190,797,1,6,43,6,12,2,18,False,False,False,0.02074466459453106,other,37
3191,797,1,23,24,23,2,12,34,False,False,True,0.02747446298599243,off_by_one,1
3192,798,0,12,17,12,38,6,7,False,False,False,0.047763943672180176,other,5
3193,798,0,24,17,24,6,38,18,False,False,False,0.03715192526578903,other,7
3194,798,1,24,32,24,38,6,7,False,False,False,0.04790512099862099,other,8
3195,798,1,12,32,12,6,38,7,False,False,False,0.029481852427124977,other,20
3196,799,0,46,32,46,24,14,18,False,False,False,0.038237616419792175,other,14
3197,799,0,39,17,39,14,24,27,False,False,False,0.02517440915107727,other,22
3198,799,1,39,17,39,24,14,18,False,False,False,0.036478929221630096,other,22
3199,799,1,46,17,46,14,24,27,False,False,False,0.0329553484916687,other,29
3200,800,0,47,44,47,7,9,15,False,False,False,0.022620104253292084,other,3
3201,800,0,33,17,33,9,7,34,False,False,False,0.014976825565099716,other,16
3202,800,1,33,17,33,7,9,15,False,False,False,0.015813259407877922,other,16
3203,800,1,47,24,47,9,7,34,False,False,False,0.030898787081241608,other,23
3204,801,0,18,32,18,7,38,7,False,False,False,0.028615077957510948,other,14
3205,801,0,12,17,12,38,7,15,False,False,False,0.017334336414933205,other,5
3206,801,1,12,17,12,7,38,15,False,False,False,0.010678982362151146,other,5
3207,801,1,18,17,18,38,7,15,False,False,True,0.04364477097988129,off_by_one,1
3208,802,0,32,17,32,17,36,7,False,False,False,0.014802024699747562,other,15
3209,802,0,9,17,9,36,17,18,False,False,False,0.017767520621418953,other,8
3210,802,1,9,17,9,17,36,18,False,False,False,0.0156636293977499,other,8
3211,802,1,32,17,32,36,17,18,False,False,False,0.009303302504122257,other,15
3212,803,0,9,17,9,0,5,18,False,False,False,0.030236054211854935,other,8
3213,803,0,37,43,37,5,0,18,False,False,False,0.017117701470851898,other,6
3214,803,1,37,43,37,0,5,15,False,False,False,0.012693150900304317,other,6
3215,803,1,9,17,9,5,0,5,False,False,False,0.023642024025321007,other,8
3216,804,0,46,17,46,18,1,15,False,False,False,0.007708683609962463,other,29
3217,804,0,11,17,11,1,18,6,False,False,False,0.008198904804885387,other,6
3218,804,1,11,17,11,18,1,34,False,False,False,0.004478840157389641,other,6
3219,804,1,46,0,46,1,18,18,False,False,False,0.010918325744569302,other,46
3220,805,0,19,0,19,14,6,34,False,False,False,0.07024485617876053,other,19
3221,805,0,35,24,35,6,14,34,False,False,False,0.009778685867786407,other,11
3222,805,1,35,17,35,14,6,7,False,False,False,0.026919882744550705,other,18
3223,805,1,19,17,19,6,14,5,False,False,False,0.048198211938142776,other,2
3224,806,0,45,24,45,18,36,18,False,False,False,0.020453739911317825,other,21
3225,806,0,8,32,8,36,18,5,False,False,False,0.08206157386302948,other,24
3226,806,1,8,8,8,18,36,18,True,True,False,0.07315587997436523,correct,0
3227,806,1,45,24,45,36,18,24,False,False,False,0.019888941198587418,other,21
3228,807,0,48,17,48,20,38,7,False,False,False,0.014257154427468777,other,31
3229,807,0,10,17,10,38,20,15,False,False,False,0.04780841991305351,other,7
3230,807,1,10,17,10,20,38,7,False,False,False,0.030062301084399223,other,7
3231,807,1,48,0,48,38,20,15,False,False,False,0.04162994399666786,other,48
3232,808,0,38,17,38,4,2,18,False,False,False,0.01544114574790001,other,21
3233,808,0,19,17,19,2,4,18,False,False,False,0.051339250057935715,other,2
3234,808,1,19,17,19,4,2,18,False,False,False,0.05117194354534149,other,2
3235,808,1,38,24,38,2,4,18,False,False,False,0.02006690576672554,other,14
3236,809,0,46,0,46,17,24,18,False,False,False,0.012422241270542145,other,46
3237,809,0,19,43,19,24,17,18,False,False,False,0.016380291432142258,other,24
3238,809,1,19,17,19,17,24,15,False,False,False,0.018393537029623985,other,2
3239,809,1,46,2,46,24,17,18,False,False,False,0.006656976882368326,other,44
3240,810,0,13,17,13,7,21,22,False,False,False,0.03772223740816116,other,4
3241,810,0,10,17,10,21,7,15,False,False,False,0.035039499402046204,other,7
3242,810,1,10,17,10,7,21,18,False,False,False,0.03632934391498566,other,7
3243,810,1,13,43,13,21,7,15,False,False,False,0.042872194200754166,other,30
3244,811,0,15,15,15,24,14,15,True,True,False,0.03848910704255104,correct,0
3245,811,0,41,41,41,14,24,15,True,True,False,0.044794440269470215,correct,0
3246,811,1,41,45,41,24,14,34,False,False,False,0.07860185950994492,other,4
3247,811,1,15,32,15,14,24,22,False,False,False,0.08790607005357742,other,17
3248,812,0,34,4,34,1,3,15,False,False,False,0.018280034884810448,other,30
3249,812,0,20,32,20,3,1,18,False,False,False,0.06079789623618126,other,12
3250,812,1,20,17,20,1,3,5,False,False,False,0.061159342527389526,other,3
3251,812,1,34,24,34,3,1,34,False,False,False,0.01963697373867035,other,10
3252,813,0,34,24,34,14,17,27,False,False,False,0.005812345538288355,other,10
3253,813,0,0,17,0,17,14,7,False,False,False,0.008511212654411793,other,17
3254,813,1,0,17,0,14,17,15,False,False,False,0.014983968809247017,other,17
3255,813,1,34,4,34,17,14,27,False,False,False,0.020479727536439896,other,30
3256,814,0,3,31,3,6,36,5,False,False,False,0.052267108112573624,other,28
3257,814,0,13,17,13,36,6,34,False,False,False,0.04230064898729324,other,4
3258,814,1,13,17,13,6,36,7,False,False,False,0.04890818893909454,other,4
3259,814,1,3,17,3,36,6,18,False,False,False,0.06471611559391022,other,14
3260,815,0,30,2,30,18,12,34,False,False,False,0.00853053294122219,other,28
3261,815,0,4,32,4,12,18,5,False,False,False,0.026922613382339478,other,28
3262,815,1,4,4,4,18,12,34,True,True,False,0.01382905337959528,correct,0
3263,815,1,30,0,30,12,18,18,False,False,False,0.009628178551793098,other,30
3264,816,0,27,17,27,14,21,15,False,False,False,0.01598481461405754,other,10
3265,816,0,17,17,17,21,14,22,True,True,False,0.02825816720724106,correct,0
3266,816,1,17,17,17,14,21,15,True,True,False,0.024310613051056862,correct,0
3267,816,1,27,17,27,21,14,34,False,False,False,0.012268203310668468,other,10
3268,817,0,42,42,42,24,15,34,True,True,False,0.016085078939795494,correct,0
3269,817,0,43,43,43,15,24,34,True,True,False,0.02953949011862278,correct,0
3270,817,1,43,17,43,24,15,34,False,False,False,0.015125173144042492,other,26
3271,817,1,42,42,42,15,24,34,True,True,False,0.05518365278840065,correct,0
3272,818,0,1,17,1,7,5,18,False,False,False,0.03622950613498688,other,16
3273,818,0,43,17,43,5,7,18,False,False,False,0.011343752965331078,other,26
3274,818,1,43,17,43,7,5,34,False,False,False,0.02220984175801277,other,26
3275,818,1,1,17,1,5,7,5,False,False,False,0.03719208762049675,other,16
3276,819,0,31,0,31,6,12,18,False,False,False,0.024044184014201164,other,31
3277,819,0,28,17,28,12,6,18,False,False,False,0.006235138513147831,other,11
3278,819,1,28,17,28,6,12,22,False,False,False,0.008884306997060776,other,11
3279,819,1,31,43,31,12,6,24,False,False,False,0.010887748561799526,other,12
3280,820,0,27,32,27,27,36,7,False,False,False,0.03165600448846817,other,5
3281,820,0,30,17,30,36,27,15,False,False,False,0.04500802233815193,other,13
3282,820,1,30,31,30,27,36,7,False,False,True,0.10318538546562195,off_by_one,1
3283,820,1,27,17,27,36,27,18,False,False,False,0.03069119155406952,other,10
3284,821,0,34,34,34,6,3,22,True,True,False,0.006526581011712551,correct,0
3285,821,0,43,43,43,3,6,18,True,True,False,0.007953707128763199,correct,0
3286,821,1,43,17,43,6,3,18,False,False,False,0.006720538716763258,other,26
3287,821,1,34,24,34,3,6,18,False,False,False,0.016300011426210403,other,10
3288,822,0,6,17,6,14,21,7,False,False,False,0.023726359009742737,other,11
3289,822,0,46,17,46,21,14,34,False,False,False,0.02144179679453373,other,29
3290,822,1,46,0,46,14,21,15,False,False,False,0.020020946860313416,other,46
3291,822,1,6,43,6,21,14,15,False,False,False,0.025600530207157135,other,37
3292,823,0,22,43,22,17,18,15,False,False,False,0.017723964527249336,other,21
3293,823,0,43,43,43,18,17,18,True,True,False,0.01724252849817276,correct,0
3294,823,1,43,17,43,17,18,18,False,False,False,0.03247959539294243,other,26
3295,823,1,22,43,22,18,17,18,False,False,False,0.0366060845553875,other,21
3296,824,0,34,24,34,17,15,7,False,False,False,0.022423088550567627,other,10
3297,824,0,5,5,5,15,17,15,True,True,False,0.00795911718159914,correct,0
3298,824,1,5,5,5,17,15,18,True,True,False,0.03249034285545349,correct,0
3299,824,1,34,24,34,15,17,15,False,False,False,0.017538730055093765,other,10
3300,825,0,14,17,14,6,7,34,False,False,False,0.04229408875107765,other,3
3301,825,0,3,17,3,7,6,18,False,False,False,0.03277554735541344,other,14
3302,825,1,3,0,3,6,7,18,False,False,False,0.03636589273810387,other,3
3303,825,1,14,17,14,7,6,5,False,False,False,0.04373512417078018,other,3
3304,826,0,24,32,24,6,19,18,False,False,False,0.02319176308810711,other,8
3305,826,0,41,45,41,19,6,34,False,False,False,0.027068134397268295,other,4
3306,826,1,41,24,41,6,19,34,False,False,False,0.05024795979261398,other,17
3307,826,1,24,32,24,19,6,34,False,False,False,0.030033398419618607,other,8
3308,827,0,41,4,41,36,24,18,False,False,False,0.07651961594820023,other,37
3309,827,0,31,17,31,24,36,15,False,False,False,0.05737362056970596,other,14
3310,827,1,31,0,31,36,24,18,False,False,False,0.032951291650533676,other,31
3311,827,1,41,43,41,24,36,18,False,False,False,0.06327734887599945,other,2
3312,828,0,19,43,19,15,7,34,False,False,False,0.04447260871529579,other,24
3313,828,0,40,17,40,7,15,34,False,False,False,0.015308436937630177,other,23
3314,828,1,40,17,40,15,7,34,False,False,False,0.016360873356461525,other,23
3315,828,1,19,17,19,7,15,18,False,False,False,0.03225897625088692,other,2
3316,829,0,17,31,17,6,7,6,False,False,False,0.02963453345000744,other,14
3317,829,0,27,17,27,7,6,34,False,False,False,0.012313563376665115,other,10
3318,829,1,27,17,27,6,7,34,False,False,False,0.01644008420407772,other,10
3319,829,1,17,17,17,7,6,34,True,True,False,0.037886667996644974,correct,0
3320,830,0,30,43,30,21,0,15,False,False,False,0.024516068398952484,other,13
3321,830,0,21,43,21,0,21,34,False,False,False,0.009297454729676247,other,22
3322,830,1,21,43,21,21,0,34,False,False,False,0.02526531182229519,other,22
3323,830,1,30,17,30,0,21,16,False,False,False,0.03429422900080681,other,13
3324,831,0,1,17,1,19,2,34,False,False,False,0.02990044839680195,other,16
3325,831,0,26,32,26,2,19,34,False,False,False,0.024193989112973213,other,6
3326,831,1,26,24,26,19,2,34,False,False,False,0.013593529351055622,other,2
3327,831,1,1,17,1,2,19,18,False,False,False,0.03156411275267601,other,16
3328,832,0,38,17,38,6,18,18,False,False,False,0.01837562955915928,other,21
3329,832,0,41,35,41,18,6,34,False,False,False,0.016900822520256042,other,6
3330,832,1,41,45,41,6,18,34,False,False,False,0.023465558886528015,other,4
3331,832,1,38,17,38,18,6,34,False,False,False,0.012539895251393318,other,21
3332,833,0,9,0,9,15,18,15,False,False,False,0.01084807701408863,other,9
3333,833,0,30,17,30,18,15,18,False,False,False,0.039583515375852585,other,13
3334,833,1,30,17,30,15,18,18,False,False,False,0.0746651142835617,other,13
3335,833,1,9,17,9,18,15,18,False,False,False,0.008434522897005081,other,8
3336,834,0,2,17,2,7,15,34,False,False,False,0.025938840582966805,other,15
3337,834,0,39,43,39,15,7,32,False,False,False,0.0200673695653677,other,4
3338,834,1,39,43,39,7,15,34,False,False,False,0.017271004617214203,other,4
3339,834,1,2,17,2,15,7,32,False,False,False,0.017094476148486137,other,15
3340,835,0,18,17,18,7,18,5,False,False,True,0.042122796177864075,off_by_one,1
3341,835,0,6,17,6,18,7,34,False,False,False,0.027880901470780373,other,11
3342,835,1,6,2,6,7,18,18,False,False,False,0.026836134493350983,other,4
3343,835,1,18,32,18,18,7,7,False,False,False,0.05701024457812309,other,14
3344,836,0,41,42,41,6,31,32,False,False,True,0.05323752015829086,off_by_one,1
3345,836,0,34,0,34,31,6,32,False,False,False,0.05309010669589043,other,34
3346,836,1,34,17,34,6,31,34,False,False,False,0.007008069194853306,other,17
3347,836,1,41,17,41,31,6,34,False,False,False,0.09850499033927917,other,24
3348,837,0,11,17,11,17,20,34,False,False,False,0.048902563750743866,other,6
3349,837,0,13,17,13,20,17,34,False,False,False,0.015956468880176544,other,4
3350,837,1,13,17,13,17,20,34,False,False,False,0.021626152098178864,other,4
3351,837,1,11,27,11,20,17,34,False,False,False,0.03334187716245651,other,16
3352,838,0,12,32,12,6,7,7,False,False,False,0.020064326003193855,other,20
3353,838,0,25,24,25,7,6,18,False,False,True,0.019994385540485382,off_by_one,1
3354,838,1,25,24,25,6,7,7,False,False,True,0.020953573286533356,off_by_one,1
3355,838,1,12,17,12,7,6,15,False,False,False,0.027783138677477837,other,5
3356,839,0,25,32,25,24,14,7,False,False,False,0.022279761731624603,other,7
3357,839,0,32,17,32,14,24,32,False,False,False,0.023942718282341957,other,15
3358,839,1,32,17,32,24,14,32,False,False,False,0.023513225838541985,other,15
3359,839,1,25,17,25,14,24,32,False,False,False,0.03734659031033516,other,8
3360,840,0,3,17,3,7,36,7,False,False,False,0.02426096238195896,other,14
3361,840,0,25,24,25,36,7,34,False,False,True,0.01116948388516903,off_by_one,1
3362,840,1,25,35,25,7,36,18,False,False,False,0.013669886626303196,other,10
3363,840,1,3,43,3,36,7,18,False,False,False,0.030545836314558983,other,40
3364,841,0,41,15,41,15,14,18,False,False,False,0.02681751176714897,other,26
3365,841,0,7,4,7,14,15,27,False,False,False,0.04465184733271599,other,3
3366,841,1,7,24,7,15,14,7,False,False,False,0.020804513245821,other,17
3367,841,1,41,15,41,14,15,18,False,False,False,0.03536718338727951,other,26
3368,842,0,1,17,1,1,7,34,False,False,False,0.008185402490198612,other,16
3369,842,0,25,32,25,7,1,34,False,False,False,0.013579708524048328,other,7
3370,842,1,25,32,25,1,7,34,False,False,False,0.011684185825288296,other,7
3371,842,1,1,17,1,7,1,34,False,False,False,0.0050328983925282955,other,16
3372,843,0,4,27,4,19,6,34,False,False,False,0.027134068310260773,other,23
3373,843,0,36,17,36,6,19,5,False,False,False,0.028609851375222206,other,19
3374,843,1,36,17,36,19,6,34,False,False,False,0.034515321254730225,other,19
3375,843,1,4,17,4,6,19,22,False,False,False,0.04612766578793526,other,13
3376,844,0,9,0,9,0,6,20,False,False,False,0.019640838727355003,other,9
3377,844,0,40,17,40,6,0,18,False,False,False,0.006461915094405413,other,23
3378,844,1,40,0,40,0,6,15,False,False,False,0.007770166266709566,other,40
3379,844,1,9,17,9,6,0,18,False,False,False,0.017453502863645554,other,8
3380,845,0,44,0,44,38,18,15,False,False,False,0.026359058916568756,other,44
3381,845,0,22,17,22,18,38,18,False,False,False,0.023187242448329926,other,5
3382,845,1,22,17,22,38,18,18,False,False,False,0.03673839196562767,other,5
3383,845,1,44,24,44,18,38,18,False,False,False,0.02398088574409485,other,20
3384,846,0,16,10,16,7,14,7,False,False,False,0.008305746130645275,other,6
3385,846,0,28,17,28,14,7,32,False,False,False,0.01519802212715149,other,11
3386,846,1,28,17,28,7,14,15,False,False,False,0.008631481789052486,other,11
3387,846,1,16,17,16,14,7,18,False,False,True,0.015157166868448257,off_by_one,1
3388,847,0,10,17,10,21,22,34,False,False,False,0.03489857539534569,other,7
3389,847,0,11,0,11,22,21,22,False,False,False,0.044527988880872726,other,11
3390,847,1,11,17,11,21,22,34,False,False,False,0.04102673754096031,other,6
3391,847,1,10,17,10,22,21,5,False,False,False,0.04261226952075958,other,7
3392,848,0,44,17,44,2,8,18,False,False,False,0.012770487926900387,other,27
3393,848,0,16,15,16,8,2,22,False,False,True,0.05068863555788994,off_by_one,1
3394,848,1,16,35,16,2,8,34,False,False,False,0.06996066123247147,other,19
3395,848,1,44,24,44,8,2,34,False,False,False,0.021380705758929253,other,20
3396,849,0,19,17,19,0,15,34,False,False,False,0.02155785635113716,other,2
3397,849,0,48,17,48,15,0,15,False,False,False,0.016026891767978668,other,31
3398,849,1,48,17,48,0,15,15,False,False,False,0.02736763283610344,other,31
3399,849,1,19,17,19,15,0,27,False,False,False,0.027537332847714424,other,2
3400,850,0,6,17,6,7,14,34,False,False,False,0.04624960944056511,other,11
3401,850,0,18,17,18,14,7,15,False,False,True,0.032782670110464096,off_by_one,1
3402,850,1,18,17,18,7,14,18,False,False,True,0.03906869888305664,off_by_one,1
3403,850,1,6,43,6,14,7,15,False,False,False,0.03448593616485596,other,37
3404,851,0,28,0,28,16,22,34,False,False,False,0.044294051826000214,other,28
3405,851,0,13,17,13,22,16,15,False,False,False,0.03248380124568939,other,4
3406,851,1,13,17,13,16,22,34,False,False,False,0.04309167340397835,other,4
3407,851,1,28,17,28,22,16,34,False,False,False,0.027939338237047195,other,11
3408,852,0,32,17,32,31,14,32,False,False,False,0.022307636216282845,other,15
3409,852,0,2,17,2,14,31,15,False,False,False,0.016214748844504356,other,15
3410,852,1,2,17,2,31,14,32,False,False,False,0.018993964418768883,other,15
3411,852,1,32,43,32,14,31,32,False,False,False,0.02027236297726631,other,11
3412,853,0,19,17,19,18,7,34,False,False,False,0.03804796561598778,other,2
3413,853,0,24,32,24,7,18,34,False,False,False,0.012554580345749855,other,8
3414,853,1,24,17,24,18,7,34,False,False,False,0.015267365612089634,other,7
3415,853,1,19,17,19,7,18,18,False,False,False,0.027253340929746628,other,2
3416,854,0,18,32,18,12,15,7,False,False,False,0.04067732021212578,other,14
3417,854,0,33,31,33,15,12,15,False,False,False,0.011930293403565884,other,2
3418,854,1,33,17,33,12,15,18,False,False,False,0.0068445028737187386,other,16
3419,854,1,18,17,18,15,12,34,False,False,True,0.05834588408470154,off_by_one,1
3420,855,0,33,17,33,15,6,34,False,False,False,0.02788187377154827,other,16
3421,855,0,46,17,46,6,15,18,False,False,False,0.02759319543838501,other,29
3422,855,1,46,17,46,15,6,34,False,False,False,0.039316799491643906,other,29
3423,855,1,33,17,33,6,15,34,False,False,False,0.015987509861588478,other,16
3424,856,0,37,43,37,18,1,18,False,False,False,0.033649835735559464,other,6
3425,856,0,45,32,45,1,18,7,False,False,False,0.057594552636146545,other,13
3426,856,1,45,17,45,18,1,5,False,False,False,0.0591132678091526,other,28
3427,856,1,37,43,37,1,18,15,False,False,False,0.03242106735706329,other,6
3428,857,0,16,32,16,21,7,18,False,False,False,0.036460090428590775,other,16
3429,857,0,30,17,30,7,21,18,False,False,False,0.04127729311585426,other,13
3430,857,1,30,43,30,21,7,7,False,False,False,0.0388522669672966,other,13
3431,857,1,16,32,16,7,21,22,False,False,False,0.05165437236428261,other,16
3432,858,0,46,17,46,18,26,18,False,False,False,0.03542539104819298,other,29
3433,858,0,32,24,32,26,18,24,False,False,False,0.014287658035755157,other,8
3434,858,1,32,0,32,18,26,18,False,False,False,0.0237992312759161,other,32
3435,858,1,46,0,46,26,18,24,False,False,False,0.017724892124533653,other,46
3436,859,0,27,17,27,26,36,18,False,False,False,0.02865319512784481,other,10
3437,859,0,1,17,1,36,26,24,False,False,False,0.03458566218614578,other,16
3438,859,1,1,17,1,26,36,18,False,False,False,0.02901141531765461,other,16
3439,859,1,27,17,27,36,26,18,False,False,False,0.02856806106865406,other,10
3440,860,0,3,43,3,19,7,34,False,False,False,0.013529472053050995,other,40
3441,860,0,7,34,7,7,19,34,False,False,False,0.029440928250551224,other,27
3442,860,1,7,24,7,19,7,34,False,False,False,0.028484344482421875,other,17
3443,860,1,3,17,3,7,19,34,False,False,False,0.03085429221391678,other,14
3444,861,0,48,17,48,0,33,34,False,False,False,0.023303724825382233,other,31
3445,861,0,25,24,25,33,0,32,False,False,True,0.022526437416672707,off_by_one,1
3446,861,1,25,4,25,0,33,15,False,False,False,0.022529438138008118,other,21
3447,861,1,48,17,48,33,0,7,False,False,False,0.02834637090563774,other,31
3448,862,0,34,44,34,28,32,32,False,False,False,0.031177211552858353,other,10
3449,862,0,12,17,12,32,28,32,False,False,False,0.017751285806298256,other,5
3450,862,1,12,17,12,28,32,32,False,False,False,0.041323158890008926,other,5
3451,862,1,34,17,34,32,28,15,False,False,False,0.06400551646947861,other,17
3452,863,0,18,32,18,16,14,7,False,False,False,0.02016201987862587,other,14
3453,863,0,35,17,35,14,16,19,False,False,False,0.058353882282972336,other,18
3454,863,1,35,29,35,16,14,7,False,False,False,0.0606069453060627,other,6
3455,863,1,18,17,18,14,16,18,False,False,True,0.018266161903738976,off_by_one,1
3456,864,0,21,43,21,7,18,34,False,False,False,0.03530813381075859,other,22
3457,864,0,36,17,36,18,7,34,False,False,False,0.02320396527647972,other,19
3458,864,1,36,17,36,7,18,34,False,False,False,0.020885230973362923,other,19
3459,864,1,21,43,21,18,7,34,False,False,False,0.02335251122713089,other,22
3460,865,0,42,42,42,24,29,34,True,True,False,0.09697473049163818,correct,0
3461,865,0,17,31,17,29,24,18,False,False,False,0.042152680456638336,other,14
3462,865,1,17,17,17,24,29,34,True,True,False,0.04133468121290207,correct,0
3463,865,1,42,42,42,29,24,34,True,True,False,0.02887234278023243,correct,0
3464,866,0,24,27,24,17,20,7,False,False,False,0.020088765770196915,other,3
3465,866,0,17,17,17,20,17,5,True,True,False,0.034033309668302536,correct,0
3466,866,1,17,17,17,17,20,15,True,True,False,0.0343889482319355,correct,0
3467,866,1,24,32,24,20,17,7,False,False,False,0.018176186829805374,other,8
3468,867,0,42,42,42,27,36,34,True,True,False,0.06307965517044067,correct,0
3469,867,0,37,17,37,36,27,18,False,False,False,0.037937503308057785,other,20
3470,867,1,37,43,37,27,36,15,False,False,False,0.02726648561656475,other,6
3471,867,1,42,42,42,36,27,15,True,True,False,0.10262671113014221,correct,0
3472,868,0,36,17,36,15,24,34,False,False,False,0.011115732602775097,other,19
3473,868,0,8,8,8,24,15,18,True,True,False,0.03648815304040909,correct,0
3474,868,1,8,8,8,15,24,18,True,True,False,0.07178448885679245,correct,0
3475,868,1,36,17,36,24,15,34,False,False,False,0.014729593880474567,other,19
3476,869,0,36,17,36,6,10,18,False,False,False,0.02070683240890503,other,19
3477,869,0,33,32,33,10,6,18,False,False,True,0.042635079473257065,off_by_one,1
3478,869,1,33,17,33,6,10,18,False,False,False,0.033742114901542664,other,16
3479,869,1,36,17,36,10,6,18,False,False,False,0.004504492972046137,other,19
3480,870,0,42,7,42,0,6,7,False,False,False,0.07088585197925568,other,35
3481,870,0,34,24,34,6,0,34,False,False,False,0.01966596022248268,other,10
3482,870,1,34,35,34,0,6,34,False,False,True,0.02416672743856907,off_by_one,1
3483,870,1,42,42,42,6,0,18,True,True,False,0.1041155457496643,correct,0
3484,871,0,2,17,2,7,13,7,False,False,False,0.021348772570490837,other,15
3485,871,0,10,32,10,13,7,5,False,False,False,0.026495255529880524,other,22
3486,871,1,10,17,10,7,13,7,False,False,False,0.024276677519083023,other,7
3487,871,1,2,32,2,13,7,18,False,False,False,0.026006758213043213,other,30
3488,872,0,18,17,18,2,14,15,False,False,True,0.03586803749203682,off_by_one,1
3489,872,0,5,34,5,14,2,27,False,False,False,0.032812368124723434,other,29
3490,872,1,5,5,5,2,14,15,True,True,False,0.013066108338534832,correct,0
3491,872,1,18,17,18,14,2,18,False,False,True,0.04225413128733635,off_by_one,1
3492,873,0,1,17,1,26,38,18,False,False,False,0.019235782325267792,other,16
3493,873,0,18,17,18,38,26,18,False,False,True,0.020998407155275345,off_by_one,1
3494,873,1,18,17,18,26,38,18,False,False,True,0.008199449628591537,off_by_one,1
3495,873,1,1,17,1,38,26,15,False,False,False,0.04499172046780586,other,16
3496,874,0,22,31,22,12,17,5,False,False,False,0.07672307640314102,other,9
3497,874,0,19,17,19,17,12,15,False,False,False,0.04575338214635849,other,2
3498,874,1,19,17,19,12,17,18,False,False,False,0.026926076039671898,other,2
3499,874,1,22,43,22,17,12,15,False,False,False,0.07586580514907837,other,21
3500,875,0,47,5,47,8,12,18,False,False,False,0.031523026525974274,other,42
3501,875,0,44,24,44,12,8,18,False,False,False,0.012318330816924572,other,20
3502,875,1,44,32,44,8,12,18,False,False,False,0.02408488653600216,other,12
3503,875,1,47,24,47,12,8,24,False,False,False,0.02176835387945175,other,23
3504,876,0,33,17,33,16,14,27,False,False,False,0.014425832778215408,other,16
3505,876,0,7,7,7,14,16,32,True,True,False,0.02924436330795288,correct,0
3506,876,1,7,34,7,16,14,15,False,False,False,0.03481677547097206,other,27
3507,876,1,33,17,33,14,16,32,False,False,False,0.018923131749033928,other,16
3508,877,0,38,17,38,9,2,34,False,False,False,0.00955694355070591,other,21
3509,877,0,47,0,47,2,9,18,False,False,False,0.05803737789392471,other,47
3510,877,1,47,32,47,9,2,7,False,False,False,0.07341568171977997,other,15
3511,877,1,38,17,38,2,9,7,False,False,False,0.013295648619532585,other,21
3512,878,0,15,24,15,7,39,18,False,False,False,0.06220167875289917,other,9
3513,878,0,9,17,9,39,7,18,False,False,False,0.07907244563102722,other,8
3514,878,1,9,32,9,7,39,7,False,False,False,0.06695666909217834,other,23
3515,878,1,15,31,15,39,7,7,False,False,False,0.07454022765159607,other,16
3516,879,0,44,17,44,29,14,34,False,False,False,0.019956031814217567,other,27
3517,879,0,10,17,10,14,29,7,False,False,False,0.04244106635451317,other,7
3518,879,1,10,17,10,29,14,34,False,False,False,0.02674390748143196,other,7
3519,879,1,44,0,44,14,29,15,False,False,False,0.014402196742594242,other,44
3520,880,0,16,15,16,15,20,18,False,False,True,0.06552259624004364,off_by_one,1
3521,880,0,44,0,44,20,15,15,False,False,False,0.009123032912611961,other,44
3522,880,1,44,17,44,15,20,15,False,False,False,0.013289275579154491,other,27
3523,880,1,16,44,16,20,15,18,False,False,False,0.05202020704746246,other,28
3524,881,0,36,17,36,6,7,5,False,False,False,0.04816407710313797,other,19
3525,881,0,22,43,22,7,6,34,False,False,False,0.07682839035987854,other,21
3526,881,1,22,31,22,6,7,5,False,False,False,0.08075585961341858,other,9
3527,881,1,36,17,36,7,6,18,False,False,False,0.0332762785255909,other,19
3528,882,0,39,17,39,16,18,7,False,False,False,0.03280766308307648,other,22
3529,882,0,46,17,46,18,16,18,False,False,False,0.019720548763871193,other,29
3530,882,1,46,32,46,16,18,7,False,False,False,0.025179719552397728,other,14
3531,882,1,39,43,39,18,16,15,False,False,False,0.04513881355524063,other,4
3532,883,0,39,43,39,7,2,34,False,False,False,0.01677326299250126,other,4
3533,883,0,33,17,33,2,7,34,False,False,False,0.04781502112746239,other,16
3534,883,1,33,32,33,7,2,18,False,False,True,0.05409133806824684,off_by_one,1
3535,883,1,39,43,39,2,7,34,False,False,False,0.020487608388066292,other,4
3536,884,0,12,17,12,15,14,15,False,False,False,0.018247462809085846,other,5
3537,884,0,36,17,36,14,15,15,False,False,False,0.05288766324520111,other,19
3538,884,1,36,17,36,15,14,18,False,False,False,0.06650178134441376,other,19
3539,884,1,12,17,12,14,15,27,False,False,False,0.01732960157096386,other,5
3540,885,0,44,17,44,20,15,15,False,False,False,0.011650044471025467,other,27
3541,885,0,24,35,24,15,20,34,False,False,False,0.011362978257238865,other,11
3542,885,1,24,17,24,20,15,34,False,False,False,0.034349776804447174,other,7
3543,885,1,44,17,44,15,20,34,False,False,False,0.013604389503598213,other,27
3544,886,0,4,32,4,18,0,34,False,False,False,0.019008370116353035,other,28
3545,886,0,29,17,29,0,18,6,False,False,False,0.06623464822769165,other,12
3546,886,1,29,17,29,18,0,18,False,False,False,0.03555658087134361,other,12
3547,886,1,4,0,4,0,18,32,False,False,False,0.06012841686606407,other,4
3548,887,0,29,17,29,16,17,7,False,False,False,0.03113241121172905,other,12
3549,887,0,47,17,47,17,16,7,False,False,False,0.026131585240364075,other,30
3550,887,1,47,32,47,16,17,32,False,False,False,0.012195168063044548,other,15
3551,887,1,29,17,29,17,16,32,False,False,False,0.04165271297097206,other,12
3552,888,0,23,24,23,6,12,18,False,False,True,0.013329703360795975,off_by_one,1
3553,888,0,9,17,9,12,6,18,False,False,False,0.06627579033374786,other,8
3554,888,1,9,17,9,6,12,22,False,False,False,0.06638731807470322,other,8
3555,888,1,23,4,23,12,6,34,False,False,False,0.020964231342077255,other,19
3556,889,0,3,17,3,6,20,34,False,False,False,0.030802307650446892,other,14
3557,889,0,23,35,23,20,6,18,False,False,False,0.04728934168815613,other,12
3558,889,1,23,35,23,6,20,18,False,False,False,0.014639840461313725,other,12
3559,889,1,3,17,3,20,6,18,False,False,False,0.02539185807108879,other,14
3560,890,0,14,17,14,25,0,32,False,False,False,0.025967901572585106,other,3
3561,890,0,26,27,26,0,25,32,False,False,True,0.011709841899573803,off_by_one,1
3562,890,1,26,4,26,25,0,32,False,False,False,0.006616060622036457,other,22
3563,890,1,14,17,14,0,25,22,False,False,False,0.04049254208803177,other,3
3564,891,0,32,0,32,15,7,15,False,False,False,0.0055693103931844234,other,32
3565,891,0,11,17,11,7,15,18,False,False,False,0.01839875616133213,other,6
3566,891,1,11,17,11,15,7,32,False,False,False,0.03250643238425255,other,6
3567,891,1,32,17,32,7,15,7,False,False,False,0.02122386544942856,other,15
3568,892,0,46,17,46,18,6,18,False,False,False,0.056492879986763,other,29
3569,892,0,31,17,31,6,18,7,False,False,False,0.027212368324398994,other,14
3570,892,1,31,0,31,18,6,34,False,False,False,0.05964364483952522,other,31
3571,892,1,46,17,46,6,18,34,False,False,False,0.04464529827237129,other,29
3572,893,0,30,43,30,27,17,32,False,False,False,0.010024159215390682,other,13
3573,893,0,42,15,42,17,27,32,False,False,False,0.03531359136104584,other,27
3574,893,1,42,42,42,27,17,27,True,True,False,0.011691702529788017,correct,0
3575,893,1,30,17,30,17,27,32,False,False,False,0.0162107702344656,other,13
3576,894,0,48,43,48,14,0,7,False,False,False,0.03042452409863472,other,5
3577,894,0,35,17,35,0,14,32,False,False,False,0.055052921175956726,other,18
3578,894,1,35,31,35,14,0,7,False,False,False,0.07000461965799332,other,4
3579,894,1,48,43,48,0,14,15,False,False,False,0.015547831542789936,other,5
3580,895,0,31,0,31,8,19,18,False,False,False,0.03419393301010132,other,31
3581,895,0,44,4,44,19,8,24,False,False,False,0.020956311374902725,other,40
3582,895,1,44,24,44,8,19,18,False,False,False,0.0301947183907032,other,20
3583,895,1,31,17,31,19,8,18,False,False,False,0.04615379869937897,other,14
3584,896,0,6,17,6,15,25,32,False,False,False,0.09267643839120865,other,11
3585,896,0,18,17,18,25,15,22,False,False,True,0.016868779435753822,off_by_one,1
3586,896,1,18,17,18,15,25,22,False,False,True,0.025354372337460518,off_by_one,1
3587,896,1,6,1,6,25,15,32,False,False,False,0.04494761675596237,other,5
3588,897,0,24,17,24,15,7,15,False,False,False,0.017506932839751244,other,7
3589,897,0,46,24,46,7,15,15,False,False,False,0.011400583200156689,other,22
3590,897,1,46,17,46,15,7,15,False,False,False,0.02744571678340435,other,29
3591,897,1,24,32,24,7,15,18,False,False,False,0.012866039760410786,other,8
3592,898,0,10,32,10,6,36,5,False,False,False,0.050819091498851776,other,22
3593,898,0,46,17,46,36,6,34,False,False,False,0.030762402340769768,other,29
3594,898,1,46,17,46,6,36,7,False,False,False,0.026089711114764214,other,29
3595,898,1,10,0,10,36,6,18,False,False,False,0.07858169078826904,other,10
3596,899,0,5,5,5,16,15,27,True,True,False,0.01688370108604431,correct,0
3597,899,0,47,17,47,15,16,34,False,False,False,0.01977544277906418,other,30
3598,899,1,47,0,47,16,15,15,False,False,False,0.018073972314596176,other,47
3599,899,1,5,34,5,15,16,15,False,False,False,0.014581426046788692,other,29
3600,900,0,10,0,10,19,6,18,False,False,False,0.05624335631728172,other,10
3601,900,0,18,17,18,6,19,18,False,False,True,0.02511359006166458,off_by_one,1
3602,900,1,18,17,18,19,6,18,False,False,True,0.04210363328456879,off_by_one,1
3603,900,1,10,17,10,6,19,18,False,False,False,0.02685815468430519,other,7
3604,901,0,44,17,44,12,14,34,False,False,False,0.009065682999789715,other,27
3605,901,0,5,5,5,14,12,34,True,True,False,0.027843713760375977,correct,0
3606,901,1,5,15,5,12,14,34,False,False,False,0.018858224153518677,other,10
3607,901,1,44,17,44,14,12,7,False,False,False,0.014231816865503788,other,27
3608,902,0,36,17,36,16,7,32,False,False,False,0.008538703434169292,other,19
3609,902,0,5,24,5,7,16,32,False,False,False,0.07819326221942902,other,19
3610,902,1,5,15,5,16,7,32,False,False,False,0.04926998168230057,other,10
3611,902,1,36,17,36,7,16,34,False,False,False,0.027674315497279167,other,19
3612,903,0,24,17,24,14,36,18,False,False,False,0.014841095544397831,other,7
3613,903,0,33,17,33,36,14,15,False,False,False,0.006203728727996349,other,16
3614,903,1,33,17,33,14,36,15,False,False,False,0.008224493823945522,other,16
3615,903,1,24,4,24,36,14,24,False,False,False,0.01652722805738449,other,20
3616,904,0,39,17,39,20,24,18,False,False,False,0.02605440653860569,other,22
3617,904,0,40,17,40,24,20,18,False,False,False,0.01820532977581024,other,23
3618,904,1,40,24,40,20,24,18,False,False,False,0.019902871921658516,other,16
3619,904,1,39,17,39,24,20,18,False,False,False,0.019294213503599167,other,22
3620,905,0,12,0,12,39,24,7,False,False,False,0.01685583032667637,other,12
3621,905,0,32,17,32,24,39,7,False,False,False,0.04526340216398239,other,15
3622,905,1,32,4,32,39,24,15,False,False,False,0.037440381944179535,other,28
3623,905,1,12,17,12,24,39,15,False,False,False,0.039078421890735626,other,5
3624,906,0,18,17,18,14,7,18,False,False,True,0.019804906100034714,off_by_one,1
3625,906,0,13,17,13,7,14,18,False,False,False,0.03317826986312866,other,4
3626,906,1,13,17,13,14,7,15,False,False,False,0.06251614540815353,other,4
3627,906,1,18,17,18,7,14,18,False,False,True,0.012665637768805027,off_by_one,1
3628,907,0,31,31,31,6,36,5,True,True,False,0.053323496133089066,correct,0
3629,907,0,15,4,15,36,6,24,False,False,False,0.043050799518823624,other,11
3630,907,1,15,32,15,6,36,32,False,False,False,0.046155743300914764,other,17
3631,907,1,31,0,31,36,6,15,False,False,False,0.04791921749711037,other,31
3632,908,0,20,0,20,6,12,7,False,False,False,0.05793827027082443,other,20
3633,908,0,0,43,0,12,6,18,False,False,False,0.036050524562597275,other,43
3634,908,1,0,17,0,6,12,7,False,False,False,0.02118716388940811,other,17
3635,908,1,20,17,20,12,6,6,False,False,False,0.07617956399917603,other,3
3636,909,0,8,8,8,6,19,22,True,True,False,0.11007692664861679,correct,0
3637,909,0,14,17,14,19,6,34,False,False,False,0.05038338899612427,other,3
3638,909,1,14,17,14,6,19,6,False,False,False,0.04681600257754326,other,3
3639,909,1,8,45,8,19,6,7,False,False,False,0.12454193085432053,other,37
3640,910,0,18,17,18,18,6,18,False,False,True,0.028978602960705757,off_by_one,1
3641,910,0,5,34,5,6,18,18,False,False,False,0.01975358836352825,other,29
3642,910,1,5,34,5,18,6,15,False,False,False,0.03461367264389992,other,29
3643,910,1,18,17,18,6,18,18,False,False,True,0.020641490817070007,off_by_one,1
3644,911,0,5,5,5,7,18,34,True,True,False,0.012588400393724442,correct,0
3645,911,0,48,17,48,18,7,34,False,False,False,0.04799479618668556,other,31
3646,911,1,48,17,48,7,18,22,False,False,False,0.044980037957429886,other,31
3647,911,1,5,15,5,18,7,34,False,False,False,0.019678357988595963,other,10
3648,912,0,48,32,48,15,16,7,False,False,False,0.01475799735635519,other,16
3649,912,0,13,0,13,16,15,15,False,False,False,0.036884091794490814,other,13
3650,912,1,13,17,13,15,16,34,False,False,False,0.026935063302516937,other,4
3651,912,1,48,0,48,16,15,15,False,False,False,0.013686200603842735,other,48
3652,913,0,14,17,14,19,6,34,False,False,False,0.034399792551994324,other,3
3653,913,0,36,17,36,6,19,5,False,False,False,0.027971334755420685,other,19
3654,913,1,36,17,36,19,6,34,False,False,False,0.03399048373103142,other,19
3655,913,1,14,32,14,6,19,7,False,False,False,0.034361958503723145,other,18
3656,914,0,34,24,34,6,1,34,False,False,False,0.017237268388271332,other,10
3657,914,0,26,24,26,1,6,34,False,False,False,0.007358607370406389,other,2
3658,914,1,26,24,26,6,1,34,False,False,False,0.005966472905129194,other,2
3659,914,1,34,24,34,1,6,34,False,False,False,0.01987944357097149,other,10
3660,915,0,3,32,3,16,6,7,False,False,False,0.0530935600399971,other,29
3661,915,0,8,8,8,6,16,7,True,True,False,0.05238793045282364,correct,0
3662,915,1,8,17,8,16,6,7,False,False,False,0.04919684678316116,other,9
3663,915,1,3,43,3,6,16,18,False,False,False,0.04389146715402603,other,40
3664,916,0,37,17,37,14,6,7,False,False,False,0.043449968099594116,other,20
3665,916,0,33,32,33,6,14,7,False,False,True,0.02162686176598072,off_by_one,1
3666,916,1,33,17,33,14,6,18,False,False,False,0.02412961982190609,other,16
3667,916,1,37,43,37,6,14,15,False,False,False,0.009673036634922028,other,6
3668,917,0,37,43,37,22,14,34,False,False,False,0.01266711950302124,other,6
3669,917,0,3,17,3,14,22,34,False,False,False,0.059768449515104294,other,14
3670,917,1,3,43,3,22,14,15,False,False,False,0.03468213602900505,other,40
3671,917,1,37,17,37,14,22,7,False,False,False,0.02761511132121086,other,20
3672,918,0,40,17,40,31,28,32,False,False,False,0.03189731761813164,other,23
3673,918,0,36,17,36,28,31,27,False,False,False,0.007488702889531851,other,19
3674,918,1,36,17,36,31,28,7,False,False,False,0.006787494756281376,other,19
3675,918,1,40,4,40,28,31,27,False,False,False,0.014227821491658688,other,36
3676,919,0,32,17,32,7,36,7,False,False,False,0.04113363102078438,other,15
3677,919,0,39,43,39,36,7,18,False,False,False,0.026936238631606102,other,4
3678,919,1,39,43,39,7,36,18,False,False,False,0.02902110479772091,other,4
3679,919,1,32,0,32,36,7,18,False,False,False,0.029050912708044052,other,32
3680,920,0,25,24,25,12,17,34,False,False,True,0.021790659055113792,off_by_one,1
3681,920,0,35,4,35,17,12,7,False,False,False,0.013769828714430332,other,31
3682,920,1,35,24,35,12,17,34,False,False,False,0.010732275433838367,other,11
3683,920,1,25,35,25,17,12,15,False,False,False,0.015547129325568676,other,10
3684,921,0,16,4,16,2,6,18,False,False,False,0.010725489817559719,other,12
3685,921,0,47,24,47,6,2,18,False,False,False,0.03400282561779022,other,23
3686,921,1,47,44,47,2,6,18,False,False,False,0.030330661684274673,other,3
3687,921,1,16,4,16,6,2,18,False,False,False,0.006665561813861132,other,12
3688,922,0,40,17,40,2,14,18,False,False,False,0.01840096525847912,other,23
3689,922,0,13,0,13,14,2,7,False,False,False,0.035902321338653564,other,13
3690,922,1,13,2,13,2,14,15,False,False,False,0.028517335653305054,other,11
3691,922,1,40,24,40,14,2,7,False,False,False,0.016388792544603348,other,16
3692,923,0,31,43,31,15,20,34,False,False,False,0.04358910396695137,other,12
3693,923,0,44,17,44,20,15,15,False,False,False,0.011295344680547714,other,27
3694,923,1,44,17,44,15,20,34,False,False,False,0.0138798663392663,other,27
3695,923,1,31,17,31,20,15,15,False,False,False,0.030996263027191162,other,14
3696,924,0,42,5,42,7,16,15,False,False,False,0.07076980173587799,other,37
3697,924,0,38,24,38,16,7,7,False,False,False,0.0299916360527277,other,14
3698,924,1,38,17,38,7,16,15,False,False,False,0.02082672528922558,other,21
3699,924,1,42,5,42,16,7,27,False,False,False,0.03704124316573143,other,37
3700,925,0,9,17,9,20,9,15,False,False,False,0.01660085842013359,other,8
3701,925,0,45,32,45,9,20,7,False,False,False,0.023903148248791695,other,13
3702,925,1,45,17,45,20,9,34,False,False,False,0.03219088539481163,other,28
3703,925,1,9,17,9,9,20,34,False,False,False,0.01231912337243557,other,8
3704,926,0,27,17,27,14,17,32,False,False,False,0.011546558700501919,other,10
3705,926,0,16,15,16,17,14,15,False,False,True,0.08679544925689697,off_by_one,1
3706,926,1,16,17,16,14,17,34,False,False,True,0.0932830423116684,off_by_one,1
3707,926,1,27,17,27,17,14,16,False,False,False,0.02594894915819168,other,10
3708,927,0,45,4,45,1,4,15,False,False,False,0.007947870530188084,other,41
3709,927,0,19,17,19,4,1,18,False,False,False,0.015561479143798351,other,2
3710,927,1,19,43,19,1,4,18,False,False,False,0.018596883863210678,other,24
3711,927,1,45,17,45,4,1,18,False,False,False,0.00910286232829094,other,28
3712,928,0,24,17,24,17,27,7,False,False,False,0.011616630479693413,other,7
3713,928,0,7,8,7,27,17,15,False,False,True,0.061148375272750854,off_by_one,1
3714,928,1,7,44,7,17,27,7,False,False,False,0.5259387493133545,other,37
3715,928,1,24,0,24,27,17,15,False,False,False,0.015342528000473976,other,24
3716,929,0,8,8,8,18,39,18,True,True,False,0.023803958669304848,correct,0
3717,929,0,20,0,20,39,18,18,False,False,False,0.028774896636605263,other,20
3718,929,1,20,17,20,18,39,18,False,False,False,0.038288138806819916,other,3
3719,929,1,8,45,8,39,18,18,False,False,False,0.011875820346176624,other,37
3720,930,0,0,17,0,22,7,34,False,False,False,0.04441649839282036,other,17
3721,930,0,8,8,8,7,22,6,True,True,False,0.01145804300904274,correct,0
3722,930,1,8,8,8,22,7,22,True,True,False,0.00972745567560196,correct,0
3723,930,1,0,17,0,7,22,18,False,False,False,0.05891139432787895,other,17
3724,931,0,25,24,25,15,6,18,False,False,True,0.008480159565806389,off_by_one,1
3725,931,0,23,24,23,6,15,18,False,False,True,0.022046124562621117,off_by_one,1
3726,931,1,23,27,23,15,6,15,False,False,False,0.03595377132296562,other,4
3727,931,1,25,24,25,6,15,18,False,False,True,0.008697371929883957,off_by_one,1
3728,932,0,47,17,47,1,14,32,False,False,False,0.016955330967903137,other,30
3729,932,0,15,17,15,14,1,18,False,False,False,0.03558913990855217,other,2
3730,932,1,15,11,15,1,14,7,False,False,False,0.00734832463786006,other,4
3731,932,1,47,17,47,14,1,15,False,False,False,0.012055263854563236,other,30
3732,933,0,14,17,14,17,14,15,False,False,False,0.00711415708065033,other,3
3733,933,0,9,17,9,14,17,34,False,False,False,0.014586254954338074,other,8
3734,933,1,9,17,9,17,14,15,False,False,False,0.0051744491793215275,other,8
3735,933,1,14,17,14,14,17,27,False,False,False,0.014282393269240856,other,3
3736,934,0,11,28,11,15,7,16,False,False,False,0.038554899394512177,other,17
3737,934,0,29,17,29,7,15,7,False,False,False,0.01403759978711605,other,12
3738,934,1,29,17,29,15,7,32,False,False,False,0.03415556252002716,other,12
3739,934,1,11,17,11,7,15,18,False,False,False,0.026373447850346565,other,6
3740,935,0,12,17,12,18,16,34,False,False,False,0.0048066689632833,other,5
3741,935,0,29,17,29,16,18,34,False,False,False,0.0255067627876997,other,12
3742,935,1,29,17,29,18,16,34,False,False,False,0.008695803582668304,other,12
3743,935,1,12,17,12,16,18,34,False,False,False,0.013002842664718628,other,5
3744,936,0,13,27,13,8,13,18,False,False,False,0.0306130088865757,other,14
3745,936,0,15,15,15,13,8,18,True,True,False,0.057580139487981796,correct,0
3746,936,1,15,15,15,8,13,22,True,True,False,0.0599801130592823,correct,0
3747,936,1,13,17,13,13,8,15,False,False,False,0.02628140337765217,other,4
3748,937,0,1,17,1,18,6,7,False,False,False,0.027704881504178047,other,16
3749,937,0,32,17,32,6,18,15,False,False,False,0.028516102582216263,other,15
3750,937,1,32,17,32,18,6,18,False,False,False,0.0243514496833086,other,15
3751,937,1,1,17,1,6,18,34,False,False,False,0.03348899632692337,other,16
3752,938,0,4,17,4,6,2,34,False,False,False,0.034004732966423035,other,13
3753,938,0,28,0,28,2,6,19,False,False,False,0.04308546707034111,other,28
3754,938,1,28,17,28,6,2,22,False,False,False,0.030335133895277977,other,11
3755,938,1,4,32,4,2,6,34,False,False,False,0.015160477720201015,other,28
3756,939,0,19,17,19,15,16,15,False,False,False,0.020192181691527367,other,2
3757,939,0,7,44,7,16,15,27,False,False,False,0.04955894500017166,other,37
3758,939,1,7,7,7,15,16,34,True,True,False,0.03693870082497597,correct,0
3759,939,1,19,32,19,16,15,7,False,False,False,0.027724476531147957,other,13
3760,940,0,24,44,24,39,20,15,False,False,False,0.014017453417181969,other,20
3761,940,0,0,32,0,20,39,7,False,False,False,0.01710156910121441,other,32
3762,940,1,0,17,0,39,20,18,False,False,False,0.03505614027380943,other,17
3763,940,1,24,32,24,20,39,18,False,False,False,0.015275278128683567,other,8
3764,941,0,18,32,18,15,12,7,False,False,False,0.01779709942638874,other,14
3765,941,0,28,27,28,12,15,18,False,False,True,0.002486559795215726,off_by_one,1
3766,941,1,28,27,28,15,12,15,False,False,True,0.006081348285079002,off_by_one,1
3767,941,1,18,17,18,12,15,18,False,False,True,0.011474794708192348,off_by_one,1
3768,942,0,20,17,20,1,14,7,False,False,False,0.032016947865486145,other,3
3769,942,0,38,17,38,14,1,32,False,False,False,0.016177434474229813,other,21
3770,942,1,38,17,38,1,14,15,False,False,False,0.014612364582717419,other,21
3771,942,1,20,43,20,14,1,15,False,False,False,0.020881522446870804,other,23
3772,943,0,24,44,24,7,11,7,False,False,False,0.009183296002447605,other,20
3773,943,0,31,17,31,11,7,15,False,False,False,0.033611100167036057,other,14
3774,943,1,31,17,31,7,11,7,False,False,False,0.017537401989102364,other,14
3775,943,1,24,0,24,11,7,15,False,False,False,0.0154489791020751,other,24
3776,944,0,32,17,32,7,0,7,False,False,False,0.016252310946583748,other,15
3777,944,0,34,4,34,0,7,27,False,False,False,0.019074978306889534,other,30
3778,944,1,34,24,34,7,0,32,False,False,False,0.010021104477345943,other,10
3779,944,1,32,17,32,0,7,34,False,False,False,0.026582464575767517,other,15
3780,945,0,29,17,29,16,20,34,False,False,False,0.014378776773810387,other,12
3781,945,0,3,17,3,20,16,5,False,False,False,0.0372467115521431,other,14
3782,945,1,3,17,3,16,20,34,False,False,False,0.044591568410396576,other,14
3783,945,1,29,17,29,20,16,27,False,False,False,0.010339576750993729,other,12
3784,946,0,4,17,4,14,16,32,False,False,False,0.02649718150496483,other,13
3785,946,0,22,43,22,16,14,32,False,False,False,0.03382998704910278,other,21
3786,946,1,22,32,22,14,16,7,False,False,False,0.03317733854055405,other,10
3787,946,1,4,0,4,16,14,32,False,False,False,0.014981810003519058,other,4
3788,947,0,4,32,4,18,15,34,False,False,False,0.016353482380509377,other,28
3789,947,0,48,17,48,15,18,15,False,False,False,0.03803781047463417,other,31
3790,947,1,48,17,48,18,15,34,False,False,False,0.027816670015454292,other,31
3791,947,1,4,4,4,15,18,34,True,True,False,0.010858594439923763,correct,0
3792,948,0,15,4,15,6,24,24,False,False,False,0.08967139571905136,other,11
3793,948,0,8,0,8,24,6,5,False,False,False,0.17074865102767944,other,8
3794,948,1,8,8,8,6,24,18,True,True,False,0.11413370817899704,correct,0
3795,948,1,15,42,15,24,6,18,False,False,False,0.08258333057165146,other,27
3796,949,0,7,7,7,15,9,34,True,True,False,0.03936396911740303,correct,0
3797,949,0,26,24,26,9,15,34,False,False,False,0.00651742797344923,other,2
3798,949,1,26,24,26,15,9,34,False,False,False,0.007161601446568966,other,2
3799,949,1,7,34,7,9,15,7,False,False,False,0.05565739795565605,other,27
3800,950,0,42,5,42,14,7,15,False,False,False,0.03826410323381424,other,37
3801,950,0,22,32,22,7,14,18,False,False,False,0.019632328301668167,other,10
3802,950,1,22,17,22,14,7,15,False,False,False,0.043747179210186005,other,5
3803,950,1,42,15,42,7,14,15,False,False,False,0.04326756298542023,other,27
3804,951,0,32,17,32,7,6,34,False,False,False,0.04789324477314949,other,15
3805,951,0,5,24,5,6,7,34,False,False,False,0.046967051923274994,other,19
3806,951,1,5,5,5,7,6,34,True,True,False,0.03754017502069473,correct,0
3807,951,1,32,17,32,6,7,7,False,False,False,0.039486583322286606,other,15
3808,952,0,22,43,22,2,10,18,False,False,False,0.02868509292602539,other,21
3809,952,0,47,32,47,10,2,34,False,False,False,0.0309030432254076,other,15
3810,952,1,47,17,47,2,10,18,False,False,False,0.01915714330971241,other,30
3811,952,1,22,0,22,10,2,7,False,False,False,0.0444628968834877,other,22
3812,953,0,16,17,16,6,18,6,False,False,True,0.12834082543849945,off_by_one,1
3813,953,0,40,17,40,18,6,34,False,False,False,0.02455819584429264,other,23
3814,953,1,40,17,40,6,18,22,False,False,False,0.027655920013785362,other,23
3815,953,1,16,15,16,18,6,34,False,False,True,0.0961056649684906,off_by_one,1
3816,954,0,9,17,9,2,19,18,False,False,False,0.03877077251672745,other,8
3817,954,0,42,42,42,19,2,34,True,True,False,0.0462041050195694,correct,0
3818,954,1,42,42,42,2,19,34,True,True,False,0.018444867804646492,correct,0
3819,954,1,9,17,9,19,2,34,False,False,False,0.050709668546915054,other,8
3820,955,0,43,17,43,7,15,7,False,False,False,0.030826536938548088,other,26
3821,955,0,12,17,12,15,7,16,False,False,False,0.04885126277804375,other,5
3822,955,1,12,17,12,7,15,18,False,False,False,0.052614253014326096,other,5
3823,955,1,43,17,43,15,7,18,False,False,False,0.03181760013103485,other,26
3824,956,0,17,0,17,2,6,18,False,False,False,0.010972791351377964,other,17
3825,956,0,22,17,22,6,2,18,False,False,False,0.08650252968072891,other,5
3826,956,1,22,43,22,2,6,34,False,False,False,0.09919114410877228,other,21
3827,956,1,17,17,17,6,2,15,True,True,False,0.010998903773725033,correct,0
3828,957,0,38,17,38,15,7,34,False,False,False,0.015223190188407898,other,21
3829,957,0,37,43,37,7,15,34,False,False,False,0.03502420336008072,other,6
3830,957,1,37,43,37,15,7,15,False,False,False,0.011111718602478504,other,6
3831,957,1,38,17,38,7,15,15,False,False,False,0.014947420917451382,other,21
3832,958,0,38,17,38,3,12,18,False,False,False,0.017799323424696922,other,21
3833,958,0,14,17,14,12,3,34,False,False,False,0.028240235522389412,other,3
3834,958,1,14,0,14,3,12,18,False,False,False,0.030813338235020638,other,14
3835,958,1,38,17,38,12,3,34,False,False,False,0.017450416460633278,other,21
3836,959,0,16,15,16,8,6,22,False,False,True,0.018013697117567062,off_by_one,1
3837,959,0,48,43,48,6,8,18,False,False,False,0.013301890343427658,other,5
3838,959,1,48,17,48,8,6,18,False,False,False,0.010026885196566582,other,31
3839,959,1,16,32,16,6,8,5,False,False,False,0.031618669629096985,other,16
3840,960,0,36,17,36,18,7,34,False,False,False,0.016473382711410522,other,19
3841,960,0,18,17,18,7,18,34,False,False,True,0.05177732929587364,off_by_one,1
3842,960,1,18,32,18,18,7,18,False,False,False,0.043962325900793076,other,14
3843,960,1,36,43,36,7,18,34,False,False,False,0.011036898009479046,other,7
3844,961,0,1,17,1,15,16,32,False,False,False,0.009237340651452541,other,16
3845,961,0,21,43,21,16,15,32,False,False,False,0.04377279430627823,other,22
3846,961,1,21,43,21,15,16,18,False,False,False,0.028760798275470734,other,22
3847,961,1,1,17,1,16,15,32,False,False,False,0.03270929679274559,other,16
3848,962,0,20,17,20,6,24,6,False,False,False,0.049481067806482315,other,3
3849,962,0,24,32,24,24,6,34,False,False,False,0.01252497173845768,other,8
3850,962,1,24,32,24,6,24,34,False,False,False,0.013265574350953102,other,8
3851,962,1,20,43,20,24,6,34,False,False,False,0.045481421053409576,other,23
3852,963,0,23,24,23,20,24,34,False,False,True,0.020372256636619568,off_by_one,1
3853,963,0,28,17,28,24,20,18,False,False,False,0.009734535589814186,other,11
3854,963,1,28,17,28,20,24,15,False,False,False,0.020959284156560898,other,11
3855,963,1,23,24,23,24,20,18,False,False,True,0.014456766657531261,off_by_one,1
3856,964,0,2,17,2,0,7,15,False,False,False,0.02334757149219513,other,15
3857,964,0,40,17,40,7,0,15,False,False,False,0.005409721750766039,other,23
3858,964,1,40,17,40,0,7,15,False,False,False,0.006384238135069609,other,23
3859,964,1,2,17,2,7,0,15,False,False,False,0.006334876641631126,other,15
3860,965,0,44,17,44,26,27,34,False,False,False,0.012896962463855743,other,27
3861,965,0,6,0,6,27,26,15,False,False,False,0.046175453811883926,other,6
3862,965,1,6,32,6,26,27,18,False,False,False,0.026964690536260605,other,26
3863,965,1,44,0,44,27,26,18,False,False,False,0.028382081538438797,other,44
3864,966,0,18,17,18,0,18,34,False,False,True,0.04451078176498413,off_by_one,1
3865,966,0,32,17,32,18,0,34,False,False,False,0.017516326159238815,other,15
3866,966,1,32,17,32,0,18,34,False,False,False,0.009003452956676483,other,15
3867,966,1,18,17,18,18,0,7,False,False,True,0.03825141116976738,off_by_one,1
3868,967,0,48,17,48,6,7,18,False,False,False,0.0345638245344162,other,31
3869,967,0,13,17,13,7,6,18,False,False,False,0.04860642924904823,other,4
3870,967,1,13,17,13,6,7,18,False,False,False,0.029508618637919426,other,4
3871,967,1,48,32,48,7,6,18,False,False,False,0.03398415073752403,other,16
3872,968,0,18,17,18,15,8,18,False,False,True,0.029023606330156326,off_by_one,1
3873,968,0,26,24,26,8,15,15,False,False,False,0.014380416832864285,other,2
3874,968,1,26,24,26,15,8,18,False,False,False,0.02771567925810814,other,2
3875,968,1,18,17,18,8,15,5,False,False,True,0.026228226721286774,off_by_one,1
3876,969,0,27,17,27,7,15,15,False,False,False,0.008972078561782837,other,10
3877,969,0,45,32,45,15,7,34,False,False,False,0.04220309853553772,other,13
3878,969,1,45,32,45,7,15,7,False,False,False,0.03041163459420204,other,13
3879,969,1,27,17,27,15,7,15,False,False,False,0.02803635038435459,other,10
3880,970,0,12,17,12,17,7,7,False,False,False,0.040677107870578766,other,5
3881,970,0,31,32,31,7,17,7,False,False,True,0.019779862836003304,off_by_one,1
3882,970,1,31,17,31,17,7,7,False,False,False,0.0546388253569603,other,14
3883,970,1,12,32,12,7,17,7,False,False,False,0.03526252135634422,other,20
3884,971,0,25,4,25,18,6,18,False,False,False,0.012835804373025894,other,21
3885,971,0,40,0,40,6,18,15,False,False,False,0.016267836093902588,other,40
3886,971,1,40,17,40,18,6,18,False,False,False,0.02558974176645279,other,23
3887,971,1,25,24,25,6,18,18,False,False,True,0.011139092035591602,off_by_one,1
3888,972,0,33,17,33,6,16,18,False,False,False,0.02067212015390396,other,16
3889,972,0,14,32,14,16,6,7,False,False,False,0.0189813319593668,other,18
3890,972,1,14,17,14,6,16,15,False,False,False,0.028085358440876007,other,3
3891,972,1,33,29,33,16,6,7,False,False,False,0.04712500795722008,other,4
3892,973,0,8,8,8,7,18,7,True,True,False,0.010812378488481045,correct,0
3893,973,0,45,32,45,18,7,34,False,False,False,0.02045653574168682,other,13
3894,973,1,45,24,45,7,18,7,False,False,False,0.019632048904895782,other,21
3895,973,1,8,8,8,18,7,19,True,True,False,0.02489525079727173,correct,0
3896,974,0,8,8,8,32,0,18,True,True,False,0.05136885121464729,correct,0
3897,974,0,37,43,37,0,32,7,False,False,False,0.02125857211649418,other,6
3898,974,1,37,43,37,32,0,7,False,False,False,0.018365291878581047,other,6
3899,974,1,8,8,8,0,32,22,True,True,False,0.07400081306695938,correct,0
3900,975,0,4,32,4,24,0,32,False,False,False,0.037874605506658554,other,28
3901,975,0,12,17,12,0,24,22,False,False,False,0.03206481412053108,other,5
3902,975,1,12,17,12,24,0,22,False,False,False,0.011467205360531807,other,5
3903,975,1,4,17,4,0,24,32,False,False,False,0.07128328084945679,other,13
3904,976,0,24,32,24,7,17,5,False,False,False,0.017463266849517822,other,8
3905,976,0,41,24,41,17,7,15,False,False,False,0.09192885458469391,other,17
3906,976,1,41,1,41,7,17,15,False,False,False,0.022577842697501183,other,40
3907,976,1,24,0,24,17,7,7,False,False,False,0.012533199042081833,other,24
3908,977,0,48,32,48,15,16,27,False,False,False,0.03449571505188942,other,16
3909,977,0,0,17,0,16,15,37,False,False,False,0.03306223079562187,other,17
3910,977,1,0,17,0,15,16,7,False,False,False,0.030475234612822533,other,17
3911,977,1,48,17,48,16,15,7,False,False,False,0.03264620900154114,other,31
3912,978,0,9,17,9,3,16,18,False,False,False,0.03210679814219475,other,8
3913,978,0,13,0,13,16,3,15,False,False,False,0.052854377776384354,other,13
3914,978,1,13,17,13,3,16,34,False,False,False,0.029822273179888725,other,4
3915,978,1,9,17,9,16,3,15,False,False,False,0.03954392671585083,other,8
3916,979,0,39,17,39,12,16,18,False,False,False,0.02297990396618843,other,22
3917,979,0,29,17,29,16,12,34,False,False,False,0.027673380449414253,other,12
3918,979,1,29,17,29,12,16,18,False,False,False,0.016804618760943413,other,12
3919,979,1,39,43,39,16,12,7,False,False,False,0.024995196610689163,other,4
3920,980,0,8,8,8,12,15,18,True,True,False,0.07107308506965637,correct,0
3921,980,0,43,43,43,15,12,34,True,True,False,0.02171691507101059,correct,0
3922,980,1,43,43,43,12,15,18,True,True,False,0.013235337100923061,correct,0
3923,980,1,8,8,8,15,12,6,True,True,False,0.079591765999794,correct,0
3924,981,0,44,0,44,27,18,15,False,False,False,0.015447544865310192,other,44
3925,981,0,16,34,16,18,27,18,False,False,False,0.07753729820251465,other,18
3926,981,1,16,29,16,27,18,18,False,False,False,0.05633842945098877,other,13
3927,981,1,44,4,44,18,27,7,False,False,False,0.020813211798667908,other,40
3928,982,0,34,24,34,4,3,34,False,False,False,0.008804922923445702,other,10
3929,982,0,17,17,17,3,4,18,True,True,False,0.032892633229494095,correct,0
3930,982,1,17,17,17,4,3,18,True,True,False,0.039815809577703476,correct,0
3931,982,1,34,35,34,3,4,18,False,False,True,0.0037202041130512953,off_by_one,1
3932,983,0,42,42,42,7,6,34,True,True,False,0.0457320474088192,correct,0
3933,983,0,38,17,38,6,7,34,False,False,False,0.0059844208881258965,other,21
3934,983,1,38,17,38,7,6,34,False,False,False,0.006259337533265352,other,21
3935,983,1,42,42,42,6,7,22,True,True,False,0.03728731349110603,correct,0
3936,984,0,38,17,38,37,7,7,False,False,False,0.009050699882209301,other,21
3937,984,0,19,17,19,7,37,18,False,False,False,0.03593945875763893,other,2
3938,984,1,19,17,19,37,7,18,False,False,False,0.04739361256361008,other,2
3939,984,1,38,17,38,7,37,34,False,False,False,0.006168045103549957,other,21
3940,985,0,8,43,8,10,7,22,False,False,False,0.09948477149009705,other,35
3941,985,0,44,4,44,7,10,34,False,False,False,0.013732674531638622,other,40
3942,985,1,44,17,44,10,7,7,False,False,False,0.010782883502542973,other,27
3943,985,1,8,8,8,7,10,7,True,True,False,0.06765106320381165,correct,0
3944,986,0,2,17,2,7,1,15,False,False,False,0.007807021029293537,other,15
3945,986,0,16,32,16,1,7,5,False,False,False,0.04154942184686661,other,16
3946,986,1,16,32,16,7,1,7,False,False,False,0.03445015102624893,other,16
3947,986,1,2,17,2,1,7,7,False,False,False,0.007501924876123667,other,15
3948,987,0,25,24,25,17,26,34,False,False,True,0.02394864894449711,off_by_one,1
3949,987,0,7,7,7,26,17,7,True,True,False,0.02095986343920231,correct,0
3950,987,1,7,7,7,17,26,7,True,True,False,0.05282537639141083,correct,0
3951,987,1,25,4,25,26,17,18,False,False,False,0.021015558391809464,other,21
3952,988,0,2,43,2,6,16,15,False,False,False,0.032277803868055344,other,41
3953,988,0,29,17,29,16,6,32,False,False,False,0.026668421924114227,other,12
3954,988,1,29,17,29,6,16,34,False,False,False,0.01664949208498001,other,12
3955,988,1,2,17,2,16,6,18,False,False,False,0.04699544236063957,other,15
3956,989,0,10,17,10,17,14,27,False,False,False,0.0048256609588861465,other,7
3957,989,0,46,17,46,14,17,27,False,False,False,0.035226963460445404,other,29
3958,989,1,46,17,46,17,14,34,False,False,False,0.031426917761564255,other,29
3959,989,1,10,17,10,14,17,27,False,False,False,0.009437907487154007,other,7
3960,990,0,18,17,18,22,21,18,False,False,True,0.02651306241750717,off_by_one,1
3961,990,0,26,4,26,21,22,34,False,False,False,0.0116123640909791,other,22
3962,990,1,26,24,26,22,21,34,False,False,False,0.019141988828778267,other,2
3963,990,1,18,17,18,21,22,22,False,False,True,0.03843124955892563,off_by_one,1
3964,991,0,14,17,14,11,13,15,False,False,False,0.02064736746251583,other,3
3965,991,0,38,17,38,13,11,18,False,False,False,0.010767505504190922,other,21
3966,991,1,38,17,38,11,13,18,False,False,False,0.02867654152214527,other,21
3967,991,1,14,17,14,13,11,18,False,False,False,0.011985760182142258,other,3
3968,992,0,42,42,42,14,16,32,True,True,False,0.0482383668422699,correct,0
3969,992,0,6,17,6,16,14,32,False,False,False,0.027882998809218407,other,11
3970,992,1,6,43,6,14,16,32,False,False,False,0.04024118557572365,other,37
3971,992,1,42,42,42,16,14,32,True,True,False,0.04279286414384842,correct,0
3972,993,0,24,17,24,18,16,34,False,False,False,0.009159027598798275,other,7
3973,993,0,41,41,41,16,18,15,True,True,False,0.019013673067092896,correct,0
3974,993,1,41,24,41,18,16,15,False,False,False,0.08871382474899292,other,17
3975,993,1,24,17,24,16,18,18,False,False,False,0.008191484026610851,other,7
3976,994,0,3,17,3,7,35,22,False,False,False,0.03601794317364693,other,14
3977,994,0,4,2,4,35,7,7,False,False,False,0.020936986431479454,other,2
3978,994,1,4,17,4,7,35,34,False,False,False,0.012407147325575352,other,13
3979,994,1,3,17,3,35,7,34,False,False,False,0.05967395752668381,other,14
3980,995,0,3,17,3,0,17,15,False,False,False,0.024923644959926605,other,14
3981,995,0,14,17,14,17,0,32,False,False,False,0.031901802867650986,other,3
3982,995,1,14,17,14,0,17,27,False,False,False,0.027647946029901505,other,3
3983,995,1,3,43,3,17,0,7,False,False,False,0.011623970232903957,other,40
3984,996,0,13,43,13,39,24,15,False,False,False,0.031517721712589264,other,30
3985,996,0,6,43,6,24,39,7,False,False,False,0.034487903118133545,other,37
3986,996,1,6,17,6,39,24,15,False,False,False,0.03322329372167587,other,11
3987,996,1,13,0,13,24,39,5,False,False,False,0.04183369129896164,other,13
3988,997,0,42,42,42,18,27,18,True,True,False,0.04257238283753395,correct,0
3989,997,0,7,7,7,27,18,15,True,True,False,0.02779775857925415,correct,0
3990,997,1,7,46,7,18,27,7,False,False,False,0.022873982787132263,other,39
3991,997,1,42,42,42,27,18,7,True,True,False,0.08556458353996277,correct,0
3992,998,0,3,17,3,14,0,27,False,False,False,0.010730301961302757,other,14
3993,998,0,26,32,26,0,14,15,False,False,False,0.010094835422933102,other,6
3994,998,1,26,24,26,14,0,34,False,False,False,0.028146250173449516,other,2
3995,998,1,3,17,3,0,14,27,False,False,False,0.02739962935447693,other,14
3996,999,0,10,32,10,24,1,5,False,False,False,0.0470980629324913,other,22
3997,999,0,24,17,24,1,24,15,False,False,False,0.027529722079634666,other,7
3998,999,1,24,32,24,24,1,18,False,False,False,0.020202435553073883,other,8
3999,999,1,10,17,10,1,24,15,False,False,False,0.057511623948812485,other,7
4000,1000,0,45,35,45,12,8,24,False,False,False,0.019122645258903503,other,10
4001,1000,0,38,43,38,8,12,18,False,False,False,0.014452068135142326,other,5
4002,1000,1,38,17,38,12,8,18,False,False,False,0.01184584479779005,other,21
4003,1000,1,45,0,45,8,12,5,False,False,False,0.020924407988786697,other,45
4004,1001,0,14,17,14,12,9,24,False,False,False,0.010302035138010979,other,3
4005,1001,0,37,43,37,9,12,18,False,False,False,0.017715411260724068,other,6
4006,1001,1,37,43,37,12,9,18,False,False,False,0.013088592328131199,other,6
4007,1001,1,14,17,14,9,12,18,False,False,False,0.032828886061906815,other,3
4008,1002,0,34,24,34,6,16,7,False,False,False,0.03768758848309517,other,10
4009,1002,0,22,17,22,16,6,18,False,False,False,0.0455450639128685,other,5
4010,1002,1,22,17,22,6,16,18,False,False,False,0.03413949906826019,other,5
4011,1002,1,34,32,34,16,6,7,False,False,False,0.08169601857662201,other,2
4012,1003,0,24,32,24,6,7,34,False,False,False,0.006036747246980667,other,8
4013,1003,0,16,32,16,7,6,18,False,False,False,0.0108989542350173,other,16
4014,1003,1,16,17,16,6,7,18,False,False,True,0.010695381090044975,off_by_one,1
4015,1003,1,24,32,24,7,6,34,False,False,False,0.01352770160883665,other,8
4016,1004,0,5,5,5,36,27,18,True,True,False,0.027674103155732155,correct,0
4017,1004,0,7,7,7,27,36,18,True,True,False,0.02516699954867363,correct,0
4018,1004,1,7,24,7,36,27,34,False,False,False,0.03859088942408562,other,17
4019,1004,1,5,34,5,27,36,15,False,False,False,0.02441243827342987,other,29
4020,1005,0,35,24,35,12,20,34,False,False,False,0.017645349726080894,other,11
4021,1005,0,22,43,22,20,12,34,False,False,False,0.017733754590153694,other,21
4022,1005,1,22,43,22,12,20,34,False,False,False,0.00960777048021555,other,21
4023,1005,1,35,17,35,20,12,34,False,False,False,0.01653420180082321,other,18
4024,1006,0,4,11,4,30,0,34,False,False,False,0.019708210602402687,other,7
4025,1006,0,42,42,42,0,30,34,True,True,False,0.06329961121082306,correct,0
4026,1006,1,42,42,42,30,0,34,True,True,False,0.03794126585125923,correct,0
4027,1006,1,4,0,4,0,30,15,False,False,False,0.015655897557735443,other,4
4028,1007,0,31,17,31,36,14,15,False,False,False,0.03377513587474823,other,14
4029,1007,0,37,17,37,14,36,15,False,False,False,0.014255352318286896,other,20
4030,1007,1,37,17,37,36,14,15,False,False,False,0.0038902247324585915,other,20
4031,1007,1,31,17,31,14,36,18,False,False,False,0.0623009167611599,other,14
4032,1008,0,16,32,16,12,20,7,False,False,False,0.017521759495139122,other,16
4033,1008,0,28,17,28,20,12,34,False,False,False,0.011510149575769901,other,11
4034,1008,1,28,17,28,12,20,34,False,False,False,0.004835209809243679,other,11
4035,1008,1,16,32,16,20,12,7,False,False,False,0.010493768379092216,other,16
4036,1009,0,36,17,36,36,7,18,False,False,False,0.005019013769924641,other,19
4037,1009,0,9,0,9,7,36,18,False,False,False,0.022394346073269844,other,9
4038,1009,1,9,17,9,36,7,18,False,False,False,0.028051188215613365,other,8
4039,1009,1,36,17,36,7,36,18,False,False,False,0.017408009618520737,other,19
4040,1010,0,47,17,47,17,14,7,False,False,False,0.037378475069999695,other,30
4041,1010,0,34,17,34,14,17,32,False,False,False,0.009202144108712673,other,17
4042,1010,1,34,27,34,17,14,27,False,False,False,0.012127877213060856,other,7
4043,1010,1,47,4,47,14,17,32,False,False,False,0.017343828454613686,other,43
4044,1011,0,45,4,45,1,5,18,False,False,False,0.008653644472360611,other,41
4045,1011,0,18,43,18,5,1,18,False,False,False,0.017893293872475624,other,25
4046,1011,1,18,0,18,1,5,8,False,False,False,0.01937779411673546,other,18
4047,1011,1,45,17,45,5,1,18,False,False,False,0.008511580526828766,other,28
4048,1012,0,39,17,39,0,6,18,False,False,False,0.02694268524646759,other,22
4049,1012,0,41,46,41,6,0,34,False,False,False,0.01048744935542345,other,5
4050,1012,1,41,35,41,0,6,18,False,False,False,0.0585891455411911,other,6
4051,1012,1,39,43,39,6,0,18,False,False,False,0.01843939535319805,other,4
4052,1013,0,36,17,36,6,17,32,False,False,False,0.008878878317773342,other,19
4053,1013,0,19,17,19,17,6,15,False,False,False,0.0433015413582325,other,2
4054,1013,1,19,17,19,6,17,7,False,False,False,0.023693403229117393,other,2
4055,1013,1,36,17,36,17,6,22,False,False,False,0.01786002703011036,other,19
4056,1014,0,27,28,27,17,24,15,False,False,True,0.02214433066546917,off_by_one,1
4057,1014,0,16,34,16,24,17,18,False,False,False,0.03833737224340439,other,18
4058,1014,1,16,5,16,17,24,15,False,False,False,0.023595884442329407,other,11
4059,1014,1,27,17,27,24,17,18,False,False,False,0.014568429440259933,other,10
4060,1015,0,3,17,3,15,24,18,False,False,False,0.024446018040180206,other,14
4061,1015,0,37,43,37,24,15,18,False,False,False,0.022756442427635193,other,6
4062,1015,1,37,31,37,15,24,15,False,False,False,0.00931580737233162,other,6
4063,1015,1,3,17,3,24,15,18,False,False,False,0.024151649326086044,other,14
4064,1016,0,0,2,0,6,7,18,False,False,False,0.05797813460230827,other,2
4065,1016,0,36,17,36,7,6,18,False,False,False,0.01671876758337021,other,19
4066,1016,1,36,17,36,6,7,18,False,False,False,0.02920026145875454,other,19
4067,1016,1,0,17,0,7,6,7,False,False,False,0.04963933303952217,other,17
4068,1017,0,15,29,15,38,18,7,False,False,False,0.04365043714642525,other,14
4069,1017,0,41,24,41,18,38,18,False,False,False,0.03131261095404625,other,17
4070,1017,1,41,4,41,38,18,18,False,False,False,0.040326077491045,other,37
4071,1017,1,15,44,15,18,38,7,False,False,False,0.05674375593662262,other,29
4072,1018,0,47,17,47,7,17,34,False,False,False,0.011364170350134373,other,30
4073,1018,0,23,0,23,17,7,7,False,False,False,0.03624529764056206,other,23
4074,1018,1,23,32,23,7,17,15,False,False,False,0.011460637673735619,other,9
4075,1018,1,47,17,47,17,7,32,False,False,False,0.010916116647422314,other,30
4076,1019,0,46,17,46,6,14,18,False,False,False,0.010614455677568913,other,29
4077,1019,0,35,17,35,14,6,15,False,False,False,0.03251269459724426,other,18
4078,1019,1,35,32,35,6,14,18,False,False,False,0.020946120843291283,other,3
4079,1019,1,46,17,46,14,6,7,False,False,False,0.025931034237146378,other,29
4080,1020,0,5,15,5,8,19,18,False,False,False,0.022303104400634766,other,10
4081,1020,0,8,8,8,19,8,18,True,True,False,0.06083725020289421,correct,0
4082,1020,1,8,8,8,8,19,18,True,True,False,0.04035410284996033,correct,0
4083,1020,1,5,15,5,19,8,18,False,False,False,0.03793413192033768,other,10
4084,1021,0,21,31,21,12,20,22,False,False,False,0.038693398237228394,other,10
4085,1021,0,38,17,38,20,12,34,False,False,False,0.018766269087791443,other,21
4086,1021,1,38,17,38,12,20,18,False,False,False,0.00921236164867878,other,21
4087,1021,1,21,43,21,20,12,18,False,False,False,0.06103525310754776,other,22
4088,1022,0,12,17,12,24,14,18,False,False,False,0.035798776894807816,other,5
4089,1022,0,17,17,17,14,24,7,True,True,False,0.04635002836585045,correct,0
4090,1022,1,17,17,17,24,14,18,True,True,False,0.03570655733346939,correct,0
4091,1022,1,12,17,12,14,24,15,False,False,False,0.029677817597985268,other,5
4092,1023,0,11,17,11,6,2,18,False,False,False,0.036418016999959946,other,6
4093,1023,0,34,27,34,2,6,34,False,False,False,0.02970106713473797,other,7
4094,1023,1,34,24,34,6,2,34,False,False,False,0.029889516532421112,other,10
4095,1023,1,11,31,11,2,6,6,False,False,False,0.07021559774875641,other,20
4096,1024,0,28,0,28,14,24,15,False,False,False,0.0072868019342422485,other,28
4097,1024,0,47,4,47,24,14,34,False,False,False,0.02145841345191002,other,43
4098,1024,1,47,0,47,14,24,15,False,False,False,0.036231160163879395,other,47
4099,1024,1,28,17,28,24,14,15,False,False,False,0.008729628287255764,other,11
4100,1025,0,15,17,15,11,9,27,False,False,False,0.09028250724077225,other,2
4101,1025,0,35,17,35,9,11,15,False,False,False,0.044306691735982895,other,18
4102,1025,1,35,44,35,11,9,15,False,False,False,0.0424744114279747,other,9
4103,1025,1,15,34,15,9,11,32,False,False,False,0.035737764090299606,other,19
4104,1026,0,12,17,12,15,24,27,False,False,False,0.060225214809179306,other,5
4105,1026,0,40,32,40,24,15,32,False,False,False,0.04450400546193123,other,8
4106,1026,1,40,17,40,15,24,34,False,False,False,0.04280935227870941,other,23
4107,1026,1,12,17,12,24,15,22,False,False,False,0.03403741121292114,other,5
4108,1027,0,47,24,47,15,12,34,False,False,False,0.028574543073773384,other,23
4109,1027,0,0,17,0,12,15,34,False,False,False,0.007556390017271042,other,17
4110,1027,1,0,17,0,15,12,18,False,False,False,0.030855709686875343,other,17
4111,1027,1,47,17,47,12,15,7,False,False,False,0.021779460832476616,other,30
4112,1028,0,46,17,46,15,6,18,False,False,False,0.0308531541377306,other,29
4113,1028,0,3,17,3,6,15,34,False,False,False,0.022144505754113197,other,14
4114,1028,1,3,17,3,15,6,18,False,False,False,0.026844389736652374,other,14
4115,1028,1,46,43,46,6,15,18,False,False,False,0.050218161195516586,other,3
4116,1029,0,47,17,47,17,24,18,False,False,False,0.08813425153493881,other,30
4117,1029,0,21,43,21,24,17,18,False,False,False,0.04514117166399956,other,22
4118,1029,1,21,43,21,17,24,15,False,False,False,0.013673069886863232,other,22
4119,1029,1,47,34,47,24,17,15,False,False,False,0.03967573493719101,other,13
4120,1030,0,3,17,3,27,6,15,False,False,False,0.054854970425367355,other,14
4121,1030,0,8,44,8,6,27,32,False,False,False,0.0548255480825901,other,36
4122,1030,1,8,2,8,27,6,7,False,False,False,0.065609872341156,other,6
4123,1030,1,3,43,3,6,27,6,False,False,False,0.041943516582250595,other,40
4124,1031,0,42,42,42,17,26,15,True,True,False,0.11739025264978409,correct,0
4125,1031,0,16,5,16,26,17,15,False,False,False,0.03344448283314705,other,11
4126,1031,1,16,7,16,17,26,18,False,False,False,0.01808047480881214,other,9
4127,1031,1,42,42,42,26,17,34,True,True,False,0.10488620400428772,correct,0
4128,1032,0,13,17,13,16,37,33,False,False,False,0.019390804693102837,other,4
4129,1032,0,32,17,32,37,16,7,False,False,False,0.038716621696949005,other,15
4130,1032,1,32,17,32,16,37,27,False,False,False,0.035790201276540756,other,15
4131,1032,1,13,17,13,37,16,15,False,False,False,0.033584002405405045,other,4
4132,1033,0,44,4,44,7,6,7,False,False,False,0.006500171031802893,other,40
4133,1033,0,45,24,45,6,7,34,False,False,False,0.015499663539230824,other,21
4134,1033,1,45,4,45,7,6,7,False,False,False,0.017103560268878937,other,41
4135,1033,1,44,17,44,6,7,24,False,False,False,0.0064833504147827625,other,27
4136,1034,0,27,17,27,24,26,18,False,False,False,0.03179820626974106,other,10
4137,1034,0,35,24,35,26,24,18,False,False,False,0.014000600203871727,other,11
4138,1034,1,35,35,35,24,26,24,True,True,False,0.01653226464986801,correct,0
4139,1034,1,27,17,27,26,24,24,False,False,False,0.02392752468585968,other,10
4140,1035,0,43,43,43,18,15,34,True,True,False,0.02254854142665863,correct,0
4141,1035,0,23,32,23,15,18,34,False,False,False,0.03618193790316582,other,9
4142,1035,1,23,35,23,18,15,34,False,False,False,0.018898481503129005,other,12
4143,1035,1,43,43,43,15,18,15,True,True,False,0.009343442507088184,correct,0
4144,1036,0,48,43,48,6,1,18,False,False,False,0.035075344145298004,other,5
4145,1036,0,42,42,42,1,6,18,True,True,False,0.09775474667549133,correct,0
4146,1036,1,42,42,42,6,1,18,True,True,False,0.0715961828827858,correct,0
4147,1036,1,48,17,48,1,6,18,False,False,False,0.08208189159631729,other,31
4148,1037,0,48,17,48,7,24,15,False,False,False,0.0747375637292862,other,31
4149,1037,0,18,24,18,24,7,34,False,False,False,0.041171059012413025,other,6
4150,1037,1,18,32,18,7,24,5,False,False,False,0.05159257724881172,other,14
4151,1037,1,48,2,48,24,7,18,False,False,False,0.06432687491178513,other,46
4152,1038,0,4,17,4,15,16,15,False,False,False,0.03318685665726662,other,13
4153,1038,0,13,17,13,16,15,32,False,False,False,0.026303570717573166,other,4
4154,1038,1,13,17,13,15,16,15,False,False,False,0.016677312552928925,other,4
4155,1038,1,4,32,4,16,15,15,False,False,False,0.012094823643565178,other,28
4156,1039,0,28,17,28,20,18,15,False,False,False,0.00901813805103302,other,11
4157,1039,0,12,17,12,18,20,18,False,False,False,0.025966091081500053,other,5
4158,1039,1,12,17,12,20,18,18,False,False,False,0.017190493643283844,other,5
4159,1039,1,28,17,28,18,20,24,False,False,False,0.003734877100214362,other,11
4160,1040,0,41,44,41,26,24,34,False,False,False,0.023179179057478905,other,3
4161,1040,0,22,17,22,24,26,18,False,False,False,0.0462440587580204,other,5
4162,1040,1,22,43,22,26,24,34,False,False,False,0.05303344875574112,other,21
4163,1040,1,41,45,41,24,26,34,False,False,False,0.02442692033946514,other,4
4164,1041,0,45,24,45,36,18,18,False,False,False,0.005760726984590292,other,21
4165,1041,0,4,24,4,18,36,18,False,False,False,0.01854029670357704,other,20
4166,1041,1,4,17,4,36,18,36,False,False,False,0.023267917335033417,other,13
4167,1041,1,45,24,45,18,36,18,False,False,False,0.004993837792426348,other,21
4168,1042,0,42,42,42,19,6,34,True,True,False,0.03774569183588028,correct,0
4169,1042,0,10,17,10,6,19,5,False,False,False,0.025186525657773018,other,7
4170,1042,1,10,17,10,19,6,22,False,False,False,0.040230292826890945,other,7
4171,1042,1,42,42,42,6,19,18,True,True,False,0.01331811398267746,correct,0
4172,1043,0,43,17,43,8,12,18,False,False,False,0.004355637356638908,other,26
4173,1043,0,4,17,4,12,8,18,False,False,False,0.03147268295288086,other,13
4174,1043,1,4,24,4,8,12,18,False,False,False,0.019143516197800636,other,20
4175,1043,1,43,43,43,12,8,18,True,True,False,0.008568982593715191,correct,0
4176,1044,0,8,8,8,16,18,22,True,True,False,0.11420698463916779,correct,0
4177,1044,0,1,17,1,18,16,7,False,False,False,0.015383971855044365,other,16
4178,1044,1,1,31,1,16,18,15,False,False,False,0.02757268212735653,other,30
4179,1044,1,8,43,8,18,16,7,False,False,False,0.045458097010850906,other,35
4180,1045,0,24,32,24,20,15,7,False,False,False,0.012881931848824024,other,8
4181,1045,0,9,17,9,15,20,18,False,False,False,0.0073243482038378716,other,8
4182,1045,1,9,17,9,20,15,18,False,False,False,0.01243625208735466,other,8
4183,1045,1,24,35,24,15,20,34,False,False,False,0.01116219162940979,other,11
4184,1046,0,2,17,2,15,36,15,False,False,False,0.01138621661812067,other,15
4185,1046,0,22,31,22,36,15,18,False,False,False,0.03358473628759384,other,9
4186,1046,1,22,31,22,15,36,18,False,False,False,0.02956567145884037,other,9
4187,1046,1,2,17,2,36,15,18,False,False,False,0.010577384382486343,other,15
4188,1047,0,18,17,18,33,14,7,False,False,True,0.039054639637470245,off_by_one,1
4189,1047,0,19,17,19,14,33,18,False,False,False,0.03365829959511757,other,2
4190,1047,1,19,17,19,33,14,7,False,False,False,0.03886901214718819,other,2
4191,1047,1,18,17,18,14,33,15,False,False,True,0.027593810111284256,off_by_one,1
4192,1048,0,18,17,18,20,12,5,False,False,True,0.019367434084415436,off_by_one,1
4193,1048,0,14,17,14,12,20,18,False,False,False,0.017887867987155914,other,3
4194,1048,1,14,17,14,20,12,15,False,False,False,0.0284121036529541,other,3
4195,1048,1,18,17,18,12,20,22,False,False,True,0.017181584611535072,off_by_one,1
4196,1049,0,9,17,9,12,17,34,False,False,False,0.012578852474689484,other,8
4197,1049,0,42,42,42,17,12,34,True,True,False,0.015918048098683357,correct,0
4198,1049,1,42,42,42,12,17,34,True,True,False,0.012376680038869381,correct,0
4199,1049,1,9,17,9,17,12,15,False,False,False,0.006731699220836163,other,8
4200,1050,0,25,24,25,6,7,24,False,False,True,0.06025494262576103,off_by_one,1
4201,1050,0,22,17,22,7,6,18,False,False,False,0.029090089723467827,other,5
4202,1050,1,22,17,22,6,7,18,False,False,False,0.023775923997163773,other,5
4203,1050,1,25,1,25,7,6,18,False,False,False,0.012018781155347824,other,24
4204,1051,0,32,17,32,12,3,34,False,False,False,0.044367823749780655,other,15
4205,1051,0,25,4,25,3,12,34,False,False,False,0.022885533049702644,other,21
4206,1051,1,25,24,25,12,3,18,False,False,True,0.0250792745500803,off_by_one,1
4207,1051,1,32,32,32,3,12,18,True,True,False,0.033898551017045975,correct,0
4208,1052,0,1,17,1,2,6,34,False,False,False,0.02428288385272026,other,16
4209,1052,0,17,31,17,6,2,6,False,False,False,0.0357559509575367,other,14
4210,1052,1,17,17,17,2,6,34,True,True,False,0.04536367580294609,correct,0
4211,1052,1,1,17,1,6,2,18,False,False,False,0.013484026305377483,other,16
4212,1053,0,8,8,8,26,16,22,True,True,False,0.017245899885892868,correct,0
4213,1053,0,6,4,6,16,26,32,False,False,False,0.03664834052324295,other,2
4214,1053,1,6,43,6,26,16,34,False,False,False,0.035245709121227264,other,37
4215,1053,1,8,8,8,16,26,22,True,True,False,0.01744544878602028,correct,0
4216,1054,0,17,17,17,4,6,18,True,True,False,0.045560773462057114,correct,0
4217,1054,0,34,34,34,6,4,34,True,True,False,0.02992207556962967,correct,0
4218,1054,1,34,34,34,4,6,18,True,True,False,0.021407747641205788,correct,0
4219,1054,1,17,32,17,6,4,5,False,False,False,0.03859991580247879,other,15
4220,1055,0,43,17,43,24,7,34,False,False,False,0.016054073348641396,other,26
4221,1055,0,28,17,28,7,24,22,False,False,False,0.03427887335419655,other,11
4222,1055,1,28,17,28,24,7,22,False,False,False,0.04112529009580612,other,11
4223,1055,1,43,43,43,7,24,34,True,True,False,0.015221386216580868,correct,0
4224,1056,0,4,17,4,7,39,18,False,False,False,0.03827449306845665,other,13
4225,1056,0,31,17,31,39,7,18,False,False,False,0.0416005440056324,other,14
4226,1056,1,31,17,31,7,39,18,False,False,False,0.03508074954152107,other,14
4227,1056,1,4,4,4,39,7,18,True,True,False,0.009232336655259132,correct,0
4228,1057,0,36,17,36,25,14,27,False,False,False,0.009944208897650242,other,19
4229,1057,0,20,17,20,14,25,15,False,False,False,0.02491433545947075,other,3
4230,1057,1,20,17,20,25,14,22,False,False,False,0.04897112026810646,other,3
4231,1057,1,36,17,36,14,25,32,False,False,False,0.0060368189588189125,other,19
4232,1058,0,3,17,3,15,14,15,False,False,False,0.020652970299124718,other,14
4233,1058,0,18,17,18,14,15,15,False,False,True,0.02958180196583271,off_by_one,1
4234,1058,1,18,17,18,15,14,34,False,False,True,0.039397209882736206,off_by_one,1
4235,1058,1,3,43,3,14,15,7,False,False,False,0.015072811394929886,other,40
4236,1059,0,1,17,1,27,7,18,False,False,False,0.02573688142001629,other,16
4237,1059,0,36,17,36,7,27,7,False,False,False,0.012648972682654858,other,19
4238,1059,1,36,17,36,27,7,32,False,False,False,0.009460068307816982,other,19
4239,1059,1,1,1,1,7,27,32,True,True,False,0.03392579406499863,correct,0
4240,1060,0,8,0,8,14,15,7,False,False,False,0.032806579023599625,other,8
4241,1060,0,10,17,10,15,14,7,False,False,False,0.013293557800352573,other,7
4242,1060,1,10,17,10,14,15,7,False,False,False,0.022302744910120964,other,7
4243,1060,1,8,0,8,15,14,5,False,False,False,0.032432906329631805,other,8
4244,1061,0,7,4,7,14,20,7,False,False,False,0.012179812416434288,other,3
4245,1061,0,11,1,11,20,14,34,False,False,False,0.016244851052761078,other,10
4246,1061,1,11,17,11,14,20,15,False,False,False,0.007703252602368593,other,6
4247,1061,1,7,44,7,20,14,34,False,False,False,0.012759711593389511,other,37
4248,1062,0,41,24,41,39,18,18,False,False,False,0.058597661554813385,other,17
4249,1062,0,38,27,38,18,39,18,False,False,False,0.013156235218048096,other,11
4250,1062,1,38,0,38,39,18,18,False,False,False,0.01648387499153614,other,38
4251,1062,1,41,35,41,18,39,18,False,False,False,0.055161114782094955,other,6
4252,1063,0,41,17,41,16,19,7,False,False,False,0.05671628937125206,other,24
4253,1063,0,13,11,13,19,16,7,False,False,False,0.05435030162334442,other,2
4254,1063,1,13,17,13,16,19,15,False,False,False,0.04432910308241844,other,4
4255,1063,1,41,46,41,19,16,15,False,False,False,0.0864652469754219,other,5
4256,1064,0,0,17,0,18,24,22,False,False,False,0.03223680704832077,other,17
4257,1064,0,43,17,43,24,18,34,False,False,False,0.025177281349897385,other,26
4258,1064,1,43,43,43,18,24,34,True,True,False,0.017424410209059715,correct,0
4259,1064,1,0,17,0,24,18,34,False,False,False,0.029619760811328888,other,17
4260,1065,0,13,0,13,0,22,15,False,False,False,0.04568592086434364,other,13
4261,1065,0,22,31,22,22,0,7,False,False,False,0.010237244889140129,other,9
4262,1065,1,22,31,22,0,22,7,False,False,False,0.01093361061066389,other,9
4263,1065,1,13,17,13,22,0,34,False,False,False,0.032356731593608856,other,4
4264,1066,0,46,2,46,24,6,18,False,False,False,0.046442821621894836,other,44
4265,1066,0,27,31,27,6,24,5,False,False,False,0.04912986606359482,other,4
4266,1066,1,27,17,27,24,6,24,False,False,False,0.05275585502386093,other,10
4267,1066,1,46,17,46,6,24,5,False,False,False,0.043833084404468536,other,29
4268,1067,0,31,43,31,6,18,18,False,False,False,0.032126154750585556,other,12
4269,1067,0,12,17,12,18,6,18,False,False,False,0.019597308710217476,other,5
4270,1067,1,12,0,12,6,18,6,False,False,False,0.016957024112343788,other,12
4271,1067,1,31,0,31,18,6,34,False,False,False,0.046090323477983475,other,31
4272,1068,0,29,17,29,16,26,18,False,False,False,0.04744004085659981,other,12
4273,1068,0,1,17,1,26,16,18,False,False,False,0.02441198006272316,other,16
4274,1068,1,1,31,1,16,26,7,False,False,False,0.044138919562101364,other,30
4275,1068,1,29,17,29,26,16,34,False,False,False,0.030591407790780067,other,12
4276,1069,0,36,0,36,7,36,18,False,False,False,0.00723371421918273,other,36
4277,1069,0,34,24,34,36,7,18,False,False,False,0.018682362511754036,other,10
4278,1069,1,34,34,34,7,36,15,True,True,False,0.022117575630545616,correct,0
4279,1069,1,36,17,36,36,7,15,False,False,False,0.013885418884456158,other,19
4280,1070,0,36,17,36,6,19,18,False,False,False,0.01722778007388115,other,19
4281,1070,0,38,0,38,19,6,24,False,False,False,0.02033390663564205,other,38
4282,1070,1,38,17,38,6,19,18,False,False,False,0.015345944091677666,other,21
4283,1070,1,36,17,36,19,6,18,False,False,False,0.024658598005771637,other,19
4284,1071,0,37,17,37,20,18,15,False,False,False,0.008542027324438095,other,20
4285,1071,0,29,32,29,18,20,18,False,False,False,0.02639884129166603,other,3
4286,1071,1,29,27,29,20,18,7,False,False,False,0.009531155228614807,other,2
4287,1071,1,37,17,37,18,20,15,False,False,False,0.0036631247494369745,other,20
4288,1072,0,1,17,1,39,24,18,False,False,False,0.045921843498945236,other,16
4289,1072,0,36,17,36,24,39,7,False,False,False,0.058659013360738754,other,19
4290,1072,1,36,24,36,39,24,18,False,False,False,0.03804754838347435,other,12
4291,1072,1,1,17,1,24,39,18,False,False,False,0.0466160885989666,other,16
4292,1073,0,3,43,3,6,15,34,False,False,False,0.02237498201429844,other,40
4293,1073,0,10,17,10,15,6,34,False,False,False,0.06530039012432098,other,7
4294,1073,1,10,17,10,6,15,18,False,False,False,0.0363936647772789,other,7
4295,1073,1,3,43,3,15,6,34,False,False,False,0.01659080758690834,other,40
4296,1074,0,12,17,12,1,18,15,False,False,False,0.03626183047890663,other,5
4297,1074,0,5,34,5,18,1,34,False,False,False,0.015000292100012302,other,29
4298,1074,1,5,34,5,1,18,32,False,False,False,0.022702928632497787,other,29
4299,1074,1,12,17,12,18,1,18,False,False,False,0.02045655995607376,other,5
4300,1075,0,25,24,25,15,17,7,False,False,True,0.025327280163764954,off_by_one,1
4301,1075,0,21,43,21,17,15,15,False,False,False,0.01685226522386074,other,22
4302,1075,1,21,43,21,15,17,15,False,False,False,0.01534216571599245,other,22
4303,1075,1,25,24,25,17,15,34,False,False,True,0.03215450793504715,off_by_one,1
4304,1076,0,32,17,32,15,6,22,False,False,False,0.03051457367837429,other,15
4305,1076,0,5,34,5,6,15,34,False,False,False,0.04452415183186531,other,29
4306,1076,1,5,15,5,15,6,15,False,False,False,0.03234606608748436,other,10
4307,1076,1,32,17,32,6,15,34,False,False,False,0.013060633093118668,other,15
4308,1077,0,0,31,0,6,24,18,False,False,False,0.02033069357275963,other,31
4309,1077,0,45,35,45,24,6,24,False,False,False,0.005841326434165239,other,10
4310,1077,1,45,4,45,6,24,24,False,False,False,0.012743130326271057,other,41
4311,1077,1,0,0,0,24,6,18,True,True,False,0.021353941410779953,correct,0
4312,1078,0,25,24,25,7,14,34,False,False,True,0.005820201709866524,off_by_one,1
4313,1078,0,44,0,44,14,7,32,False,False,False,0.03721022233366966,other,44
4314,1078,1,44,32,44,7,14,18,False,False,False,0.02399783954024315,other,12
4315,1078,1,25,24,25,14,7,32,False,False,True,0.015025483444333076,off_by_one,1
4316,1079,0,19,43,19,7,18,34,False,False,False,0.012830170802772045,other,24
4317,1079,0,48,17,48,18,7,34,False,False,False,0.023787081241607666,other,31
4318,1079,1,48,0,48,7,18,34,False,False,False,0.017226213589310646,other,48
4319,1079,1,19,17,19,18,7,34,False,False,False,0.02553791180253029,other,2
4320,1080,0,34,34,34,14,36,27,True,True,False,0.009586169384419918,correct,0
4321,1080,0,28,17,28,36,14,37,False,False,False,0.017489412799477577,other,11
4322,1080,1,28,17,28,14,36,7,False,False,False,0.02129695564508438,other,11
4323,1080,1,34,46,34,36,14,15,False,False,False,0.015492117963731289,other,12
4324,1081,0,1,32,1,7,36,5,False,False,False,0.07015396654605865,other,31
4325,1081,0,33,17,33,36,7,18,False,False,False,0.04470692202448845,other,16
4326,1081,1,33,17,33,7,36,18,False,False,False,0.040698450058698654,other,16
4327,1081,1,1,17,1,36,7,18,False,False,False,0.06468784064054489,other,16
4328,1082,0,5,4,5,21,18,32,False,False,True,0.09512390941381454,off_by_one,1
4329,1082,0,47,24,47,18,21,34,False,False,False,0.022414332255721092,other,23
4330,1082,1,47,24,47,21,18,7,False,False,False,0.026957126334309578,other,23
4331,1082,1,5,42,5,18,21,34,False,False,False,0.0695127621293068,other,37
4332,1083,0,30,17,30,13,11,18,False,False,False,0.011473804712295532,other,13
4333,1083,0,12,17,12,11,13,24,False,False,False,0.03677792102098465,other,5
4334,1083,1,12,17,12,13,11,18,False,False,False,0.02761228196322918,other,5
4335,1083,1,30,17,30,11,13,7,False,False,False,0.05170397832989693,other,13
4336,1084,0,15,5,15,7,3,34,False,False,False,0.08376011997461319,other,10
4337,1084,0,38,17,38,3,7,18,False,False,False,0.017130538821220398,other,21
4338,1084,1,38,17,38,7,3,34,False,False,False,0.009528672322630882,other,21
4339,1084,1,15,32,15,3,7,6,False,False,False,0.07336683571338654,other,17
4340,1085,0,1,17,1,3,14,18,False,False,False,0.02597903460264206,other,16
4341,1085,0,6,43,6,14,3,34,False,False,False,0.013908217661082745,other,37
4342,1085,1,6,43,6,3,14,34,False,False,False,0.023546546697616577,other,37
4343,1085,1,1,17,1,14,3,7,False,False,False,0.010636504739522934,other,16
4344,1086,0,15,15,15,15,14,27,True,True,False,0.04104424640536308,correct,0
4345,1086,0,5,5,5,14,15,15,True,True,False,0.01860947534441948,correct,0
4346,1086,1,5,5,5,15,14,15,True,True,False,0.016142960637807846,correct,0
4347,1086,1,15,11,15,14,15,16,False,False,False,0.0352938286960125,other,4
4348,1087,0,40,17,40,14,38,7,False,False,False,0.011946839280426502,other,23
4349,1087,0,47,4,47,38,14,27,False,False,False,0.023668812587857246,other,43
4350,1087,1,47,4,47,14,38,27,False,False,False,0.007874981500208378,other,43
4351,1087,1,40,17,40,38,14,7,False,False,False,0.010313814505934715,other,23
4352,1088,0,29,17,29,15,7,22,False,False,False,0.011789118871092796,other,12
4353,1088,0,41,27,41,7,15,34,False,False,False,0.03411778435111046,other,14
4354,1088,1,41,32,41,15,7,32,False,False,False,0.11480030417442322,other,9
4355,1088,1,29,17,29,7,15,22,False,False,False,0.015797562897205353,other,12
4356,1089,0,43,32,43,24,25,7,False,False,False,0.027784299105405807,other,11
4357,1089,0,42,42,42,25,24,32,True,True,False,0.07364301383495331,correct,0
4358,1089,1,42,15,42,24,25,32,False,False,False,0.018734943121671677,other,27
4359,1089,1,43,17,43,25,24,34,False,False,False,0.04830889776349068,other,26
4360,1090,0,40,17,40,0,18,34,False,False,False,0.01684001460671425,other,23
4361,1090,0,24,17,24,18,0,34,False,False,False,0.010549287311732769,other,7
4362,1090,1,24,17,24,0,18,34,False,False,False,0.01728649064898491,other,7
4363,1090,1,40,17,40,18,0,34,False,False,False,0.02337009087204933,other,23
4364,1091,0,26,24,26,6,17,34,False,False,False,0.01907516084611416,other,2
4365,1091,0,7,7,7,17,6,34,True,True,False,0.019105376675724983,correct,0
4366,1091,1,7,24,7,6,17,34,False,False,False,0.030185753479599953,other,17
4367,1091,1,26,24,26,17,6,7,False,False,False,0.020541639998555183,other,2
4368,1092,0,10,17,10,19,7,34,False,False,False,0.06397610157728195,other,7
4369,1092,0,7,44,7,7,19,34,False,False,False,0.02814314514398575,other,37
4370,1092,1,7,15,7,19,7,34,False,False,False,0.03431171923875809,other,8
4371,1092,1,10,0,10,7,19,7,False,False,False,0.0538102462887764,other,10
4372,1093,0,3,43,3,12,9,18,False,False,False,0.039787694811820984,other,40
4373,1093,0,14,17,14,9,12,18,False,False,False,0.03132204711437225,other,3
4374,1093,1,14,17,14,12,9,18,False,False,False,0.013813101686537266,other,3
4375,1093,1,3,0,3,9,12,18,False,False,False,0.05868668109178543,other,3
4376,1094,0,11,11,11,20,17,7,True,True,False,0.021647660061717033,correct,0
4377,1094,0,21,43,21,17,20,18,False,False,False,0.015753017738461494,other,22
4378,1094,1,21,43,21,20,17,18,False,False,False,0.022755859419703484,other,22
4379,1094,1,11,27,11,17,20,7,False,False,False,0.010916095227003098,other,16
4380,1095,0,19,17,19,36,24,18,False,False,False,0.03937453404068947,other,2
4381,1095,0,27,17,27,24,36,18,False,False,False,0.02296089008450508,other,10
4382,1095,1,27,17,27,36,24,18,False,False,False,0.020403815433382988,other,10
4383,1095,1,19,17,19,24,36,18,False,False,False,0.04041473567485809,other,2
4384,1096,0,19,17,19,27,15,32,False,False,False,0.03716636821627617,other,2
4385,1096,0,31,17,31,15,27,18,False,False,False,0.030089689418673515,other,14
4386,1096,1,31,17,31,27,15,0,False,False,False,0.0495963916182518,other,14
4387,1096,1,19,17,19,15,27,18,False,False,False,0.022682683542370796,other,2
4388,1097,0,3,17,3,24,39,18,False,False,False,0.03924652561545372,other,14
4389,1097,0,10,44,10,39,24,18,False,False,False,0.05511322617530823,other,34
4390,1097,1,10,17,10,24,39,7,False,False,False,0.059359971433877945,other,7
4391,1097,1,3,17,3,39,24,18,False,False,False,0.04138665646314621,other,14
4392,1098,0,24,0,24,18,27,34,False,False,False,0.02196502313017845,other,24
4393,1098,0,40,17,40,27,18,34,False,False,False,0.007277949713170528,other,23
4394,1098,1,40,17,40,18,27,34,False,False,False,0.01647873967885971,other,23
4395,1098,1,24,0,24,27,18,34,False,False,False,0.02761845290660858,other,24
4396,1099,0,39,17,39,16,18,34,False,False,False,0.00712187122553587,other,22
4397,1099,0,13,43,13,18,16,34,False,False,False,0.024443164467811584,other,30
4398,1099,1,13,17,13,16,18,34,False,False,False,0.01993875578045845,other,4
4399,1099,1,39,17,39,18,16,34,False,False,False,0.004067009314894676,other,22
4400,1100,0,3,32,3,16,24,7,False,False,False,0.05266441032290459,other,29
4401,1100,0,28,17,28,24,16,18,False,False,False,0.007760414853692055,other,11
4402,1100,1,28,17,28,16,24,7,False,False,False,0.009555120021104813,other,11
4403,1100,1,3,17,3,24,16,7,False,False,False,0.028799939900636673,other,14
4404,1101,0,43,17,43,17,1,18,False,False,False,0.036435168236494064,other,26
4405,1101,0,9,17,9,1,17,15,False,False,False,0.02560841478407383,other,8
4406,1101,1,9,17,9,17,1,34,False,False,False,0.02256077527999878,other,8
4407,1101,1,43,17,43,1,17,15,False,False,False,0.01751749776303768,other,26
4408,1102,0,42,42,42,16,12,34,True,True,False,0.021811090409755707,correct,0
4409,1102,0,43,17,43,12,16,15,False,False,False,0.01909436471760273,other,26
4410,1102,1,43,17,43,16,12,34,False,False,False,0.03228246048092842,other,26
4411,1102,1,42,42,42,12,16,34,True,True,False,0.0294034443795681,correct,0
4412,1103,0,18,17,18,16,7,34,False,False,True,0.046616241335868835,off_by_one,1
4413,1103,0,48,32,48,7,16,7,False,False,False,0.01233353279531002,other,16
4414,1103,1,48,43,48,16,7,34,False,False,False,0.015041663311421871,other,5
4415,1103,1,18,17,18,7,16,18,False,False,True,0.037848830223083496,off_by_one,1
4416,1104,0,29,17,29,7,14,15,False,False,False,0.02910955436527729,other,12
4417,1104,0,45,17,45,14,7,34,False,False,False,0.0356074683368206,other,28
4418,1104,1,45,17,45,7,14,22,False,False,False,0.030862390995025635,other,28
4419,1104,1,29,17,29,14,7,15,False,False,False,0.06600039452314377,other,12
4420,1105,0,38,17,38,18,6,34,False,False,False,0.014430449344217777,other,21
4421,1105,0,44,17,44,6,18,18,False,False,False,0.04184632748365402,other,27
4422,1105,1,44,17,44,18,6,34,False,False,False,0.024674367159605026,other,27
4423,1105,1,38,17,38,6,18,34,False,False,False,0.019597135484218597,other,21
4424,1106,0,5,34,5,18,14,34,False,False,False,0.022672154009342194,other,29
4425,1106,0,38,17,38,14,18,34,False,False,False,0.01506705954670906,other,21
4426,1106,1,38,17,38,18,14,34,False,False,False,0.004855726379901171,other,21
4427,1106,1,5,5,5,14,18,32,True,True,False,0.013436670415103436,correct,0
4428,1107,0,37,43,37,17,18,34,False,False,False,0.016578219830989838,other,6
4429,1107,0,5,15,5,18,17,34,False,False,False,0.0373183935880661,other,10
4430,1107,1,5,15,5,17,18,34,False,False,False,0.03189240023493767,other,10
4431,1107,1,37,17,37,18,17,34,False,False,False,0.007524463348090649,other,20
4432,1108,0,14,17,14,30,35,34,False,False,False,0.023908795788884163,other,3
4433,1108,0,41,4,41,35,30,34,False,False,False,0.023599011823534966,other,37
4434,1108,1,41,32,41,30,35,34,False,False,False,0.03700580075383186,other,9
4435,1108,1,14,0,14,35,30,34,False,False,False,0.019984791055321693,other,14
4436,1109,0,31,17,31,16,6,7,False,False,False,0.0726829394698143,other,14
4437,1109,0,2,17,2,6,16,18,False,False,False,0.022771093994379044,other,15
4438,1109,1,2,32,2,16,6,7,False,False,False,0.05364282429218292,other,30
4439,1109,1,31,17,31,6,16,18,False,False,False,0.0526609793305397,other,14
4440,1110,0,7,7,7,6,7,34,True,True,False,0.01924143359065056,correct,0
4441,1110,0,8,8,8,7,6,6,True,True,False,0.03424688056111336,correct,0
4442,1110,1,8,8,8,6,7,22,True,True,False,0.016998643055558205,correct,0
4443,1110,1,7,7,7,7,6,34,True,True,False,0.012041713111102581,correct,0
4444,1111,0,15,10,15,12,14,7,False,False,False,0.02055213414132595,other,5
4445,1111,0,28,17,28,14,12,7,False,False,False,0.008667285554111004,other,11
4446,1111,1,28,17,28,12,14,18,False,False,False,0.003196216654032469,other,11
4447,1111,1,15,17,15,14,12,7,False,False,False,0.036489926278591156,other,2
4448,1112,0,33,32,33,38,24,7,False,False,True,0.03893313556909561,off_by_one,1
4449,1112,0,11,43,11,24,38,7,False,False,False,0.04355087876319885,other,32
4450,1112,1,11,17,11,38,24,7,False,False,False,0.04694073647260666,other,6
4451,1112,1,33,17,33,24,38,7,False,False,False,0.03958943858742714,other,16
4452,1113,0,39,43,39,3,6,18,False,False,False,0.015661217272281647,other,4
4453,1113,0,40,0,40,6,3,18,False,False,False,0.02208375371992588,other,40
4454,1113,1,40,17,40,3,6,18,False,False,False,0.03417741879820824,other,23
4455,1113,1,39,43,39,6,3,18,False,False,False,0.01818912848830223,other,4
4456,1114,0,19,0,19,18,6,18,False,False,False,0.08189908415079117,other,19
4457,1114,0,45,24,45,6,18,34,False,False,False,0.035361599177122116,other,21
4458,1114,1,45,17,45,18,6,5,False,False,False,0.06239676848053932,other,28
4459,1114,1,19,31,19,6,18,6,False,False,False,0.060497257858514786,other,12
4460,1115,0,24,10,24,14,24,7,False,False,False,0.03053179197013378,other,14
4461,1115,0,36,0,36,24,14,18,False,False,False,0.20302049815654755,other,36
4462,1115,1,36,30,36,14,24,6,False,False,False,0.09755780547857285,other,6
4463,1115,1,24,17,24,24,14,32,False,False,False,0.08949313312768936,other,7
4464,1116,0,8,32,8,24,20,5,False,False,False,0.021992776542901993,other,24
4465,1116,0,43,0,43,20,24,18,False,False,False,0.030213044956326485,other,43
4466,1116,1,43,17,43,24,20,7,False,False,False,0.05658060684800148,other,26
4467,1116,1,8,0,8,20,24,5,False,False,False,0.019380412995815277,other,8
4468,1117,0,11,43,11,1,5,7,False,False,False,0.049721527844667435,other,32
4469,1117,0,10,17,10,5,1,5,False,False,False,0.008988037705421448,other,7
4470,1117,1,10,17,10,1,5,5,False,False,False,0.012871162965893745,other,7
4471,1117,1,11,17,11,5,1,18,False,False,False,0.043294504284858704,other,6
4472,1118,0,12,17,12,17,7,34,False,False,False,0.043341781944036484,other,5
4473,1118,0,35,32,35,7,17,7,False,False,False,0.012893188744783401,other,3
4474,1118,1,35,24,35,17,7,34,False,False,False,0.010266220197081566,other,11
4475,1118,1,12,17,12,7,17,18,False,False,False,0.03724139183759689,other,5
4476,1119,0,19,43,19,7,18,34,False,False,False,0.014253937639296055,other,24
4477,1119,0,11,17,11,18,7,18,False,False,False,0.01836768537759781,other,6
4478,1119,1,11,17,11,7,18,18,False,False,False,0.018106108531355858,other,6
4479,1119,1,19,17,19,18,7,34,False,False,False,0.026795629411935806,other,2
4480,1120,0,11,17,11,27,7,18,False,False,False,0.030850734561681747,other,6
4481,1120,0,0,17,0,7,27,18,False,False,False,0.03336617723107338,other,17
4482,1120,1,0,17,0,27,7,15,False,False,False,0.036724597215652466,other,17
4483,1120,1,11,17,11,7,27,18,False,False,False,0.02436954341828823,other,6
4484,1121,0,42,42,42,7,6,18,True,True,False,0.06440886110067368,correct,0
4485,1121,0,33,17,33,6,7,5,False,False,False,0.06182736158370972,other,16
4486,1121,1,33,32,33,7,6,18,False,False,True,0.07127366960048676,off_by_one,1
4487,1121,1,42,42,42,6,7,18,True,True,False,0.17631228268146515,correct,0
4488,1122,0,45,32,45,16,17,32,False,False,False,0.0056793843396008015,other,13
4489,1122,0,39,17,39,17,16,32,False,False,False,0.008911119773983955,other,22
4490,1122,1,39,43,39,16,17,32,False,False,False,0.010408038273453712,other,4
4491,1122,1,45,17,45,17,16,32,False,False,False,0.00885733775794506,other,28
4492,1123,0,13,17,13,6,19,18,False,False,False,0.028633320704102516,other,4
4493,1123,0,8,0,8,19,6,18,False,False,False,0.04582270607352257,other,8
4494,1123,1,8,8,8,6,19,7,True,True,False,0.05182354152202606,correct,0
4495,1123,1,13,11,13,19,6,19,False,False,False,0.05224142596125603,other,2
4496,1124,0,15,15,15,26,6,34,True,True,False,0.11312910914421082,correct,0
4497,1124,0,33,17,33,6,26,6,False,False,False,0.041472263634204865,other,16
4498,1124,1,33,17,33,26,6,34,False,False,False,0.044230129569768906,other,16
4499,1124,1,15,43,15,6,26,6,False,False,False,0.12151186913251877,other,28
4500,1125,0,47,24,47,18,14,34,False,False,False,0.016271429136395454,other,23
4501,1125,0,30,17,30,14,18,7,False,False,False,0.045182108879089355,other,13
4502,1125,1,30,43,30,18,14,34,False,False,False,0.0504615344107151,other,13
4503,1125,1,47,17,47,14,18,34,False,False,False,0.03892546519637108,other,30
4504,1126,0,8,8,8,0,3,15,True,True,False,0.05589405074715614,correct,0
4505,1126,0,25,24,25,3,0,18,False,False,True,0.017679691314697266,off_by_one,1
4506,1126,1,25,17,25,0,3,15,False,False,False,0.02468770556151867,other,8
4507,1126,1,8,8,8,3,0,5,True,True,False,0.05852239578962326,correct,0
4508,1127,0,25,4,25,18,39,18,False,False,False,0.008285743184387684,other,21
4509,1127,0,29,32,29,39,18,18,False,False,False,0.051194190979003906,other,3
4510,1127,1,29,17,29,18,39,18,False,False,False,0.04255149886012077,other,12
4511,1127,1,25,4,25,39,18,18,False,False,False,0.008106855675578117,other,21
4512,1128,0,9,17,9,36,16,18,False,False,False,0.03495091199874878,other,8
4513,1128,0,21,43,21,16,36,18,False,False,False,0.01063436921685934,other,22
4514,1128,1,21,43,21,36,16,18,False,False,False,0.012700296938419342,other,22
4515,1128,1,9,17,9,16,36,18,False,False,False,0.0410589724779129,other,8
4516,1129,0,38,17,38,9,3,19,False,False,False,0.027688000351190567,other,21
4517,1129,0,27,17,27,3,9,34,False,False,False,0.013376369141042233,other,10
4518,1129,1,27,17,27,9,3,34,False,False,False,0.016674065962433815,other,10
4519,1129,1,38,17,38,3,9,34,False,False,False,0.01624455861747265,other,21
4520,1130,0,3,17,3,16,18,34,False,False,False,0.00836632214486599,other,14
4521,1130,0,30,43,30,18,16,34,False,False,False,0.022362658753991127,other,13
4522,1130,1,30,0,30,16,18,15,False,False,False,0.01865217834711075,other,30
4523,1130,1,3,43,3,18,16,34,False,False,False,0.022037284448742867,other,40
4524,1131,0,13,17,13,29,33,34,False,False,False,0.025269409641623497,other,4
4525,1131,0,40,17,40,33,29,32,False,False,False,0.0478171706199646,other,23
4526,1131,1,40,17,40,29,33,34,False,False,False,0.03886358439922333,other,23
4527,1131,1,13,17,13,33,29,32,False,False,False,0.022814691066741943,other,4
4528,1132,0,19,17,19,19,7,34,False,False,False,0.046343009918928146,other,2
4529,1132,0,11,17,11,7,19,18,False,False,False,0.03529805317521095,other,6
4530,1132,1,11,17,11,19,7,34,False,False,False,0.045365139842033386,other,6
4531,1132,1,19,17,19,7,19,7,False,False,False,0.04513177648186684,other,2
4532,1133,0,27,17,27,24,15,34,False,False,False,0.010714979842305183,other,10
4533,1133,0,43,17,43,15,24,22,False,False,False,0.03277928754687309,other,26
4534,1133,1,43,32,43,24,15,18,False,False,False,0.03669927269220352,other,11
4535,1133,1,27,17,27,15,24,34,False,False,False,0.008925801143050194,other,10
4536,1134,0,39,17,39,0,15,34,False,False,False,0.014534738846123219,other,22
4537,1134,0,37,17,37,15,0,15,False,False,False,0.010962110944092274,other,20
4538,1134,1,37,17,37,0,15,34,False,False,False,0.03505966067314148,other,20
4539,1134,1,39,43,39,15,0,34,False,False,False,0.005732295103371143,other,4
4540,1135,0,10,32,10,5,1,5,False,False,False,0.008271152153611183,other,22
4541,1135,0,39,43,39,1,5,15,False,False,False,0.021908922120928764,other,4
4542,1135,1,39,17,39,5,1,18,False,False,False,0.021164966747164726,other,22
4543,1135,1,10,17,10,1,5,5,False,False,False,0.012871695682406425,other,7
4544,1136,0,10,17,10,14,18,15,False,False,False,0.00853030476719141,other,7
4545,1136,0,1,17,1,18,14,15,False,False,False,0.017777683213353157,other,16
4546,1136,1,1,17,1,14,18,7,False,False,False,0.021415147930383682,other,16
4547,1136,1,10,17,10,18,14,18,False,False,False,0.004436789080500603,other,7
4548,1137,0,1,17,1,7,18,22,False,False,False,0.024328313767910004,other,16
4549,1137,0,45,24,45,18,7,34,False,False,False,0.012428571470081806,other,21
4550,1137,1,45,17,45,7,18,34,False,False,False,0.008763628080487251,other,28
4551,1137,1,1,17,1,18,7,18,False,False,False,0.034560371190309525,other,16
4552,1138,0,2,17,2,24,18,22,False,False,False,0.014078138396143913,other,15
4553,1138,0,43,43,43,18,24,34,True,True,False,0.009657783433794975,correct,0
4554,1138,1,43,43,43,24,18,34,True,True,False,0.027576668187975883,correct,0
4555,1138,1,2,43,2,18,24,34,False,False,False,0.029470061883330345,other,41
4556,1139,0,36,17,36,15,24,15,False,False,False,0.013126170262694359,other,19
4557,1139,0,2,17,2,24,15,18,False,False,False,0.04598202928900719,other,15
4558,1139,1,2,17,2,15,24,15,False,False,False,0.03330088034272194,other,15
4559,1139,1,36,17,36,24,15,15,False,False,False,0.011676986701786518,other,19
4560,1140,0,27,0,27,38,24,18,False,False,False,0.012009401805698872,other,27
4561,1140,0,41,44,41,24,38,18,False,False,False,0.00798227172344923,other,3
4562,1140,1,41,24,41,38,24,7,False,False,False,0.028445666655898094,other,17
4563,1140,1,27,17,27,24,38,18,False,False,False,0.017259614542126656,other,10
4564,1141,0,27,17,27,21,16,16,False,False,False,0.013231026008725166,other,10
4565,1141,0,29,17,29,16,21,34,False,False,False,0.04404741898179054,other,12
4566,1141,1,29,31,29,21,16,22,False,False,False,0.028849435970187187,other,2
4567,1141,1,27,17,27,16,21,15,False,False,False,0.01134851761162281,other,10
4568,1142,0,36,17,36,0,26,18,False,False,False,0.018857983872294426,other,19
4569,1142,0,45,17,45,26,0,36,False,False,False,0.023824913427233696,other,28
4570,1142,1,45,24,45,0,26,18,False,False,False,0.031908631324768066,other,21
4571,1142,1,36,17,36,26,0,18,False,False,False,0.01716196909546852,other,19
4572,1143,0,36,17,36,20,17,15,False,False,False,0.015768365934491158,other,19
4573,1143,0,25,32,25,17,20,7,False,False,False,0.0179152674973011,other,7
4574,1143,1,25,32,25,20,17,7,False,False,False,0.011952553875744343,other,7
4575,1143,1,36,17,36,17,20,34,False,False,False,0.02308472990989685,other,19
4576,1144,0,10,17,10,7,16,18,False,False,False,0.019849145784974098,other,7
4577,1144,0,11,17,11,16,7,32,False,False,False,0.05232732370495796,other,6
4578,1144,1,11,17,11,7,16,7,False,False,False,0.031782276928424835,other,6
4579,1144,1,10,17,10,16,7,32,False,False,False,0.0408441387116909,other,7
4580,1145,0,11,17,11,14,26,15,False,False,False,0.019227702170610428,other,6
4581,1145,0,46,17,46,26,14,18,False,False,False,0.009725172072649002,other,29
4582,1145,1,46,17,46,14,26,18,False,False,False,0.009277199395000935,other,29
4583,1145,1,11,17,11,26,14,36,False,False,False,0.014541576616466045,other,6
4584,1146,0,46,43,46,6,0,34,False,False,False,0.007262640167027712,other,3
4585,1146,0,18,17,18,0,6,34,False,False,True,0.03863786533474922,off_by_one,1
4586,1146,1,18,17,18,6,0,18,False,False,True,0.019917085766792297,off_by_one,1
4587,1146,1,46,17,46,0,6,34,False,False,False,0.020360348746180534,other,29
4588,1147,0,40,17,40,18,6,8,False,False,False,0.01359612587839365,other,23
4589,1147,0,48,17,48,6,18,18,False,False,False,0.0288387481123209,other,31
4590,1147,1,48,43,48,18,6,18,False,False,False,0.01704566553235054,other,5
4591,1147,1,40,17,40,6,18,8,False,False,False,0.010871917009353638,other,23
4592,1148,0,7,7,7,14,18,15,True,True,False,0.019523901864886284,correct,0
4593,1148,0,24,4,24,18,14,15,False,False,False,0.015495465137064457,other,20
4594,1148,1,24,4,24,14,18,7,False,False,False,0.00816420279443264,other,20
4595,1148,1,7,7,7,18,14,15,True,True,False,0.019425805658102036,correct,0
4596,1149,0,29,17,29,16,17,27,False,False,False,0.03183789178729057,other,12
4597,1149,0,37,17,37,17,16,15,False,False,False,0.018110470846295357,other,20
4598,1149,1,37,17,37,16,17,7,False,False,False,0.028000399470329285,other,20
4599,1149,1,29,27,29,17,16,15,False,False,False,0.0364270843565464,other,2
4600,1150,0,41,35,41,27,18,15,False,False,False,0.03473556786775589,other,6
4601,1150,0,18,32,18,18,27,7,False,False,False,0.03169418126344681,other,14
4602,1150,1,18,0,18,27,18,7,False,False,False,0.02830987051129341,other,18
4603,1150,1,41,24,41,18,27,34,False,False,False,0.048058800399303436,other,17
4604,1151,0,16,34,16,9,6,34,False,False,False,0.06900867819786072,other,18
4605,1151,0,8,8,8,6,9,7,True,True,False,0.04101945087313652,correct,0
4606,1151,1,8,8,8,9,6,18,True,True,False,0.06075838580727577,correct,0
4607,1151,1,16,17,16,6,9,5,False,False,True,0.0889764130115509,off_by_one,1
4608,1152,0,19,43,19,2,6,34,False,False,False,0.0651639997959137,other,24
4609,1152,0,45,32,45,6,2,34,False,False,False,0.021714406087994576,other,13
4610,1152,1,45,24,45,2,6,34,False,False,False,0.021907247602939606,other,21
4611,1152,1,19,31,19,6,2,6,False,False,False,0.03455648571252823,other,12
4612,1153,0,11,17,11,24,18,7,False,False,False,0.04547923430800438,other,6
4613,1153,0,23,35,23,18,24,18,False,False,False,0.05336334928870201,other,12
4614,1153,1,23,32,23,24,18,15,False,False,False,0.0622415654361248,other,9
4615,1153,1,11,17,11,18,24,18,False,False,False,0.07023140788078308,other,6
4616,1154,0,33,17,33,7,19,34,False,False,False,0.012303781695663929,other,16
4617,1154,0,16,42,16,19,7,34,False,False,False,0.14386950433254242,other,26
4618,1154,1,16,32,16,7,19,7,False,False,False,0.13167226314544678,other,16
4619,1154,1,33,17,33,19,7,34,False,False,False,0.019793568179011345,other,16
4620,1155,0,43,17,43,21,15,34,False,False,False,0.026118922978639603,other,26
4621,1155,0,35,24,35,15,21,34,False,False,False,0.0129805663600564,other,11
4622,1155,1,35,32,35,21,15,15,False,False,False,0.01996508240699768,other,3
4623,1155,1,43,43,43,15,21,15,True,True,False,0.011265141889452934,correct,0
4624,1156,0,48,17,48,16,26,34,False,False,False,0.009147576056420803,other,31
4625,1156,0,33,17,33,26,16,34,False,False,False,0.008770530112087727,other,16
4626,1156,1,33,17,33,16,26,34,False,False,False,0.010344394482672215,other,16
4627,1156,1,48,17,48,26,16,34,False,False,False,0.01799064874649048,other,31
4628,1157,0,14,17,14,2,1,7,False,False,False,0.054877687245607376,other,3
4629,1157,0,31,32,31,1,2,5,False,False,True,0.05062633007764816,off_by_one,1
4630,1157,1,31,0,31,2,1,7,False,False,False,0.04048723354935646,other,31
4631,1157,1,14,31,14,1,2,7,False,False,False,0.06674240529537201,other,17
4632,1158,0,27,27,27,6,2,18,True,True,False,0.004443315789103508,correct,0
4633,1158,0,32,17,32,2,6,6,False,False,False,0.017823047935962677,other,15
4634,1158,1,32,32,32,6,2,7,True,True,False,0.013358451426029205,correct,0
4635,1158,1,27,17,27,2,6,34,False,False,False,0.014332443475723267,other,10
4636,1159,0,23,32,23,12,17,34,False,False,False,0.014759792946279049,other,9
4637,1159,0,4,27,4,17,12,7,False,False,False,0.007471977733075619,other,23
4638,1159,1,4,32,4,12,17,18,False,False,False,0.018363703042268753,other,28
4639,1159,1,23,4,23,17,12,15,False,False,False,0.02032175101339817,other,19
4640,1160,0,2,17,2,7,18,18,False,False,False,0.0525607168674469,other,15
4641,1160,0,12,17,12,18,7,18,False,False,False,0.021932397037744522,other,5
4642,1160,1,12,17,12,7,18,6,False,False,False,0.010227199643850327,other,5
4643,1160,1,2,17,2,18,7,34,False,False,False,0.06227291747927666,other,15
4644,1161,0,47,7,47,38,20,15,False,False,False,0.013130736537277699,other,40
4645,1161,0,18,32,18,20,38,7,False,False,False,0.02749115601181984,other,14
4646,1161,1,18,17,18,38,20,7,False,False,True,0.020787836983799934,off_by_one,1
4647,1161,1,47,34,47,20,38,15,False,False,False,0.02473100647330284,other,13
4648,1162,0,47,24,47,10,13,34,False,False,False,0.01635146513581276,other,23
4649,1162,0,25,24,25,13,10,18,False,False,True,0.01450063195079565,off_by_one,1
4650,1162,1,25,27,25,10,13,34,False,False,False,0.014929413795471191,other,2
4651,1162,1,47,4,47,13,10,34,False,False,False,0.026075100526213646,other,43
4652,1163,0,20,17,20,35,18,34,False,False,False,0.020831622183322906,other,3
4653,1163,0,42,42,42,18,35,34,True,True,False,0.024117521941661835,correct,0
4654,1163,1,42,42,42,35,18,34,True,True,False,0.037345483899116516,correct,0
4655,1163,1,20,17,20,18,35,34,False,False,False,0.031027421355247498,other,3
4656,1164,0,29,11,29,16,7,7,False,False,False,0.03305821120738983,other,18
4657,1164,0,10,32,10,7,16,15,False,False,False,0.05207597464323044,other,22
4658,1164,1,10,17,10,16,7,7,False,False,False,0.06092385575175285,other,7
4659,1164,1,29,17,29,7,16,7,False,False,False,0.05135246366262436,other,12
4660,1165,0,11,17,11,6,0,18,False,False,False,0.050815656781196594,other,6
4661,1165,0,30,17,30,0,6,18,False,False,False,0.06151058152318001,other,13
4662,1165,1,30,17,30,6,0,18,False,False,False,0.053022149950265884,other,13
4663,1165,1,11,17,11,0,6,7,False,False,False,0.07872431725263596,other,6
4664,1166,0,35,17,35,13,10,7,False,False,False,0.018795879557728767,other,18
4665,1166,0,37,17,37,10,13,18,False,False,False,0.024676403030753136,other,20
4666,1166,1,37,43,37,13,10,18,False,False,False,0.012151368893682957,other,6
4667,1166,1,35,17,35,10,13,5,False,False,False,0.015555588528513908,other,18
4668,1167,0,14,17,14,36,24,18,False,False,False,0.04723602160811424,other,3
4669,1167,0,12,0,12,24,36,5,False,False,False,0.06019163876771927,other,12
4670,1167,1,12,0,12,36,24,18,False,False,False,0.05816172808408737,other,12
4671,1167,1,14,17,14,24,36,5,False,False,False,0.06903177499771118,other,3
4672,1168,0,33,17,33,19,2,34,False,False,False,0.060494448989629745,other,16
4673,1168,0,43,17,43,2,19,34,False,False,False,0.017598111182451248,other,26
4674,1168,1,43,17,43,19,2,34,False,False,False,0.017792968079447746,other,26
4675,1168,1,33,32,33,2,19,18,False,False,True,0.051549214869737625,off_by_one,1
4676,1169,0,28,17,28,6,7,34,False,False,False,0.009029475972056389,other,11
4677,1169,0,24,28,24,7,6,34,False,False,False,0.02538059465587139,other,4
4678,1169,1,24,32,24,6,7,34,False,False,False,0.013423888012766838,other,8
4679,1169,1,28,17,28,7,6,34,False,False,False,0.014316410757601261,other,11
4680,1170,0,12,17,12,16,15,7,False,False,False,0.02590331621468067,other,5
4681,1170,0,45,44,45,15,16,15,False,False,True,0.022340163588523865,off_by_one,1
4682,1170,1,45,32,45,16,15,7,False,False,False,0.036017872393131256,other,13
4683,1170,1,12,17,12,15,16,15,False,False,False,0.03766606003046036,other,5
4684,1171,0,36,17,36,16,17,15,False,False,False,0.01537293940782547,other,19
4685,1171,0,44,32,44,17,16,15,False,False,False,0.010086851194500923,other,12
4686,1171,1,44,17,44,16,17,34,False,False,False,0.02158445678651333,other,27
4687,1171,1,36,17,36,17,16,7,False,False,False,0.00950856413692236,other,19
4688,1172,0,26,24,26,26,6,18,False,False,False,0.03910662233829498,other,2
4689,1172,0,13,43,13,6,26,18,False,False,False,0.032944921404123306,other,30
4690,1172,1,13,0,13,26,6,18,False,False,False,0.02793506346642971,other,13
4691,1172,1,26,24,26,6,26,18,False,False,False,0.009768358431756496,other,2
4692,1173,0,9,32,9,36,14,7,False,False,False,0.011633642017841339,other,23
4693,1173,0,29,17,29,14,36,15,False,False,False,0.05296199023723602,other,12
4694,1173,1,29,32,29,36,14,5,False,False,False,0.03756989911198616,other,3
4695,1173,1,9,24,9,14,36,15,False,False,False,0.012812209315598011,other,15
4696,1174,0,44,35,44,14,6,27,False,False,False,0.030129455029964447,other,9
4697,1174,0,2,17,2,6,14,5,False,False,False,0.03030872717499733,other,15
4698,1174,1,2,17,2,14,6,7,False,False,False,0.04945962131023407,other,15
4699,1174,1,44,32,44,6,14,5,False,False,False,0.04628000035881996,other,12
4700,1175,0,20,17,20,16,15,22,False,False,False,0.031796157360076904,other,3
4701,1175,0,4,32,4,15,16,27,False,False,False,0.024359626695513725,other,28
4702,1175,1,4,32,4,16,15,32,False,False,False,0.016319775953888893,other,28
4703,1175,1,20,17,20,15,16,7,False,False,False,0.020124753937125206,other,3
4704,1176,0,39,43,39,25,0,32,False,False,False,0.016242293640971184,other,4
4705,1176,0,17,17,17,0,25,18,True,True,False,0.018595227971673012,correct,0
4706,1176,1,17,17,17,25,0,15,True,True,False,0.02959330938756466,correct,0
4707,1176,1,39,43,39,0,25,7,False,False,False,0.019701886922121048,other,4
4708,1177,0,14,17,14,24,14,18,False,False,False,0.020429270341992378,other,3
4709,1177,0,36,17,36,14,24,15,False,False,False,0.012462928891181946,other,19
4710,1177,1,36,17,36,24,14,18,False,False,False,0.011363470926880836,other,19
4711,1177,1,14,17,14,14,24,34,False,False,False,0.015915250405669212,other,3
4712,1178,0,7,7,7,12,10,34,True,True,False,0.05114767700433731,correct,0
4713,1178,0,38,17,38,10,12,18,False,False,False,0.018461110070347786,other,21
4714,1178,1,38,17,38,12,10,18,False,False,False,0.012903506867587566,other,21
4715,1178,1,7,7,7,10,12,34,True,True,False,0.0626303106546402,correct,0
4716,1179,0,38,17,38,6,7,18,False,False,False,0.015697527676820755,other,21
4717,1179,0,9,17,9,7,6,8,False,False,False,0.023229077458381653,other,8
4718,1179,1,9,17,9,6,7,5,False,False,False,0.03508206456899643,other,8
4719,1179,1,38,0,38,7,6,18,False,False,False,0.008939371444284916,other,38
4720,1180,0,36,17,36,14,16,7,False,False,False,0.026352224871516228,other,19
4721,1180,0,32,29,32,16,14,27,False,False,False,0.03535998612642288,other,3
4722,1180,1,32,17,32,14,16,5,False,False,False,0.03104647994041443,other,15
4723,1180,1,36,17,36,16,14,7,False,False,False,0.01990758255124092,other,19
4724,1181,0,15,17,15,15,18,15,False,False,False,0.04575284942984581,other,2
4725,1181,0,19,17,19,18,15,34,False,False,False,0.02005491405725479,other,2
4726,1181,1,19,17,19,15,18,15,False,False,False,0.03535837307572365,other,2
4727,1181,1,15,32,15,18,15,7,False,False,False,0.030034655705094337,other,17
4728,1182,0,13,32,13,6,3,5,False,False,False,0.04880087077617645,other,19
4729,1182,0,41,24,41,3,6,18,False,False,False,0.07645747810602188,other,17
4730,1182,1,41,35,41,6,3,18,False,False,False,0.023638827726244926,other,6
4731,1182,1,13,0,13,3,6,18,False,False,False,0.04094769060611725,other,13
4732,1183,0,8,0,8,6,17,22,False,False,False,0.030565090477466583,other,8
4733,1183,0,2,17,2,17,6,15,False,False,False,0.060482457280159,other,15
4734,1183,1,2,17,2,6,17,34,False,False,False,0.040953025221824646,other,15
4735,1183,1,8,8,8,17,6,22,True,True,False,0.06616485863924026,correct,0
4736,1184,0,12,17,12,0,17,15,False,False,False,0.01076796930283308,other,5
4737,1184,0,32,17,32,17,0,15,False,False,False,0.03877850994467735,other,15
4738,1184,1,32,17,32,0,17,18,False,False,False,0.02968616783618927,other,15
4739,1184,1,12,28,12,17,0,0,False,False,False,0.011197870597243309,other,16
4740,1185,0,7,44,7,16,15,7,False,False,False,0.04011285677552223,other,37
4741,1185,0,38,17,38,15,16,7,False,False,False,0.01606474630534649,other,21
4742,1185,1,38,17,38,16,15,34,False,False,False,0.01553022675216198,other,21
4743,1185,1,7,7,7,15,16,15,True,True,False,0.019161105155944824,correct,0
4744,1186,0,19,17,19,6,19,18,False,False,False,0.03226916491985321,other,2
4745,1186,0,12,17,12,19,6,19,False,False,False,0.05918923765420914,other,5
4746,1186,1,12,17,12,6,19,5,False,False,False,0.06167667359113693,other,5
4747,1186,1,19,31,19,19,6,34,False,False,False,0.04594991356134415,other,12
4748,1187,0,30,17,30,1,0,15,False,False,False,0.05574227496981621,other,13
4749,1187,0,19,17,19,0,1,34,False,False,False,0.041208866983652115,other,2
4750,1187,1,19,17,19,1,0,18,False,False,False,0.031224345788359642,other,2
4751,1187,1,30,11,30,0,1,7,False,False,False,0.02792828157544136,other,19
4752,1188,0,19,17,19,24,26,5,False,False,False,0.07202724367380142,other,2
4753,1188,0,38,0,38,26,24,24,False,False,False,0.008514235727488995,other,38
4754,1188,1,38,0,38,24,26,18,False,False,False,0.011160067282617092,other,38
4755,1188,1,19,31,19,26,24,18,False,False,False,0.04992132633924484,other,12
4756,1189,0,11,17,11,36,26,18,False,False,False,0.020731694996356964,other,6
4757,1189,0,1,17,1,26,36,18,False,False,False,0.0358983613550663,other,16
4758,1189,1,1,2,1,36,26,18,False,False,True,0.04476512223482132,off_by_one,1
4759,1189,1,11,17,11,26,36,18,False,False,False,0.028832683339715004,other,6
4760,1190,0,8,8,8,6,24,18,True,True,False,0.012615935876965523,correct,0
4761,1190,0,21,31,21,24,6,5,False,False,False,0.05899042636156082,other,10
4762,1190,1,21,0,21,6,24,18,False,False,False,0.054479196667671204,other,21
4763,1190,1,8,8,8,24,6,18,True,True,False,0.0216163769364357,correct,0
4764,1191,0,44,7,44,18,24,18,False,False,False,0.03900619223713875,other,37
4765,1191,0,38,17,38,24,18,24,False,False,False,0.017682962119579315,other,21
4766,1191,1,38,17,38,18,24,18,False,False,False,0.012563900090754032,other,21
4767,1191,1,44,4,44,24,18,24,False,False,False,0.026453759521245956,other,40
4768,1192,0,40,17,40,19,2,34,False,False,False,0.02219836600124836,other,23
4769,1192,0,13,17,13,2,19,34,False,False,False,0.017911842092871666,other,4
4770,1192,1,13,17,13,19,2,34,False,False,False,0.02370094507932663,other,4
4771,1192,1,40,17,40,2,19,34,False,False,False,0.03342176601290703,other,23
4772,1193,0,15,27,15,16,18,34,False,False,False,0.04638093337416649,other,12
4773,1193,0,40,32,40,18,16,15,False,False,False,0.02894088812172413,other,8
4774,1193,1,40,32,40,16,18,27,False,False,False,0.04752674698829651,other,8
4775,1193,1,15,44,15,18,16,15,False,False,False,0.05389217287302017,other,29
4776,1194,0,26,27,26,0,26,34,False,False,True,0.027562065050005913,off_by_one,1
4777,1194,0,44,17,44,26,0,34,False,False,False,0.019698437303304672,other,27
4778,1194,1,44,27,44,0,26,32,False,False,False,0.02120562642812729,other,17
4779,1194,1,26,24,26,26,0,15,False,False,False,0.01481838058680296,other,2
4780,1195,0,11,17,11,16,6,22,False,False,False,0.03555859625339508,other,6
4781,1195,0,20,17,20,6,16,18,False,False,False,0.05263299494981766,other,3
4782,1195,1,20,17,20,16,6,34,False,False,False,0.03840041533112526,other,3
4783,1195,1,11,32,11,6,16,5,False,False,False,0.020594272762537003,other,21
4784,1196,0,19,43,19,14,18,32,False,False,False,0.0289431344717741,other,24
4785,1196,0,45,32,45,18,14,34,False,False,False,0.010105153545737267,other,13
4786,1196,1,45,0,45,14,18,15,False,False,False,0.012084891088306904,other,45
4787,1196,1,19,17,19,18,14,34,False,False,False,0.03681739792227745,other,2
4788,1197,0,39,17,39,14,15,7,False,False,False,0.012552949599921703,other,22
4789,1197,0,10,17,10,15,14,15,False,False,False,0.02046993188560009,other,7
4790,1197,1,10,17,10,14,15,22,False,False,False,0.016564786434173584,other,7
4791,1197,1,39,43,39,15,14,15,False,False,False,0.018199386075139046,other,4
4792,1198,0,43,17,43,16,14,15,False,False,False,0.0527692548930645,other,26
4793,1198,0,14,17,14,14,16,7,False,False,False,0.03093823976814747,other,3
4794,1198,1,14,17,14,16,14,7,False,False,False,0.03361206874251366,other,3
4795,1198,1,43,17,43,14,16,7,False,False,False,0.028664201498031616,other,26
4796,1199,0,18,43,18,26,36,18,False,False,False,0.009523454122245312,other,25
4797,1199,0,17,0,17,36,26,36,False,False,False,0.03779558464884758,other,17
4798,1199,1,17,17,17,26,36,18,True,True,False,0.03253081068396568,correct,0
4799,1199,1,18,17,18,36,26,18,False,False,True,0.015137529000639915,off_by_one,1
4800,1200,0,6,17,6,10,6,18,False,False,False,0.08919323235750198,other,11
4801,1200,0,34,24,34,6,10,34,False,False,False,0.01880372129380703,other,10
4802,1200,1,34,15,34,10,6,15,False,False,False,0.018654119223356247,other,19
4803,1200,1,6,43,6,6,10,34,False,False,False,0.024018900468945503,other,37
4804,1201,0,32,17,32,5,2,18,False,False,False,0.022664377465844154,other,15
4805,1201,0,23,35,23,2,5,18,False,False,False,0.016743799671530724,other,12
4806,1201,1,23,24,23,5,2,18,False,False,True,0.03385863080620766,off_by_one,1
4807,1201,1,32,44,32,2,5,18,False,False,False,0.027610527351498604,other,12
4808,1202,0,21,43,21,7,6,18,False,False,False,0.02159169316291809,other,22
4809,1202,0,46,43,46,6,7,18,False,False,False,0.027063872665166855,other,3
4810,1202,1,46,17,46,7,6,7,False,False,False,0.014851938933134079,other,29
4811,1202,1,21,31,21,6,7,18,False,False,False,0.009254523552954197,other,10
4812,1203,0,27,0,27,27,16,27,False,False,False,0.021023139357566833,other,27
4813,1203,0,11,17,11,16,27,27,False,False,False,0.025810236111283302,other,6
4814,1203,1,11,17,11,27,16,27,False,False,False,0.027337636798620224,other,6
4815,1203,1,27,32,27,16,27,27,False,False,False,0.0156596340239048,other,5
4816,1204,0,23,32,23,24,6,34,False,False,False,0.054075341671705246,other,9
4817,1204,0,13,8,13,6,24,5,False,False,False,0.06682559102773666,other,5
4818,1204,1,13,17,13,24,6,34,False,False,False,0.07003874331712723,other,4
4819,1204,1,23,17,23,6,24,34,False,False,False,0.01781628653407097,other,6
4820,1205,0,21,0,21,14,12,18,False,False,False,0.0335620753467083,other,21
4821,1205,0,34,17,34,12,14,7,False,False,False,0.03654125705361366,other,17
4822,1205,1,34,4,34,14,12,27,False,False,False,0.024936456233263016,other,30
4823,1205,1,21,31,21,12,14,6,False,False,False,0.04077214375138283,other,10
4824,1206,0,37,43,37,15,7,34,False,False,False,0.023315774276852608,other,6
4825,1206,0,41,4,41,7,15,34,False,False,False,0.04894227907061577,other,37
4826,1206,1,41,4,41,15,7,34,False,False,False,0.1036318838596344,other,37
4827,1206,1,37,17,37,7,15,34,False,False,False,0.007012814749032259,other,20
4828,1207,0,33,32,33,7,6,7,False,False,True,0.019548993557691574,off_by_one,1
4829,1207,0,2,17,2,6,7,5,False,False,False,0.03623638302087784,other,15
4830,1207,1,2,17,2,7,6,34,False,False,False,0.044119760394096375,other,15
4831,1207,1,33,17,33,6,7,18,False,False,False,0.011206259950995445,other,16
4832,1208,0,35,24,35,7,15,7,False,False,False,0.022154584527015686,other,11
4833,1208,0,40,24,40,15,7,15,False,False,False,0.02325575239956379,other,16
4834,1208,1,40,17,40,7,15,7,False,False,False,0.02286967821419239,other,23
4835,1208,1,35,0,35,15,7,15,False,False,False,0.042043205350637436,other,35
4836,1209,0,46,17,46,20,17,7,False,False,False,0.0392838679254055,other,29
4837,1209,0,34,24,34,17,20,7,False,False,False,0.03075060248374939,other,10
4838,1209,1,34,44,34,20,17,18,False,False,False,0.011086287908256054,other,10
4839,1209,1,46,43,46,17,20,7,False,False,False,0.05135045945644379,other,3
4840,1210,0,21,43,21,6,24,18,False,False,False,0.030854692682623863,other,22
4841,1210,0,22,2,22,24,6,18,False,False,False,0.01145857758820057,other,20
4842,1210,1,22,17,22,6,24,18,False,False,False,0.020925248041749,other,5
4843,1210,1,21,43,21,24,6,18,False,False,False,0.041728392243385315,other,22
4844,1211,0,11,17,11,16,36,7,False,False,False,0.031080888584256172,other,6
4845,1211,0,30,0,30,36,16,18,False,False,False,0.03570091724395752,other,30
4846,1211,1,30,17,30,16,36,18,False,False,False,0.03421981260180473,other,13
4847,1211,1,11,17,11,36,16,18,False,False,False,0.026986688375473022,other,6
4848,1212,0,35,17,35,21,14,15,False,False,False,0.009089313447475433,other,18
4849,1212,0,7,7,7,14,21,32,True,True,False,0.02826467528939247,correct,0
4850,1212,1,7,34,7,21,14,15,False,False,False,0.025609254837036133,other,27
4851,1212,1,35,17,35,14,21,15,False,False,False,0.006310751195997,other,18
4852,1213,0,8,8,8,8,7,18,True,True,False,0.09341157227754593,correct,0
4853,1213,0,3,0,3,7,8,18,False,False,False,0.017629925161600113,other,3
4854,1213,1,3,17,3,8,7,18,False,False,False,0.030949916690587997,other,14
4855,1213,1,8,32,8,7,8,7,False,False,False,0.09977958351373672,other,24
4856,1214,0,47,24,47,35,7,32,False,False,False,0.08137731999158859,other,23
4857,1214,0,20,17,20,7,35,18,False,False,False,0.041458118706941605,other,3
4858,1214,1,20,43,20,35,7,15,False,False,False,0.05831155180931091,other,23
4859,1214,1,47,11,47,7,35,7,False,False,False,0.04411489516496658,other,36
4860,1215,0,21,31,21,6,24,6,False,False,False,0.04838196933269501,other,10
4861,1215,0,30,32,30,24,6,32,False,False,False,0.08480915427207947,other,2
4862,1215,1,30,17,30,6,24,6,False,False,False,0.07282666862010956,other,13
4863,1215,1,21,43,21,24,6,34,False,False,False,0.0647578239440918,other,22
4864,1216,0,27,0,27,16,15,15,False,False,False,0.009783024899661541,other,27
4865,1216,0,22,43,22,15,16,15,False,False,False,0.01862155646085739,other,21
4866,1216,1,22,43,22,16,15,34,False,False,False,0.02622387744486332,other,21
4867,1216,1,27,17,27,15,16,15,False,False,False,0.007876739837229252,other,10
4868,1217,0,22,17,22,15,18,34,False,False,False,0.03509223833680153,other,5
4869,1217,0,38,17,38,18,15,34,False,False,False,0.005884791724383831,other,21
4870,1217,1,38,17,38,15,18,34,False,False,False,0.011703823693096638,other,21
4871,1217,1,22,43,22,18,15,34,False,False,False,0.010704457759857178,other,21
4872,1218,0,33,17,33,0,3,15,False,False,False,0.007605245802551508,other,16
4873,1218,0,26,24,26,3,0,7,False,False,False,0.052440762519836426,other,2
4874,1218,1,26,43,26,0,3,18,False,False,False,0.05067376419901848,other,17
4875,1218,1,33,17,33,3,0,18,False,False,False,0.0065780458971858025,other,16
4876,1219,0,18,17,18,12,2,18,False,False,True,0.053141359239816666,off_by_one,1
4877,1219,0,36,17,36,2,12,34,False,False,False,0.02385532669723034,other,19
4878,1219,1,36,17,36,12,2,24,False,False,False,0.022536134347319603,other,19
4879,1219,1,18,17,18,2,12,8,False,False,True,0.04972343519330025,off_by_one,1
4880,1220,0,27,17,27,15,14,7,False,False,False,0.010195732116699219,other,10
4881,1220,0,33,17,33,14,15,7,False,False,False,0.013927057385444641,other,16
4882,1220,1,33,17,33,15,14,7,False,False,False,0.017544014379382133,other,16
4883,1220,1,27,17,27,14,15,15,False,False,False,0.01503481063991785,other,10
4884,1221,0,32,32,32,24,16,7,True,True,False,0.03804852440953255,correct,0
4885,1221,0,8,8,8,16,24,19,True,True,False,0.021608054637908936,correct,0
4886,1221,1,8,17,8,24,16,18,False,False,False,0.023526489734649658,other,9
4887,1221,1,32,0,32,16,24,7,False,False,False,0.04122776538133621,other,32
4888,1222,0,42,42,42,6,28,34,True,True,False,0.034678637981414795,correct,0
4889,1222,0,32,0,32,28,6,7,False,False,False,0.0403006449341774,other,32
4890,1222,1,32,17,32,6,28,18,False,False,False,0.017521042376756668,other,15
4891,1222,1,42,42,42,28,6,32,True,True,False,0.17362740635871887,correct,0
4892,1223,0,20,17,20,6,3,7,False,False,False,0.052651502192020416,other,3
4893,1223,0,5,15,5,3,6,18,False,False,False,0.04102465882897377,other,10
4894,1223,1,5,5,5,6,3,34,True,True,False,0.04218066856265068,correct,0
4895,1223,1,20,17,20,3,6,5,False,False,False,0.06931110471487045,other,3
4896,1224,0,4,4,4,24,6,36,True,True,False,0.012965054251253605,correct,0
4897,1224,0,9,17,9,6,24,18,False,False,False,0.024029746651649475,other,8
4898,1224,1,9,0,9,24,6,15,False,False,False,0.023195810616016388,other,9
4899,1224,1,4,32,4,6,24,7,False,False,False,0.018985506147146225,other,28
4900,1225,0,1,17,1,2,13,5,False,False,False,0.04174526408314705,other,16
4901,1225,0,45,17,45,13,2,18,False,False,False,0.018559353426098824,other,28
4902,1225,1,45,24,45,2,13,18,False,False,False,0.010234088636934757,other,21
4903,1225,1,1,17,1,13,2,18,False,False,False,0.049609795212745667,other,16
4904,1226,0,36,0,36,15,14,18,False,False,False,0.02732735313475132,other,36
4905,1226,0,37,31,37,14,15,6,False,False,False,0.08386595547199249,other,6
4906,1226,1,37,17,37,15,14,15,False,False,False,0.14667467772960663,other,20
4907,1226,1,36,17,36,14,15,37,False,False,False,0.012883922085165977,other,19
4908,1227,0,21,43,21,18,7,34,False,False,False,0.0469009093940258,other,22
4909,1227,0,14,17,14,7,18,18,False,False,False,0.06376434862613678,other,3
4910,1227,1,14,17,14,18,7,34,False,False,False,0.050829384475946426,other,3
4911,1227,1,21,17,21,7,18,18,False,False,False,0.05471031740307808,other,4
4912,1228,0,32,24,32,2,8,18,False,False,False,0.016148680821061134,other,8
4913,1228,0,39,43,39,8,2,18,False,False,False,0.01752427965402603,other,4
4914,1228,1,39,43,39,2,8,18,False,False,False,0.01051977090537548,other,4
4915,1228,1,32,44,32,8,2,18,False,False,False,0.01713806949555874,other,12
4916,1229,0,43,17,43,18,32,34,False,False,False,0.016325056552886963,other,26
4917,1229,0,44,32,44,32,18,34,False,False,False,0.03478120267391205,other,12
4918,1229,1,44,17,44,18,32,5,False,False,False,0.03786216303706169,other,27
4919,1229,1,43,43,43,32,18,34,True,True,False,0.0511980801820755,correct,0
4920,1230,0,4,32,4,2,7,7,False,False,False,0.02075265906751156,other,28
4921,1230,0,7,7,7,7,2,34,True,True,False,0.018522625789046288,correct,0
4922,1230,1,7,44,7,2,7,34,False,False,False,0.02374107763171196,other,37
4923,1230,1,4,17,4,7,2,34,False,False,False,0.03616255894303322,other,13
4924,1231,0,25,24,25,36,18,34,False,False,True,0.02159508876502514,off_by_one,1
4925,1231,0,7,34,7,18,36,34,False,False,False,0.025527266785502434,other,27
4926,1231,1,7,24,7,36,18,34,False,False,False,0.01143587101250887,other,17
4927,1231,1,25,32,25,18,36,7,False,False,False,0.02012093923985958,other,7
4928,1232,0,23,35,23,6,16,15,False,False,False,0.02668704092502594,other,12
4929,1232,0,47,17,47,16,6,27,False,False,False,0.04434262216091156,other,30
4930,1232,1,47,44,47,6,16,7,False,False,False,0.03479813411831856,other,3
4931,1232,1,23,32,23,16,6,7,False,False,False,0.10308504849672318,other,9
4932,1233,0,33,17,33,16,15,7,False,False,False,0.008041840977966785,other,16
4933,1233,0,39,43,39,15,16,7,False,False,False,0.014926033094525337,other,4
4934,1233,1,39,43,39,16,15,15,False,False,False,0.020551295951008797,other,4
4935,1233,1,33,17,33,15,16,32,False,False,False,0.007206454407423735,other,16
4936,1234,0,46,32,46,7,33,34,False,False,False,0.03462185710668564,other,14
4937,1234,0,35,17,35,33,7,7,False,False,False,0.07341283559799194,other,18
4938,1234,1,35,31,35,7,33,18,False,False,False,0.06497025489807129,other,4
4939,1234,1,46,0,46,33,7,7,False,False,False,0.05400746688246727,other,46
4940,1235,0,4,4,4,15,26,7,True,True,False,0.04099856689572334,correct,0
4941,1235,0,6,32,6,26,15,24,False,False,False,0.011982766911387444,other,26
4942,1235,1,6,31,6,15,26,18,False,False,False,0.04640738293528557,other,25
4943,1235,1,4,24,4,26,15,34,False,False,False,0.035385772585868835,other,20
4944,1236,0,24,17,24,14,24,32,False,False,False,0.03059741109609604,other,7
4945,1236,0,32,32,32,24,14,32,True,True,False,0.0352926030755043,correct,0
4946,1236,1,32,17,32,14,24,32,False,False,False,0.037603430449962616,other,15
4947,1236,1,24,32,24,24,14,7,False,False,False,0.012100964784622192,other,8
4948,1237,0,4,24,4,19,7,34,False,False,False,0.023225335404276848,other,20
4949,1237,0,24,0,24,7,19,34,False,False,False,0.02817430905997753,other,24
4950,1237,1,24,17,24,19,7,34,False,False,False,0.020757537335157394,other,7
4951,1237,1,4,17,4,7,19,34,False,False,False,0.034968435764312744,other,13
4952,1238,0,26,24,26,14,17,15,False,False,False,0.013971438631415367,other,2
4953,1238,0,24,32,24,17,14,7,False,False,False,0.014462918974459171,other,8
4954,1238,1,24,28,24,14,17,15,False,False,False,0.009708584286272526,other,4
4955,1238,1,26,4,26,17,14,15,False,False,False,0.010912507772445679,other,22
4956,1239,0,36,17,36,2,19,34,False,False,False,0.01637202687561512,other,19
4957,1239,0,21,43,21,19,2,34,False,False,False,0.019298452883958817,other,22
4958,1239,1,21,43,21,2,19,34,False,False,False,0.01846054010093212,other,22
4959,1239,1,36,43,36,19,2,18,False,False,False,0.01284539233893156,other,7
4960,1240,0,0,17,0,24,18,18,False,False,False,0.03851993381977081,other,17
4961,1240,0,26,24,26,18,24,18,False,False,False,0.025078637525439262,other,2
4962,1240,1,26,35,26,24,18,24,False,False,False,0.021827800199389458,other,9
4963,1240,1,0,17,0,18,24,18,False,False,False,0.04627610743045807,other,17
4964,1241,0,27,17,27,3,14,34,False,False,False,0.017911460250616074,other,10
4965,1241,0,19,43,19,14,3,15,False,False,False,0.06065233796834946,other,24
4966,1241,1,19,32,19,3,14,18,False,False,False,0.04970461502671242,other,13
4967,1241,1,27,17,27,14,3,7,False,False,False,0.014081885106861591,other,10
4968,1242,0,28,27,28,5,1,18,False,False,True,0.0052084848284721375,off_by_one,1
4969,1242,0,24,4,24,1,5,7,False,False,False,0.005214743781834841,other,20
4970,1242,1,24,4,24,5,1,18,False,False,False,0.002924460917711258,other,20
4971,1242,1,28,17,28,1,5,18,False,False,False,0.011177834123373032,other,11
4972,1243,0,6,17,6,29,0,34,False,False,False,0.019825834780931473,other,11
4973,1243,0,32,17,32,0,29,16,False,False,False,0.03016919456422329,other,15
4974,1243,1,32,32,32,29,0,34,True,True,False,0.016167646273970604,correct,0
4975,1243,1,6,32,6,0,29,34,False,False,False,0.026524215936660767,other,26
4976,1244,0,2,17,2,26,14,18,False,False,False,0.0166939664632082,other,15
4977,1244,0,28,17,28,14,26,7,False,False,False,0.02335069514811039,other,11
4978,1244,1,28,17,28,26,14,15,False,False,False,0.014074007980525494,other,11
4979,1244,1,2,0,2,14,26,15,False,False,False,0.04704446718096733,other,2
4980,1245,0,5,34,5,27,18,18,False,False,False,0.04023626819252968,other,29
4981,1245,0,28,27,28,18,27,34,False,False,True,0.015540097840130329,off_by_one,1
4982,1245,1,28,17,28,27,18,15,False,False,False,0.019847361370921135,other,11
4983,1245,1,5,5,5,18,27,15,True,True,False,0.019170841202139854,correct,0
4984,1246,0,8,32,8,17,20,22,False,False,False,0.021469512954354286,other,24
4985,1246,0,33,17,33,20,17,34,False,False,False,0.009440546855330467,other,16
4986,1246,1,33,17,33,17,20,15,False,False,False,0.007704297546297312,other,16
4987,1246,1,8,8,8,20,17,22,True,True,False,0.04199742525815964,correct,0
4988,1247,0,13,17,13,7,6,18,False,False,False,0.043306782841682434,other,4
4989,1247,0,31,17,31,6,7,18,False,False,False,0.038709480315446854,other,14
4990,1247,1,31,24,31,7,6,36,False,False,False,0.035559121519327164,other,7
4991,1247,1,13,17,13,6,7,18,False,False,False,0.01864650472998619,other,4
4992,1248,0,32,17,32,17,12,34,False,False,False,0.023436566814780235,other,15
4993,1248,0,39,43,39,12,17,34,False,False,False,0.018773112446069717,other,4
4994,1248,1,39,43,39,17,12,18,False,False,False,0.026757514104247093,other,4
4995,1248,1,32,17,32,12,17,18,False,False,False,0.038323983550071716,other,15
4996,1249,0,17,17,17,15,7,18,True,True,False,0.021555040031671524,correct,0
4997,1249,0,36,17,36,7,15,15,False,False,False,0.016954682767391205,other,19
4998,1249,1,36,17,36,15,7,15,False,False,False,0.014093282632529736,other,19
4999,1249,1,17,17,17,7,15,18,True,True,False,0.01754777505993843,correct,0
5000,1250,0,12,17,12,15,24,15,False,False,False,0.018391389399766922,other,5
5001,1250,0,25,32,25,24,15,34,False,False,False,0.012433206662535667,other,7
5002,1250,1,25,24,25,15,24,34,False,False,True,0.021712929010391235,off_by_one,1
5003,1250,1,12,17,12,24,15,34,False,False,False,0.0168397706001997,other,5
5004,1251,0,20,43,20,19,6,34,False,False,False,0.061249613761901855,other,23
5005,1251,0,33,0,33,6,19,6,False,False,False,0.05381261184811592,other,33
5006,1251,1,33,17,33,19,6,34,False,False,False,0.06736943870782852,other,16
5007,1251,1,20,31,20,6,19,6,False,False,False,0.04743571579456329,other,11
5008,1252,0,44,0,44,16,26,18,False,False,False,0.0319889560341835,other,44
5009,1252,0,31,17,31,26,16,18,False,False,False,0.05479208752512932,other,14
5010,1252,1,31,31,31,16,26,5,True,True,False,0.07342389225959778,correct,0
5011,1252,1,44,17,44,26,16,34,False,False,False,0.02273140475153923,other,27
5012,1253,0,10,17,10,26,27,36,False,False,False,0.008831353858113289,other,7
5013,1253,0,29,0,29,27,26,15,False,False,False,0.019568832591176033,other,29
5014,1253,1,29,17,29,26,27,15,False,False,False,0.011783634312450886,other,12
5015,1253,1,10,17,10,27,26,15,False,False,False,0.013864166103303432,other,7
5016,1254,0,16,32,16,9,16,7,False,False,False,0.0659678652882576,other,16
5017,1254,0,11,17,11,16,9,27,False,False,False,0.03941967710852623,other,6
5018,1254,1,11,17,11,9,16,7,False,False,False,0.025350382551550865,other,6
5019,1254,1,16,15,16,16,9,32,False,False,True,0.07544068992137909,off_by_one,1
5020,1255,0,0,17,0,0,16,7,False,False,False,0.030485503375530243,other,17
5021,1255,0,31,43,31,16,0,7,False,False,False,0.026289261877536774,other,12
5022,1255,1,31,17,31,0,16,15,False,False,False,0.03179766610264778,other,14
5023,1255,1,0,17,0,16,0,7,False,False,False,0.031407929956912994,other,17
5024,1256,0,6,17,6,16,15,7,False,False,False,0.06466007977724075,other,11
5025,1256,0,2,17,2,15,16,18,False,False,False,0.04519198462367058,other,15
5026,1256,1,2,17,2,16,15,15,False,False,False,0.03874814882874489,other,15
5027,1256,1,6,0,6,15,16,15,False,False,False,0.06862213462591171,other,6
5028,1257,0,27,0,27,38,18,18,False,False,False,0.014751099050045013,other,27
5029,1257,0,34,24,34,18,38,18,False,False,False,0.022617708891630173,other,10
5030,1257,1,34,16,34,38,18,15,False,False,False,0.010958253405988216,other,18
5031,1257,1,27,17,27,18,38,18,False,False,False,0.015356823801994324,other,10
5032,1258,0,22,43,22,19,7,15,False,False,False,0.026639405637979507,other,21
5033,1258,0,45,32,45,7,19,18,False,False,False,0.03418128937482834,other,13
5034,1258,1,45,17,45,19,7,34,False,False,False,0.023263704031705856,other,28
5035,1258,1,22,31,22,7,19,18,False,False,False,0.05147044360637665,other,9
5036,1259,0,28,17,28,8,15,18,False,False,False,0.008743830025196075,other,11
5037,1259,0,40,24,40,15,8,18,False,False,False,0.0224496778100729,other,16
5038,1259,1,40,27,40,8,15,24,False,False,False,0.02282014861702919,other,13
5039,1259,1,28,27,28,15,8,18,False,False,True,0.006639411672949791,off_by_one,1
5040,1260,0,37,43,37,1,15,15,False,False,False,0.01597142592072487,other,6
5041,1260,0,30,17,30,15,1,15,False,False,False,0.024802032858133316,other,13
5042,1260,1,30,17,30,1,15,15,False,False,False,0.03145618736743927,other,13
5043,1260,1,37,43,37,15,1,32,False,False,False,0.01994374580681324,other,6
5044,1261,0,26,44,26,14,7,15,False,False,False,0.02096189372241497,other,18
5045,1261,0,34,44,34,7,14,7,False,False,False,0.009326056577265263,other,10
5046,1261,1,34,24,34,14,7,7,False,False,False,0.01480485312640667,other,10
5047,1261,1,26,24,26,7,14,18,False,False,False,0.015097856521606445,other,2
5048,1262,0,31,43,31,15,26,32,False,False,False,0.08080796897411346,other,12
5049,1262,0,4,17,4,26,15,34,False,False,False,0.024454524740576744,other,13
5050,1262,1,4,32,4,15,26,34,False,False,False,0.008958637714385986,other,28
5051,1262,1,31,43,31,26,15,34,False,False,False,0.030928602442145348,other,12
5052,1263,0,13,43,13,18,26,34,False,False,False,0.04489797726273537,other,30
5053,1263,0,17,17,17,26,18,18,True,True,False,0.03174182027578354,correct,0
5054,1263,1,17,17,17,18,26,18,True,True,False,0.0063080815598368645,correct,0
5055,1263,1,13,0,13,26,18,18,False,False,False,0.02952379174530506,other,13
5056,1264,0,30,17,30,0,37,18,False,False,False,0.04977690055966377,other,13
5057,1264,0,36,17,36,37,0,27,False,False,False,0.0038563080597668886,other,19
5058,1264,1,36,0,36,0,37,15,False,False,False,0.011591698043048382,other,36
5059,1264,1,30,32,30,37,0,27,False,False,False,0.05376670882105827,other,2
5060,1265,0,25,4,25,17,24,15,False,False,False,0.008177408948540688,other,21
5061,1265,0,12,32,12,24,17,18,False,False,False,0.03198149427771568,other,20
5062,1265,1,12,17,12,17,24,15,False,False,False,0.04329441860318184,other,5
5063,1265,1,25,24,25,24,17,15,False,False,True,0.007484746165573597,off_by_one,1
5064,1266,0,44,17,44,16,7,34,False,False,False,0.043811894953250885,other,27
5065,1266,0,31,17,31,7,16,6,False,False,False,0.027614666149020195,other,14
5066,1266,1,31,17,31,16,7,15,False,False,False,0.03549366816878319,other,14
5067,1266,1,44,17,44,7,16,22,False,False,False,0.032309941947460175,other,27
5068,1267,0,19,17,19,7,15,18,False,False,False,0.012720034457743168,other,2
5069,1267,0,24,44,24,15,7,34,False,False,False,0.009795255027711391,other,20
5070,1267,1,24,32,24,7,15,34,False,False,False,0.016176311299204826,other,8
5071,1267,1,19,17,19,15,7,18,False,False,False,0.03269350528717041,other,2
5072,1268,0,8,8,8,4,7,18,True,True,False,0.021710574626922607,correct,0
5073,1268,0,19,43,19,7,4,34,False,False,False,0.017825264483690262,other,24
5074,1268,1,19,17,19,4,7,18,False,False,False,0.014406091533601284,other,2
5075,1268,1,8,8,8,7,4,18,True,True,False,0.04184388369321823,correct,0
5076,1269,0,24,0,24,20,12,18,False,False,False,0.022942252457141876,other,24
5077,1269,0,10,17,10,12,20,18,False,False,False,0.005621285177767277,other,7
5078,1269,1,10,17,10,20,12,19,False,False,False,0.019941985607147217,other,7
5079,1269,1,24,24,24,12,20,34,True,True,False,0.0044954270124435425,correct,0
5080,1270,0,6,0,6,4,3,18,False,False,False,0.029657525941729546,other,6
5081,1270,0,41,35,41,3,4,18,False,False,False,0.02648073062300682,other,6
5082,1270,1,41,35,41,4,3,24,False,False,False,0.0233903955668211,other,6
5083,1270,1,6,17,6,3,4,24,False,False,False,0.04237470403313637,other,11
5084,1271,0,33,0,33,18,7,18,False,False,False,0.006770431064069271,other,33
5085,1271,0,27,24,27,7,18,18,False,False,False,0.0062735844403505325,other,3
5086,1271,1,27,17,27,18,7,18,False,False,False,0.02431626245379448,other,10
5087,1271,1,33,17,33,7,18,15,False,False,False,0.010358002968132496,other,16
5088,1272,0,14,17,14,2,13,18,False,False,False,0.03349776566028595,other,3
5089,1272,0,26,24,26,13,2,18,False,False,False,0.023090139031410217,other,2
5090,1272,1,26,2,26,2,13,18,False,False,False,0.032363180071115494,other,24
5091,1272,1,14,17,14,13,2,18,False,False,False,0.02837878279387951,other,3
5092,1273,0,25,32,25,17,16,34,False,False,False,0.01604986935853958,other,7
5093,1273,0,8,8,8,16,17,22,True,True,False,0.03986281901597977,correct,0
5094,1273,1,8,32,8,17,16,22,False,False,False,0.044203657656908035,other,24
5095,1273,1,25,24,25,16,17,32,False,False,True,0.013270200230181217,off_by_one,1
5096,1274,0,37,43,37,27,24,15,False,False,False,0.04137439653277397,other,6
5097,1274,0,6,32,6,24,27,32,False,False,False,0.026919832453131676,other,26
5098,1274,1,6,43,6,27,24,15,False,False,False,0.04617922008037567,other,37
5099,1274,1,37,32,37,24,27,7,False,False,False,0.02880997583270073,other,5
5100,1275,0,22,43,22,1,0,15,False,False,False,0.016470639035105705,other,21
5101,1275,0,11,17,11,0,1,15,False,False,False,0.004848255310207605,other,6
5102,1275,1,11,17,11,1,0,27,False,False,False,0.005623591132462025,other,6
5103,1275,1,22,17,22,0,1,7,False,False,False,0.026140527799725533,other,5
5104,1276,0,22,17,22,16,20,15,False,False,False,0.032041870057582855,other,5
5105,1276,0,13,17,13,20,16,34,False,False,False,0.027838949114084244,other,4
5106,1276,1,13,17,13,16,20,15,False,False,False,0.029208317399024963,other,4
5107,1276,1,22,43,22,20,16,34,False,False,False,0.03246043249964714,other,21
5108,1277,0,42,42,42,26,18,18,True,True,False,0.06639732420444489,correct,0
5109,1277,0,24,32,24,18,26,18,False,False,False,0.017089135944843292,other,8
5110,1277,1,24,27,24,26,18,34,False,False,False,0.008213414810597897,other,3
5111,1277,1,42,42,42,18,26,18,True,True,False,0.05858156830072403,correct,0
5112,1278,0,48,17,48,2,7,18,False,False,False,0.01286670845001936,other,31
5113,1278,0,17,17,17,7,2,18,True,True,False,0.009093309752643108,correct,0
5114,1278,1,17,17,17,2,7,18,True,True,False,0.012422452680766582,correct,0
5115,1278,1,48,17,48,7,2,7,False,False,False,0.004857669118791819,other,31
5116,1279,0,8,8,8,39,18,5,True,True,False,0.013938185758888721,correct,0
5117,1279,0,3,17,3,18,39,18,False,False,False,0.059024494141340256,other,14
5118,1279,1,3,17,3,39,18,18,False,False,False,0.025167809799313545,other,14
5119,1279,1,8,8,8,18,39,5,True,True,False,0.02090851403772831,correct,0
5120,1280,0,21,43,21,12,2,18,False,False,False,0.05455813184380531,other,22
5121,1280,0,12,17,12,2,12,7,False,False,False,0.040312543511390686,other,5
5122,1280,1,12,32,12,12,2,5,False,False,False,0.04304726794362068,other,20
5123,1280,1,21,17,21,2,12,5,False,False,False,0.04568963497877121,other,4
5124,1281,0,44,24,44,7,16,7,False,False,False,0.013380876742303371,other,20
5125,1281,0,47,44,47,16,7,18,False,False,False,0.03055519424378872,other,3
5126,1281,1,47,44,47,7,16,18,False,False,False,0.045104071497917175,other,3
5127,1281,1,44,32,44,16,7,7,False,False,False,0.00934530608355999,other,12
5128,1282,0,47,24,47,18,17,34,False,False,False,0.022553764283657074,other,23
5129,1282,0,18,17,18,17,18,34,False,False,True,0.010560007765889168,off_by_one,1
5130,1282,1,18,17,18,18,17,18,False,False,True,0.008162745274603367,off_by_one,1
5131,1282,1,47,17,47,17,18,34,False,False,False,0.0430460162460804,other,30
5132,1283,0,37,43,37,24,14,15,False,False,False,0.15262146294116974,other,6
5133,1283,0,8,17,8,14,24,18,False,False,False,0.05828413739800453,other,9
5134,1283,1,8,32,8,24,14,18,False,False,False,0.04805419594049454,other,24
5135,1283,1,37,31,37,14,24,6,False,False,False,0.10514751076698303,other,6
5136,1284,0,31,17,31,24,27,5,False,False,False,0.05455750599503517,other,14
5137,1284,0,24,32,24,27,24,27,False,False,False,0.004321228247135878,other,8
5138,1284,1,24,32,24,24,27,15,False,False,False,0.0028860035818070173,other,8
5139,1284,1,31,17,31,27,24,15,False,False,False,0.05968647822737694,other,14
5140,1285,0,21,43,21,16,18,34,False,False,False,0.039108894765377045,other,22
5141,1285,0,46,17,46,18,16,34,False,False,False,0.03008168935775757,other,29
5142,1285,1,46,17,46,16,18,34,False,False,False,0.022760070860385895,other,29
5143,1285,1,21,43,21,18,16,34,False,False,False,0.020611515268683434,other,22
5144,1286,0,16,17,16,5,7,5,False,False,True,0.05899461731314659,off_by_one,1
5145,1286,0,32,0,32,7,5,34,False,False,False,0.024921130388975143,other,32
5146,1286,1,32,17,32,5,7,5,False,False,False,0.021154485642910004,other,15
5147,1286,1,16,32,16,7,5,18,False,False,False,0.062154076993465424,other,16
5148,1287,0,46,17,46,35,31,32,False,False,False,0.04749084636569023,other,29
5149,1287,0,30,17,30,31,35,32,False,False,False,0.010220791213214397,other,13
5150,1287,1,30,43,30,35,31,15,False,False,False,0.020182549953460693,other,13
5151,1287,1,46,17,46,31,35,18,False,False,False,0.0445726104080677,other,29
5152,1288,0,19,0,19,7,15,18,False,False,False,0.020960381254553795,other,19
5153,1288,0,32,24,32,15,7,15,False,False,False,0.017309922724962234,other,8
5154,1288,1,32,44,32,7,15,15,False,False,False,0.009613298811018467,other,12
5155,1288,1,19,0,19,15,7,18,False,False,False,0.03374896198511124,other,19
5156,1289,0,15,24,15,18,24,18,False,False,False,0.06931515038013458,other,9
5157,1289,0,5,34,5,24,18,18,False,False,False,0.02082964964210987,other,29
5158,1289,1,5,34,5,18,24,15,False,False,False,0.05744517594575882,other,29
5159,1289,1,15,44,15,24,18,18,False,False,False,0.04284157231450081,other,29
5160,1290,0,41,35,41,7,6,18,False,False,False,0.034220967441797256,other,6
5161,1290,0,7,44,7,6,7,34,False,False,False,0.022219249978661537,other,37
5162,1290,1,7,7,7,7,6,34,True,True,False,0.011191124096512794,correct,0
5163,1290,1,41,24,41,6,7,34,False,False,False,0.0667584091424942,other,17
5164,1291,0,38,17,38,14,16,15,False,False,False,0.018461039289832115,other,21
5165,1291,0,18,2,18,16,14,7,False,False,False,0.026299210265278816,other,16
5166,1291,1,18,17,18,14,16,15,False,False,True,0.0349392332136631,off_by_one,1
5167,1291,1,38,17,38,16,14,27,False,False,False,0.018025020137429237,other,21
5168,1292,0,17,31,17,14,18,22,False,False,False,0.08318600803613663,other,14
5169,1292,0,12,32,12,18,14,18,False,False,False,0.024694694206118584,other,20
5170,1292,1,12,17,12,14,18,7,False,False,False,0.020652879029512405,other,5
5171,1292,1,17,17,17,18,14,18,True,True,False,0.08405429124832153,correct,0
5172,1293,0,23,24,23,6,16,15,False,False,True,0.022889260202646255,off_by_one,1
5173,1293,0,26,4,26,16,6,15,False,False,False,0.02735385298728943,other,22
5174,1293,1,26,24,26,6,16,18,False,False,False,0.020915742963552475,other,2
5175,1293,1,23,24,23,16,6,18,False,False,True,0.057015303522348404,off_by_one,1
5176,1294,0,42,42,42,7,6,34,True,True,False,0.08704561740159988,correct,0
5177,1294,0,39,43,39,6,7,34,False,False,False,0.01457398384809494,other,4
5178,1294,1,39,43,39,7,6,34,False,False,False,0.02270347997546196,other,4
5179,1294,1,42,5,42,6,7,34,False,False,False,0.04378974810242653,other,37
5180,1295,0,7,8,7,27,7,15,False,False,True,0.08931844681501389,off_by_one,1
5181,1295,0,1,11,1,7,27,7,False,False,False,0.0347357839345932,other,10
5182,1295,1,1,17,1,27,7,15,False,False,False,0.07040712982416153,other,16
5183,1295,1,7,34,7,7,27,18,False,False,False,0.5209940075874329,other,27
5184,1296,0,5,5,5,27,17,15,True,True,False,0.027212709188461304,correct,0
5185,1296,0,21,43,21,17,27,7,False,False,False,0.02846701070666313,other,22
5186,1296,1,21,17,21,27,17,15,False,False,False,0.0461915098130703,other,4
5187,1296,1,5,5,5,17,27,15,True,True,False,0.03619622066617012,correct,0
5188,1297,0,32,17,32,20,15,22,False,False,False,0.00925081130117178,other,15
5189,1297,0,4,32,4,15,20,15,False,False,False,0.018142927438020706,other,28
5190,1297,1,4,17,4,20,15,34,False,False,False,0.03233794495463371,other,13
5191,1297,1,32,17,32,15,20,22,False,False,False,0.010111638344824314,other,15
5192,1298,0,22,17,22,17,14,15,False,False,False,0.03233279287815094,other,5
5193,1298,0,12,17,12,14,17,15,False,False,False,0.006252424791455269,other,5
5194,1298,1,12,17,12,17,14,15,False,False,False,0.020398208871483803,other,5
5195,1298,1,22,43,22,14,17,7,False,False,False,0.036730509251356125,other,21
5196,1299,0,46,43,46,2,7,7,False,False,False,0.02561657875776291,other,3
5197,1299,0,1,17,1,7,2,34,False,False,False,0.004653343465179205,other,16
5198,1299,1,1,17,1,2,7,34,False,False,False,0.013819627463817596,other,16
5199,1299,1,46,17,46,7,2,18,False,False,False,0.04055904224514961,other,29
5200,1300,0,11,17,11,0,29,15,False,False,False,0.022425547242164612,other,6
5201,1300,0,47,17,47,29,0,7,False,False,False,0.021179303526878357,other,30
5202,1300,1,47,34,47,0,29,34,False,False,False,0.015329298563301563,other,13
5203,1300,1,11,17,11,29,0,34,False,False,False,0.023013383150100708,other,6
5204,1301,0,30,0,30,6,24,15,False,False,False,0.05500705540180206,other,30
5205,1301,0,26,35,26,24,6,24,False,False,False,0.025906678289175034,other,9
5206,1301,1,26,17,26,6,24,18,False,False,False,0.028989102691411972,other,9
5207,1301,1,30,32,30,24,6,7,False,False,False,0.06571736931800842,other,2
5208,1302,0,3,17,3,24,36,18,False,False,False,0.05174361541867256,other,14
5209,1302,0,30,31,30,36,24,36,False,False,True,0.06290766596794128,off_by_one,1
5210,1302,1,30,17,30,24,36,5,False,False,False,0.08851024508476257,other,13
5211,1302,1,3,43,3,36,24,34,False,False,False,0.0417996309697628,other,40
5212,1303,0,19,17,19,14,6,18,False,False,False,0.04802430048584938,other,2
5213,1303,0,41,24,41,6,14,34,False,False,False,0.06554282456636429,other,17
5214,1303,1,41,32,41,14,6,15,False,False,False,0.026399340480566025,other,9
5215,1303,1,19,17,19,6,14,34,False,False,False,0.028168926015496254,other,2
5216,1304,0,3,17,3,33,29,32,False,False,False,0.008836260065436363,other,14
5217,1304,0,39,43,39,29,33,34,False,False,False,0.01432857196778059,other,4
5218,1304,1,39,17,39,33,29,32,False,False,False,0.005963940639048815,other,22
5219,1304,1,3,43,3,29,33,32,False,False,False,0.01987563446164131,other,40
5220,1305,0,7,24,7,39,7,18,False,False,False,0.03390209376811981,other,17
5221,1305,0,5,7,5,7,39,18,False,False,False,0.036692842841148376,other,2
5222,1305,1,5,34,5,39,7,18,False,False,False,0.11555907875299454,other,29
5223,1305,1,7,7,7,7,39,18,True,True,False,0.053315531462430954,correct,0
5224,1306,0,34,24,34,15,7,27,False,False,False,0.023267624899744987,other,10
5225,1306,0,45,4,45,7,15,15,False,False,False,0.006146442145109177,other,41
5226,1306,1,45,17,45,15,7,15,False,False,False,0.006694064009934664,other,28
5227,1306,1,34,44,34,7,15,15,False,False,False,0.015150279738008976,other,10
5228,1307,0,18,17,18,20,17,18,False,False,True,0.026206854730844498,off_by_one,1
5229,1307,0,37,17,37,17,20,15,False,False,False,0.006454918999224901,other,20
5230,1307,1,37,43,37,20,17,15,False,False,False,0.009735197760164738,other,6
5231,1307,1,18,17,18,17,20,7,False,False,True,0.031138023361563683,off_by_one,1
5232,1308,0,4,28,4,17,15,15,False,False,False,0.03015405684709549,other,24
5233,1308,0,43,43,43,15,17,34,True,True,False,0.006370760500431061,correct,0
5234,1308,1,43,17,43,17,15,34,False,False,False,0.023492535576224327,other,26
5235,1308,1,4,24,4,15,17,34,False,False,False,0.015116329304873943,other,20
5236,1309,0,37,17,37,6,25,34,False,False,False,0.013570214621722698,other,20
5237,1309,0,36,17,36,25,6,34,False,False,False,0.030733874067664146,other,19
5238,1309,1,36,17,36,6,25,34,False,False,False,0.010813247412443161,other,19
5239,1309,1,37,17,37,25,6,34,False,False,False,0.028623098507523537,other,20
5240,1310,0,21,17,21,7,24,22,False,False,False,0.03986964374780655,other,4
5241,1310,0,24,32,24,24,7,18,False,False,False,0.019225917756557465,other,8
5242,1310,1,24,24,24,7,24,34,True,True,False,0.014155983924865723,correct,0
5243,1310,1,21,43,21,24,7,18,False,False,False,0.05317986011505127,other,22
5244,1311,0,31,17,31,17,3,7,False,False,False,0.03687894344329834,other,14
5245,1311,0,45,24,45,3,17,34,False,False,False,0.013670485466718674,other,21
5246,1311,1,45,0,45,17,3,7,False,False,False,0.029066177085042,other,45
5247,1311,1,31,32,31,3,17,7,False,False,True,0.03470337763428688,off_by_one,1
5248,1312,0,45,17,45,36,27,7,False,False,False,0.02129327692091465,other,28
5249,1312,0,17,17,17,27,36,15,True,True,False,0.02025461010634899,correct,0
5250,1312,1,17,17,17,36,27,34,True,True,False,0.014831221662461758,correct,0
5251,1312,1,45,44,45,27,36,15,False,False,True,0.019651159644126892,off_by_one,1
5252,1313,0,3,17,3,16,36,18,False,False,False,0.030503438785672188,other,14
5253,1313,0,17,17,17,36,16,18,True,True,False,0.006090087816119194,correct,0
5254,1313,1,17,17,17,16,36,7,True,True,False,0.007104219403117895,correct,0
5255,1313,1,3,17,3,36,16,18,False,False,False,0.04011668637394905,other,14
5256,1314,0,43,17,43,8,13,8,False,False,False,0.024154342710971832,other,26
5257,1314,0,9,17,9,13,8,18,False,False,False,0.055832505226135254,other,8
5258,1314,1,9,17,9,8,13,22,False,False,False,0.05210296809673309,other,8
5259,1314,1,43,43,43,13,8,18,True,True,False,0.04322203993797302,correct,0
5260,1315,0,30,17,30,7,36,5,False,False,False,0.048006460070610046,other,13
5261,1315,0,4,17,4,36,7,18,False,False,False,0.02326376736164093,other,13
5262,1315,1,4,17,4,7,36,18,False,False,False,0.03339317813515663,other,13
5263,1315,1,30,43,30,36,7,18,False,False,False,0.050428714603185654,other,13
5264,1316,0,30,32,30,7,6,18,False,False,False,0.10531429946422577,other,2
5265,1316,0,14,32,14,6,7,7,False,False,False,0.05446682125329971,other,18
5266,1316,1,14,32,14,7,6,7,False,False,False,0.055639609694480896,other,18
5267,1316,1,30,43,30,6,7,18,False,False,False,0.0686706081032753,other,13
5268,1317,0,46,43,46,5,0,18,False,False,False,0.011989682912826538,other,3
5269,1317,0,2,17,2,0,5,8,False,False,False,0.029333151876926422,other,15
5270,1317,1,2,17,2,5,0,22,False,False,False,0.03799138963222504,other,15
5271,1317,1,46,17,46,0,5,15,False,False,False,0.018994836136698723,other,29
5272,1318,0,35,29,35,16,7,7,False,False,False,0.013657698407769203,other,6
5273,1318,0,48,24,48,7,16,18,False,False,False,0.04490695148706436,other,24
5274,1318,1,48,32,48,16,7,27,False,False,False,0.018078656867146492,other,16
5275,1318,1,35,27,35,7,16,15,False,False,False,0.02551015466451645,other,8
5276,1319,0,25,32,25,14,24,7,False,False,False,0.03624073043465614,other,7
5277,1319,0,18,17,18,24,14,15,False,False,True,0.03506934642791748,off_by_one,1
5278,1319,1,18,17,18,14,24,18,False,False,True,0.03571833297610283,off_by_one,1
5279,1319,1,25,24,25,24,14,34,False,False,True,0.02289550192654133,off_by_one,1
5280,1320,0,12,17,12,16,2,7,False,False,False,0.032971274107694626,other,5
5281,1320,0,7,4,7,2,16,15,False,False,False,0.03810915723443031,other,3
5282,1320,1,7,44,7,16,2,15,False,False,False,0.025067416951060295,other,37
5283,1320,1,12,17,12,2,16,18,False,False,False,0.04754031449556351,other,5
5284,1321,0,31,0,31,20,39,18,False,False,False,0.051282286643981934,other,31
5285,1321,0,7,46,7,39,20,18,False,False,False,0.01612880453467369,other,39
5286,1321,1,7,7,7,20,39,27,True,True,False,0.044074200093746185,correct,0
5287,1321,1,31,31,31,39,20,18,True,True,False,0.03383360430598259,correct,0
5288,1322,0,13,17,13,6,27,34,False,False,False,0.025626806542277336,other,4
5289,1322,0,10,17,10,27,6,7,False,False,False,0.05137991905212402,other,7
5290,1322,1,10,32,10,6,27,18,False,False,False,0.04210444912314415,other,22
5291,1322,1,13,17,13,27,6,15,False,False,False,0.044676247984170914,other,4
5292,1323,0,12,17,12,6,7,18,False,False,False,0.04897325113415718,other,5
5293,1323,0,14,17,14,7,6,5,False,False,False,0.05977701023221016,other,3
5294,1323,1,14,32,14,6,7,7,False,False,False,0.042706556618213654,other,18
5295,1323,1,12,32,12,7,6,7,False,False,False,0.0519183874130249,other,20
5296,1324,0,8,32,8,24,18,18,False,False,False,0.10256988555192947,other,24
5297,1324,0,36,17,36,18,24,18,False,False,False,0.007185364607721567,other,19
5298,1324,1,36,17,36,24,18,18,False,False,False,0.014205529354512691,other,19
5299,1324,1,8,8,8,18,24,5,True,True,False,0.10909578949213028,correct,0
5300,1325,0,45,17,45,16,17,7,False,False,False,0.005578920245170593,other,28
5301,1325,0,7,46,7,17,16,34,False,False,False,0.043675631284713745,other,39
5302,1325,1,7,44,7,16,17,27,False,False,False,0.032472360879182816,other,37
5303,1325,1,45,44,45,17,16,7,False,False,True,0.003494796808809042,off_by_one,1
5304,1326,0,10,17,10,27,7,7,False,False,False,0.034607257694005966,other,7
5305,1326,0,9,17,9,7,27,7,False,False,False,0.011835761368274689,other,8
5306,1326,1,9,17,9,27,7,7,False,False,False,0.009756367653608322,other,8
5307,1326,1,10,17,10,7,27,18,False,False,False,0.033349376171827316,other,7
5308,1327,0,24,32,24,18,7,34,False,False,False,0.005473335739225149,other,8
5309,1327,0,33,17,33,7,18,18,False,False,False,0.049637164920568466,other,16
5310,1327,1,33,17,33,18,7,34,False,False,False,0.07088566571474075,other,16
5311,1327,1,24,32,24,7,18,34,False,False,False,0.008786234073340893,other,8
5312,1328,0,30,17,30,16,14,37,False,False,False,0.022542545571923256,other,13
5313,1328,0,16,17,16,14,16,27,False,False,True,0.01870862953364849,off_by_one,1
5314,1328,1,16,11,16,16,14,27,False,False,False,0.015971332788467407,other,5
5315,1328,1,30,0,30,14,16,27,False,False,False,0.021369624882936478,other,30
5316,1329,0,25,24,25,24,7,34,False,False,True,0.011431622318923473,off_by_one,1
5317,1329,0,40,17,40,7,24,34,False,False,False,0.06205544248223305,other,23
5318,1329,1,40,17,40,24,7,34,False,False,False,0.060677383095026016,other,23
5319,1329,1,25,17,25,7,24,34,False,False,False,0.051911480724811554,other,8
5320,1330,0,0,17,0,26,6,18,False,False,False,0.09253691881895065,other,17
5321,1330,0,14,0,14,6,26,18,False,False,False,0.0413721539080143,other,14
5322,1330,1,14,0,14,26,6,18,False,False,False,0.0682181790471077,other,14
5323,1330,1,0,17,0,6,26,18,False,False,False,0.05970427021384239,other,17
5324,1331,0,42,15,42,6,38,15,False,False,False,0.041270915418863297,other,27
5325,1331,0,20,17,20,38,6,18,False,False,False,0.027347905561327934,other,3
5326,1331,1,20,43,20,6,38,15,False,False,False,0.012227297760546207,other,23
5327,1331,1,42,5,42,38,6,15,False,False,False,0.04610079899430275,other,37
5328,1332,0,11,17,11,16,15,27,False,False,False,0.021881643682718277,other,6
5329,1332,0,31,0,31,15,16,15,False,False,False,0.025632299482822418,other,31
5330,1332,1,31,32,31,16,15,27,False,False,True,0.01617763750255108,off_by_one,1
5331,1332,1,11,17,11,15,16,15,False,False,False,0.034293051809072495,other,6
5332,1333,0,32,32,32,7,4,7,True,True,False,0.03537331521511078,correct,0
5333,1333,0,19,17,19,4,7,18,False,False,False,0.014363783411681652,other,2
5334,1333,1,19,43,19,7,4,18,False,False,False,0.016991620883345604,other,24
5335,1333,1,32,17,32,4,7,18,False,False,False,0.025624627247452736,other,15
5336,1334,0,38,17,38,14,17,27,False,False,False,0.013618887402117252,other,21
5337,1334,0,46,17,46,17,14,18,False,False,False,0.03911938518285751,other,29
5338,1334,1,46,17,46,14,17,15,False,False,False,0.025948746129870415,other,29
5339,1334,1,38,17,38,17,14,15,False,False,False,0.005831412971019745,other,21
5340,1335,0,33,17,33,15,8,18,False,False,False,0.010018916800618172,other,16
5341,1335,0,38,17,38,8,15,18,False,False,False,0.004969675559550524,other,21
5342,1335,1,38,24,38,15,8,18,False,False,False,0.02514720894396305,other,14
5343,1335,1,33,17,33,8,15,18,False,False,False,0.011684111319482327,other,16
5344,1336,0,5,15,5,6,0,34,False,False,False,0.0535922572016716,other,10
5345,1336,0,21,17,21,0,6,18,False,False,False,0.03806300088763237,other,4
5346,1336,1,21,43,21,6,0,18,False,False,False,0.04970933496952057,other,22
5347,1336,1,5,1,5,0,6,19,False,False,False,0.0865982323884964,other,4
5348,1337,0,39,17,39,34,6,34,False,False,False,0.019175203517079353,other,22
5349,1337,0,31,32,31,6,34,34,False,False,True,0.052167393267154694,off_by_one,1
5350,1337,1,31,43,31,34,6,34,False,False,False,0.05059985816478729,other,12
5351,1337,1,39,43,39,6,34,34,False,False,False,0.0160991121083498,other,4
5352,1338,0,1,17,1,0,21,7,False,False,False,0.012111796997487545,other,16
5353,1338,0,2,17,2,21,0,34,False,False,False,0.008902566507458687,other,15
5354,1338,1,2,17,2,0,21,15,False,False,False,0.02386755309998989,other,15
5355,1338,1,1,17,1,21,0,15,False,False,False,0.008811811916530132,other,16
5356,1339,0,6,17,6,20,3,34,False,False,False,0.016990529373288155,other,11
5357,1339,0,28,17,28,3,20,24,False,False,False,0.01618376187980175,other,11
5358,1339,1,28,17,28,20,3,34,False,False,False,0.018485506996512413,other,11
5359,1339,1,6,43,6,3,20,34,False,False,False,0.03945213183760643,other,37
5360,1340,0,13,17,13,16,15,7,False,False,False,0.03370998054742813,other,4
5361,1340,0,43,17,43,15,16,15,False,False,False,0.019040422514081,other,26
5362,1340,1,43,17,43,16,15,34,False,False,False,0.014672872610390186,other,26
5363,1340,1,13,17,13,15,16,15,False,False,False,0.03589298948645592,other,4
5364,1341,0,45,32,45,6,2,34,False,False,False,0.03109748475253582,other,13
5365,1341,0,22,43,22,2,6,34,False,False,False,0.10689764469861984,other,21
5366,1341,1,22,17,22,6,2,18,False,False,False,0.08525951951742172,other,5
5367,1341,1,45,35,45,2,6,34,False,False,False,0.01894443854689598,other,10
5368,1342,0,40,17,40,26,16,18,False,False,False,0.018317025154829025,other,23
5369,1342,0,31,17,31,16,26,7,False,False,False,0.05304079130291939,other,14
5370,1342,1,31,17,31,26,16,18,False,False,False,0.04015464335680008,other,14
5371,1342,1,40,24,40,16,26,7,False,False,False,0.026945365592837334,other,16
5372,1343,0,18,17,18,7,18,18,False,False,True,0.06383490562438965,off_by_one,1
5373,1343,0,44,17,44,18,7,34,False,False,False,0.04645689204335213,other,27
5374,1343,1,44,17,44,7,18,22,False,False,False,0.04833259806036949,other,27
5375,1343,1,18,17,18,18,7,34,False,False,True,0.04799670726060867,off_by_one,1
5376,1344,0,29,32,29,6,35,5,False,False,False,0.0072652124799788,other,3
5377,1344,0,6,43,6,35,6,34,False,False,False,0.1359737068414688,other,37
5378,1344,1,6,32,6,6,35,32,False,False,False,0.06708281487226486,other,26
5379,1344,1,29,17,29,35,6,22,False,False,False,0.014655576087534428,other,12
5380,1345,0,0,31,0,11,6,7,False,False,False,0.047702617943286896,other,31
5381,1345,0,31,17,31,6,11,18,False,False,False,0.022776423022150993,other,14
5382,1345,1,31,17,31,11,6,18,False,False,False,0.04822675138711929,other,14
5383,1345,1,0,17,0,6,11,18,False,False,False,0.047026704996824265,other,17
5384,1346,0,20,17,20,9,12,34,False,False,False,0.01969461515545845,other,3
5385,1346,0,11,2,11,12,9,22,False,False,False,0.029689757153391838,other,9
5386,1346,1,11,17,11,9,12,18,False,False,False,0.013286556117236614,other,6
5387,1346,1,20,43,20,12,9,18,False,False,False,0.020689543336629868,other,23
5388,1347,0,31,17,31,15,18,34,False,False,False,0.038205865770578384,other,14
5389,1347,0,43,17,43,18,15,34,False,False,False,0.004549168515950441,other,26
5390,1347,1,43,43,43,15,18,15,True,True,False,0.007346172351390123,correct,0
5391,1347,1,31,0,31,18,15,34,False,False,False,0.02522457391023636,other,31
5392,1348,0,11,17,11,26,14,34,False,False,False,0.012136492878198624,other,6
5393,1348,0,28,17,28,14,26,34,False,False,False,0.01648162119090557,other,11
5394,1348,1,28,17,28,26,14,34,False,False,False,0.020250022411346436,other,11
5395,1348,1,11,0,11,14,26,15,False,False,False,0.01139939483255148,other,11
5396,1349,0,16,11,16,7,6,7,False,False,False,0.011497479863464832,other,5
5397,1349,0,25,32,25,6,7,34,False,False,False,0.041210275143384933,other,7
5398,1349,1,25,35,25,7,6,34,False,False,False,0.0172138549387455,other,10
5399,1349,1,16,17,16,6,7,18,False,False,True,0.02306426502764225,off_by_one,1
5400,1350,0,42,7,42,0,6,15,False,False,False,0.14492793381214142,other,35
5401,1350,0,26,32,26,6,0,32,False,False,False,0.038270264863967896,other,6
5402,1350,1,26,24,26,0,6,7,False,False,False,0.04774240031838417,other,2
5403,1350,1,42,42,42,6,0,34,True,True,False,0.1324605643749237,correct,0
5404,1351,0,37,43,37,9,13,34,False,False,False,0.016956018283963203,other,6
5405,1351,0,21,43,21,13,9,18,False,False,False,0.013530508615076542,other,22
5406,1351,1,21,17,21,9,13,18,False,False,False,0.017031725496053696,other,4
5407,1351,1,37,43,37,13,9,34,False,False,False,0.011683741584420204,other,6
5408,1352,0,47,34,47,7,2,15,False,False,False,0.05393141880631447,other,13
5409,1352,0,31,17,31,2,7,18,False,False,False,0.06327975541353226,other,14
5410,1352,1,31,17,31,7,2,7,False,False,False,0.07994519919157028,other,14
5411,1352,1,47,0,47,2,7,18,False,False,False,0.03122972883284092,other,47
5412,1353,0,36,17,36,7,38,18,False,False,False,0.03587502986192703,other,19
5413,1353,0,10,29,10,38,7,15,False,False,False,0.045169297605752945,other,19
5414,1353,1,10,17,10,7,38,22,False,False,False,0.055588386952877045,other,7
5415,1353,1,36,17,36,38,7,15,False,False,False,0.034847941249608994,other,19
5416,1354,0,33,43,33,23,14,7,False,False,False,0.04242762178182602,other,10
5417,1354,0,3,17,3,14,23,15,False,False,False,0.02227400429546833,other,14
5418,1354,1,3,17,3,23,14,22,False,False,False,0.03008773736655712,other,14
5419,1354,1,33,17,33,14,23,32,False,False,False,0.06283474713563919,other,16
5420,1355,0,8,0,8,15,7,22,False,False,False,0.030353819951415062,other,8
5421,1355,0,6,17,6,7,15,34,False,False,False,0.033214930444955826,other,11
5422,1355,1,6,3,6,15,7,15,False,False,False,0.032236550003290176,other,3
5423,1355,1,8,8,8,7,15,6,True,True,False,0.024989305064082146,correct,0
5424,1356,0,35,0,35,33,18,7,False,False,False,0.03143005818128586,other,35
5425,1356,0,25,41,25,18,33,34,False,False,False,0.039625611156225204,other,16
5426,1356,1,25,0,25,33,18,7,False,False,False,0.0982460156083107,other,25
5427,1356,1,35,17,35,18,33,34,False,False,False,0.017449600622057915,other,18
5428,1357,0,1,17,1,1,6,19,False,False,False,0.045176900923252106,other,16
5429,1357,0,16,24,16,6,1,34,False,False,False,0.04567045345902443,other,8
5430,1357,1,16,15,16,1,6,22,False,False,True,0.05399429798126221,off_by_one,1
5431,1357,1,1,17,1,6,1,32,False,False,False,0.020225269719958305,other,16
5432,1358,0,20,17,20,19,7,34,False,False,False,0.04307906702160835,other,3
5433,1358,0,9,17,9,7,19,34,False,False,False,0.03231741860508919,other,8
5434,1358,1,9,17,9,19,7,15,False,False,False,0.018534330651164055,other,8
5435,1358,1,20,17,20,7,19,18,False,False,False,0.04487166553735733,other,3
5436,1359,0,24,44,24,9,15,34,False,False,False,0.02041679061949253,other,20
5437,1359,0,44,17,44,15,9,34,False,False,False,0.03571392595767975,other,27
5438,1359,1,44,32,44,9,15,7,False,False,False,0.03535116836428642,other,12
5439,1359,1,24,17,24,15,9,15,False,False,False,0.02344309724867344,other,7
5440,1360,0,9,17,9,7,14,7,False,False,False,0.03284889832139015,other,8
5441,1360,0,33,17,33,14,7,15,False,False,False,0.01902652531862259,other,16
5442,1360,1,33,17,33,7,14,15,False,False,False,0.019337208941578865,other,16
5443,1360,1,9,0,9,14,7,18,False,False,False,0.023900208994746208,other,9
5444,1361,0,23,32,23,2,19,34,False,False,False,0.017450956627726555,other,9
5445,1361,0,30,43,30,19,2,34,False,False,False,0.042439237236976624,other,13
5446,1361,1,30,17,30,2,19,18,False,False,False,0.04936095327138901,other,13
5447,1361,1,23,24,23,19,2,34,False,False,True,0.05753400921821594,off_by_one,1
5448,1362,0,41,4,41,7,6,34,False,False,False,0.04056502506136894,other,37
5449,1362,0,13,32,13,6,7,18,False,False,False,0.03152862563729286,other,19
5450,1362,1,13,31,13,7,6,6,False,False,False,0.04928424954414368,other,18
5451,1362,1,41,32,41,6,7,34,False,False,False,0.0965762808918953,other,9
5452,1363,0,15,44,15,14,6,16,False,False,False,0.04091298580169678,other,29
5453,1363,0,23,24,23,6,14,18,False,False,True,0.007144448813050985,off_by_one,1
5454,1363,1,23,17,23,14,6,18,False,False,False,0.06357628852128983,other,6
5455,1363,1,15,17,15,6,14,5,False,False,False,0.046897560358047485,other,2
5456,1364,0,26,44,26,14,27,15,False,False,False,0.019696149975061417,other,18
5457,1364,0,18,17,18,27,14,7,False,False,True,0.03185252845287323,off_by_one,1
5458,1364,1,18,17,18,14,27,27,False,False,True,0.021600132808089256,off_by_one,1
5459,1364,1,26,0,26,27,14,15,False,False,False,0.02271646074950695,other,26
5460,1365,0,28,17,28,18,24,18,False,False,False,0.010693986900150776,other,11
5461,1365,0,39,17,39,24,18,18,False,False,False,0.011377067305147648,other,22
5462,1365,1,39,17,39,18,24,18,False,False,False,0.012530377134680748,other,22
5463,1365,1,28,17,28,24,18,18,False,False,False,0.00602714205160737,other,11
5464,1366,0,5,34,5,6,18,18,False,False,False,0.010598693042993546,other,29
5465,1366,0,20,17,20,18,6,18,False,False,False,0.014412004500627518,other,3
5466,1366,1,20,17,20,6,18,18,False,False,False,0.016449954360723495,other,3
5467,1366,1,5,34,5,18,6,18,False,False,False,0.018251586705446243,other,29
5468,1367,0,6,43,6,15,6,34,False,False,False,0.061379097402095795,other,37
5469,1367,0,16,17,16,6,15,7,False,False,True,0.05961643159389496,off_by_one,1
5470,1367,1,16,16,16,15,6,15,True,True,False,0.0664760172367096,correct,0
5471,1367,1,6,32,6,6,15,34,False,False,False,0.02053258568048477,other,26
5472,1368,0,5,34,5,7,18,15,False,False,False,0.02402680367231369,other,29
5473,1368,0,9,43,9,18,7,15,False,False,False,0.08879789710044861,other,34
5474,1368,1,9,17,9,7,18,7,False,False,False,0.06575796753168106,other,8
5475,1368,1,5,5,5,18,7,18,True,True,False,0.04428928717970848,correct,0
5476,1369,0,9,17,9,15,7,7,False,False,False,0.06967856734991074,other,8
5477,1369,0,29,32,29,7,15,5,False,False,False,0.026943791657686234,other,3
5478,1369,1,29,0,29,15,7,18,False,False,False,0.05294650048017502,other,29
5479,1369,1,9,31,9,7,15,25,False,False,False,0.030687633901834488,other,22
5480,1370,0,13,17,13,36,7,7,False,False,False,0.0324719175696373,other,4
5481,1370,0,19,17,19,7,36,5,False,False,False,0.0469214953482151,other,2
5482,1370,1,19,43,19,36,7,18,False,False,False,0.04765569791197777,other,24
5483,1370,1,13,17,13,7,36,18,False,False,False,0.036551833152770996,other,4
5484,1371,0,41,45,41,15,18,32,False,False,False,0.014806040562689304,other,4
5485,1371,0,48,17,48,18,15,34,False,False,False,0.011127924546599388,other,31
5486,1371,1,48,17,48,15,18,15,False,False,False,0.03188411518931389,other,31
5487,1371,1,41,32,41,18,15,34,False,False,False,0.04150204733014107,other,9
5488,1372,0,41,1,41,14,18,15,False,False,False,0.045536015182733536,other,40
5489,1372,0,20,43,20,18,14,34,False,False,False,0.03839516639709473,other,23
5490,1372,1,20,17,20,14,18,22,False,False,False,0.039248574525117874,other,3
5491,1372,1,41,4,41,18,14,34,False,False,False,0.07921449840068817,other,37
5492,1373,0,28,17,28,33,7,32,False,False,False,0.06067785993218422,other,11
5493,1373,0,42,42,42,7,33,15,True,True,False,0.05190354213118553,correct,0
5494,1373,1,42,42,42,33,7,32,True,True,False,0.0410267673432827,correct,0
5495,1373,1,28,17,28,7,33,34,False,False,False,0.02652408368885517,other,11
5496,1374,0,26,24,26,2,19,18,False,False,False,0.040158022195100784,other,2
5497,1374,0,18,43,18,19,2,34,False,False,False,0.04670094698667526,other,25
5498,1374,1,18,17,18,2,19,18,False,False,True,0.02709786966443062,off_by_one,1
5499,1374,1,26,24,26,19,2,34,False,False,False,0.03356828913092613,other,2
5500,1375,0,45,27,45,7,27,7,False,False,False,0.012222571298480034,other,18
5501,1375,0,16,17,16,27,7,7,False,False,True,0.034085340797901154,off_by_one,1
5502,1375,1,16,32,16,7,27,18,False,False,False,0.047277361154556274,other,16
5503,1375,1,45,24,45,27,7,15,False,False,False,0.0038691977970302105,other,21
5504,1376,0,31,17,31,23,0,27,False,False,False,0.024791603907942772,other,14
5505,1376,0,12,11,12,0,23,16,False,False,True,0.01752440072596073,off_by_one,1
5506,1376,1,12,17,12,23,0,7,False,False,False,0.017362311482429504,other,5
5507,1376,1,31,17,31,0,23,7,False,False,False,0.035551007837057114,other,14
5508,1377,0,44,0,44,16,15,15,False,False,False,0.012083806097507477,other,44
5509,1377,0,24,24,24,15,16,34,True,True,False,0.005989410914480686,correct,0
5510,1377,1,24,17,24,16,15,7,False,False,False,0.019352402538061142,other,7
5511,1377,1,44,17,44,15,16,15,False,False,False,0.00793884601444006,other,27
5512,1378,0,19,17,19,7,24,15,False,False,False,0.019869962707161903,other,2
5513,1378,0,35,24,35,24,7,18,False,False,False,0.009674593806266785,other,11
5514,1378,1,35,17,35,7,24,15,False,False,False,0.02724584937095642,other,18
5515,1378,1,19,17,19,24,7,18,False,False,False,0.02516457624733448,other,2
5516,1379,0,19,17,19,6,7,18,False,False,False,0.0497969388961792,other,2
5517,1379,0,39,43,39,7,6,18,False,False,False,0.0239272341132164,other,4
5518,1379,1,39,43,39,6,7,18,False,False,False,0.021024227142333984,other,4
5519,1379,1,19,43,19,7,6,18,False,False,False,0.08513282984495163,other,24
5520,1380,0,47,45,47,24,15,34,False,False,False,0.03778737410902977,other,2
5521,1380,0,27,17,27,15,24,15,False,False,False,0.013725395314395428,other,10
5522,1380,1,27,17,27,24,15,34,False,False,False,0.00519751850515604,other,10
5523,1380,1,47,17,47,15,24,34,False,False,False,0.05154968425631523,other,30
5524,1381,0,9,17,9,14,37,7,False,False,False,0.020707616582512856,other,8
5525,1381,0,8,8,8,37,14,27,True,True,False,0.031549353152513504,correct,0
5526,1381,1,8,32,8,14,37,18,False,False,False,0.04947401210665703,other,24
5527,1381,1,9,17,9,37,14,18,False,False,False,0.026893187314271927,other,8
5528,1382,0,3,17,3,15,18,18,False,False,False,0.014175689779222012,other,14
5529,1382,0,7,46,7,18,15,34,False,False,False,0.04722930118441582,other,39
5530,1382,1,7,7,7,15,18,34,True,True,False,0.030858566984534264,correct,0
5531,1382,1,3,43,3,18,15,18,False,False,False,0.015535473823547363,other,40
5532,1383,0,40,17,40,7,2,34,False,False,False,0.012348971329629421,other,23
5533,1383,0,3,43,3,2,7,34,False,False,False,0.006443449296057224,other,40
5534,1383,1,3,17,3,7,2,34,False,False,False,0.006270180456340313,other,14
5535,1383,1,40,17,40,2,7,34,False,False,False,0.005184083711355925,other,23
5536,1384,0,27,32,27,16,15,7,False,False,False,0.022452034056186676,other,5
5537,1384,0,35,4,35,15,16,27,False,False,False,0.012551280669867992,other,31
5538,1384,1,35,32,35,16,15,27,False,False,False,0.009963732212781906,other,3
5539,1384,1,27,17,27,15,16,7,False,False,False,0.024050092324614525,other,10
5540,1385,0,46,43,46,27,7,32,False,False,False,0.011608226224780083,other,3
5541,1385,0,38,17,38,7,27,34,False,False,False,0.011698639951646328,other,21
5542,1385,1,38,17,38,27,7,32,False,False,False,0.017416302114725113,other,21
5543,1385,1,46,17,46,7,27,34,False,False,False,0.026573901996016502,other,29
5544,1386,0,32,17,32,24,18,34,False,False,False,0.019187472760677338,other,15
5545,1386,0,44,17,44,18,24,34,False,False,False,0.026071034371852875,other,27
5546,1386,1,44,24,44,24,18,34,False,False,False,0.020604198798537254,other,20
5547,1386,1,32,17,32,18,24,34,False,False,False,0.02162455953657627,other,15
5548,1387,0,13,17,13,27,37,15,False,False,False,0.03677903115749359,other,4
5549,1387,0,24,17,24,37,27,7,False,False,False,0.02430507354438305,other,7
5550,1387,1,24,17,24,27,37,27,False,False,False,0.02482844889163971,other,7
5551,1387,1,13,17,13,37,27,18,False,False,False,0.03690289333462715,other,4
5552,1388,0,29,17,29,14,15,37,False,False,False,0.01744394190609455,other,12
5553,1388,0,34,34,34,15,14,27,True,True,False,0.20181554555892944,correct,0
5554,1388,1,34,17,34,14,15,7,False,False,False,0.1094520315527916,other,17
5555,1388,1,29,0,29,15,14,7,False,False,False,0.03511882573366165,other,29
5556,1389,0,37,43,37,5,6,18,False,False,False,0.026126911863684654,other,6
5557,1389,0,29,17,29,6,5,7,False,False,False,0.03251083567738533,other,12
5558,1389,1,29,17,29,5,6,18,False,False,False,0.03862016275525093,other,12
5559,1389,1,37,43,37,6,5,18,False,False,False,0.013594627380371094,other,6
5560,1390,0,10,17,10,1,4,5,False,False,False,0.05160488933324814,other,7
5561,1390,0,33,17,33,4,1,18,False,False,False,0.015628725290298462,other,16
5562,1390,1,33,0,33,1,4,15,False,False,False,0.018040036782622337,other,33
5563,1390,1,10,27,10,4,1,18,False,False,False,0.04084915295243263,other,17
5564,1391,0,47,24,47,7,3,7,False,False,False,0.02412422187626362,other,23
5565,1391,0,31,0,31,3,7,18,False,False,False,0.05074649676680565,other,31
5566,1391,1,31,31,31,7,3,7,True,True,False,0.04395498335361481,correct,0
5567,1391,1,47,17,47,3,7,34,False,False,False,0.022904634475708008,other,30
5568,1392,0,29,17,29,24,15,22,False,False,False,0.03120279312133789,other,12
5569,1392,0,31,43,31,15,24,15,False,False,False,0.048660218715667725,other,12
5570,1392,1,31,32,31,24,15,34,False,False,True,0.042488910257816315,off_by_one,1
5571,1392,1,29,17,29,15,24,34,False,False,False,0.05611784756183624,other,12
5572,1393,0,34,44,34,33,29,32,False,False,False,0.028132552281022072,other,10
5573,1393,0,21,43,21,29,33,34,False,False,False,0.030452916398644447,other,22
5574,1393,1,21,43,21,33,29,32,False,False,False,0.03697428107261658,other,22
5575,1393,1,34,24,34,29,33,7,False,False,False,0.02547903172671795,other,10
5576,1394,0,44,32,44,7,19,18,False,False,False,0.04611728712916374,other,12
5577,1394,0,25,32,25,19,7,34,False,False,False,0.014288508333265781,other,7
5578,1394,1,25,17,25,7,19,34,False,False,False,0.010261023417115211,other,8
5579,1394,1,44,12,44,19,7,34,False,False,False,0.04065992310643196,other,32
5580,1395,0,42,42,42,16,14,32,True,True,False,0.04006534442305565,correct,0
5581,1395,0,9,17,9,14,16,22,False,False,False,0.04178478196263313,other,8
5582,1395,1,9,17,9,16,14,15,False,False,False,0.018291721120476723,other,8
5583,1395,1,42,42,42,14,16,32,True,True,False,0.0482657216489315,correct,0
5584,1396,0,34,44,34,26,6,18,False,False,False,0.03436751291155815,other,10
5585,1396,0,18,43,18,6,26,24,False,False,False,0.017411556094884872,other,25
5586,1396,1,18,17,18,26,6,24,False,False,True,0.010354452766478062,off_by_one,1
5587,1396,1,34,34,34,6,26,18,True,True,False,0.03358687087893486,correct,0
5588,1397,0,34,4,34,18,16,34,False,False,False,0.0111539326608181,other,30
5589,1397,0,43,17,43,16,18,15,False,False,False,0.010914154350757599,other,26
5590,1397,1,43,17,43,18,16,34,False,False,False,0.02276931144297123,other,26
5591,1397,1,34,4,34,16,18,32,False,False,False,0.028464019298553467,other,30
5592,1398,0,13,17,13,34,18,34,False,False,False,0.02004426345229149,other,4
5593,1398,0,38,31,38,18,34,34,False,False,False,0.007497462444007397,other,7
5594,1398,1,38,17,38,34,18,34,False,False,False,0.018572485074400902,other,21
5595,1398,1,13,17,13,18,34,34,False,False,False,0.017840657383203506,other,4
5596,1399,0,17,17,17,16,26,15,True,True,False,0.036928240209817886,correct,0
5597,1399,0,8,8,8,26,16,18,True,True,False,0.12952904403209686,correct,0
5598,1399,1,8,0,8,16,26,9,False,False,False,0.0641288086771965,other,8
5599,1399,1,17,17,17,26,16,18,True,True,False,0.03109867125749588,correct,0
5600,1400,0,12,17,12,14,7,7,False,False,False,0.017307817935943604,other,5
5601,1400,0,19,17,19,7,14,18,False,False,False,0.02018476277589798,other,2
5602,1400,1,19,32,19,14,7,7,False,False,False,0.017696255818009377,other,13
5603,1400,1,12,17,12,7,14,18,False,False,False,0.022921688854694366,other,5
5604,1401,0,33,17,33,7,19,34,False,False,False,0.00818395521491766,other,16
5605,1401,0,28,17,28,19,7,34,False,False,False,0.01187464315444231,other,11
5606,1401,1,28,17,28,7,19,34,False,False,False,0.009171513840556145,other,11
5607,1401,1,33,17,33,19,7,34,False,False,False,0.011059357784688473,other,16
5608,1402,0,9,17,9,18,6,18,False,False,False,0.013611831702291965,other,8
5609,1402,0,36,17,36,6,18,18,False,False,False,0.028779609128832817,other,19
5610,1402,1,36,17,36,18,6,18,False,False,False,0.018655559048056602,other,19
5611,1402,1,9,17,9,6,18,5,False,False,False,0.014774573966860771,other,8
5612,1403,0,42,42,42,6,0,34,True,True,False,0.016016829758882523,correct,0
5613,1403,0,44,17,44,0,6,34,False,False,False,0.0086183687672019,other,27
5614,1403,1,44,17,44,6,0,34,False,False,False,0.0037996629253029823,other,27
5615,1403,1,42,42,42,0,6,34,True,True,False,0.05217929929494858,correct,0
5616,1404,0,18,17,18,15,7,18,False,False,True,0.02591371163725853,off_by_one,1
5617,1404,0,29,17,29,7,15,5,False,False,False,0.052491068840026855,other,12
5618,1404,1,29,17,29,15,7,15,False,False,False,0.04143902286887169,other,12
5619,1404,1,18,17,18,7,15,5,False,False,True,0.012522857636213303,off_by_one,1
5620,1405,0,14,17,14,26,24,18,False,False,False,0.04591679945588112,other,3
5621,1405,0,38,0,38,24,26,24,False,False,False,0.020321475341916084,other,38
5622,1405,1,38,17,38,26,24,34,False,False,False,0.015819894149899483,other,21
5623,1405,1,14,0,14,24,26,5,False,False,False,0.05101605877280235,other,14
5624,1406,0,9,17,9,16,7,27,False,False,False,0.021991414949297905,other,8
5625,1406,0,6,17,6,7,16,7,False,False,False,0.04356709495186806,other,11
5626,1406,1,6,32,6,16,7,7,False,False,False,0.029474595561623573,other,26
5627,1406,1,9,32,9,7,16,7,False,False,False,0.019481530413031578,other,23
5628,1407,0,33,32,33,16,27,7,False,False,True,0.030377689749002457,off_by_one,1
5629,1407,0,19,17,19,27,16,27,False,False,False,0.04736552760004997,other,2
5630,1407,1,19,17,19,16,27,22,False,False,False,0.05617775022983551,other,2
5631,1407,1,33,0,33,27,16,27,False,False,False,0.032443463802337646,other,33
5632,1408,0,29,17,29,27,0,7,False,False,False,0.015846174210309982,other,12
5633,1408,0,23,27,23,0,27,15,False,False,False,0.025678293779492378,other,4
5634,1408,1,23,17,23,27,0,15,False,False,False,0.05756975710391998,other,6
5635,1408,1,29,32,29,0,27,7,False,False,False,0.005994909442961216,other,3
5636,1409,0,1,32,1,2,1,6,False,False,False,0.04813748225569725,other,31
5637,1409,0,41,0,41,1,2,18,False,False,False,0.04034771770238876,other,41
5638,1409,1,41,4,41,2,1,7,False,False,False,0.1353282481431961,other,37
5639,1409,1,1,17,1,1,2,15,False,False,False,0.06791805475950241,other,16
5640,1410,0,23,17,23,0,17,15,False,False,False,0.024945341050624847,other,6
5641,1410,0,2,17,2,17,0,15,False,False,False,0.014913352206349373,other,15
5642,1410,1,2,0,2,0,17,15,False,False,False,0.03274313732981682,other,2
5643,1410,1,23,32,23,17,0,7,False,False,False,0.02551344968378544,other,9
5644,1411,0,5,5,5,14,1,15,True,True,False,0.01533171534538269,correct,0
5645,1411,0,37,43,37,1,14,34,False,False,False,0.017308678478002548,other,6
5646,1411,1,37,17,37,14,1,15,False,False,False,0.010740277357399464,other,20
5647,1411,1,5,44,5,1,14,32,False,False,False,0.028966229408979416,other,39
5648,1412,0,12,17,12,2,7,18,False,False,False,0.02922019362449646,other,5
5649,1412,0,2,32,2,7,2,18,False,False,False,0.02626609615981579,other,30
5650,1412,1,2,17,2,2,7,18,False,False,False,0.02944406494498253,other,15
5651,1412,1,12,0,12,7,2,18,False,False,False,0.012355510145425797,other,12
5652,1413,0,45,17,45,15,2,18,False,False,False,0.030770231038331985,other,28
5653,1413,0,9,0,9,2,15,18,False,False,False,0.017928509041666985,other,9
5654,1413,1,9,17,9,15,2,7,False,False,False,0.021745096892118454,other,8
5655,1413,1,45,4,45,2,15,18,False,False,False,0.010842538438737392,other,41
5656,1414,0,2,0,2,38,24,15,False,False,False,0.026833178475499153,other,2
5657,1414,0,20,43,20,24,38,18,False,False,False,0.01371941901743412,other,23
5658,1414,1,20,17,20,38,24,18,False,False,False,0.015560463070869446,other,3
5659,1414,1,2,17,2,24,38,7,False,False,False,0.029808763414621353,other,15
5660,1415,0,4,27,4,29,18,34,False,False,False,0.022168193012475967,other,23
5661,1415,0,17,17,17,18,29,34,True,True,False,0.023232020437717438,correct,0
5662,1415,1,17,43,17,29,18,34,False,False,False,0.022741936147212982,other,26
5663,1415,1,4,17,4,18,29,34,False,False,False,0.0214134119451046,other,13
5664,1416,0,14,17,14,16,20,7,False,False,False,0.02791428007185459,other,3
5665,1416,0,35,17,35,20,16,7,False,False,False,0.01066871453076601,other,18
5666,1416,1,35,32,35,16,20,15,False,False,False,0.004590392112731934,other,3
5667,1416,1,14,17,14,20,16,34,False,False,False,0.03593024984002113,other,3
5668,1417,0,34,34,34,6,16,36,True,True,False,0.03643656522035599,correct,0
5669,1417,0,44,32,44,16,6,27,False,False,False,0.01993567869067192,other,12
5670,1417,1,44,4,44,6,16,24,False,False,False,0.019861822947859764,other,40
5671,1417,1,34,46,34,16,6,18,False,False,False,0.04098277911543846,other,12
5672,1418,0,28,17,28,6,7,34,False,False,False,0.05032798647880554,other,11
5673,1418,0,14,17,14,7,6,34,False,False,False,0.0486425943672657,other,3
5674,1418,1,14,32,14,6,7,7,False,False,False,0.036472637206315994,other,18
5675,1418,1,28,17,28,7,6,7,False,False,False,0.049252886325120926,other,11
5676,1419,0,39,43,39,18,24,18,False,False,False,0.011897887103259563,other,4
5677,1419,0,2,32,2,24,18,5,False,False,False,0.026971938088536263,other,30
5678,1419,1,2,0,2,18,24,18,False,False,False,0.02115337923169136,other,2
5679,1419,1,39,17,39,24,18,18,False,False,False,0.014806920662522316,other,22
5680,1420,0,1,17,1,15,0,15,False,False,False,0.005077311769127846,other,16
5681,1420,0,13,17,13,0,15,15,False,False,False,0.03451547771692276,other,4
5682,1420,1,13,17,13,15,0,34,False,False,False,0.02999597229063511,other,4
5683,1420,1,1,17,1,0,15,15,False,False,False,0.010598131455481052,other,16
5684,1421,0,3,32,3,7,27,18,False,False,False,0.04466690123081207,other,29
5685,1421,0,42,42,42,27,7,32,True,True,False,0.04623832181096077,correct,0
5686,1421,1,42,5,42,7,27,15,False,False,False,0.08806286007165909,other,37
5687,1421,1,3,17,3,27,7,15,False,False,False,0.07214396446943283,other,14
5688,1422,0,46,17,46,36,6,18,False,False,False,0.04430725425481796,other,29
5689,1422,0,37,43,37,6,36,24,False,False,False,0.012627381831407547,other,6
5690,1422,1,37,0,37,36,6,24,False,False,False,0.007928959093987942,other,37
5691,1422,1,46,17,46,6,36,24,False,False,False,0.033101145178079605,other,29
5692,1423,0,10,17,10,7,21,22,False,False,False,0.03780657425522804,other,7
5693,1423,0,19,43,19,21,7,15,False,False,False,0.028565457090735435,other,24
5694,1423,1,19,43,19,7,21,34,False,False,False,0.03132474422454834,other,24
5695,1423,1,10,17,10,21,7,15,False,False,False,0.03904468193650246,other,7
5696,1424,0,44,32,44,16,27,27,False,False,False,0.025307152420282364,other,12
5697,1424,0,2,0,2,27,16,7,False,False,False,0.04048337787389755,other,2
5698,1424,1,2,27,2,16,27,37,False,False,False,0.03909854218363762,other,25
5699,1424,1,44,44,44,27,16,27,True,True,False,0.03719109296798706,correct,0
5700,1425,0,35,17,35,2,7,34,False,False,False,0.011346528306603432,other,18
5701,1425,0,18,17,18,7,2,18,False,False,True,0.01884543150663376,off_by_one,1
5702,1425,1,18,17,18,2,7,18,False,False,True,0.009396788664162159,off_by_one,1
5703,1425,1,35,32,35,7,2,15,False,False,False,0.006846858654171228,other,3
5704,1426,0,37,17,37,7,16,7,False,False,False,0.03178417682647705,other,20
5705,1426,0,6,17,6,16,7,37,False,False,False,0.04301406070590019,other,11
5706,1426,1,6,24,6,7,16,15,False,False,False,0.054841797798871994,other,18
5707,1426,1,37,17,37,16,7,7,False,False,False,0.024691695347428322,other,20
5708,1427,0,1,32,1,20,18,7,False,False,False,0.03928538039326668,other,31
5709,1427,0,17,17,17,18,20,18,True,True,False,0.027796177193522453,correct,0
5710,1427,1,17,32,17,20,18,7,False,False,False,0.0333063006401062,other,15
5711,1427,1,1,17,1,18,20,18,False,False,False,0.04826994612812996,other,16
5712,1428,0,32,17,32,24,16,5,False,False,False,0.019455527886748314,other,15
5713,1428,0,4,4,4,16,24,15,True,True,False,0.009204749949276447,correct,0
5714,1428,1,4,24,4,24,16,18,False,False,False,0.02806832641363144,other,20
5715,1428,1,32,17,32,16,24,18,False,False,False,0.019736381247639656,other,15
5716,1429,0,34,35,34,4,6,18,False,False,True,0.0146045982837677,off_by_one,1
5717,1429,0,1,17,1,6,4,18,False,False,False,0.02119668573141098,other,16
5718,1429,1,1,17,1,4,6,8,False,False,False,0.034809961915016174,other,16
5719,1429,1,34,24,34,6,4,6,False,False,False,0.004512268118560314,other,10
5720,1430,0,33,32,33,18,14,18,False,False,True,0.019470227882266045,off_by_one,1
5721,1430,0,21,31,21,14,18,22,False,False,False,0.10390453040599823,other,10
5722,1430,1,21,43,21,18,14,18,False,False,False,0.08196500688791275,other,22
5723,1430,1,33,17,33,14,18,7,False,False,False,0.026229603216052055,other,16
5724,1431,0,43,0,43,7,36,34,False,False,False,0.018831051886081696,other,43
5725,1431,0,32,17,32,36,7,34,False,False,False,0.055150605738162994,other,15
5726,1431,1,32,17,32,7,36,15,False,False,False,0.05284900590777397,other,15
5727,1431,1,43,17,43,36,7,18,False,False,False,0.022825853899121284,other,26
5728,1432,0,39,17,39,18,0,34,False,False,False,0.00646352581679821,other,22
5729,1432,0,11,17,11,0,18,15,False,False,False,0.014907674863934517,other,6
5730,1432,1,11,17,11,18,0,20,False,False,False,0.01171621773391962,other,6
5731,1432,1,39,17,39,0,18,34,False,False,False,0.009413262829184532,other,22
5732,1433,0,31,0,31,14,24,15,False,False,False,0.039406199008226395,other,31
5733,1433,0,24,17,24,24,14,34,False,False,False,0.01925111562013626,other,7
5734,1433,1,24,0,24,14,24,15,False,False,False,0.015384539030492306,other,24
5735,1433,1,31,17,31,24,14,15,False,False,False,0.024635309353470802,other,14
5736,1434,0,5,5,5,18,27,15,True,True,False,0.02246289886534214,correct,0
5737,1434,0,40,17,40,27,18,15,False,False,False,0.018989654257893562,other,23
5738,1434,1,40,17,40,18,27,15,False,False,False,0.01825488917529583,other,23
5739,1434,1,5,34,5,27,18,15,False,False,False,0.01264053862541914,other,29
5740,1435,0,13,17,13,36,7,18,False,False,False,0.03610089048743248,other,4
5741,1435,0,36,17,36,7,36,18,False,False,False,0.017464792355895042,other,19
5742,1435,1,36,17,36,36,7,18,False,False,False,0.005095918197184801,other,19
5743,1435,1,13,17,13,7,36,18,False,False,False,0.0424329899251461,other,4
5744,1436,0,38,17,38,0,24,15,False,False,False,0.013050456531345844,other,21
5745,1436,0,37,43,37,24,0,18,False,False,False,0.012442911975085735,other,6
5746,1436,1,37,43,37,0,24,15,False,False,False,0.009179885499179363,other,6
5747,1436,1,38,17,38,24,0,15,False,False,False,0.009256782941520214,other,21
5748,1437,0,37,17,37,35,18,15,False,False,False,0.05000803619623184,other,20
5749,1437,0,28,17,28,18,35,34,False,False,False,0.01172548346221447,other,11
5750,1437,1,28,17,28,35,18,34,False,False,False,0.016295967623591423,other,11
5751,1437,1,37,17,37,18,35,34,False,False,False,0.013752885162830353,other,20
5752,1438,0,41,35,41,27,18,34,False,False,False,0.04029432684183121,other,6
5753,1438,0,34,4,34,18,27,15,False,False,False,0.024097761139273643,other,30
5754,1438,1,34,24,34,27,18,32,False,False,False,0.02467140555381775,other,10
5755,1438,1,41,24,41,18,27,15,False,False,False,0.031779538840055466,other,17
5756,1439,0,42,42,42,14,18,34,True,True,False,0.06539297103881836,correct,0
5757,1439,0,13,17,13,18,14,18,False,False,False,0.020356183871626854,other,4
5758,1439,1,13,17,13,14,18,15,False,False,False,0.023747984319925308,other,4
5759,1439,1,42,42,42,18,14,15,True,True,False,0.03769451007246971,correct,0
5760,1440,0,40,35,40,7,6,24,False,False,False,0.031941380351781845,other,5
5761,1440,0,18,17,18,6,7,18,False,False,True,0.04423966631293297,off_by_one,1
5762,1440,1,18,0,18,7,6,7,False,False,False,0.06884203851222992,other,18
5763,1440,1,40,0,40,6,7,15,False,False,False,0.023545993492007256,other,40
5764,1441,0,12,17,12,6,18,7,False,False,False,0.02503267675638199,other,5
5765,1441,0,17,17,17,18,6,18,True,True,False,0.02752179466187954,correct,0
5766,1441,1,17,17,17,6,18,15,True,True,False,0.025131018832325935,correct,0
5767,1441,1,12,17,12,18,6,18,False,False,False,0.03160485252737999,other,5
5768,1442,0,27,17,27,18,7,18,False,False,False,0.01627444662153721,other,10
5769,1442,0,8,8,8,7,18,6,True,True,False,0.007611553650349379,correct,0
5770,1442,1,8,8,8,18,7,5,True,True,False,0.03381478786468506,correct,0
5771,1442,1,27,17,27,7,18,34,False,False,False,0.008866941556334496,other,10
5772,1443,0,16,11,16,37,18,7,False,False,False,0.078731469810009,other,5
5773,1443,0,9,32,9,18,37,7,False,False,False,0.022168001160025597,other,23
5774,1443,1,9,17,9,37,18,15,False,False,False,0.02820434235036373,other,8
5775,1443,1,16,34,16,18,37,15,False,False,False,0.06011512130498886,other,18
5776,1444,0,44,17,44,2,9,18,False,False,False,0.009365899488329887,other,27
5777,1444,0,7,7,7,9,2,34,True,True,False,0.012165357358753681,correct,0
5778,1444,1,7,7,7,2,9,18,True,True,False,0.02649092860519886,correct,0
5779,1444,1,44,24,44,9,2,34,False,False,False,0.013762318529188633,other,20
5780,1445,0,7,7,7,15,14,27,True,True,False,0.03204602003097534,correct,0
5781,1445,0,3,17,3,14,15,15,False,False,False,0.024045057594776154,other,14
5782,1445,1,3,17,3,15,14,18,False,False,False,0.035145580768585205,other,14
5783,1445,1,7,44,7,14,15,27,False,False,False,0.05388590320944786,other,37
5784,1446,0,6,32,6,2,16,18,False,False,False,0.049183439463377,other,26
5785,1446,0,42,5,42,16,2,27,False,False,False,0.07737322896718979,other,37
5786,1446,1,42,7,42,2,16,15,False,False,False,0.05149845406413078,other,35
5787,1446,1,6,17,6,16,2,7,False,False,False,0.07936713844537735,other,11
5788,1447,0,0,17,0,6,14,18,False,False,False,0.05382068455219269,other,17
5789,1447,0,11,32,11,14,6,7,False,False,False,0.07642631232738495,other,21
5790,1447,1,11,17,11,6,14,7,False,False,False,0.06970296055078506,other,6
5791,1447,1,0,17,0,14,6,15,False,False,False,0.06394127756357193,other,17
5792,1448,0,15,11,15,14,17,16,False,False,False,0.08877061307430267,other,4
5793,1448,0,3,17,3,17,14,34,False,False,False,0.011107117868959904,other,14
5794,1448,1,3,17,3,14,17,32,False,False,False,0.02026999741792679,other,14
5795,1448,1,15,5,15,17,14,15,False,False,False,0.07954098284244537,other,10
5796,1449,0,12,17,12,1,17,15,False,False,False,0.0071816579438745975,other,5
5797,1449,0,43,17,43,17,1,7,False,False,False,0.01292426511645317,other,26
5798,1449,1,43,17,43,1,17,34,False,False,False,0.006412597373127937,other,26
5799,1449,1,12,17,12,17,1,15,False,False,False,0.008715257979929447,other,5
5800,1450,0,38,31,38,24,6,18,False,False,False,0.028303083032369614,other,7
5801,1450,0,32,0,32,6,24,15,False,False,False,0.033371612429618835,other,32
5802,1450,1,32,17,32,24,6,5,False,False,False,0.05906230956315994,other,15
5803,1450,1,38,17,38,6,24,15,False,False,False,0.02488316036760807,other,21
5804,1451,0,16,32,16,39,6,7,False,False,False,0.051218174397945404,other,16
5805,1451,0,46,17,46,6,39,18,False,False,False,0.035299841314554214,other,29
5806,1451,1,46,17,46,39,6,15,False,False,False,0.019233297556638718,other,29
5807,1451,1,16,24,16,6,39,18,False,False,False,0.06266225129365921,other,8
5808,1452,0,27,17,27,7,19,34,False,False,False,0.011060452088713646,other,10
5809,1452,0,22,17,22,19,7,34,False,False,False,0.03590355068445206,other,5
5810,1452,1,22,43,22,7,19,34,False,False,False,0.016366958618164062,other,21
5811,1452,1,27,17,27,19,7,34,False,False,False,0.021284503862261772,other,10
5812,1453,0,18,17,18,26,14,18,False,False,True,0.03378913551568985,off_by_one,1
5813,1453,0,27,0,27,14,26,15,False,False,False,0.04143507033586502,other,27
5814,1453,1,27,17,27,26,14,18,False,False,False,0.03387961536645889,other,10
5815,1453,1,18,0,18,14,26,7,False,False,False,0.06484067440032959,other,18
5816,1454,0,43,17,43,31,28,15,False,False,False,0.016170870512723923,other,26
5817,1454,0,5,5,5,28,31,15,True,True,False,0.03818724304437637,correct,0
5818,1454,1,5,44,5,31,28,32,False,False,False,0.05066224932670593,other,39
5819,1454,1,43,17,43,28,31,15,False,False,False,0.013173663057386875,other,26
5820,1455,0,17,17,17,7,14,34,True,True,False,0.02297913283109665,correct,0
5821,1455,0,40,17,40,14,7,34,False,False,False,0.01157604344189167,other,23
5822,1455,1,40,17,40,7,14,7,False,False,False,0.014314918778836727,other,23
5823,1455,1,17,17,17,14,7,22,True,True,False,0.03203793987631798,correct,0
5824,1456,0,11,17,11,16,7,15,False,False,False,0.023472057655453682,other,6
5825,1456,0,27,17,27,7,16,27,False,False,False,0.02883085235953331,other,10
5826,1456,1,27,17,27,16,7,15,False,False,False,0.04441412165760994,other,10
5827,1456,1,11,17,11,7,16,7,False,False,False,0.008178063668310642,other,6
5828,1457,0,35,43,35,7,17,7,False,False,False,0.03555098921060562,other,8
5829,1457,0,41,15,41,17,7,27,False,False,False,0.16366130113601685,other,26
5830,1457,1,41,15,41,7,17,15,False,False,False,0.13511888682842255,other,26
5831,1457,1,35,17,35,17,7,7,False,False,False,0.03936672583222389,other,18
5832,1458,0,43,17,43,14,16,7,False,False,False,0.031063130125403404,other,26
5833,1458,0,27,17,27,16,14,15,False,False,False,0.01718120649456978,other,10
5834,1458,1,27,17,27,14,16,7,False,False,False,0.005194300785660744,other,10
5835,1458,1,43,17,43,16,14,27,False,False,False,0.014247897081077099,other,26
5836,1459,0,28,17,28,19,6,18,False,False,False,0.028412723913788795,other,11
5837,1459,0,4,27,4,6,19,18,False,False,False,0.01585119403898716,other,23
5838,1459,1,4,24,4,19,6,18,False,False,False,0.011245920322835445,other,20
5839,1459,1,28,17,28,6,19,18,False,False,False,0.01881531998515129,other,11
5840,1460,0,28,17,28,9,2,18,False,False,False,0.02362457849085331,other,11
5841,1460,0,44,24,44,2,9,34,False,False,False,0.041154321283102036,other,20
5842,1460,1,44,17,44,9,2,7,False,False,False,0.03718630224466324,other,27
5843,1460,1,28,17,28,2,9,7,False,False,False,0.03517036885023117,other,11
5844,1461,0,45,0,45,16,15,7,False,False,False,0.01031308900564909,other,45
5845,1461,0,35,32,35,15,16,15,False,False,False,0.005364289507269859,other,3
5846,1461,1,35,17,35,16,15,7,False,False,False,0.00865758117288351,other,18
5847,1461,1,45,17,45,15,16,7,False,False,False,0.006040660198777914,other,28
5848,1462,0,39,43,39,6,7,18,False,False,False,0.00883570872247219,other,4
5849,1462,0,4,4,4,7,6,34,True,True,False,0.022577425464987755,correct,0
5850,1462,1,4,32,4,6,7,7,False,False,False,0.029163675382733345,other,28
5851,1462,1,39,17,39,7,6,18,False,False,False,0.009949839673936367,other,22
5852,1463,0,7,15,7,24,14,22,False,False,False,0.028209110721945763,other,8
5853,1463,0,11,17,11,14,24,32,False,False,False,0.045312363654375076,other,6
5854,1463,1,11,17,11,24,14,37,False,False,False,0.01685061678290367,other,6
5855,1463,1,7,44,7,14,24,32,False,False,False,0.039074547588825226,other,37
5856,1464,0,29,32,29,39,38,18,False,False,False,0.026200488209724426,other,3
5857,1464,0,6,17,6,38,39,7,False,False,False,0.060275059193372726,other,11
5858,1464,1,6,17,6,39,38,18,False,False,False,0.015900934115052223,other,11
5859,1464,1,29,0,29,38,39,18,False,False,False,0.03460027277469635,other,29
5860,1465,0,0,17,0,6,7,32,False,False,False,0.016380228102207184,other,17
5861,1465,0,18,17,18,7,6,18,False,False,True,0.026503276079893112,off_by_one,1
5862,1465,1,18,17,18,6,7,34,False,False,True,0.014443871565163136,off_by_one,1
5863,1465,1,0,17,0,7,6,32,False,False,False,0.021774010732769966,other,17
5864,1466,0,29,29,29,6,0,25,True,True,False,0.03550706058740616,correct,0
5865,1466,0,34,17,34,0,6,15,False,False,False,0.04457696154713631,other,17
5866,1466,1,34,44,34,6,0,34,False,False,False,0.02293114736676216,other,10
5867,1466,1,29,31,29,0,6,18,False,False,False,0.08454595506191254,other,2
5868,1467,0,5,7,5,7,36,15,False,False,False,0.04465213790535927,other,2
5869,1467,0,7,7,7,36,7,18,True,True,False,0.13334111869335175,correct,0
5870,1467,1,7,17,7,7,36,34,False,False,False,0.16053229570388794,other,10
5871,1467,1,5,42,5,36,7,18,False,False,False,0.08048404008150101,other,37
5872,1468,0,14,17,14,7,2,15,False,False,False,0.0442168153822422,other,3
5873,1468,0,16,17,16,2,7,34,False,False,True,0.036173876374959946,off_by_one,1
5874,1468,1,16,24,16,7,2,34,False,False,False,0.04413376376032829,other,8
5875,1468,1,14,17,14,2,7,18,False,False,False,0.03567520156502724,other,3
5876,1469,0,15,24,15,16,7,18,False,False,False,0.045754916965961456,other,9
5877,1469,0,22,17,22,7,16,7,False,False,False,0.04655049368739128,other,5
5878,1469,1,22,17,22,16,7,18,False,False,False,0.03435509279370308,other,5
5879,1469,1,15,32,15,7,16,7,False,False,False,0.041285403072834015,other,17
5880,1470,0,45,4,45,8,7,18,False,False,False,0.026521747931838036,other,41
5881,1470,0,18,17,18,7,8,18,False,False,True,0.026650190353393555,off_by_one,1
5882,1470,1,18,17,18,8,7,34,False,False,True,0.024248702451586723,off_by_one,1
5883,1470,1,45,4,45,7,8,15,False,False,False,0.008398476988077164,other,41
5884,1471,0,23,27,23,17,7,34,False,False,False,0.030254768207669258,other,4
5885,1471,0,43,17,43,7,17,7,False,False,False,0.019572483375668526,other,26
5886,1471,1,43,17,43,17,7,34,False,False,False,0.026229528710246086,other,26
5887,1471,1,23,24,23,7,17,7,False,False,True,0.016697168350219727,off_by_one,1
5888,1472,0,15,0,15,7,12,7,False,False,False,0.06690201908349991,other,15
5889,1472,0,30,2,30,12,7,18,False,False,False,0.042426664382219315,other,28
5890,1472,1,30,17,30,7,12,34,False,False,False,0.02030300535261631,other,13
5891,1472,1,15,32,15,12,7,5,False,False,False,0.04789774492383003,other,17
5892,1473,0,26,24,26,6,11,18,False,False,False,0.03990864381194115,other,2
5893,1473,0,38,0,38,11,6,15,False,False,False,0.01111646369099617,other,38
5894,1473,1,38,17,38,6,11,18,False,False,False,0.008389540947973728,other,21
5895,1473,1,26,24,26,11,6,18,False,False,False,0.04488284885883331,other,2
5896,1474,0,45,17,45,18,7,18,False,False,False,0.018391571938991547,other,28
5897,1474,0,4,27,4,7,18,24,False,False,False,0.024575846269726753,other,23
5898,1474,1,4,32,4,18,7,34,False,False,False,0.008335319347679615,other,28
5899,1474,1,45,24,45,7,18,18,False,False,False,0.02286897972226143,other,21
5900,1475,0,31,43,31,35,33,15,False,False,False,0.011789427138864994,other,12
5901,1475,0,16,32,16,33,35,18,False,False,False,0.07596025615930557,other,16
5902,1475,1,16,15,16,35,33,32,False,False,True,0.10120311379432678,off_by_one,1
5903,1475,1,31,43,31,33,35,32,False,False,False,0.012688945047557354,other,12
5904,1476,0,27,17,27,22,15,18,False,False,False,0.02722914144396782,other,10
5905,1476,0,5,5,5,15,22,15,True,True,False,0.03566450998187065,correct,0
5906,1476,1,5,4,5,22,15,12,False,False,True,0.031877078115940094,off_by_one,1
5907,1476,1,27,17,27,15,22,34,False,False,False,0.013518151827156544,other,10
5908,1477,0,11,17,11,7,24,32,False,False,False,0.045938801020383835,other,6
5909,1477,0,30,32,30,24,7,32,False,False,False,0.02158009447157383,other,2
5910,1477,1,30,43,30,7,24,34,False,False,False,0.03693021088838577,other,13
5911,1477,1,11,17,11,24,7,22,False,False,False,0.030082155019044876,other,6
5912,1478,0,43,0,43,38,6,7,False,False,False,0.029401199892163277,other,43
5913,1478,0,37,0,37,6,38,18,False,False,False,0.011831509880721569,other,37
5914,1478,1,37,17,37,38,6,18,False,False,False,0.019344478845596313,other,20
5915,1478,1,43,17,43,6,38,15,False,False,False,0.014695507474243641,other,26
5916,1479,0,47,24,47,14,6,27,False,False,False,0.029474694281816483,other,23
5917,1479,0,8,8,8,6,14,18,True,True,False,0.05488627776503563,correct,0
5918,1479,1,8,44,8,14,6,18,False,False,False,0.1104341670870781,other,36
5919,1479,1,47,24,47,6,14,7,False,False,False,0.02057007886469364,other,23
5920,1480,0,47,8,47,24,26,32,False,False,False,0.055669110268354416,other,39
5921,1480,0,38,17,38,26,24,34,False,False,False,0.03331584110856056,other,21
5922,1480,1,38,17,38,24,26,32,False,False,False,0.0191367045044899,other,21
5923,1480,1,47,17,47,26,24,34,False,False,False,0.06300778687000275,other,30
5924,1481,0,9,17,9,15,16,15,False,False,False,0.03102620504796505,other,8
5925,1481,0,4,32,4,16,15,15,False,False,False,0.0052590137347579,other,28
5926,1481,1,4,4,4,15,16,15,True,True,False,0.0028842517640441656,correct,0
5927,1481,1,9,17,9,16,15,18,False,False,False,0.03022831864655018,other,8
5928,1482,0,5,44,5,15,7,7,False,False,False,0.024933164939284325,other,39
5929,1482,0,37,17,37,7,15,18,False,False,False,0.01912692002952099,other,20
5930,1482,1,37,17,37,15,7,18,False,False,False,0.01835094764828682,other,20
5931,1482,1,5,46,5,7,15,18,False,False,False,0.013633567839860916,other,41
5932,1483,0,44,17,44,19,6,34,False,False,False,0.020750321447849274,other,27
5933,1483,0,12,0,12,6,19,5,False,False,False,0.06369166076183319,other,12
5934,1483,1,12,0,12,19,6,6,False,False,False,0.061811238527297974,other,12
5935,1483,1,44,32,44,6,19,34,False,False,False,0.013897312805056572,other,12
5936,1484,0,47,44,47,6,18,18,False,False,False,0.015221110545098782,other,3
5937,1484,0,16,43,16,18,6,8,False,False,False,0.05835975706577301,other,27
5938,1484,1,16,24,16,6,18,18,False,False,False,0.04837203025817871,other,8
5939,1484,1,47,24,47,18,6,18,False,False,False,0.03170353174209595,other,23
5940,1485,0,12,17,12,10,9,15,False,False,False,0.03944778814911842,other,5
5941,1485,0,20,17,20,9,10,18,False,False,False,0.041400764137506485,other,3
5942,1485,1,20,17,20,10,9,18,False,False,False,0.03816796466708183,other,3
5943,1485,1,12,17,12,9,10,18,False,False,False,0.029767882078886032,other,5
5944,1486,0,25,32,25,7,0,7,False,False,False,0.012301834300160408,other,7
5945,1486,0,47,34,47,0,7,27,False,False,False,0.025455592200160027,other,13
5946,1486,1,47,24,47,7,0,7,False,False,False,0.010927860625088215,other,23
5947,1486,1,25,4,25,0,7,7,False,False,False,0.016856230795383453,other,21
5948,1487,0,38,17,38,7,14,15,False,False,False,0.010141917504370213,other,21
5949,1487,0,39,17,39,14,7,15,False,False,False,0.01641876809298992,other,22
5950,1487,1,39,43,39,7,14,18,False,False,False,0.021216729655861855,other,4
5951,1487,1,38,17,38,14,7,15,False,False,False,0.006556741427630186,other,21
5952,1488,0,45,17,45,7,14,15,False,False,False,0.016508467495441437,other,28
5953,1488,0,41,15,41,14,7,18,False,False,False,0.08241134136915207,other,26
5954,1488,1,41,35,41,7,14,15,False,False,False,0.06316972523927689,other,6
5955,1488,1,45,17,45,14,7,15,False,False,False,0.038861099630594254,other,28
5956,1489,0,37,43,37,16,17,15,False,False,False,0.0055360919795930386,other,6
5957,1489,0,40,17,40,17,16,15,False,False,False,0.006431402638554573,other,23
5958,1489,1,40,17,40,16,17,7,False,False,False,0.018702415749430656,other,23
5959,1489,1,37,43,37,17,16,15,False,False,False,0.007140310015529394,other,6
5960,1490,0,4,32,4,2,7,34,False,False,False,0.013111100532114506,other,28
5961,1490,0,17,17,17,7,2,34,True,True,False,0.014273306354880333,correct,0
5962,1490,1,17,17,17,2,7,34,True,True,False,0.010941031388938427,correct,0
5963,1490,1,4,17,4,7,2,34,False,False,False,0.03256143257021904,other,13
5964,1491,0,20,31,20,17,7,34,False,False,False,0.047072313725948334,other,11
5965,1491,0,28,17,28,7,17,7,False,False,False,0.018412820994853973,other,11
5966,1491,1,28,28,28,17,7,15,True,True,False,0.01345097552984953,correct,0
5967,1491,1,20,17,20,7,17,34,False,False,False,0.023155346512794495,other,3
5968,1492,0,48,0,48,16,18,7,False,False,False,0.012548649683594704,other,48
5969,1492,0,39,43,39,18,16,15,False,False,False,0.023989971727132797,other,4
5970,1492,1,39,17,39,16,18,7,False,False,False,0.029010124504566193,other,22
5971,1492,1,48,17,48,18,16,7,False,False,False,0.01793668046593666,other,31
5972,1493,0,9,17,9,16,14,27,False,False,False,0.01217365637421608,other,8
5973,1493,0,12,17,12,14,16,16,False,False,False,0.013370424509048462,other,5
5974,1493,1,12,17,12,16,14,34,False,False,False,0.04796664044260979,other,5
5975,1493,1,9,17,9,14,16,34,False,False,False,0.01306554302573204,other,8
5976,1494,0,28,28,28,20,14,27,True,True,False,0.009783335961401463,correct,0
5977,1494,0,11,17,11,14,20,15,False,False,False,0.007536991499364376,other,6
5978,1494,1,11,11,11,20,14,7,True,True,False,0.013618912547826767,correct,0
5979,1494,1,28,17,28,14,20,7,False,False,False,0.012934703379869461,other,11
5980,1495,0,16,15,16,26,24,24,False,False,True,0.020284520462155342,off_by_one,1
5981,1495,0,33,24,33,24,26,18,False,False,False,0.02323869615793228,other,9
5982,1495,1,33,0,33,26,24,18,False,False,False,0.02823881432414055,other,33
5983,1495,1,16,5,16,24,26,24,False,False,False,0.027520805597305298,other,11
5984,1496,0,42,42,42,12,3,34,True,True,False,0.09773386269807816,correct,0
5985,1496,0,19,17,19,3,12,18,False,False,False,0.024896500632166862,other,2
5986,1496,1,19,31,19,12,3,18,False,False,False,0.03058691695332527,other,12
5987,1496,1,42,42,42,3,12,34,True,True,False,0.034365057945251465,correct,0
5988,1497,0,36,0,36,24,36,18,False,False,False,0.0042597330175340176,other,36
5989,1497,0,17,17,17,36,24,18,True,True,False,0.061370600014925,correct,0
5990,1497,1,17,32,17,24,36,18,False,False,False,0.0636674165725708,other,15
5991,1497,1,36,17,36,36,24,18,False,False,False,0.003971172962337732,other,19
5992,1498,0,0,43,0,18,7,7,False,False,False,0.010688511654734612,other,43
5993,1498,0,25,32,25,7,18,34,False,False,False,0.01646040380001068,other,7
5994,1498,1,25,4,25,18,7,34,False,False,False,0.01110837422311306,other,21
5995,1498,1,0,17,0,7,18,15,False,False,False,0.016626616939902306,other,17
5996,1499,0,12,17,12,24,7,15,False,False,False,0.04480820521712303,other,5
5997,1499,0,36,17,36,7,24,15,False,False,False,0.015290943905711174,other,19
5998,1499,1,36,17,36,24,7,18,False,False,False,0.021742083132267,other,19
5999,1499,1,12,17,12,7,24,18,False,False,False,0.04531484097242355,other,5
6000,1500,0,22,43,22,7,2,34,False,False,False,0.053929220885038376,other,21
6001,1500,0,15,24,15,2,7,32,False,False,False,0.046224869787693024,other,9
6002,1500,1,15,17,15,7,2,18,False,False,False,0.04934565722942352,other,2
6003,1500,1,22,17,22,2,7,18,False,False,False,0.06224144622683525,other,5
6004,1501,0,26,12,26,20,6,6,False,False,False,0.03476600721478462,other,14
6005,1501,0,2,17,2,6,20,7,False,False,False,0.049908533692359924,other,15
6006,1501,1,2,17,2,20,6,34,False,False,False,0.0406770221889019,other,15
6007,1501,1,26,24,26,6,20,34,False,False,False,0.057620685547590256,other,2
6008,1502,0,41,24,41,16,14,18,False,False,False,0.1922561675310135,other,17
6009,1502,0,18,17,18,14,16,38,False,False,True,0.0291748084127903,off_by_one,1
6010,1502,1,18,32,18,16,14,15,False,False,False,0.028937533497810364,other,14
6011,1502,1,41,10,41,14,16,7,False,False,False,0.16363781690597534,other,31
6012,1503,0,45,27,45,6,14,34,False,False,False,0.0184036772698164,other,18
6013,1503,0,11,17,11,14,6,15,False,False,False,0.062265053391456604,other,6
6014,1503,1,11,17,11,6,14,18,False,False,False,0.026606235653162003,other,6
6015,1503,1,45,4,45,14,6,15,False,False,False,0.017152516171336174,other,41
6016,1504,0,48,17,48,26,15,18,False,False,False,0.03035336174070835,other,31
6017,1504,0,26,35,26,15,26,18,False,False,False,0.015896935015916824,other,9
6018,1504,1,26,24,26,26,15,18,False,False,False,0.008054849691689014,other,2
6019,1504,1,48,17,48,15,26,34,False,False,False,0.02798331528902054,other,31
6020,1505,0,37,0,37,36,24,18,False,False,False,0.03842682018876076,other,37
6021,1505,0,22,17,22,24,36,5,False,False,False,0.0895460769534111,other,5
6022,1505,1,22,0,22,36,24,24,False,False,False,0.05796137452125549,other,22
6023,1505,1,37,43,37,24,36,18,False,False,False,0.021128324791789055,other,6
6024,1506,0,11,32,11,0,15,6,False,False,False,0.02359069511294365,other,21
6025,1506,0,12,0,12,15,0,32,False,False,False,0.04395655170083046,other,12
6026,1506,1,12,17,12,0,15,22,False,False,False,0.05031830072402954,other,5
6027,1506,1,11,17,11,15,0,32,False,False,False,0.044088687747716904,other,6
6028,1507,0,16,7,16,8,9,18,False,False,False,0.019214313477277756,other,9
6029,1507,0,33,17,33,9,8,18,False,False,False,0.05129535123705864,other,16
6030,1507,1,33,17,33,8,9,18,False,False,False,0.05837040767073631,other,16
6031,1507,1,16,34,16,9,8,18,False,False,False,0.015958478674292564,other,18
6032,1508,0,38,17,38,2,12,18,False,False,False,0.01638212613761425,other,21
6033,1508,0,9,17,9,12,2,18,False,False,False,0.05868077650666237,other,8
6034,1508,1,9,17,9,2,12,5,False,False,False,0.05901250243186951,other,8
6035,1508,1,38,17,38,12,2,18,False,False,False,0.015005162917077541,other,21
6036,1509,0,5,34,5,0,27,15,False,False,False,0.02391466498374939,other,29
6037,1509,0,39,17,39,27,0,7,False,False,False,0.04118797183036804,other,22
6038,1509,1,39,43,39,0,27,15,False,False,False,0.009825831279158592,other,4
6039,1509,1,5,46,5,27,0,15,False,False,False,0.01873861253261566,other,41
6040,1510,0,28,17,28,12,2,18,False,False,False,0.0074996342882514,other,11
6041,1510,0,40,17,40,2,12,15,False,False,False,0.008085526525974274,other,23
6042,1510,1,40,17,40,12,2,18,False,False,False,0.007800141349434853,other,23
6043,1510,1,28,17,28,2,12,18,False,False,False,0.0101469736546278,other,11
6044,1511,0,0,2,0,4,6,18,False,False,False,0.07190632820129395,other,2
6045,1511,0,12,17,12,6,4,7,False,False,False,0.020749684423208237,other,5
6046,1511,1,12,17,12,4,6,18,False,False,False,0.021833540871739388,other,5
6047,1511,1,0,32,0,6,4,7,False,False,False,0.047275446355342865,other,32
6048,1512,0,13,17,13,15,14,15,False,False,False,0.01179490890353918,other,4
6049,1512,0,34,44,34,14,15,32,False,False,False,0.008466827683150768,other,10
6050,1512,1,34,24,34,15,14,34,False,False,False,0.011771051213145256,other,10
6051,1512,1,13,17,13,14,15,15,False,False,False,0.020116759464144707,other,4
6052,1513,0,39,17,39,27,18,15,False,False,False,0.014331169426441193,other,22
6053,1513,0,47,17,47,18,27,34,False,False,False,0.022539036348462105,other,30
6054,1513,1,47,32,47,27,18,34,False,False,False,0.02151310071349144,other,15
6055,1513,1,39,43,39,18,27,34,False,False,False,0.013944840058684349,other,4
6056,1514,0,15,17,15,7,24,18,False,False,False,0.12177401036024094,other,2
6057,1514,0,7,7,7,24,7,34,True,True,False,0.03458115831017494,correct,0
6058,1514,1,7,7,7,7,24,34,True,True,False,0.02717142179608345,correct,0
6059,1514,1,15,5,15,24,7,34,False,False,False,0.08482401818037033,other,10
6060,1515,0,20,43,20,7,15,15,False,False,False,0.014895985834300518,other,23
6061,1515,0,28,0,28,15,7,15,False,False,False,0.018383698537945747,other,28
6062,1515,1,28,27,28,7,15,18,False,False,True,0.016615182161331177,off_by_one,1
6063,1515,1,20,17,20,15,7,15,False,False,False,0.026228729635477066,other,3
6064,1516,0,43,43,43,7,6,34,True,True,False,0.04146645963191986,correct,0
6065,1516,0,21,43,21,6,7,18,False,False,False,0.036380719393491745,other,22
6066,1516,1,21,43,21,7,6,18,False,False,False,0.03411252051591873,other,22
6067,1516,1,43,43,43,6,7,18,True,True,False,0.045801714062690735,correct,0
6068,1517,0,32,32,32,6,2,5,True,True,False,0.06782294809818268,correct,0
6069,1517,0,16,32,16,2,6,34,False,False,False,0.06127507612109184,other,16
6070,1517,1,16,17,16,6,2,5,False,False,True,0.05018676817417145,off_by_one,1
6071,1517,1,32,17,32,2,6,18,False,False,False,0.06300006061792374,other,15
6072,1518,0,34,15,34,24,18,34,False,False,False,0.020207732915878296,other,19
6073,1518,0,33,17,33,18,24,18,False,False,False,0.010604574345052242,other,16
6074,1518,1,33,17,33,24,18,34,False,False,False,0.010902997106313705,other,16
6075,1518,1,34,35,34,18,24,34,False,False,True,0.028730208054184914,off_by_one,1
6076,1519,0,40,17,40,15,21,15,False,False,False,0.012315570376813412,other,23
6077,1519,0,43,43,43,21,15,34,True,True,False,0.024827277287840843,correct,0
6078,1519,1,43,17,43,15,21,34,False,False,False,0.004909825976938009,other,26
6079,1519,1,40,17,40,21,15,34,False,False,False,0.01388787291944027,other,23
6080,1520,0,25,24,25,14,24,7,False,False,True,0.037069614976644516,off_by_one,1
6081,1520,0,4,4,4,24,14,7,True,True,False,0.022636473178863525,correct,0
6082,1520,1,4,17,4,14,24,7,False,False,False,0.03648076206445694,other,13
6083,1520,1,25,24,25,24,14,34,False,False,True,0.02505366876721382,off_by_one,1
6084,1521,0,17,17,17,0,2,15,True,True,False,0.033677443861961365,correct,0
6085,1521,0,12,17,12,2,0,15,False,False,False,0.004714174196124077,other,5
6086,1521,1,12,28,12,0,2,15,False,False,False,0.0072853039018809795,other,16
6087,1521,1,17,17,17,2,0,18,True,True,False,0.024381328374147415,correct,0
6088,1522,0,29,17,29,34,0,15,False,False,False,0.03128853440284729,other,12
6089,1522,0,3,17,3,0,34,15,False,False,False,0.008893941529095173,other,14
6090,1522,1,3,43,3,34,0,34,False,False,False,0.011456991545855999,other,40
6091,1522,1,29,17,29,0,34,34,False,False,False,0.05228463560342789,other,12
6092,1523,0,40,17,40,14,7,7,False,False,False,0.014701444655656815,other,23
6093,1523,0,1,32,1,7,14,7,False,False,False,0.022108644247055054,other,31
6094,1523,1,1,17,1,14,7,15,False,False,False,0.03130829334259033,other,16
6095,1523,1,40,17,40,7,14,7,False,False,False,0.01137898676097393,other,23
6096,1524,0,9,17,9,16,15,27,False,False,False,0.021862901747226715,other,8
6097,1524,0,25,24,25,15,16,34,False,False,True,0.012555441819131374,off_by_one,1
6098,1524,1,25,44,25,16,15,27,False,False,False,0.020725810900330544,other,19
6099,1524,1,9,17,9,15,16,15,False,False,False,0.023111429065465927,other,8
6100,1525,0,43,17,43,36,15,18,False,False,False,0.01904238760471344,other,26
6101,1525,0,12,17,12,15,36,27,False,False,False,0.008031345903873444,other,5
6102,1525,1,12,17,12,36,15,18,False,False,False,0.011294429190456867,other,5
6103,1525,1,43,17,43,15,36,15,False,False,False,0.027534134685993195,other,26
6104,1526,0,14,17,14,2,6,18,False,False,False,0.030377058312296867,other,3
6105,1526,0,7,7,7,6,2,34,True,True,False,0.027662627398967743,correct,0
6106,1526,1,7,7,7,2,6,18,True,True,False,0.022380422800779343,correct,0
6107,1526,1,14,17,14,6,2,18,False,False,False,0.028622115030884743,other,3
6108,1527,0,8,8,8,18,7,5,True,True,False,0.0371907576918602,correct,0
6109,1527,0,32,24,32,7,18,7,False,False,False,0.017034834250807762,other,8
6110,1527,1,32,17,32,18,7,18,False,False,False,0.009438378736376762,other,15
6111,1527,1,8,32,8,7,18,5,False,False,False,0.020590368658304214,other,24
6112,1528,0,38,17,38,14,16,7,False,False,False,0.00965871848165989,other,21
6113,1528,0,39,43,39,16,14,7,False,False,False,0.006487391423434019,other,4
6114,1528,1,39,17,39,14,16,7,False,False,False,0.005161779932677746,other,22
6115,1528,1,38,17,38,16,14,27,False,False,False,0.015221282839775085,other,21
6116,1529,0,34,34,34,6,36,18,True,True,False,0.02110528014600277,correct,0
6117,1529,0,19,43,19,36,6,18,False,False,False,0.06667039543390274,other,24
6118,1529,1,19,31,19,6,36,5,False,False,False,0.06146605312824249,other,12
6119,1529,1,34,46,34,36,6,18,False,False,False,0.023652266710996628,other,12
6120,1530,0,36,17,36,16,14,7,False,False,False,0.035432685166597366,other,19
6121,1530,0,13,17,13,14,16,15,False,False,False,0.02074969932436943,other,4
6122,1530,1,13,17,13,16,14,18,False,False,False,0.029457762837409973,other,4
6123,1530,1,36,0,36,14,16,27,False,False,False,0.03301110118627548,other,36
6124,1531,0,41,35,41,12,13,18,False,False,False,0.05336987227201462,other,6
6125,1531,0,42,42,42,13,12,18,True,True,False,0.02236669883131981,correct,0
6126,1531,1,42,42,42,12,13,18,True,True,False,0.05105367675423622,correct,0
6127,1531,1,41,24,41,13,12,18,False,False,False,0.03649599850177765,other,17
6128,1532,0,40,17,40,15,0,34,False,False,False,0.018271509557962418,other,23
6129,1532,0,36,17,36,0,15,15,False,False,False,0.013956661336123943,other,19
6130,1532,1,36,17,36,15,0,34,False,False,False,0.0141637297347188,other,19
6131,1532,1,40,17,40,0,15,7,False,False,False,0.012109004892408848,other,23
6132,1533,0,45,17,45,11,9,15,False,False,False,0.02438112534582615,other,28
6133,1533,0,10,24,10,9,11,18,False,False,False,0.03177843242883682,other,14
6134,1533,1,10,17,10,11,9,18,False,False,False,0.02844185195863247,other,7
6135,1533,1,45,17,45,9,11,7,False,False,False,0.012616629712283611,other,28
6136,1534,0,44,17,44,18,20,18,False,False,False,0.015017544850707054,other,27
6137,1534,0,29,17,29,20,18,7,False,False,False,0.03347814455628395,other,12
6138,1534,1,29,17,29,18,20,18,False,False,False,0.04044640064239502,other,12
6139,1534,1,44,24,44,20,18,18,False,False,False,0.019648607820272446,other,20
6140,1535,0,41,44,41,6,36,18,False,False,False,0.05414530262351036,other,3
6141,1535,0,0,0,0,36,6,24,True,True,False,0.016124805435538292,correct,0
6142,1535,1,0,17,0,6,36,18,False,False,False,0.018411902710795403,other,17
6143,1535,1,41,24,41,36,6,18,False,False,False,0.04135291278362274,other,17
6144,1536,0,13,17,13,7,6,34,False,False,False,0.05104895308613777,other,4
6145,1536,0,9,17,9,6,7,6,False,False,False,0.033634498715400696,other,8
6146,1536,1,9,17,9,7,6,34,False,False,False,0.05212150141596794,other,8
6147,1536,1,13,32,13,6,7,22,False,False,False,0.03768879547715187,other,19
6148,1537,0,6,3,6,29,28,32,False,False,False,0.04122773930430412,other,3
6149,1537,0,35,17,35,28,29,32,False,False,False,0.024233900010585785,other,18
6150,1537,1,35,17,35,29,28,34,False,False,False,0.027265269309282303,other,18
6151,1537,1,6,44,6,28,29,32,False,False,False,0.054048944264650345,other,38
6152,1538,0,42,42,42,7,13,15,True,True,False,0.05924009904265404,correct,0
6153,1538,0,0,17,0,13,7,7,False,False,False,0.034678731113672256,other,17
6154,1538,1,0,0,0,7,13,18,True,True,False,0.030037367716431618,correct,0
6155,1538,1,42,42,42,13,7,34,True,True,False,0.020699916407465935,correct,0
6156,1539,0,43,17,43,16,26,34,False,False,False,0.03707307204604149,other,26
6157,1539,0,18,17,18,26,16,34,False,False,True,0.024469608440995216,off_by_one,1
6158,1539,1,18,17,18,16,26,34,False,False,True,0.013559458777308464,off_by_one,1
6159,1539,1,43,43,43,26,16,34,True,True,False,0.005511345341801643,correct,0
6160,1540,0,16,32,16,12,18,5,False,False,False,0.09303584694862366,other,16
6161,1540,0,18,17,18,18,12,18,False,False,True,0.046670082956552505,off_by_one,1
6162,1540,1,18,17,18,12,18,22,False,False,True,0.030595991760492325,off_by_one,1
6163,1540,1,16,15,16,18,12,18,False,False,True,0.05455412715673447,off_by_one,1
6164,1541,0,37,17,37,36,18,24,False,False,False,0.0187827255576849,other,20
6165,1541,0,36,17,36,18,36,18,False,False,False,0.014185396954417229,other,19
6166,1541,1,36,17,36,36,18,18,False,False,False,0.006863029673695564,other,19
6167,1541,1,37,17,37,18,36,18,False,False,False,0.03227895125746727,other,20
6168,1542,0,34,46,34,7,11,7,False,False,False,0.018284492194652557,other,12
6169,1542,0,16,24,16,11,7,7,False,False,False,0.011018414981663227,other,8
6170,1542,1,16,44,16,7,11,34,False,False,False,0.007832035422325134,other,28
6171,1542,1,34,24,34,11,7,7,False,False,False,0.0218348428606987,other,10
6172,1543,0,35,24,35,6,7,18,False,False,False,0.01723315194249153,other,11
6173,1543,0,48,17,48,7,6,18,False,False,False,0.05794348940253258,other,31
6174,1543,1,48,32,48,6,7,18,False,False,False,0.05181135982275009,other,16
6175,1543,1,35,32,35,7,6,18,False,False,False,0.01825655624270439,other,3
6176,1544,0,7,7,7,4,3,24,True,True,False,0.05642076954245567,correct,0
6177,1544,0,12,17,12,3,4,18,False,False,False,0.012003140524029732,other,5
6178,1544,1,12,17,12,4,3,18,False,False,False,0.011423701420426369,other,5
6179,1544,1,7,15,7,3,4,18,False,False,False,0.036859557032585144,other,8
6180,1545,0,19,17,19,7,6,6,False,False,False,0.02200246788561344,other,2
6181,1545,0,11,0,11,6,7,5,False,False,False,0.06145104765892029,other,11
6182,1545,1,11,29,11,7,6,7,False,False,False,0.043962512165308,other,18
6183,1545,1,19,17,19,6,7,22,False,False,False,0.031803231686353683,other,2
6184,1546,0,18,17,18,14,17,15,False,False,True,0.022648321464657784,off_by_one,1
6185,1546,0,3,17,3,17,14,15,False,False,False,0.032367344945669174,other,14
6186,1546,1,3,17,3,14,17,18,False,False,False,0.03580435365438461,other,14
6187,1546,1,18,17,18,17,14,32,False,False,True,0.03709934651851654,off_by_one,1
6188,1547,0,27,17,27,18,16,15,False,False,False,0.0076548028737306595,other,10
6189,1547,0,15,35,15,16,18,32,False,False,False,0.04159490764141083,other,20
6190,1547,1,15,32,15,18,16,7,False,False,False,0.04077615216374397,other,17
6191,1547,1,27,17,27,16,18,15,False,False,False,0.008569757454097271,other,10
6192,1548,0,15,11,15,7,8,7,False,False,False,0.048247672617435455,other,4
6193,1548,0,27,17,27,8,7,18,False,False,False,0.022566836327314377,other,10
6194,1548,1,27,17,27,7,8,18,False,False,False,0.013384319841861725,other,10
6195,1548,1,15,24,15,8,7,34,False,False,False,0.04441138356924057,other,9
6196,1549,0,15,7,15,17,24,18,False,False,False,0.03553155064582825,other,8
6197,1549,0,37,17,37,24,17,18,False,False,False,0.012370312586426735,other,20
6198,1549,1,37,43,37,17,24,18,False,False,False,0.013721074908971786,other,6
6199,1549,1,15,5,15,24,17,18,False,False,False,0.030428728088736534,other,10
6200,1550,0,15,42,15,26,6,18,False,False,False,0.1346660703420639,other,27
6201,1550,0,17,0,17,6,26,6,False,False,False,0.04102324694395065,other,17
6202,1550,1,17,31,17,26,6,18,False,False,False,0.055417485535144806,other,14
6203,1550,1,15,32,15,6,26,18,False,False,False,0.13939201831817627,other,17
6204,1551,0,26,24,26,26,1,34,False,False,False,0.008500584401190281,other,2
6205,1551,0,20,17,20,1,26,18,False,False,False,0.05531500652432442,other,3
6206,1551,1,20,17,20,26,1,18,False,False,False,0.055304598063230515,other,3
6207,1551,1,26,35,26,1,26,18,False,False,False,0.012189755216240883,other,9
6208,1552,0,13,17,13,27,18,32,False,False,False,0.02575000748038292,other,4
6209,1552,0,42,42,42,18,27,34,True,True,False,0.03780367970466614,correct,0
6210,1552,1,42,42,42,27,18,32,True,True,False,0.041185345500707626,correct,0
6211,1552,1,13,17,13,18,27,32,False,False,False,0.018027259036898613,other,4
6212,1553,0,21,31,21,16,7,7,False,False,False,0.029343878850340843,other,10
6213,1553,0,33,17,33,7,16,18,False,False,False,0.027894405648112297,other,16
6214,1553,1,33,17,33,16,7,7,False,False,False,0.029570652171969414,other,16
6215,1553,1,21,17,21,7,16,18,False,False,False,0.030797895044088364,other,4
6216,1554,0,1,31,1,24,7,18,False,False,False,0.031231870874762535,other,30
6217,1554,0,45,27,45,7,24,18,False,False,False,0.034339986741542816,other,18
6218,1554,1,45,32,45,24,7,5,False,False,False,0.03478827327489853,other,13
6219,1554,1,1,32,1,7,24,18,False,False,False,0.019599631428718567,other,31
6220,1555,0,0,17,0,39,38,18,False,False,False,0.03190778195858002,other,17
6221,1555,0,37,17,37,38,39,15,False,False,False,0.015433400869369507,other,20
6222,1555,1,37,17,37,39,38,18,False,False,False,0.020368874073028564,other,20
6223,1555,1,0,17,0,38,39,7,False,False,False,0.04018101468682289,other,17
6224,1556,0,45,32,45,7,2,34,False,False,False,0.024781864136457443,other,13
6225,1556,0,3,17,3,2,7,18,False,False,False,0.034620173275470734,other,14
6226,1556,1,3,43,3,7,2,34,False,False,False,0.03868464380502701,other,40
6227,1556,1,45,24,45,2,7,34,False,False,False,0.007178766652941704,other,21
6228,1557,0,40,17,40,36,14,18,False,False,False,0.034760620445013046,other,23
6229,1557,0,12,17,12,14,36,15,False,False,False,0.012036039493978024,other,5
6230,1557,1,12,17,12,36,14,18,False,False,False,0.021161874756217003,other,5
6231,1557,1,40,17,40,14,36,18,False,False,False,0.033019986003637314,other,23
6232,1558,0,32,17,32,14,27,7,False,False,False,0.02406376227736473,other,15
6233,1558,0,19,17,19,27,14,27,False,False,False,0.017559999600052834,other,2
6234,1558,1,19,17,19,14,27,27,False,False,False,0.02057616226375103,other,2
6235,1558,1,32,17,32,27,14,7,False,False,False,0.030794385820627213,other,15
6236,1559,0,15,17,15,7,2,18,False,False,False,0.015313904732465744,other,2
6237,1559,0,25,24,25,2,7,34,False,False,True,0.009070423431694508,off_by_one,1
6238,1559,1,25,17,25,7,2,34,False,False,False,0.013042169623076916,other,8
6239,1559,1,15,17,15,2,7,18,False,False,False,0.011586636304855347,other,2
6240,1560,0,9,17,9,14,7,7,False,False,False,0.028075024485588074,other,8
6241,1560,0,26,4,26,7,14,15,False,False,False,0.007341939024627209,other,22
6242,1560,1,26,4,26,14,7,27,False,False,False,0.007604857906699181,other,22
6243,1560,1,9,17,9,7,14,7,False,False,False,0.02077578939497471,other,8
6244,1561,0,48,17,48,16,17,7,False,False,False,0.026893101632595062,other,31
6245,1561,0,7,7,7,17,16,27,True,True,False,0.055620670318603516,correct,0
6246,1561,1,7,7,7,16,17,27,True,True,False,0.012115038931369781,correct,0
6247,1561,1,48,17,48,17,16,15,False,False,False,0.032955143600702286,other,31
6248,1562,0,17,17,17,6,0,34,True,True,False,0.0353165827691555,correct,0
6249,1562,0,36,17,36,0,6,34,False,False,False,0.015375951305031776,other,19
6250,1562,1,36,17,36,6,0,18,False,False,False,0.011082107201218605,other,19
6251,1562,1,17,17,17,0,6,18,True,True,False,0.0417587049305439,correct,0
6252,1563,0,36,17,36,24,17,18,False,False,False,0.012378240004181862,other,19
6253,1563,0,9,17,9,17,24,18,False,False,False,0.03411275893449783,other,8
6254,1563,1,9,17,9,24,17,18,False,False,False,0.02466411702334881,other,8
6255,1563,1,36,28,36,17,24,20,False,False,False,0.016160519793629646,other,8
6256,1564,0,32,4,32,8,16,15,False,False,False,0.014471090398728848,other,28
6257,1564,0,43,17,43,16,8,7,False,False,False,0.03520560264587402,other,26
6258,1564,1,43,17,43,8,16,15,False,False,False,0.01980980858206749,other,26
6259,1564,1,32,4,32,16,8,27,False,False,False,0.01981234923005104,other,28
6260,1565,0,7,7,7,14,6,15,True,True,False,0.040355388075113297,correct,0
6261,1565,0,46,17,46,6,14,18,False,False,False,0.026808980852365494,other,29
6262,1565,1,46,0,46,14,6,34,False,False,False,0.02507684752345085,other,46
6263,1565,1,7,44,7,6,14,34,False,False,False,0.023892242461442947,other,37
6264,1566,0,31,17,31,0,7,7,False,False,False,0.019315117970108986,other,14
6265,1566,0,20,17,20,7,0,18,False,False,False,0.05100267380475998,other,3
6266,1566,1,20,17,20,0,7,34,False,False,False,0.046364765614271164,other,3
6267,1566,1,31,43,31,7,0,34,False,False,False,0.016718177124857903,other,12
6268,1567,0,20,17,20,3,1,5,False,False,False,0.02106323279440403,other,3
6269,1567,0,0,17,0,1,3,18,False,False,False,0.02173805981874466,other,17
6270,1567,1,0,17,0,3,1,18,False,False,False,0.028303293511271477,other,17
6271,1567,1,20,17,20,1,3,5,False,False,False,0.012190424837172031,other,3
6272,1568,0,17,17,17,26,0,18,True,True,False,0.045301347970962524,correct,0
6273,1568,0,3,17,3,0,26,15,False,False,False,0.03601545840501785,other,14
6274,1568,1,3,43,3,26,0,18,False,False,False,0.017631450667977333,other,40
6275,1568,1,17,32,17,0,26,18,False,False,False,0.034433718770742416,other,15
6276,1569,0,23,17,23,16,14,34,False,False,False,0.013627695851027966,other,6
6277,1569,0,45,17,45,14,16,27,False,False,False,0.00789058767259121,other,28
6278,1569,1,45,32,45,16,14,27,False,False,False,0.0069741480983793736,other,13
6279,1569,1,23,32,23,14,16,27,False,False,False,0.021501721814274788,other,9
6280,1570,0,24,27,24,7,38,18,False,False,False,0.008650727570056915,other,3
6281,1570,0,1,29,1,38,7,7,False,False,False,0.02738257683813572,other,28
6282,1570,1,1,17,1,7,38,15,False,False,False,0.03995009884238243,other,16
6283,1570,1,24,17,24,38,7,7,False,False,False,0.013895590789616108,other,7
6284,1571,0,39,17,39,16,20,7,False,False,False,0.024438634514808655,other,22
6285,1571,0,22,43,22,20,16,7,False,False,False,0.026083456352353096,other,21
6286,1571,1,22,0,22,16,20,27,False,False,False,0.018029166385531425,other,22
6287,1571,1,39,43,39,20,16,15,False,False,False,0.023195259273052216,other,4
6288,1572,0,7,34,7,7,16,32,False,False,False,0.023865165188908577,other,27
6289,1572,0,8,0,8,16,7,15,False,False,False,0.022618979215621948,other,8
6290,1572,1,8,8,8,7,16,18,True,True,False,0.01405356079339981,correct,0
6291,1572,1,7,7,7,16,7,32,True,True,False,0.01635792665183544,correct,0
6292,1573,0,47,24,47,18,37,15,False,False,False,0.0312191192060709,other,23
6293,1573,0,39,17,39,37,18,15,False,False,False,0.028765564784407616,other,22
6294,1573,1,39,17,39,18,37,18,False,False,False,0.005072243511676788,other,22
6295,1573,1,47,17,47,37,18,15,False,False,False,0.05403406172990799,other,30
6296,1574,0,1,17,1,11,12,34,False,False,False,0.013869638554751873,other,16
6297,1574,0,13,17,13,12,11,15,False,False,False,0.026171894744038582,other,4
6298,1574,1,13,0,13,11,12,15,False,False,False,0.03160030394792557,other,13
6299,1574,1,1,17,1,12,11,18,False,False,False,0.018732495605945587,other,16
6300,1575,0,45,32,45,8,7,18,False,False,False,0.02663147822022438,other,13
6301,1575,0,40,27,40,7,8,18,False,False,False,0.015983380377292633,other,13
6302,1575,1,40,27,40,8,7,24,False,False,False,0.019816575571894646,other,13
6303,1575,1,45,24,45,7,8,18,False,False,False,0.012069785967469215,other,21
6304,1576,0,46,43,46,17,14,7,False,False,False,0.017175110056996346,other,3
6305,1576,0,6,2,6,14,17,7,False,False,False,0.02762768417596817,other,4
6306,1576,1,6,17,6,17,14,7,False,False,False,0.023844636976718903,other,11
6307,1576,1,46,17,46,14,17,27,False,False,False,0.030625082552433014,other,29
6308,1577,0,2,17,2,36,16,7,False,False,False,0.04065645858645439,other,15
6309,1577,0,16,11,16,16,36,27,False,False,False,0.038661450147628784,other,5
6310,1577,1,16,24,16,36,16,18,False,False,False,0.05083668977022171,other,8
6311,1577,1,2,32,2,16,36,27,False,False,False,0.016697056591510773,other,30
6312,1578,0,22,17,22,38,39,18,False,False,False,0.03349551931023598,other,5
6313,1578,0,40,17,40,39,38,15,False,False,False,0.008874147199094296,other,23
6314,1578,1,40,17,40,38,39,18,False,False,False,0.03212878480553627,other,23
6315,1578,1,22,17,22,39,38,18,False,False,False,0.03604140132665634,other,5
6316,1579,0,20,17,20,26,14,34,False,False,False,0.04534795135259628,other,3
6317,1579,0,30,17,30,14,26,22,False,False,False,0.0603913739323616,other,13
6318,1579,1,30,43,30,26,14,34,False,False,False,0.047854866832494736,other,13
6319,1579,1,20,17,20,14,26,22,False,False,False,0.04415268823504448,other,3
6320,1580,0,24,0,24,19,6,34,False,False,False,0.017094144597649574,other,24
6321,1580,0,35,31,35,6,19,7,False,False,False,0.061290595680475235,other,4
6322,1580,1,35,44,35,19,6,34,False,False,False,0.05391991138458252,other,9
6323,1580,1,24,32,24,6,19,34,False,False,False,0.005362155381590128,other,8
6324,1581,0,28,17,28,6,17,34,False,False,False,0.01619638130068779,other,11
6325,1581,0,37,17,37,17,6,7,False,False,False,0.02118811570107937,other,20
6326,1581,1,37,17,37,6,17,18,False,False,False,0.011170503683388233,other,20
6327,1581,1,28,17,28,17,6,15,False,False,False,0.02121451124548912,other,11
6328,1582,0,6,17,6,14,1,15,False,False,False,0.035488247871398926,other,11
6329,1582,0,24,32,24,1,14,7,False,False,False,0.0072770919650793076,other,8
6330,1582,1,24,0,24,14,1,15,False,False,False,0.010734707117080688,other,24
6331,1582,1,6,32,6,1,14,32,False,False,False,0.025145836174488068,other,26
6332,1583,0,45,17,45,17,27,7,False,False,False,0.009825088083744049,other,28
6333,1583,0,38,17,38,27,17,34,False,False,False,0.013030797243118286,other,21
6334,1583,1,38,17,38,17,27,15,False,False,False,0.01400562934577465,other,21
6335,1583,1,45,17,45,27,17,32,False,False,False,0.01572500914335251,other,28
6336,1584,0,31,0,31,1,5,18,False,False,False,0.035843055695295334,other,31
6337,1584,0,34,44,34,5,1,34,False,False,False,0.019102776423096657,other,10
6338,1584,1,34,35,34,1,5,18,False,False,True,0.025422271341085434,off_by_one,1
6339,1584,1,31,43,31,5,1,18,False,False,False,0.02880743332207203,other,12
6340,1585,0,20,17,20,26,24,18,False,False,False,0.032139815390110016,other,3
6341,1585,0,43,0,43,24,26,18,False,False,False,0.053204622119665146,other,43
6342,1585,1,43,43,43,26,24,18,True,True,False,0.06060820817947388,correct,0
6343,1585,1,20,17,20,24,26,5,False,False,False,0.03949018940329552,other,3
6344,1586,0,7,7,7,18,16,34,True,True,False,0.02976151742041111,correct,0
6345,1586,0,21,43,21,16,18,34,False,False,False,0.05656338855624199,other,22
6346,1586,1,21,43,21,18,16,34,False,False,False,0.02279500849545002,other,22
6347,1586,1,7,44,7,16,18,34,False,False,False,0.01716461218893528,other,37
6348,1587,0,47,17,47,3,6,18,False,False,False,0.03924890607595444,other,30
6349,1587,0,13,0,13,6,3,5,False,False,False,0.04760384187102318,other,13
6350,1587,1,13,0,13,3,6,15,False,False,False,0.039890456944704056,other,13
6351,1587,1,47,5,47,6,3,18,False,False,False,0.054894931614398956,other,42
6352,1588,0,25,24,25,36,38,24,False,False,True,0.011761433444917202,off_by_one,1
6353,1588,0,11,17,11,38,36,7,False,False,False,0.04250473156571388,other,6
6354,1588,1,11,17,11,36,38,7,False,False,False,0.04740208387374878,other,6
6355,1588,1,25,4,25,38,36,15,False,False,False,0.012648997828364372,other,21
6356,1589,0,10,0,10,7,26,5,False,False,False,0.044837020337581635,other,10
6357,1589,0,43,17,43,26,7,18,False,False,False,0.028286408632993698,other,26
6358,1589,1,43,17,43,7,26,34,False,False,False,0.01439156848937273,other,26
6359,1589,1,10,17,10,26,7,18,False,False,False,0.03264087811112404,other,7
6360,1590,0,15,42,15,26,6,18,False,False,False,0.08667443692684174,other,27
6361,1590,0,25,24,25,6,26,18,False,False,True,0.021430401131510735,off_by_one,1
6362,1590,1,25,35,25,26,6,24,False,False,False,0.05403190478682518,other,10
6363,1590,1,15,24,15,6,26,34,False,False,False,0.09515955299139023,other,9
6364,1591,0,43,17,43,24,36,20,False,False,False,0.04446420818567276,other,26
6365,1591,0,31,17,31,36,24,18,False,False,False,0.05479755252599716,other,14
6366,1591,1,31,17,31,24,36,7,False,False,False,0.06862478703260422,other,14
6367,1591,1,43,17,43,36,24,18,False,False,False,0.05936458706855774,other,26
6368,1592,0,46,17,46,18,16,34,False,False,False,0.030168933793902397,other,29
6369,1592,0,48,17,48,16,18,34,False,False,False,0.029690774157643318,other,31
6370,1592,1,48,17,48,18,16,34,False,False,False,0.015108760446310043,other,31
6371,1592,1,46,17,46,16,18,34,False,False,False,0.022707033902406693,other,29
6372,1593,0,26,24,26,6,0,18,False,False,False,0.051513150334358215,other,2
6373,1593,0,41,24,41,0,6,18,False,False,False,0.06163182482123375,other,17
6374,1593,1,41,35,41,6,0,18,False,False,False,0.018409620970487595,other,6
6375,1593,1,26,43,26,0,6,18,False,False,False,0.04062969982624054,other,17
6376,1594,0,25,24,25,14,3,34,False,False,True,0.01011512242257595,off_by_one,1
6377,1594,0,37,17,37,3,14,34,False,False,False,0.0192562285810709,other,20
6378,1594,1,37,0,37,14,3,15,False,False,False,0.05189308151602745,other,37
6379,1594,1,25,24,25,3,14,34,False,False,True,0.00520544545724988,off_by_one,1
6380,1595,0,17,17,17,14,27,7,True,True,False,0.02181989513337612,correct,0
6381,1595,0,2,17,2,27,14,15,False,False,False,0.012062772177159786,other,15
6382,1595,1,2,17,2,14,27,27,False,False,False,0.011488142423331738,other,15
6383,1595,1,17,17,17,27,14,15,True,True,False,0.03314796835184097,correct,0
6384,1596,0,17,17,17,15,0,32,True,True,False,0.04552564024925232,correct,0
6385,1596,0,47,17,47,0,15,27,False,False,False,0.04514547809958458,other,30
6386,1596,1,47,32,47,15,0,32,False,False,False,0.03700123727321625,other,15
6387,1596,1,17,17,17,0,15,15,True,True,False,0.02641960233449936,correct,0
6388,1597,0,3,17,3,24,14,7,False,False,False,0.026989122852683067,other,14
6389,1597,0,10,17,10,14,24,15,False,False,False,0.03988642245531082,other,7
6390,1597,1,10,17,10,24,14,15,False,False,False,0.025949884206056595,other,7
6391,1597,1,3,17,3,14,24,34,False,False,False,0.025551162660121918,other,14
6392,1598,0,40,17,40,16,6,34,False,False,False,0.014743944630026817,other,23
6393,1598,0,46,17,46,6,16,34,False,False,False,0.011524139903485775,other,29
6394,1598,1,46,17,46,16,6,34,False,False,False,0.01897346042096615,other,29
6395,1598,1,40,43,40,6,16,34,False,False,False,0.01269729994237423,other,3
6396,1599,0,34,24,34,13,2,22,False,False,False,0.019821831956505775,other,10
6397,1599,0,35,24,35,2,13,34,False,False,False,0.013286363333463669,other,11
6398,1599,1,35,17,35,13,2,18,False,False,False,0.026921672746539116,other,18
6399,1599,1,34,4,34,2,13,34,False,False,False,0.027920272201299667,other,30
6400,1600,0,14,17,14,2,6,18,False,False,False,0.03646571934223175,other,3
6401,1600,0,46,17,46,6,2,34,False,False,False,0.032155342400074005,other,29
6402,1600,1,46,43,46,2,6,34,False,False,False,0.011955741792917252,other,3
6403,1600,1,14,43,14,6,2,6,False,False,False,0.04213334247469902,other,29
6404,1601,0,8,8,8,7,17,18,True,True,False,0.011699926108121872,correct,0
6405,1601,0,38,17,38,17,7,15,False,False,False,0.013951657339930534,other,21
6406,1601,1,38,17,38,7,17,18,False,False,False,0.013349701650440693,other,21
6407,1601,1,8,32,8,17,7,18,False,False,False,0.05070267990231514,other,24
6408,1602,0,19,43,19,20,16,15,False,False,False,0.03376493602991104,other,24
6409,1602,0,30,31,30,16,20,7,False,False,True,0.03709748759865761,off_by_one,1
6410,1602,1,30,17,30,20,16,15,False,False,False,0.0247250534594059,other,13
6411,1602,1,19,17,19,16,20,7,False,False,False,0.043216343969106674,other,2
6412,1603,0,34,27,34,16,27,7,False,False,False,0.02643854357302189,other,7
6413,1603,0,0,17,0,27,16,32,False,False,False,0.03474560007452965,other,17
6414,1603,1,0,17,0,16,27,7,False,False,False,0.010193840600550175,other,17
6415,1603,1,34,34,34,27,16,27,True,True,False,0.01770051009953022,correct,0
6416,1604,0,41,45,41,14,15,32,False,False,False,0.07899197190999985,other,4
6417,1604,0,5,15,5,15,14,32,False,False,False,0.018508778885006905,other,10
6418,1604,1,5,44,5,14,15,34,False,False,False,0.04033545404672623,other,39
6419,1604,1,41,4,41,15,14,15,False,False,False,0.06439554691314697,other,37
6420,1605,0,28,17,28,6,23,34,False,False,False,0.00696919672191143,other,11
6421,1605,0,4,0,4,23,6,15,False,False,False,0.0374513640999794,other,4
6422,1605,1,4,17,4,6,23,34,False,False,False,0.033494733273983,other,13
6423,1605,1,28,17,28,23,6,34,False,False,False,0.010221326723694801,other,11
6424,1606,0,44,24,44,24,6,18,False,False,False,0.017919350415468216,other,20
6425,1606,0,14,24,14,6,24,24,False,False,False,0.009853625670075417,other,10
6426,1606,1,14,17,14,24,6,18,False,False,False,0.015154237858951092,other,3
6427,1606,1,44,4,44,6,24,24,False,False,False,0.03438447043299675,other,40
6428,1607,0,25,24,25,16,0,34,False,False,True,0.03241011127829552,off_by_one,1
6429,1607,0,28,17,28,0,16,15,False,False,False,0.018301494419574738,other,11
6430,1607,1,28,17,28,16,0,27,False,False,False,0.013127756305038929,other,11
6431,1607,1,25,27,25,0,16,32,False,False,False,0.014042224735021591,other,2
6432,1608,0,11,17,11,24,16,18,False,False,False,0.01738295517861843,other,6
6433,1608,0,21,17,21,16,24,7,False,False,False,0.04387702792882919,other,4
6434,1608,1,21,43,21,24,16,18,False,False,False,0.04195927456021309,other,22
6435,1608,1,11,17,11,16,24,7,False,False,False,0.03695441782474518,other,6
6436,1609,0,22,43,22,27,6,7,False,False,False,0.044104672968387604,other,21
6437,1609,0,31,31,31,6,27,5,True,True,False,0.021746937185525894,correct,0
6438,1609,1,31,31,31,27,6,7,True,True,False,0.06728753447532654,correct,0
6439,1609,1,22,43,22,6,27,7,False,False,False,0.029635289683938026,other,21
6440,1610,0,44,32,44,1,5,18,False,False,False,0.04749103635549545,other,12
6441,1610,0,25,17,25,5,1,18,False,False,False,0.019326696172356606,other,8
6442,1610,1,25,35,25,1,5,18,False,False,False,0.013578574173152447,other,10
6443,1610,1,44,24,44,5,1,5,False,False,False,0.029234491288661957,other,20
6444,1611,0,3,31,3,27,16,7,False,False,False,0.05096033588051796,other,28
6445,1611,0,26,32,26,16,27,7,False,False,False,0.016198372468352318,other,6
6446,1611,1,26,24,26,27,16,7,False,False,False,0.02781541272997856,other,2
6447,1611,1,3,31,3,16,27,27,False,False,False,0.04846489429473877,other,28
6448,1612,0,43,17,43,5,7,18,False,False,False,0.013736180029809475,other,26
6449,1612,0,41,42,41,7,5,18,False,False,True,0.07545899599790573,off_by_one,1
6450,1612,1,41,32,41,5,7,5,False,False,False,0.07038075476884842,other,9
6451,1612,1,43,43,43,7,5,18,True,True,False,0.02253943681716919,correct,0
6452,1613,0,5,5,5,16,18,15,True,True,False,0.058178920298814774,correct,0
6453,1613,0,18,2,18,18,16,15,False,False,False,0.0538928285241127,other,16
6454,1613,1,18,17,18,16,18,15,False,False,True,0.04626433551311493,off_by_one,1
6455,1613,1,5,5,5,18,16,18,True,True,False,0.07124815881252289,correct,0
6456,1614,0,7,7,7,39,20,18,True,True,False,0.012200018391013145,correct,0
6457,1614,0,23,24,23,20,39,18,False,False,True,0.018757060170173645,off_by_one,1
6458,1614,1,23,24,23,39,20,18,False,False,True,0.022070646286010742,off_by_one,1
6459,1614,1,7,44,7,20,39,18,False,False,False,0.04913545772433281,other,37
6460,1615,0,47,17,47,14,34,32,False,False,False,0.03907913342118263,other,30
6461,1615,0,0,17,0,34,14,34,False,False,False,0.02171511948108673,other,17
6462,1615,1,0,17,0,14,34,34,False,False,False,0.031939517706632614,other,17
6463,1615,1,47,17,47,34,14,34,False,False,False,0.01928086206316948,other,30
6464,1616,0,27,17,27,15,17,15,False,False,False,0.022900164127349854,other,10
6465,1616,0,8,32,8,17,15,22,False,False,False,0.04215608909726143,other,24
6466,1616,1,8,8,8,15,17,37,True,True,False,0.020993979647755623,correct,0
6467,1616,1,27,17,27,17,15,16,False,False,False,0.02880893647670746,other,10
6468,1617,0,17,17,17,18,16,18,True,True,False,0.00788827147334814,correct,0
6469,1617,0,43,17,43,16,18,7,False,False,False,0.0407840721309185,other,26
6470,1617,1,43,17,43,18,16,18,False,False,False,0.056081295013427734,other,26
6471,1617,1,17,17,17,16,18,18,True,True,False,0.006050944793969393,correct,0
6472,1618,0,32,17,32,6,18,18,False,False,False,0.0263410285115242,other,15
6473,1618,0,28,27,28,18,6,18,False,False,True,0.007679209113121033,off_by_one,1
6474,1618,1,28,17,28,6,18,18,False,False,False,0.008162427693605423,other,11
6475,1618,1,32,17,32,18,6,18,False,False,False,0.0199419092386961,other,15
6476,1619,0,41,45,41,17,6,32,False,False,False,0.01965651847422123,other,4
6477,1619,0,33,17,33,6,17,22,False,False,False,0.008146646432578564,other,16
6478,1619,1,33,17,33,17,6,5,False,False,False,0.009660918265581131,other,16
6479,1619,1,41,24,41,6,17,34,False,False,False,0.033579569309949875,other,17
6480,1620,0,48,0,48,39,7,15,False,False,False,0.00981797557324171,other,48
6481,1620,0,6,17,6,7,39,18,False,False,False,0.032742224633693695,other,11
6482,1620,1,6,17,6,39,7,15,False,False,False,0.033580996096134186,other,11
6483,1620,1,48,44,48,7,39,18,False,False,False,0.007523078005760908,other,4
6484,1621,0,23,24,23,36,15,34,False,False,True,0.020059287548065186,off_by_one,1
6485,1621,0,17,17,17,15,36,34,True,True,False,0.01735323667526245,correct,0
6486,1621,1,17,0,17,36,15,18,False,False,False,0.012358064763247967,other,17
6487,1621,1,23,24,23,15,36,32,False,False,True,0.01194227859377861,off_by_one,1
6488,1622,0,24,0,24,0,6,15,False,False,False,0.07672129571437836,other,24
6489,1622,0,31,43,31,6,0,18,False,False,False,0.034130390733480453,other,12
6490,1622,1,31,0,31,0,6,7,False,False,False,0.045286573469638824,other,31
6491,1622,1,24,17,24,6,0,7,False,False,False,0.059456512331962585,other,7
6492,1623,0,25,32,25,24,7,34,False,False,False,0.02044798620045185,other,7
6493,1623,0,4,17,4,7,24,34,False,False,False,0.022448502480983734,other,13
6494,1623,1,4,17,4,24,7,34,False,False,False,0.01336750853806734,other,13
6495,1623,1,25,32,25,7,24,34,False,False,False,0.01576375588774681,other,7
6496,1624,0,0,17,0,24,26,5,False,False,False,0.0529928095638752,other,17
6497,1624,0,18,17,18,26,24,18,False,False,True,0.047617629170417786,off_by_one,1
6498,1624,1,18,17,18,24,26,18,False,False,True,0.05257837474346161,off_by_one,1
6499,1624,1,0,17,0,26,24,18,False,False,False,0.039182789623737335,other,17
6500,1625,0,5,15,5,18,16,34,False,False,False,0.024698348715901375,other,10
6501,1625,0,34,24,34,16,18,34,False,False,False,0.01436842791736126,other,10
6502,1625,1,34,24,34,18,16,34,False,False,False,0.011128959245979786,other,10
6503,1625,1,5,15,5,16,18,34,False,False,False,0.015857918187975883,other,10
6504,1626,0,47,24,47,18,15,15,False,False,False,0.026916490867733955,other,23
6505,1626,0,33,17,33,15,18,15,False,False,False,0.044012028723955154,other,16
6506,1626,1,33,17,33,18,15,18,False,False,False,0.031776539981365204,other,16
6507,1626,1,47,17,47,15,18,7,False,False,False,0.07048352807760239,other,30
6508,1627,0,13,17,13,22,0,15,False,False,False,0.023599423468112946,other,4
6509,1627,0,10,17,10,0,22,19,False,False,False,0.01471267081797123,other,7
6510,1627,1,10,27,10,22,0,34,False,False,False,0.013667401857674122,other,17
6511,1627,1,13,0,13,0,22,34,False,False,False,0.032919224351644516,other,13
6512,1628,0,25,4,25,24,18,24,False,False,False,0.022533440962433815,other,21
6513,1628,0,48,17,48,18,24,18,False,False,False,0.04469617083668709,other,31
6514,1628,1,48,32,48,24,18,18,False,False,False,0.04479429870843887,other,16
6515,1628,1,25,24,25,18,24,18,False,False,True,0.021873731166124344,off_by_one,1
6516,1629,0,37,17,37,17,3,15,False,False,False,0.011529488489031792,other,20
6517,1629,0,22,2,22,3,17,18,False,False,False,0.048509396612644196,other,20
6518,1629,1,22,43,22,17,3,18,False,False,False,0.08236534148454666,other,21
6519,1629,1,37,43,37,3,17,24,False,False,False,0.00892782025039196,other,6
6520,1630,0,7,7,7,25,6,32,True,True,False,0.020723305642604828,correct,0
6521,1630,0,37,43,37,6,25,34,False,False,False,0.010703511536121368,other,6
6522,1630,1,37,43,37,25,6,34,False,False,False,0.02640571817755699,other,6
6523,1630,1,7,7,7,6,25,34,True,True,False,0.028350340202450752,correct,0
6524,1631,0,4,28,4,0,6,15,False,False,False,0.0322575606405735,other,24
6525,1631,0,30,32,30,6,0,7,False,False,False,0.02649017423391342,other,2
6526,1631,1,30,0,30,0,6,15,False,False,False,0.035960081964731216,other,30
6527,1631,1,4,17,4,6,0,18,False,False,False,0.00616095308214426,other,13
6528,1632,0,6,1,6,6,16,34,False,False,False,0.056768354028463364,other,5
6529,1632,0,38,17,38,16,6,7,False,False,False,0.028172379359602928,other,21
6530,1632,1,38,17,38,6,16,18,False,False,False,0.01943599432706833,other,21
6531,1632,1,6,8,6,16,6,34,False,False,False,0.20033405721187592,other,2
6532,1633,0,32,32,32,15,36,7,True,True,False,0.020377803593873978,correct,0
6533,1633,0,40,17,40,36,15,18,False,False,False,0.009485402144491673,other,23
6534,1633,1,40,24,40,15,36,15,False,False,False,0.01150636374950409,other,16
6535,1633,1,32,17,32,36,15,15,False,False,False,0.0511004664003849,other,15
6536,1634,0,31,0,31,14,8,7,False,False,False,0.04704003781080246,other,31
6537,1634,0,29,17,29,8,14,18,False,False,False,0.08200004696846008,other,12
6538,1634,1,29,17,29,14,8,20,False,False,False,0.06142415851354599,other,12
6539,1634,1,31,0,31,8,14,18,False,False,False,0.037709563970565796,other,31
6540,1635,0,44,44,44,17,9,34,True,True,False,0.006709920708090067,correct,0
6541,1635,0,18,17,18,9,17,18,False,False,True,0.023254403844475746,off_by_one,1
6542,1635,1,18,0,18,17,9,7,False,False,False,0.03476367145776749,other,18
6543,1635,1,44,32,44,9,17,34,False,False,False,0.005557032767683268,other,12
6544,1636,0,35,27,35,34,6,34,False,False,False,0.033047035336494446,other,8
6545,1636,0,19,17,19,6,34,22,False,False,False,0.04492044448852539,other,2
6546,1636,1,19,43,19,34,6,34,False,False,False,0.04961061105132103,other,24
6547,1636,1,35,32,35,6,34,5,False,False,False,0.03728842735290527,other,3
6548,1637,0,8,8,8,15,24,18,True,True,False,0.03083867020905018,correct,0
6549,1637,0,29,17,29,24,15,22,False,False,False,0.03206384927034378,other,12
6550,1637,1,29,17,29,15,24,34,False,False,False,0.05283598601818085,other,12
6551,1637,1,8,44,8,24,15,6,False,False,False,0.02924186736345291,other,36
6552,1638,0,19,43,19,6,14,18,False,False,False,0.031377460807561874,other,24
6553,1638,0,2,0,2,14,6,15,False,False,False,0.020392518490552902,other,2
6554,1638,1,2,17,2,6,14,18,False,False,False,0.030608443543314934,other,15
6555,1638,1,19,17,19,14,6,5,False,False,False,0.05729062855243683,other,2
6556,1639,0,39,17,39,18,17,34,False,False,False,0.009835243225097656,other,22
6557,1639,0,32,0,32,17,18,34,False,False,False,0.020238028839230537,other,32
6558,1639,1,32,17,32,18,17,34,False,False,False,0.012869685888290405,other,15
6559,1639,1,39,17,39,17,18,34,False,False,False,0.007914278656244278,other,22
6560,1640,0,41,43,41,15,18,32,False,False,False,0.017830025404691696,other,2
6561,1640,0,29,17,29,18,15,34,False,False,False,0.05362902209162712,other,12
6562,1640,1,29,17,29,15,18,18,False,False,False,0.034316886216402054,other,12
6563,1640,1,41,4,41,18,15,34,False,False,False,0.052784696221351624,other,37
6564,1641,0,27,17,27,6,36,18,False,False,False,0.01106256153434515,other,10
6565,1641,0,42,42,42,36,6,18,True,True,False,0.13755707442760468,correct,0
6566,1641,1,42,42,42,6,36,18,True,True,False,0.0484192781150341,correct,0
6567,1641,1,27,17,27,36,6,18,False,False,False,0.05510922893881798,other,10
6568,1642,0,28,32,28,39,18,18,False,False,False,0.03873369097709656,other,4
6569,1642,0,48,17,48,18,39,18,False,False,False,0.010803651064634323,other,31
6570,1642,1,48,32,48,39,18,18,False,False,False,0.011606922373175621,other,16
6571,1642,1,28,17,28,18,39,18,False,False,False,0.03751447796821594,other,11
6572,1643,0,29,32,29,2,19,18,False,False,False,0.07800982147455215,other,3
6573,1643,0,42,42,42,19,2,34,True,True,False,0.1388043612241745,correct,0
6574,1643,1,42,42,42,2,19,34,True,True,False,0.03501385822892189,correct,0
6575,1643,1,29,17,29,19,2,34,False,False,False,0.07583309710025787,other,12
6576,1644,0,20,43,20,20,24,18,False,False,False,0.018021592870354652,other,23
6577,1644,0,21,43,21,24,20,18,False,False,False,0.020120423287153244,other,22
6578,1644,1,21,43,21,20,24,18,False,False,False,0.010690818540751934,other,22
6579,1644,1,20,32,20,24,20,18,False,False,False,0.01859220303595066,other,12
6580,1645,0,20,43,20,3,17,22,False,False,False,0.04723398759961128,other,23
6581,1645,0,6,17,6,17,3,34,False,False,False,0.01447574608027935,other,11
6582,1645,1,6,43,6,3,17,34,False,False,False,0.02273433841764927,other,37
6583,1645,1,20,0,20,17,3,34,False,False,False,0.03012290969491005,other,20
6584,1646,0,22,43,22,16,14,34,False,False,False,0.03335363417863846,other,21
6585,1646,0,19,17,19,14,16,7,False,False,False,0.026403658092021942,other,2
6586,1646,1,19,43,19,16,14,34,False,False,False,0.027891555801033974,other,24
6587,1646,1,22,17,22,14,16,34,False,False,False,0.034729283303022385,other,5
6588,1647,0,8,8,8,7,19,22,True,True,False,0.02373853325843811,correct,0
6589,1647,0,22,43,22,19,7,15,False,False,False,0.056229013949632645,other,21
6590,1647,1,22,43,22,7,19,34,False,False,False,0.0427718423306942,other,21
6591,1647,1,8,8,8,19,7,5,True,True,False,0.03007395751774311,correct,0
6592,1648,0,29,32,29,19,7,18,False,False,False,0.04080352559685707,other,3
6593,1648,0,22,43,22,7,19,34,False,False,False,0.04236459732055664,other,21
6594,1648,1,22,43,22,19,7,34,False,False,False,0.050188034772872925,other,21
6595,1648,1,29,17,29,7,19,34,False,False,False,0.05516854673624039,other,12
6596,1649,0,31,17,31,17,18,5,False,False,False,0.020595375448465347,other,14
6597,1649,0,39,17,39,18,17,18,False,False,False,0.008794436231255531,other,22
6598,1649,1,39,0,39,17,18,18,False,False,False,0.011416026391088963,other,39
6599,1649,1,31,17,31,18,17,22,False,False,False,0.016009241342544556,other,14
6600,1650,0,21,43,21,15,7,32,False,False,False,0.019153883680701256,other,22
6601,1650,0,39,17,39,7,15,34,False,False,False,0.015111460350453854,other,22
6602,1650,1,39,43,39,15,7,15,False,False,False,0.01741589792072773,other,4
6603,1650,1,21,43,21,7,15,34,False,False,False,0.015557068400084972,other,22
6604,1651,0,0,17,0,6,22,18,False,False,False,0.026118842884898186,other,17
6605,1651,0,8,8,8,22,6,22,True,True,False,0.07215724885463715,correct,0
6606,1651,1,8,8,8,6,22,8,True,True,False,0.04420854523777962,correct,0
6607,1651,1,0,17,0,22,6,18,False,False,False,0.012077732011675835,other,17
6608,1652,0,35,32,35,24,37,15,False,False,False,0.012966823764145374,other,3
6609,1652,0,46,0,46,37,24,18,False,False,False,0.07538625597953796,other,46
6610,1652,1,46,17,46,24,37,5,False,False,False,0.05214163661003113,other,29
6611,1652,1,35,24,35,37,24,7,False,False,False,0.01728188991546631,other,11
6612,1653,0,18,17,18,6,8,18,False,False,True,0.0168470311909914,off_by_one,1
6613,1653,0,0,17,0,8,6,18,False,False,False,0.013349822722375393,other,17
6614,1653,1,0,17,0,6,8,18,False,False,False,0.03330318257212639,other,17
6615,1653,1,18,17,18,8,6,18,False,False,True,0.030131079256534576,off_by_one,1
6616,1654,0,32,17,32,26,16,34,False,False,False,0.028073035180568695,other,15
6617,1654,0,20,17,20,16,26,5,False,False,False,0.033620599657297134,other,3
6618,1654,1,20,17,20,26,16,18,False,False,False,0.030899353325366974,other,3
6619,1654,1,32,0,32,16,26,15,False,False,False,0.045500874519348145,other,32
6620,1655,0,41,24,41,26,24,18,False,False,False,0.06605660915374756,other,17
6621,1655,0,15,5,15,24,26,18,False,False,False,0.02948191948235035,other,10
6622,1655,1,15,42,15,26,24,18,False,False,False,0.047179993242025375,other,27
6623,1655,1,41,15,41,24,26,24,False,False,False,0.1064707413315773,other,26
6624,1656,0,11,17,11,21,15,34,False,False,False,0.018021469935774803,other,6
6625,1656,0,17,17,17,15,21,34,True,True,False,0.02874201536178589,correct,0
6626,1656,1,17,17,17,21,15,22,True,True,False,0.03223346546292305,correct,0
6627,1656,1,11,17,11,15,21,15,False,False,False,0.02147221565246582,other,6
6628,1657,0,21,43,21,27,6,15,False,False,False,0.03326796740293503,other,22
6629,1657,0,25,24,25,6,27,34,False,False,True,0.03135053813457489,off_by_one,1
6630,1657,1,25,35,25,27,6,15,False,False,False,0.02452818490564823,other,10
6631,1657,1,21,43,21,6,27,7,False,False,False,0.01679256744682789,other,22
6632,1658,0,48,17,48,16,23,7,False,False,False,0.004443161655217409,other,31
6633,1658,0,22,17,22,23,16,22,False,False,False,0.05764066055417061,other,5
6634,1658,1,22,43,22,16,23,27,False,False,False,0.03402404487133026,other,21
6635,1658,1,48,17,48,23,16,27,False,False,False,0.007178222294896841,other,31
6636,1659,0,13,17,13,15,0,32,False,False,False,0.03712959960103035,other,4
6637,1659,0,32,17,32,0,15,15,False,False,False,0.029017480090260506,other,15
6638,1659,1,32,32,32,15,0,7,True,True,False,0.016554953530430794,correct,0
6639,1659,1,13,17,13,0,15,22,False,False,False,0.04070887342095375,other,4
6640,1660,0,3,17,3,38,24,18,False,False,False,0.033343587070703506,other,14
6641,1660,0,10,17,10,24,38,7,False,False,False,0.03623068332672119,other,7
6642,1660,1,10,17,10,38,24,7,False,False,False,0.04469417408108711,other,7
6643,1660,1,3,17,3,24,38,18,False,False,False,0.03196633607149124,other,14
6644,1661,0,26,24,26,9,12,34,False,False,False,0.029030652716755867,other,2
6645,1661,0,5,34,5,12,9,34,False,False,False,0.035835422575473785,other,29
6646,1661,1,5,34,5,9,12,34,False,False,False,0.03547333553433418,other,29
6647,1661,1,26,24,26,12,9,34,False,False,False,0.013638521544635296,other,2
6648,1662,0,37,43,37,0,35,15,False,False,False,0.008083367720246315,other,6
6649,1662,0,25,32,25,35,0,32,False,False,False,0.01957411877810955,other,7
6650,1662,1,25,4,25,0,35,15,False,False,False,0.014532467350363731,other,21
6651,1662,1,37,17,37,35,0,15,False,False,False,0.03439628705382347,other,20
6652,1663,0,25,4,25,36,16,24,False,False,False,0.021026482805609703,other,21
6653,1663,0,6,17,6,16,36,18,False,False,False,0.04820621386170387,other,11
6654,1663,1,6,0,6,36,16,18,False,False,False,0.05782628431916237,other,6
6655,1663,1,25,24,25,16,36,18,False,False,True,0.02583199553191662,off_by_one,1
6656,1664,0,32,17,32,12,16,34,False,False,False,0.014859089627861977,other,15
6657,1664,0,3,17,3,16,12,34,False,False,False,0.026069577783346176,other,14
6658,1664,1,3,43,3,12,16,18,False,False,False,0.0211996641010046,other,40
6659,1664,1,32,17,32,16,12,34,False,False,False,0.008885699324309826,other,15
6660,1665,0,32,17,32,35,6,22,False,False,False,0.034062787890434265,other,15
6661,1665,0,17,17,17,6,35,5,True,True,False,0.02414439246058464,correct,0
6662,1665,1,17,17,17,35,6,34,True,True,False,0.035480305552482605,correct,0
6663,1665,1,32,17,32,6,35,18,False,False,False,0.03767261281609535,other,15
6664,1666,0,35,44,35,7,15,34,False,False,False,0.008684031665325165,other,9
6665,1666,0,41,45,41,15,7,34,False,False,False,0.06568868458271027,other,4
6666,1666,1,41,4,41,7,15,34,False,False,False,0.03685607761144638,other,37
6667,1666,1,35,28,35,15,7,34,False,False,False,0.007432103157043457,other,7
6668,1667,0,6,32,6,32,30,34,False,False,False,0.05468227341771126,other,26
6669,1667,0,39,43,39,30,32,34,False,False,False,0.022413616999983788,other,4
6670,1667,1,39,17,39,32,30,34,False,False,False,0.021326005458831787,other,22
6671,1667,1,6,17,6,30,32,34,False,False,False,0.06995294988155365,other,11
6672,1668,0,40,17,40,26,17,24,False,False,False,0.018940839916467667,other,23
6673,1668,0,5,5,5,17,26,7,True,True,False,0.05787292495369911,correct,0
6674,1668,1,5,44,5,26,17,18,False,False,False,0.038667380809783936,other,39
6675,1668,1,40,0,40,17,26,18,False,False,False,0.027291368693113327,other,40
6676,1669,0,9,17,9,6,7,34,False,False,False,0.02788230963051319,other,8
6677,1669,0,10,17,10,7,6,34,False,False,False,0.05644756183028221,other,7
6678,1669,1,10,17,10,6,7,19,False,False,False,0.027409372851252556,other,7
6679,1669,1,9,32,9,7,6,7,False,False,False,0.0248352512717247,other,23
6680,1670,0,12,17,12,2,7,15,False,False,False,0.020086165517568588,other,5
6681,1670,0,38,17,38,7,2,15,False,False,False,0.016903121024370193,other,21
6682,1670,1,38,17,38,2,7,34,False,False,False,0.018130628392100334,other,21
6683,1670,1,12,17,12,7,2,34,False,False,False,0.03467290848493576,other,5
6684,1671,0,4,17,4,3,5,18,False,False,False,0.013831082731485367,other,13
6685,1671,0,48,43,48,5,3,18,False,False,False,0.008821037597954273,other,5
6686,1671,1,48,17,48,3,5,18,False,False,False,0.01469943393021822,other,31
6687,1671,1,4,24,4,5,3,5,False,False,False,0.013973119668662548,other,20
6688,1672,0,16,44,16,16,15,15,False,False,False,0.09441570937633514,other,28
6689,1672,0,27,17,27,15,16,15,False,False,False,0.008747309446334839,other,10
6690,1672,1,27,17,27,16,15,15,False,False,False,0.01004626601934433,other,10
6691,1672,1,16,31,16,15,16,15,False,False,False,0.12070506811141968,other,15
6692,1673,0,22,43,22,12,3,18,False,False,False,0.060804583132267,other,21
6693,1673,0,12,17,12,3,12,22,False,False,False,0.04138840734958649,other,5
6694,1673,1,12,11,12,12,3,18,False,False,True,0.02784796431660652,off_by_one,1
6695,1673,1,22,2,22,3,12,5,False,False,False,0.03954887390136719,other,20
6696,1674,0,23,4,23,16,15,7,False,False,False,0.005437315441668034,other,19
6697,1674,0,31,17,31,15,16,34,False,False,False,0.04125657677650452,other,14
6698,1674,1,31,43,31,16,15,15,False,False,False,0.033228352665901184,other,12
6699,1674,1,23,32,23,15,16,7,False,False,False,0.010956968180835247,other,9
6700,1675,0,14,17,14,31,34,32,False,False,False,0.022935861721634865,other,3
6701,1675,0,8,45,8,34,31,18,False,False,False,0.03206604719161987,other,37
6702,1675,1,8,1,8,31,34,6,False,False,False,0.039603568613529205,other,7
6703,1675,1,14,17,14,34,31,34,False,False,False,0.0077128903940320015,other,3
6704,1676,0,32,32,32,16,19,27,True,True,False,0.02352362871170044,correct,0
6705,1676,0,40,17,40,19,16,18,False,False,False,0.027964254841208458,other,23
6706,1676,1,40,32,40,16,19,7,False,False,False,0.032022323459386826,other,8
6707,1676,1,32,24,32,19,16,15,False,False,False,0.016614269465208054,other,8
6708,1677,0,47,32,47,26,0,34,False,False,False,0.028445590287446976,other,15
6709,1677,0,11,17,11,0,26,18,False,False,False,0.0321158803999424,other,6
6710,1677,1,11,17,11,26,0,34,False,False,False,0.07011380791664124,other,6
6711,1677,1,47,27,47,0,26,34,False,False,False,0.025451354682445526,other,20
6712,1678,0,3,17,3,7,26,5,False,False,False,0.0472208634018898,other,14
6713,1678,0,26,24,26,26,7,24,False,False,False,0.023287372663617134,other,2
6714,1678,1,26,24,26,7,26,18,False,False,False,0.03173042833805084,other,2
6715,1678,1,3,17,3,26,7,18,False,False,False,0.02596866898238659,other,14
6716,1679,0,2,17,2,7,18,32,False,False,False,0.02987346053123474,other,15
6717,1679,0,33,17,33,18,7,34,False,False,False,0.017092227935791016,other,16
6718,1679,1,33,17,33,7,18,7,False,False,False,0.016504550352692604,other,16
6719,1679,1,2,43,2,18,7,7,False,False,False,0.05496358871459961,other,41
6720,1680,0,3,17,3,18,0,34,False,False,False,0.01052806992083788,other,14
6721,1680,0,27,17,27,0,18,34,False,False,False,0.02976471185684204,other,10
6722,1680,1,27,17,27,18,0,32,False,False,False,0.026669105514883995,other,10
6723,1680,1,3,17,3,0,18,15,False,False,False,0.010215329937636852,other,14
6724,1681,0,39,43,39,19,2,34,False,False,False,0.018152253702282906,other,4
6725,1681,0,0,17,0,2,19,6,False,False,False,0.057992883026599884,other,17
6726,1681,1,0,43,0,19,2,22,False,False,False,0.052689388394355774,other,43
6727,1681,1,39,43,39,2,19,34,False,False,False,0.018510378897190094,other,4
6728,1682,0,3,43,3,6,15,34,False,False,False,0.018919603899121284,other,40
6729,1682,0,4,17,4,15,6,34,False,False,False,0.01473238505423069,other,13
6730,1682,1,4,17,4,6,15,34,False,False,False,0.017552075907588005,other,13
6731,1682,1,3,43,3,15,6,34,False,False,False,0.01701226271688938,other,40
6732,1683,0,13,32,13,7,6,18,False,False,False,0.04323827475309372,other,19
6733,1683,0,24,32,24,6,7,34,False,False,False,0.007424782030284405,other,8
6734,1683,1,24,32,24,7,6,34,False,False,False,0.0058858054690063,other,8
6735,1683,1,13,32,13,6,7,22,False,False,False,0.04178955778479576,other,19
6736,1684,0,18,0,18,16,6,7,False,False,False,0.010960552841424942,other,18
6737,1684,0,20,17,20,6,16,5,False,False,False,0.060294076800346375,other,3
6738,1684,1,20,17,20,16,6,7,False,False,False,0.05778058245778084,other,3
6739,1684,1,18,17,18,6,16,18,False,False,True,0.017055215314030647,off_by_one,1
6740,1685,0,24,32,24,33,0,32,False,False,False,0.013851472176611423,other,8
6741,1685,0,29,31,29,0,33,15,False,False,False,0.02473636157810688,other,2
6742,1685,1,29,17,29,33,0,18,False,False,False,0.009805047884583473,other,12
6743,1685,1,24,17,24,0,33,15,False,False,False,0.019199920818209648,other,7
6744,1686,0,9,0,9,7,14,15,False,False,False,0.023080287501215935,other,9
6745,1686,0,19,17,19,14,7,18,False,False,False,0.022566962987184525,other,2
6746,1686,1,19,17,19,7,14,7,False,False,False,0.03325080871582031,other,2
6747,1686,1,9,32,9,14,7,15,False,False,False,0.023940635845065117,other,23
6748,1687,0,7,7,7,15,7,32,True,True,False,0.031267810612916946,correct,0
6749,1687,0,40,17,40,7,15,34,False,False,False,0.023445332422852516,other,23
6750,1687,1,40,17,40,15,7,34,False,False,False,0.011183731257915497,other,23
6751,1687,1,7,44,7,7,15,34,False,False,False,0.026404336094856262,other,37
6752,1688,0,17,0,17,28,6,32,False,False,False,0.04247703403234482,other,17
6753,1688,0,30,32,30,6,28,34,False,False,False,0.04976847395300865,other,2
6754,1688,1,30,43,30,28,6,15,False,False,False,0.08474954217672348,other,13
6755,1688,1,17,17,17,6,28,5,True,True,False,0.021560808643698692,correct,0
6756,1689,0,25,32,25,7,0,7,False,False,False,0.01839047111570835,other,7
6757,1689,0,14,17,14,0,7,16,False,False,False,0.0242408886551857,other,3
6758,1689,1,14,32,14,7,0,7,False,False,False,0.022948971018195152,other,18
6759,1689,1,25,27,25,0,7,16,False,False,False,0.03271191939711571,other,2
6760,1690,0,4,17,4,7,18,7,False,False,False,0.047920551151037216,other,13
6761,1690,0,26,24,26,18,7,18,False,False,False,0.008038398809731007,other,2
6762,1690,1,26,35,26,7,18,18,False,False,False,0.009530234150588512,other,9
6763,1690,1,4,24,4,18,7,18,False,False,False,0.02326536551117897,other,20
6764,1691,0,46,17,46,26,6,18,False,False,False,0.02813095413148403,other,29
6765,1691,0,15,32,15,6,26,32,False,False,False,0.08081278204917908,other,17
6766,1691,1,15,15,15,26,6,18,True,True,False,0.0774485394358635,correct,0
6767,1691,1,46,17,46,6,26,7,False,False,False,0.03270770609378815,other,29
6768,1692,0,32,17,32,11,7,34,False,False,False,0.008562401868402958,other,15
6769,1692,0,6,43,6,7,11,15,False,False,False,0.018549097701907158,other,37
6770,1692,1,6,17,6,11,7,15,False,False,False,0.016612859442830086,other,11
6771,1692,1,32,17,32,7,11,7,False,False,False,0.016845015808939934,other,15
6772,1693,0,25,32,25,27,16,32,False,False,False,0.010165748186409473,other,7
6773,1693,0,39,43,39,16,27,34,False,False,False,0.013610612601041794,other,4
6774,1693,1,39,17,39,27,16,32,False,False,False,0.01510157436132431,other,22
6775,1693,1,25,24,25,16,27,32,False,False,True,0.03905854374170303,off_by_one,1
6776,1694,0,20,17,20,16,20,34,False,False,False,0.014539442025125027,other,3
6777,1694,0,0,17,0,20,16,34,False,False,False,0.029539363458752632,other,17
6778,1694,1,0,17,0,16,20,32,False,False,False,0.04115671291947365,other,17
6779,1694,1,20,43,20,20,16,34,False,False,False,0.017523808404803276,other,23
6780,1695,0,11,17,11,36,14,15,False,False,False,0.011691211722791195,other,6
6781,1695,0,14,44,14,14,36,15,False,False,False,0.013779902830719948,other,30
6782,1695,1,14,17,14,36,14,15,False,False,False,0.01058105006814003,other,3
6783,1695,1,11,17,11,14,36,15,False,False,False,0.026973076164722443,other,6
6784,1696,0,33,17,33,12,9,18,False,False,False,0.03888028487563133,other,16
6785,1696,0,38,17,38,9,12,19,False,False,False,0.019902905449271202,other,21
6786,1696,1,38,17,38,12,9,18,False,False,False,0.022343629971146584,other,21
6787,1696,1,33,17,33,9,12,18,False,False,False,0.04381473734974861,other,16
6788,1697,0,33,17,33,24,20,18,False,False,False,0.013955743983387947,other,16
6789,1697,0,6,32,6,20,24,34,False,False,False,0.040812548249959946,other,26
6790,1697,1,6,2,6,24,20,18,False,False,False,0.05750555545091629,other,4
6791,1697,1,33,17,33,20,24,7,False,False,False,0.017971836030483246,other,16
6792,1698,0,33,29,33,16,15,7,False,False,False,0.03724294900894165,other,4
6793,1698,0,5,5,5,15,16,15,True,True,False,0.02659362182021141,correct,0
6794,1698,1,5,34,5,16,15,27,False,False,False,0.019263703376054764,other,29
6795,1698,1,33,17,33,15,16,15,False,False,False,0.028871892020106316,other,16
6796,1699,0,32,43,32,24,14,22,False,False,False,0.04900621995329857,other,11
6797,1699,0,8,8,8,14,24,22,True,True,False,0.0668477788567543,correct,0
6798,1699,1,8,8,8,24,14,18,True,True,False,0.04232662171125412,correct,0
6799,1699,1,32,43,32,14,24,15,False,False,False,0.048378653824329376,other,11
6800,1700,0,33,17,33,2,10,7,False,False,False,0.04224531352519989,other,16
6801,1700,0,13,17,13,10,2,34,False,False,False,0.04410473629832268,other,4
6802,1700,1,13,17,13,2,10,7,False,False,False,0.04142678901553154,other,4
6803,1700,1,33,17,33,10,2,22,False,False,False,0.03373577445745468,other,16
6804,1701,0,9,17,9,15,14,15,False,False,False,0.0073158773593604565,other,8
6805,1701,0,16,32,16,14,15,7,False,False,False,0.019806500524282455,other,16
6806,1701,1,16,11,16,15,14,7,False,False,False,0.009800439700484276,other,5
6807,1701,1,9,17,9,14,15,15,False,False,False,0.008010396733880043,other,8
6808,1702,0,26,4,26,9,7,15,False,False,False,0.007652150932699442,other,22
6809,1702,0,41,15,41,7,9,34,False,False,False,0.05036468058824539,other,26
6810,1702,1,41,41,41,9,7,18,True,True,False,0.044288624078035355,correct,0
6811,1702,1,26,24,26,7,9,15,False,False,False,0.00770361116155982,other,2
6812,1703,0,40,0,40,15,20,15,False,False,False,0.0132362125441432,other,40
6813,1703,0,0,17,0,20,15,15,False,False,False,0.027928698807954788,other,17
6814,1703,1,0,17,0,15,20,18,False,False,False,0.036978062242269516,other,17
6815,1703,1,40,17,40,20,15,34,False,False,False,0.01601407304406166,other,23
6816,1704,0,40,43,40,6,16,15,False,False,False,0.03358566761016846,other,3
6817,1704,0,3,17,3,16,6,7,False,False,False,0.019283350557088852,other,14
6818,1704,1,3,43,3,6,16,18,False,False,False,0.017362864688038826,other,40
6819,1704,1,40,17,40,16,6,7,False,False,False,0.03995775058865547,other,23
6820,1705,0,11,17,11,20,17,15,False,False,False,0.006342451553791761,other,6
6821,1705,0,20,17,20,17,20,7,False,False,False,0.00634990306571126,other,3
6822,1705,1,20,43,20,20,17,15,False,False,False,0.01039161067456007,other,23
6823,1705,1,11,17,11,17,20,15,False,False,False,0.017758039757609367,other,6
6824,1706,0,33,17,33,2,7,18,False,False,False,0.02721812017261982,other,16
6825,1706,0,2,17,2,7,2,18,False,False,False,0.03744357079267502,other,15
6826,1706,1,2,17,2,2,7,18,False,False,False,0.03480467572808266,other,15
6827,1706,1,33,0,33,7,2,15,False,False,False,0.024899644777178764,other,33
6828,1707,0,36,17,36,24,15,15,False,False,False,0.021920491009950638,other,19
6829,1707,0,42,42,42,15,24,18,True,True,False,0.0465877391397953,correct,0
6830,1707,1,42,7,42,24,15,18,False,False,False,0.01907789520919323,other,35
6831,1707,1,36,17,36,15,24,18,False,False,False,0.028272720053792,other,19
6832,1708,0,28,27,28,18,20,18,False,False,True,0.003762343665584922,off_by_one,1
6833,1708,0,30,17,30,20,18,7,False,False,False,0.05053979903459549,other,13
6834,1708,1,30,17,30,18,20,18,False,False,False,0.01900407299399376,other,13
6835,1708,1,28,17,28,20,18,18,False,False,False,0.012685442343354225,other,11
6836,1709,0,39,43,39,18,6,18,False,False,False,0.02167089655995369,other,4
6837,1709,0,22,31,22,6,18,6,False,False,False,0.10388953238725662,other,9
6838,1709,1,22,0,22,18,6,18,False,False,False,0.09792359918355942,other,22
6839,1709,1,39,43,39,6,18,18,False,False,False,0.010057568550109863,other,4
6840,1710,0,48,43,48,6,0,34,False,False,False,0.008344311267137527,other,5
6841,1710,0,9,17,9,0,6,34,False,False,False,0.059436455368995667,other,8
6842,1710,1,9,17,9,6,0,18,False,False,False,0.03765611723065376,other,8
6843,1710,1,48,17,48,0,6,32,False,False,False,0.026635056361556053,other,31
6844,1711,0,27,28,27,18,14,34,False,False,True,0.019626734778285027,off_by_one,1
6845,1711,0,21,43,21,14,18,15,False,False,False,0.023150665685534477,other,22
6846,1711,1,21,43,21,18,14,34,False,False,False,0.014268236234784126,other,22
6847,1711,1,27,17,27,14,18,32,False,False,False,0.01135844923555851,other,10
6848,1712,0,41,15,41,27,26,15,False,False,False,0.0401335209608078,other,26
6849,1712,0,7,5,7,26,27,34,False,False,False,0.5115758776664734,other,2
6850,1712,1,7,8,7,27,26,18,False,False,True,0.125527024269104,off_by_one,1
6851,1712,1,41,4,41,26,27,18,False,False,False,0.03592255339026451,other,37
6852,1713,0,3,43,3,20,18,18,False,False,False,0.02247253805398941,other,40
6853,1713,0,14,17,14,18,20,34,False,False,False,0.026150058954954147,other,3
6854,1713,1,14,17,14,20,18,34,False,False,False,0.04097074642777443,other,3
6855,1713,1,3,43,3,18,20,18,False,False,False,0.029409777373075485,other,40
6856,1714,0,41,35,41,18,24,15,False,False,False,0.015284763649106026,other,6
6857,1714,0,17,17,17,24,18,5,True,True,False,0.026453960686922073,correct,0
6858,1714,1,17,17,17,18,24,18,True,True,False,0.03807482495903969,correct,0
6859,1714,1,41,34,41,24,18,15,False,False,False,0.03863942623138428,other,7
6860,1715,0,10,17,10,4,0,18,False,False,False,0.002871704986318946,other,7
6861,1715,0,32,0,32,0,4,15,False,False,False,0.015150446444749832,other,32
6862,1715,1,32,17,32,4,0,18,False,False,False,0.00793591421097517,other,15
6863,1715,1,10,28,10,0,4,15,False,False,False,0.006531489081680775,other,18
6864,1716,0,23,44,23,37,0,15,False,False,False,0.09330562502145767,other,21
6865,1716,0,13,43,13,0,37,15,False,False,False,0.04065627232193947,other,30
6866,1716,1,13,17,13,37,0,22,False,False,False,0.04495396465063095,other,4
6867,1716,1,23,4,23,0,37,15,False,False,False,0.014092260971665382,other,19
6868,1717,0,48,17,48,14,17,27,False,False,False,0.021894069388508797,other,31
6869,1717,0,16,5,16,17,14,15,False,False,False,0.08733581751585007,other,11
6870,1717,1,16,17,16,14,17,15,False,False,True,0.09308565407991409,off_by_one,1
6871,1717,1,48,32,48,17,14,7,False,False,False,0.018908189609646797,other,16
6872,1718,0,17,17,17,6,18,5,True,True,False,0.06977616250514984,correct,0
6873,1718,0,36,43,36,18,6,34,False,False,False,0.043063584715127945,other,7
6874,1718,1,36,17,36,6,18,18,False,False,False,0.029428215697407722,other,19
6875,1718,1,17,17,17,18,6,34,True,True,False,0.050261348485946655,correct,0
6876,1719,0,38,17,38,7,20,18,False,False,False,0.02044099010527134,other,21
6877,1719,0,26,24,26,20,7,18,False,False,False,0.019133133813738823,other,2
6878,1719,1,26,24,26,7,20,18,False,False,False,0.02788597345352173,other,2
6879,1719,1,38,17,38,20,7,15,False,False,False,0.017984570935368538,other,21
6880,1720,0,42,42,42,18,1,34,True,True,False,0.07780750840902328,correct,0
6881,1720,0,25,24,25,1,18,34,False,False,True,0.008730796165764332,off_by_one,1
6882,1720,1,25,32,25,18,1,34,False,False,False,0.011296800337731838,other,7
6883,1720,1,42,42,42,1,18,34,True,True,False,0.03750200942158699,correct,0
6884,1721,0,35,17,35,14,16,27,False,False,False,0.02708902396261692,other,18
6885,1721,0,11,17,11,16,14,27,False,False,False,0.011059151031076908,other,6
6886,1721,1,11,17,11,14,16,37,False,False,False,0.01981223374605179,other,6
6887,1721,1,35,44,35,16,14,15,False,False,False,0.020506184548139572,other,9
6888,1722,0,31,43,31,16,15,32,False,False,False,0.03957844898104668,other,12
6889,1722,0,14,17,14,15,16,32,False,False,False,0.021475547924637794,other,3
6890,1722,1,14,27,14,16,15,32,False,False,False,0.010852725245058537,other,13
6891,1722,1,31,17,31,15,16,22,False,False,False,0.02763168327510357,other,14
6892,1723,0,29,32,29,38,24,7,False,False,False,0.009550819173455238,other,3
6893,1723,0,5,34,5,24,38,18,False,False,False,0.04098650440573692,other,29
6894,1723,1,5,44,5,38,24,18,False,False,False,0.0756959468126297,other,39
6895,1723,1,29,17,29,24,38,27,False,False,False,0.017256272956728935,other,12
6896,1724,0,6,17,6,6,38,7,False,False,False,0.02022741176187992,other,11
6897,1724,0,45,0,45,38,6,15,False,False,False,0.04473361000418663,other,45
6898,1724,1,45,32,45,6,38,18,False,False,False,0.016360832378268242,other,13
6899,1724,1,6,0,6,38,6,18,False,False,False,0.07462510466575623,other,6
6900,1725,0,14,32,14,6,16,5,False,False,False,0.04174146056175232,other,18
6901,1725,0,48,17,48,16,6,7,False,False,False,0.05583615601062775,other,31
6902,1725,1,48,17,48,6,16,7,False,False,False,0.031073935329914093,other,31
6903,1725,1,14,17,14,16,6,34,False,False,False,0.041769083589315414,other,3
6904,1726,0,12,17,12,38,36,15,False,False,False,0.027692534029483795,other,5
6905,1726,0,8,32,8,36,38,18,False,False,False,0.0167385246604681,other,24
6906,1726,1,8,0,8,38,36,7,False,False,False,0.023669516667723656,other,8
6907,1726,1,12,0,12,36,38,18,False,False,False,0.03330546244978905,other,12
6908,1727,0,16,44,16,8,6,34,False,False,False,0.011424098163843155,other,28
6909,1727,0,5,5,5,6,8,18,True,True,False,0.04075842350721359,correct,0
6910,1727,1,5,15,5,8,6,22,False,False,False,0.06904871761798859,other,10
6911,1727,1,16,34,16,6,8,18,False,False,False,0.006822586990892887,other,18
6912,1728,0,5,5,5,18,7,18,True,True,False,0.025034431368112564,correct,0
6913,1728,0,1,17,1,7,18,5,False,False,False,0.04153113067150116,other,16
6914,1728,1,1,32,1,18,7,7,False,False,False,0.04115837812423706,other,31
6915,1728,1,5,24,5,7,18,7,False,False,False,0.04995090886950493,other,19
6916,1729,0,14,32,14,6,2,18,False,False,False,0.015170488506555557,other,18
6917,1729,0,48,17,48,2,6,18,False,False,False,0.021764814853668213,other,31
6918,1729,1,48,43,48,6,2,18,False,False,False,0.04071122035384178,other,5
6919,1729,1,14,24,14,2,6,34,False,False,False,0.01500438991934061,other,10
6920,1730,0,44,27,44,0,14,34,False,False,False,0.01993056759238243,other,17
6921,1730,0,43,17,43,14,0,27,False,False,False,0.036387380212545395,other,26
6922,1730,1,43,17,43,0,14,34,False,False,False,0.014894017018377781,other,26
6923,1730,1,44,32,44,14,0,27,False,False,False,0.015520324930548668,other,12
6924,1731,0,19,17,19,7,2,7,False,False,False,0.018908105790615082,other,2
6925,1731,0,27,17,27,2,7,34,False,False,False,0.02058360166847706,other,10
6926,1731,1,27,0,27,7,2,7,False,False,False,0.01366365235298872,other,27
6927,1731,1,19,17,19,2,7,22,False,False,False,0.03381774574518204,other,2
6928,1732,0,47,24,47,6,20,18,False,False,False,0.015255735255777836,other,23
6929,1732,0,48,17,48,20,6,18,False,False,False,0.047017741948366165,other,31
6930,1732,1,48,32,48,6,20,18,False,False,False,0.026787878945469856,other,16
6931,1732,1,47,44,47,20,6,18,False,False,False,0.02782822959125042,other,3
6932,1733,0,9,32,9,6,39,18,False,False,False,0.024368679150938988,other,23
6933,1733,0,7,7,7,39,6,18,True,True,False,0.07483870536088943,correct,0
6934,1733,1,7,15,7,6,39,8,False,False,False,0.06852949410676956,other,8
6935,1733,1,9,17,9,39,6,15,False,False,False,0.027390053495764732,other,8
6936,1734,0,5,5,5,7,5,18,True,True,False,0.08766632527112961,correct,0
6937,1734,0,37,17,37,5,7,18,False,False,False,0.03621222451329231,other,20
6938,1734,1,37,17,37,7,5,18,False,False,False,0.03479363024234772,other,20
6939,1734,1,5,42,5,5,7,18,False,False,False,0.05796915665268898,other,37
6940,1735,0,39,17,39,39,38,18,False,False,False,0.010677688755095005,other,22
6941,1735,0,36,17,36,38,39,15,False,False,False,0.039238329976797104,other,19
6942,1735,1,36,32,36,39,38,18,False,False,False,0.03187226131558418,other,4
6943,1735,1,39,43,39,38,39,18,False,False,False,0.014917290769517422,other,4
6944,1736,0,18,17,18,14,9,18,False,False,True,0.03965923935174942,off_by_one,1
6945,1736,0,33,32,33,9,14,18,False,False,True,0.029565801844000816,off_by_one,1
6946,1736,1,33,17,33,14,9,7,False,False,False,0.03231314197182655,other,16
6947,1736,1,18,32,18,9,14,7,False,False,False,0.03290778771042824,other,14
6948,1737,0,44,24,44,18,14,7,False,False,False,0.020438887178897858,other,20
6949,1737,0,45,24,45,14,18,7,False,False,False,0.017981816083192825,other,21
6950,1737,1,45,17,45,18,14,18,False,False,False,0.02038581296801567,other,28
6951,1737,1,44,17,44,14,18,34,False,False,False,0.048423830419778824,other,27
6952,1738,0,35,24,35,14,12,34,False,False,False,0.01147465780377388,other,11
6953,1738,0,39,17,39,12,14,18,False,False,False,0.011448198929429054,other,22
6954,1738,1,39,17,39,14,12,34,False,False,False,0.017432158812880516,other,22
6955,1738,1,35,17,35,12,14,7,False,False,False,0.016980653628706932,other,18
6956,1739,0,19,43,19,7,16,34,False,False,False,0.014652320183813572,other,24
6957,1739,0,1,17,1,16,7,34,False,False,False,0.06112636625766754,other,16
6958,1739,1,1,17,1,7,16,22,False,False,False,0.031894098967313766,other,16
6959,1739,1,19,0,19,16,7,7,False,False,False,0.03207395225763321,other,19
6960,1740,0,31,0,31,13,12,18,False,False,False,0.04537113383412361,other,31
6961,1740,0,4,17,4,12,13,18,False,False,False,0.028159767389297485,other,13
6962,1740,1,4,17,4,13,12,22,False,False,False,0.0071044061332941055,other,13
6963,1740,1,31,31,31,12,13,24,True,True,False,0.03664906322956085,correct,0
6964,1741,0,7,7,7,16,19,7,True,True,False,0.03276504576206207,correct,0
6965,1741,0,14,17,14,19,16,15,False,False,False,0.03621377423405647,other,3
6966,1741,1,14,32,14,16,19,7,False,False,False,0.030710138380527496,other,18
6967,1741,1,7,7,7,19,16,18,True,True,False,0.031577035784721375,correct,0
6968,1742,0,4,32,4,27,36,32,False,False,False,0.029258808121085167,other,28
6969,1742,0,6,43,6,36,27,18,False,False,False,0.039363425225019455,other,37
6970,1742,1,6,32,6,27,36,5,False,False,False,0.05919487029314041,other,26
6971,1742,1,4,17,4,36,27,18,False,False,False,0.029544083401560783,other,13
6972,1743,0,14,32,14,38,6,15,False,False,False,0.03633077070116997,other,18
6973,1743,0,37,17,37,6,38,15,False,False,False,0.01487206295132637,other,20
6974,1743,1,37,17,37,38,6,15,False,False,False,0.05087472125887871,other,20
6975,1743,1,14,17,14,6,38,15,False,False,False,0.04761359468102455,other,3
6976,1744,0,23,4,23,18,7,34,False,False,False,0.015517732128500938,other,19
6977,1744,0,31,17,31,7,18,34,False,False,False,0.027942975983023643,other,14
6978,1744,1,31,17,31,18,7,34,False,False,False,0.01955004595220089,other,14
6979,1744,1,23,27,23,7,18,34,False,False,False,0.0388488806784153,other,4
6980,1745,0,9,17,9,39,7,18,False,False,False,0.03475969657301903,other,8
6981,1745,0,35,24,35,7,39,18,False,False,False,0.01569445990025997,other,11
6982,1745,1,35,24,35,39,7,18,False,False,False,0.008680774830281734,other,11
6983,1745,1,9,17,9,7,39,7,False,False,False,0.03489211946725845,other,8
6984,1746,0,31,31,31,27,36,7,True,True,False,0.0724743902683258,correct,0
6985,1746,0,8,32,8,36,27,5,False,False,False,0.024179304018616676,other,24
6986,1746,1,8,8,8,27,36,5,True,True,False,0.014355910941958427,correct,0
6987,1746,1,31,17,31,36,27,18,False,False,False,0.026680056005716324,other,14
6988,1747,0,6,17,6,17,24,15,False,False,False,0.05163128674030304,other,11
6989,1747,0,24,32,24,24,17,34,False,False,False,0.004107765853404999,other,8
6990,1747,1,24,17,24,17,24,15,False,False,False,0.017535120248794556,other,7
6991,1747,1,6,32,6,24,17,15,False,False,False,0.030623139813542366,other,26
6992,1748,0,34,24,34,6,14,7,False,False,False,0.020793301984667778,other,10
6993,1748,0,13,17,13,14,6,18,False,False,False,0.06887965649366379,other,4
6994,1748,1,13,43,13,6,14,6,False,False,False,0.035914041101932526,other,30
6995,1748,1,34,27,34,14,6,15,False,False,False,0.055257536470890045,other,7
6996,1749,0,9,17,9,26,24,18,False,False,False,0.015920724719762802,other,8
6997,1749,0,27,17,27,24,26,18,False,False,False,0.018447546288371086,other,10
6998,1749,1,27,17,27,26,24,18,False,False,False,0.012286046519875526,other,10
6999,1749,1,9,0,9,24,26,18,False,False,False,0.012893546372652054,other,9
7000,1750,0,11,17,11,16,26,18,False,False,False,0.03309501335024834,other,6
7001,1750,0,23,32,23,26,16,7,False,False,False,0.02777460776269436,other,9
7002,1750,1,23,24,23,16,26,34,False,False,True,0.020617879927158356,off_by_one,1
7003,1750,1,11,17,11,26,16,18,False,False,False,0.03893736004829407,other,6
7004,1751,0,42,42,42,15,18,18,True,True,False,0.042339738458395004,correct,0
7005,1751,0,10,32,10,18,15,7,False,False,False,0.010647882707417011,other,22
7006,1751,1,10,17,10,15,18,15,False,False,False,0.010510488413274288,other,7
7007,1751,1,42,42,42,18,15,18,True,True,False,0.0257160272449255,correct,0
7008,1752,0,41,24,41,14,16,15,False,False,False,0.06920728087425232,other,17
7009,1752,0,25,32,25,16,14,7,False,False,False,0.013308769091963768,other,7
7010,1752,1,25,17,25,14,16,15,False,False,False,0.025583483278751373,other,8
7011,1752,1,41,31,41,16,14,15,False,False,False,0.03749233856797218,other,10
7012,1753,0,16,17,16,14,6,18,False,False,True,0.03405996784567833,off_by_one,1
7013,1753,0,30,17,30,6,14,7,False,False,False,0.019165879115462303,other,13
7014,1753,1,30,43,30,14,6,34,False,False,False,0.041963037103414536,other,13
7015,1753,1,16,17,16,6,14,7,False,False,True,0.051977917551994324,off_by_one,1
7016,1754,0,12,31,12,6,7,6,False,False,False,0.026981109753251076,other,19
7017,1754,0,0,17,0,7,6,18,False,False,False,0.061671268194913864,other,17
7018,1754,1,0,43,0,6,7,5,False,False,False,0.05014790594577789,other,43
7019,1754,1,12,17,12,7,6,22,False,False,False,0.030562881380319595,other,5
7020,1755,0,17,0,17,6,14,18,False,False,False,0.04522183910012245,other,17
7021,1755,0,18,17,18,14,6,18,False,False,True,0.06309089809656143,off_by_one,1
7022,1755,1,18,43,18,6,14,18,False,False,False,0.07212144136428833,other,25
7023,1755,1,17,17,17,14,6,18,True,True,False,0.05699240416288376,correct,0
7024,1756,0,8,44,8,0,7,22,False,False,False,0.07214762270450592,other,36
7025,1756,0,42,42,42,7,0,34,True,True,False,0.024036608636379242,correct,0
7026,1756,1,42,42,42,0,7,15,True,True,False,0.046497151255607605,correct,0
7027,1756,1,8,8,8,7,0,22,True,True,False,0.025334177538752556,correct,0
7028,1757,0,8,8,8,6,5,6,True,True,False,0.019293664023280144,correct,0
7029,1757,0,32,17,32,5,6,5,False,False,False,0.025919703766703606,other,15
7030,1757,1,32,17,32,6,5,34,False,False,False,0.01948372833430767,other,15
7031,1757,1,8,8,8,5,6,5,True,True,False,0.013298025354743004,correct,0
7032,1758,0,16,17,16,15,7,27,False,False,True,0.06957882642745972,off_by_one,1
7033,1758,0,5,46,5,7,15,18,False,False,False,0.04477042332291603,other,41
7034,1758,1,5,5,5,15,7,15,True,True,False,0.019167982041835785,correct,0
7035,1758,1,16,7,16,7,15,15,False,False,False,0.06578461080789566,other,9
7036,1759,0,44,17,44,8,9,18,False,False,False,0.010446220636367798,other,27
7037,1759,0,25,41,25,9,8,34,False,False,False,0.056843485683202744,other,16
7038,1759,1,25,24,25,8,9,18,False,False,True,0.10515472292900085,off_by_one,1
7039,1759,1,44,24,44,9,8,18,False,False,False,0.013976680114865303,other,20
7040,1760,0,34,17,34,15,0,32,False,False,False,0.03699536621570587,other,17
7041,1760,0,40,24,40,0,15,32,False,False,False,0.02141130343079567,other,16
7042,1760,1,40,17,40,15,0,32,False,False,False,0.023997712880373,other,23
7043,1760,1,34,4,34,0,15,32,False,False,False,0.020278898999094963,other,30
7044,1761,0,18,2,18,15,8,7,False,False,False,0.04063598811626434,other,16
7045,1761,0,44,34,44,8,15,15,False,False,False,0.02549654245376587,other,10
7046,1761,1,44,24,44,15,8,7,False,False,False,0.024662461131811142,other,20
7047,1761,1,18,0,18,8,15,5,False,False,False,0.047839876264333725,other,18
7048,1762,0,12,17,12,0,1,7,False,False,False,0.020330704748630524,other,5
7049,1762,0,47,32,47,1,0,5,False,False,False,0.03858772665262222,other,15
7050,1762,1,47,44,47,0,1,15,False,False,False,0.03747916221618652,other,3
7051,1762,1,12,17,12,1,0,27,False,False,False,0.016077380627393723,other,5
7052,1763,0,34,46,34,18,7,18,False,False,False,0.019634179770946503,other,12
7053,1763,0,11,0,11,7,18,7,False,False,False,0.05475914478302002,other,11
7054,1763,1,11,32,11,18,7,7,False,False,False,0.02783229760825634,other,21
7055,1763,1,34,34,34,7,18,7,True,True,False,0.025633269920945168,correct,0
7056,1764,0,43,24,43,6,26,24,False,False,False,0.030822966247797012,other,19
7057,1764,0,45,24,45,26,6,24,False,False,False,0.03612024337053299,other,21
7058,1764,1,45,17,45,6,26,24,False,False,False,0.03931904956698418,other,28
7059,1764,1,43,43,43,26,6,18,True,True,False,0.02047792822122574,correct,0
7060,1765,0,21,2,21,18,6,18,False,False,False,0.02884209342300892,other,19
7061,1765,0,2,17,2,6,18,18,False,False,False,0.02793956734240055,other,15
7062,1765,1,2,0,2,18,6,18,False,False,False,0.028134800493717194,other,2
7063,1765,1,21,43,21,6,18,18,False,False,False,0.0423121340572834,other,22
7064,1766,0,37,43,37,2,19,34,False,False,False,0.0179044958204031,other,6
7065,1766,0,31,17,31,19,2,19,False,False,False,0.041443709284067154,other,14
7066,1766,1,31,17,31,2,19,34,False,False,False,0.02721541002392769,other,14
7067,1766,1,37,43,37,19,2,34,False,False,False,0.020329557359218597,other,6
7068,1767,0,47,15,47,24,18,18,False,False,False,0.05761882662773132,other,32
7069,1767,0,2,32,2,18,24,18,False,False,False,0.04728357866406441,other,30
7070,1767,1,2,17,2,24,18,5,False,False,False,0.05141475051641464,other,15
7071,1767,1,47,34,47,18,24,18,False,False,False,0.02215828001499176,other,13
7072,1768,0,0,17,0,0,6,34,False,False,False,0.028868919238448143,other,17
7073,1768,0,34,17,34,6,0,34,False,False,False,0.017194757238030434,other,17
7074,1768,1,34,24,34,0,6,34,False,False,False,0.027550000697374344,other,10
7075,1768,1,0,43,0,6,0,7,False,False,False,0.010572091676294804,other,43
7076,1769,0,9,17,9,7,14,34,False,False,False,0.024016430601477623,other,8
7077,1769,0,27,17,27,14,7,7,False,False,False,0.01899360865354538,other,10
7078,1769,1,27,17,27,7,14,34,False,False,False,0.018564587458968163,other,10
7079,1769,1,9,17,9,14,7,18,False,False,False,0.025513464584946632,other,8
7080,1770,0,37,17,37,7,16,7,False,False,False,0.0195230133831501,other,20
7081,1770,0,27,17,27,16,7,15,False,False,False,0.018567301332950592,other,10
7082,1770,1,27,17,27,7,16,15,False,False,False,0.011870568618178368,other,10
7083,1770,1,37,43,37,16,7,27,False,False,False,0.012136845849454403,other,6
7084,1771,0,31,17,31,26,18,18,False,False,False,0.03639041259884834,other,14
7085,1771,0,29,17,29,18,26,5,False,False,False,0.03174389526247978,other,12
7086,1771,1,29,17,29,26,18,18,False,False,False,0.02755599655210972,other,12
7087,1771,1,31,0,31,18,26,18,False,False,False,0.05149843171238899,other,31
7088,1772,0,32,24,32,11,12,7,False,False,False,0.009105241857469082,other,8
7089,1772,0,5,34,5,12,11,15,False,False,False,0.02101302519440651,other,29
7090,1772,1,5,5,5,11,12,15,True,True,False,0.0240629855543375,correct,0
7091,1772,1,32,17,32,12,11,18,False,False,False,0.020075282081961632,other,15
7092,1773,0,16,7,16,7,14,15,False,False,False,0.04371572658419609,other,9
7093,1773,0,5,34,5,14,7,15,False,False,False,0.01704050414264202,other,29
7094,1773,1,5,46,5,7,14,18,False,False,False,0.02589929848909378,other,41
7095,1773,1,16,44,16,14,7,18,False,False,False,0.05795471370220184,other,28
7096,1774,0,3,17,3,6,39,18,False,False,False,0.05239485949277878,other,14
7097,1774,0,39,17,39,39,6,18,False,False,False,0.014729850925505161,other,22
7098,1774,1,39,0,39,6,39,18,False,False,False,0.015114879235625267,other,39
7099,1774,1,3,17,3,39,6,18,False,False,False,0.03489593043923378,other,14
7100,1775,0,8,8,8,7,16,22,True,True,False,0.08714383840560913,correct,0
7101,1775,0,2,17,2,16,7,32,False,False,False,0.026529522612690926,other,15
7102,1775,1,2,17,2,7,16,15,False,False,False,0.0076726446859538555,other,15
7103,1775,1,8,8,8,16,7,22,True,True,False,0.04428166151046753,correct,0
7104,1776,0,35,44,35,6,8,34,False,False,False,0.01200868096202612,other,9
7105,1776,0,25,24,25,8,6,5,False,False,True,0.007240510080009699,off_by_one,1
7106,1776,1,25,24,25,6,8,6,False,False,True,0.005334243178367615,off_by_one,1
7107,1776,1,35,4,35,8,6,24,False,False,False,0.00911744125187397,other,31
7108,1777,0,25,32,25,16,15,7,False,False,False,0.0309432465583086,other,7
7109,1777,0,27,17,27,15,16,7,False,False,False,0.02352951467037201,other,10
7110,1777,1,27,17,27,16,15,7,False,False,False,0.02440432831645012,other,10
7111,1777,1,25,32,25,15,16,7,False,False,False,0.0401637889444828,other,7
7112,1778,0,40,17,40,16,17,32,False,False,False,0.023296035826206207,other,23
7113,1778,0,32,17,32,17,16,22,False,False,False,0.030176589265465736,other,15
7114,1778,1,32,17,32,16,17,32,False,False,False,0.019501838833093643,other,15
7115,1778,1,40,17,40,17,16,7,False,False,False,0.014382341876626015,other,23
7116,1779,0,3,31,3,24,36,5,False,False,False,0.06108708679676056,other,28
7117,1779,0,24,4,24,36,24,15,False,False,False,0.03565558046102524,other,20
7118,1779,1,24,17,24,24,36,15,False,False,False,0.04336576908826828,other,7
7119,1779,1,3,43,3,36,24,18,False,False,False,0.05540512874722481,other,40
7120,1780,0,2,17,2,7,18,5,False,False,False,0.06961537152528763,other,15
7121,1780,0,34,44,34,18,7,34,False,False,False,0.013116064481437206,other,10
7122,1780,1,34,44,34,7,18,18,False,False,False,0.007845361717045307,other,10
7123,1780,1,2,17,2,18,7,15,False,False,False,0.06728201359510422,other,15
7124,1781,0,42,42,42,18,24,18,True,True,False,0.09518416970968246,correct,0
7125,1781,0,3,17,3,24,18,18,False,False,False,0.03414898365736008,other,14
7126,1781,1,3,0,3,18,24,18,False,False,False,0.03903433308005333,other,3
7127,1781,1,42,42,42,24,18,18,True,True,False,0.019682632759213448,correct,0
7128,1782,0,33,17,33,16,0,32,False,False,False,0.009747934527695179,other,16
7129,1782,0,44,17,44,0,16,15,False,False,False,0.016556406393647194,other,27
7130,1782,1,44,17,44,16,0,34,False,False,False,0.01588805578649044,other,27
7131,1782,1,33,17,33,0,16,15,False,False,False,0.012850293889641762,other,16
7132,1783,0,42,42,42,24,17,32,True,True,False,0.01996908336877823,correct,0
7133,1783,0,33,17,33,17,24,32,False,False,False,0.04108940437436104,other,16
7134,1783,1,33,17,33,24,17,32,False,False,False,0.011686908081173897,other,16
7135,1783,1,42,42,42,17,24,32,True,True,False,0.06091799587011337,correct,0
7136,1784,0,44,24,44,5,3,5,False,False,False,0.005614663939923048,other,20
7137,1784,0,1,17,1,3,5,18,False,False,False,0.0168524868786335,other,16
7138,1784,1,1,17,1,5,3,24,False,False,False,0.006695528049021959,other,16
7139,1784,1,44,24,44,3,5,18,False,False,False,0.009975560009479523,other,20
7140,1785,0,17,17,17,36,18,34,True,True,False,0.0035793001297861338,correct,0
7141,1785,0,41,45,41,18,36,18,False,False,False,0.04278476536273956,other,4
7142,1785,1,41,4,41,36,18,18,False,False,False,0.03470645099878311,other,37
7143,1785,1,17,17,17,18,36,18,True,True,False,0.009015342220664024,correct,0
7144,1786,0,3,17,3,5,7,5,False,False,False,0.027556374669075012,other,14
7145,1786,0,32,17,32,7,5,34,False,False,False,0.022125236690044403,other,15
7146,1786,1,32,17,32,5,7,18,False,False,False,0.036462388932704926,other,15
7147,1786,1,3,17,3,7,5,6,False,False,False,0.05230100825428963,other,14
7148,1787,0,37,17,37,36,18,18,False,False,False,0.019199484959244728,other,20
7149,1787,0,48,17,48,18,36,18,False,False,False,0.02284996584057808,other,31
7150,1787,1,48,32,48,36,18,18,False,False,False,0.0288672037422657,other,16
7151,1787,1,37,17,37,18,36,18,False,False,False,0.03294050693511963,other,20
7152,1788,0,3,17,3,17,27,7,False,False,False,0.01607556827366352,other,14
7153,1788,0,21,17,21,27,17,15,False,False,False,0.0455377958714962,other,4
7154,1788,1,21,43,21,17,27,7,False,False,False,0.029026979580521584,other,22
7155,1788,1,3,31,3,27,17,7,False,False,False,0.0038088695146143436,other,28
7156,1789,0,28,17,28,36,7,18,False,False,False,0.02177896350622177,other,11
7157,1789,0,31,0,31,7,36,18,False,False,False,0.01062841061502695,other,31
7158,1789,1,31,0,31,36,7,36,False,False,False,0.010414917953312397,other,31
7159,1789,1,28,17,28,7,36,8,False,False,False,0.017944592982530594,other,11
7160,1790,0,45,35,45,12,10,24,False,False,False,0.015669524669647217,other,10
7161,1790,0,10,43,10,10,12,6,False,False,False,0.07762481272220612,other,33
7162,1790,1,10,17,10,12,10,18,False,False,False,0.06650130450725555,other,7
7163,1790,1,45,0,45,10,12,7,False,False,False,0.014038216322660446,other,45
7164,1791,0,13,17,13,12,16,15,False,False,False,0.04401738569140434,other,4
7165,1791,0,8,8,8,16,12,22,True,True,False,0.027840610593557358,correct,0
7166,1791,1,8,8,8,12,16,19,True,True,False,0.085329569876194,correct,0
7167,1791,1,13,0,13,16,12,15,False,False,False,0.04523846507072449,other,13
7168,1792,0,4,29,4,16,18,7,False,False,False,0.019526714459061623,other,25
7169,1792,0,18,17,18,18,16,18,False,False,True,0.023223482072353363,off_by_one,1
7170,1792,1,18,17,18,16,18,7,False,False,True,0.02670879289507866,off_by_one,1
7171,1792,1,4,24,4,18,16,18,False,False,False,0.022632969543337822,other,20
7172,1793,0,2,17,2,27,15,15,False,False,False,0.007885347120463848,other,15
7173,1793,0,33,17,33,15,27,18,False,False,False,0.014447110705077648,other,16
7174,1793,1,33,17,33,27,15,7,False,False,False,0.017649948596954346,other,16
7175,1793,1,2,17,2,15,27,15,False,False,False,0.0063073174096643925,other,15
7176,1794,0,8,2,8,27,7,7,False,False,False,0.07657916098833084,other,6
7177,1794,0,15,17,15,7,27,5,False,False,False,0.0496470145881176,other,2
7178,1794,1,15,11,15,27,7,27,False,False,False,0.028122959658503532,other,4
7179,1794,1,8,8,8,7,27,7,True,True,False,0.021629808470606804,correct,0
7180,1795,0,14,0,14,36,7,18,False,False,False,0.024791598320007324,other,14
7181,1795,0,17,17,17,7,36,18,True,True,False,0.038949545472860336,correct,0
7182,1795,1,17,0,17,36,7,18,False,False,False,0.0544857531785965,other,17
7183,1795,1,14,17,14,7,36,18,False,False,False,0.014836969785392284,other,3
7184,1796,0,44,17,44,14,18,34,False,False,False,0.013893208466470242,other,27
7185,1796,0,14,17,14,18,14,34,False,False,False,0.02248435840010643,other,3
7186,1796,1,14,17,14,14,18,32,False,False,False,0.029532724991440773,other,3
7187,1796,1,44,32,44,18,14,34,False,False,False,0.00803756806999445,other,12
7188,1797,0,34,24,34,1,2,34,False,False,False,0.0034591658040881157,other,10
7189,1797,0,29,32,29,2,1,5,False,False,False,0.01017442811280489,other,3
7190,1797,1,29,32,29,1,2,5,False,False,False,0.008222969248890877,other,3
7191,1797,1,34,24,34,2,1,34,False,False,False,0.012067562900483608,other,10
7192,1798,0,42,42,42,7,26,15,True,True,False,0.06896132230758667,correct,0
7193,1798,0,32,32,32,26,7,18,True,True,False,0.051073379814624786,correct,0
7194,1798,1,32,0,32,7,26,7,False,False,False,0.07184925675392151,other,32
7195,1798,1,42,42,42,26,7,18,True,True,False,0.040325552225112915,correct,0
7196,1799,0,41,45,41,24,31,34,False,False,False,0.03783216327428818,other,4
7197,1799,0,20,17,20,31,24,32,False,False,False,0.024745583534240723,other,3
7198,1799,1,20,43,20,24,31,34,False,False,False,0.01057424582540989,other,23
7199,1799,1,41,32,41,31,24,34,False,False,False,0.03948540985584259,other,9
7200,1800,0,14,32,14,39,18,15,False,False,False,0.01340057235211134,other,18
7201,1800,0,1,27,1,18,39,18,False,False,False,0.019901059567928314,other,26
7202,1800,1,1,17,1,39,18,18,False,False,False,0.023882420733571053,other,16
7203,1800,1,14,17,14,18,39,18,False,False,False,0.01892424188554287,other,3
7204,1801,0,15,32,15,6,24,18,False,False,False,0.0336248055100441,other,17
7205,1801,0,9,43,9,24,6,18,False,False,False,0.07779283076524734,other,34
7206,1801,1,9,17,9,6,24,5,False,False,False,0.07826165854930878,other,8
7207,1801,1,15,32,15,24,6,5,False,False,False,0.052575770765542984,other,17
7208,1802,0,24,4,24,18,15,18,False,False,False,0.025270357728004456,other,20
7209,1802,0,39,0,39,15,18,15,False,False,False,0.028214557096362114,other,39
7210,1802,1,39,43,39,18,15,18,False,False,False,0.02562423050403595,other,4
7211,1802,1,24,24,24,15,18,32,True,True,False,0.009815758094191551,correct,0
7212,1803,0,42,42,42,19,2,34,True,True,False,0.13807685673236847,correct,0
7213,1803,0,34,4,34,2,19,34,False,False,False,0.013811363838613033,other,30
7214,1803,1,34,24,34,19,2,34,False,False,False,0.006506550125777721,other,10
7215,1803,1,42,42,42,2,19,34,True,True,False,0.08648674935102463,correct,0
7216,1804,0,45,17,45,19,7,34,False,False,False,0.008568048477172852,other,28
7217,1804,0,44,17,44,7,19,34,False,False,False,0.02954978309571743,other,27
7218,1804,1,44,17,44,19,7,34,False,False,False,0.008152171038091183,other,27
7219,1804,1,45,17,45,7,19,34,False,False,False,0.01436354499310255,other,28
7220,1805,0,1,17,1,20,14,34,False,False,False,0.02439900115132332,other,16
7221,1805,0,35,44,35,14,20,34,False,False,False,0.015537207946181297,other,9
7222,1805,1,35,17,35,20,14,15,False,False,False,0.016878902912139893,other,18
7223,1805,1,1,17,1,14,20,15,False,False,False,0.04608294740319252,other,16
7224,1806,0,2,17,2,14,20,15,False,False,False,0.06586969643831253,other,15
7225,1806,0,1,17,1,20,14,36,False,False,False,0.016719192266464233,other,16
7226,1806,1,1,17,1,14,20,16,False,False,False,0.017262885347008705,other,16
7227,1806,1,2,17,2,20,14,22,False,False,False,0.047850869596004486,other,15
7228,1807,0,40,32,40,7,19,7,False,False,False,0.024312162771821022,other,8
7229,1807,0,32,17,32,19,7,34,False,False,False,0.02257455512881279,other,15
7230,1807,1,32,17,32,7,19,34,False,False,False,0.012136472389101982,other,15
7231,1807,1,40,17,40,19,7,34,False,False,False,0.020979611203074455,other,23
7232,1808,0,9,17,9,0,24,15,False,False,False,0.0249306783080101,other,8
7233,1808,0,22,43,22,24,0,34,False,False,False,0.016635224223136902,other,21
7234,1808,1,22,0,22,0,24,34,False,False,False,0.041293613612651825,other,22
7235,1808,1,9,43,9,24,0,34,False,False,False,0.022690605372190475,other,34
7236,1809,0,17,17,17,6,10,5,True,True,False,0.01281035877764225,correct,0
7237,1809,0,12,17,12,10,6,18,False,False,False,0.04000690579414368,other,5
7238,1809,1,12,17,12,6,10,15,False,False,False,0.034343160688877106,other,5
7239,1809,1,17,32,17,10,6,5,False,False,False,0.014106564223766327,other,15
7240,1810,0,47,24,47,6,38,18,False,False,False,0.03083115816116333,other,23
7241,1810,0,33,17,33,38,6,18,False,False,False,0.023099102079868317,other,16
7242,1810,1,33,17,33,6,38,7,False,False,False,0.01188573706895113,other,16
7243,1810,1,47,7,47,38,6,15,False,False,False,0.0453927181661129,other,40
7244,1811,0,32,32,32,24,17,18,True,True,False,0.03150917589664459,correct,0
7245,1811,0,43,0,43,17,24,15,False,False,False,0.03926129639148712,other,43
7246,1811,1,43,17,43,24,17,18,False,False,False,0.02884776145219803,other,26
7247,1811,1,32,17,32,17,24,15,False,False,False,0.03676697611808777,other,15
7248,1812,0,16,32,16,0,17,34,False,False,False,0.07365050166845322,other,16
7249,1812,0,33,17,33,17,0,34,False,False,False,0.018237054347991943,other,16
7250,1812,1,33,17,33,0,17,32,False,False,False,0.005500913131982088,other,16
7251,1812,1,16,15,16,17,0,15,False,False,True,0.09975569695234299,off_by_one,1
7252,1813,0,0,17,0,14,37,7,False,False,False,0.01603025197982788,other,17
7253,1813,0,44,17,44,37,14,27,False,False,False,0.015088491141796112,other,27
7254,1813,1,44,17,44,14,37,27,False,False,False,0.010847573168575764,other,27
7255,1813,1,0,17,0,37,14,15,False,False,False,0.023124074563384056,other,17
7256,1814,0,40,17,40,3,12,34,False,False,False,0.022153764963150024,other,23
7257,1814,0,26,35,26,12,3,34,False,False,False,0.008615298196673393,other,9
7258,1814,1,26,24,26,3,12,34,False,False,False,0.013338997960090637,other,2
7259,1814,1,40,17,40,12,3,18,False,False,False,0.03357003629207611,other,23
7260,1815,0,32,0,32,20,15,34,False,False,False,0.042898427695035934,other,32
7261,1815,0,35,32,35,15,20,7,False,False,False,0.00614142557606101,other,3
7262,1815,1,35,17,35,20,15,15,False,False,False,0.01643732376396656,other,18
7263,1815,1,32,0,32,15,20,7,False,False,False,0.01180791575461626,other,32
7264,1816,0,36,17,36,4,2,18,False,False,False,0.008569869212806225,other,19
7265,1816,0,6,32,6,2,4,18,False,False,False,0.03302730619907379,other,26
7266,1816,1,6,17,6,4,2,18,False,False,False,0.04756513983011246,other,11
7267,1816,1,36,17,36,2,4,18,False,False,False,0.008601677604019642,other,19
7268,1817,0,14,17,14,0,15,27,False,False,False,0.03331514820456505,other,3
7269,1817,0,9,17,9,15,0,15,False,False,False,0.01988038420677185,other,8
7270,1817,1,9,17,9,0,15,15,False,False,False,0.012482729740440845,other,8
7271,1817,1,14,17,14,15,0,32,False,False,False,0.03559749200940132,other,3
7272,1818,0,37,17,37,7,35,34,False,False,False,0.015004731714725494,other,20
7273,1818,0,45,17,45,35,7,34,False,False,False,0.06617560982704163,other,28
7274,1818,1,45,32,45,7,35,18,False,False,False,0.04770266264677048,other,13
7275,1818,1,37,17,37,35,7,34,False,False,False,0.03258579596877098,other,20
7276,1819,0,43,17,43,24,16,34,False,False,False,0.021620839834213257,other,26
7277,1819,0,8,8,8,16,24,22,True,True,False,0.023128459230065346,correct,0
7278,1819,1,8,44,8,24,16,6,False,False,False,0.020329436287283897,other,36
7279,1819,1,43,43,43,16,24,34,True,True,False,0.010716750286519527,correct,0
7280,1820,0,46,17,46,13,9,18,False,False,False,0.024463972076773643,other,29
7281,1820,0,45,32,45,9,13,7,False,False,False,0.04565216973423958,other,13
7282,1820,1,45,43,45,13,9,18,False,False,False,0.03487838804721832,other,2
7283,1820,1,46,32,46,9,13,7,False,False,False,0.03642626851797104,other,14
7284,1821,0,16,35,16,27,6,6,False,False,False,0.033053331077098846,other,19
7285,1821,0,18,17,18,6,27,18,False,False,True,0.040521785616874695,off_by_one,1
7286,1821,1,18,17,18,27,6,37,False,False,True,0.03219541162252426,off_by_one,1
7287,1821,1,16,32,16,6,27,18,False,False,False,0.042997922748327255,other,16
7288,1822,0,36,17,36,24,33,34,False,False,False,0.01133179385215044,other,19
7289,1822,0,9,0,9,33,24,34,False,False,False,0.020421486347913742,other,9
7290,1822,1,9,43,9,24,33,34,False,False,False,0.011987227946519852,other,34
7291,1822,1,36,17,36,33,24,7,False,False,False,0.011473230086266994,other,19
7292,1823,0,40,17,40,6,22,34,False,False,False,0.012293612584471703,other,23
7293,1823,0,24,27,24,22,6,24,False,False,False,0.02917131781578064,other,3
7294,1823,1,24,32,24,6,22,34,False,False,False,0.024506866931915283,other,8
7295,1823,1,40,17,40,22,6,34,False,False,False,0.02608528546988964,other,23
7296,1824,0,48,43,48,6,7,18,False,False,False,0.01795230805873871,other,5
7297,1824,0,31,17,31,7,6,18,False,False,False,0.037987805902957916,other,14
7298,1824,1,31,17,31,6,7,7,False,False,False,0.028460655361413956,other,14
7299,1824,1,48,2,48,7,6,18,False,False,False,0.006290788762271404,other,46
7300,1825,0,48,0,48,7,5,18,False,False,False,0.004032222554087639,other,48
7301,1825,0,33,17,33,5,7,5,False,False,False,0.009265096858143806,other,16
7302,1825,1,33,0,33,7,5,8,False,False,False,0.009229619987308979,other,33
7303,1825,1,48,17,48,5,7,18,False,False,False,0.011816529557108879,other,31
7304,1826,0,13,17,13,6,16,18,False,False,False,0.023659925907850266,other,4
7305,1826,0,19,0,19,16,6,15,False,False,False,0.049425434321165085,other,19
7306,1826,1,19,17,19,6,16,7,False,False,False,0.01689944975078106,other,2
7307,1826,1,13,0,13,16,6,32,False,False,False,0.028310835361480713,other,13
7308,1827,0,40,27,40,16,24,32,False,False,False,0.016877727583050728,other,13
7309,1827,0,11,17,11,24,16,22,False,False,False,0.04706722870469093,other,6
7310,1827,1,11,17,11,16,24,15,False,False,False,0.041705962270498276,other,6
7311,1827,1,40,32,40,24,16,7,False,False,False,0.009740153327584267,other,8
7312,1828,0,3,17,3,16,6,32,False,False,False,0.03883945941925049,other,14
7313,1828,0,15,17,15,6,16,15,False,False,False,0.026481863111257553,other,2
7314,1828,1,15,11,15,16,6,18,False,False,False,0.01412191055715084,other,4
7315,1828,1,3,17,3,6,16,34,False,False,False,0.029924411326646805,other,14
7316,1829,0,46,17,46,15,17,34,False,False,False,0.026094937697052956,other,29
7317,1829,0,25,24,25,17,15,15,False,False,True,0.02008027397096157,off_by_one,1
7318,1829,1,25,24,25,15,17,15,False,False,True,0.023894459009170532,off_by_one,1
7319,1829,1,46,43,46,17,15,7,False,False,False,0.03619898855686188,other,3
7320,1830,0,11,17,11,33,6,32,False,False,False,0.03948695957660675,other,6
7321,1830,0,31,32,31,6,33,32,False,False,True,0.0349222756922245,off_by_one,1
7322,1830,1,31,43,31,33,6,7,False,False,False,0.03912677615880966,other,12
7323,1830,1,11,17,11,6,33,34,False,False,False,0.02254439890384674,other,6
7324,1831,0,47,17,47,16,14,27,False,False,False,0.014317141845822334,other,30
7325,1831,0,28,17,28,14,16,15,False,False,False,0.0065478067845106125,other,11
7326,1831,1,28,17,28,16,14,16,False,False,False,0.00757100572809577,other,11
7327,1831,1,47,17,47,14,16,7,False,False,False,0.023901427164673805,other,30
7328,1832,0,6,24,6,24,39,18,False,False,False,0.01547373179346323,other,18
7329,1832,0,16,32,16,39,24,7,False,False,False,0.03180096298456192,other,16
7330,1832,1,16,29,16,24,39,18,False,False,False,0.04696587100625038,other,13
7331,1832,1,6,17,6,39,24,15,False,False,False,0.020878048613667488,other,11
7332,1833,0,36,17,36,24,14,34,False,False,False,0.008204812183976173,other,19
7333,1833,0,1,17,1,14,24,34,False,False,False,0.009847071021795273,other,16
7334,1833,1,1,17,1,24,14,32,False,False,False,0.01214219443500042,other,16
7335,1833,1,36,17,36,14,24,15,False,False,False,0.018305307254195213,other,19
7336,1834,0,2,17,2,7,29,6,False,False,False,0.059134259819984436,other,15
7337,1834,0,36,17,36,29,7,34,False,False,False,0.07686590403318405,other,19
7338,1834,1,36,32,36,7,29,5,False,False,False,0.045383941382169724,other,4
7339,1834,1,2,17,2,29,7,15,False,False,False,0.06742814183235168,other,15
7340,1835,0,11,17,11,6,18,5,False,False,False,0.03761046379804611,other,6
7341,1835,0,0,0,0,18,6,18,True,True,False,0.04139358550310135,correct,0
7342,1835,1,0,43,0,6,18,18,False,False,False,0.03399205952882767,other,43
7343,1835,1,11,17,11,18,6,18,False,False,False,0.04607527703046799,other,6
7344,1836,0,12,17,12,24,16,5,False,False,False,0.032799042761325836,other,5
7345,1836,0,7,46,7,16,24,32,False,False,False,0.038265980780124664,other,39
7346,1836,1,7,7,7,24,16,15,True,True,False,0.03252322971820831,correct,0
7347,1836,1,12,17,12,16,24,7,False,False,False,0.03817067667841911,other,5
7348,1837,0,1,32,1,7,6,5,False,False,False,0.043267469853162766,other,31
7349,1837,0,30,31,30,6,7,7,False,False,True,0.0702102780342102,off_by_one,1
7350,1837,1,30,32,30,7,6,18,False,False,False,0.10389378666877747,other,2
7351,1837,1,1,17,1,6,7,18,False,False,False,0.05047710984945297,other,16
7352,1838,0,43,43,43,19,2,34,True,True,False,0.02862434647977352,correct,0
7353,1838,0,39,43,39,2,19,34,False,False,False,0.008995586074888706,other,4
7354,1838,1,39,43,39,19,2,34,False,False,False,0.00909019447863102,other,4
7355,1838,1,43,17,43,2,19,34,False,False,False,0.015821212902665138,other,26
7356,1839,0,18,17,18,15,7,18,False,False,True,0.02785739302635193,off_by_one,1
7357,1839,0,15,17,15,7,15,7,False,False,False,0.03235931694507599,other,2
7358,1839,1,15,32,15,15,7,7,False,False,False,0.023900926113128662,other,17
7359,1839,1,18,17,18,7,15,5,False,False,True,0.012592540122568607,off_by_one,1
7360,1840,0,8,8,8,39,7,5,True,True,False,0.0604044608771801,correct,0
7361,1840,0,5,34,5,7,39,15,False,False,False,0.04947919771075249,other,29
7362,1840,1,5,15,5,39,7,18,False,False,False,0.0567689947783947,other,10
7363,1840,1,8,8,8,7,39,18,True,True,False,0.04562758654356003,correct,0
7364,1841,0,31,17,31,17,18,24,False,False,False,0.04559171199798584,other,14
7365,1841,0,26,24,26,18,17,18,False,False,False,0.015978634357452393,other,2
7366,1841,1,26,4,26,17,18,7,False,False,False,0.027803461998701096,other,22
7367,1841,1,31,17,31,18,17,18,False,False,False,0.027001753449440002,other,14
7368,1842,0,47,17,47,15,6,34,False,False,False,0.015240286476910114,other,30
7369,1842,0,16,17,16,6,15,18,False,False,True,0.06860672682523727,off_by_one,1
7370,1842,1,16,15,16,15,6,34,False,False,True,0.09756328910589218,off_by_one,1
7371,1842,1,47,17,47,6,15,34,False,False,False,0.010204747319221497,other,30
7372,1843,0,11,32,11,14,36,7,False,False,False,0.03688184916973114,other,21
7373,1843,0,35,24,35,36,14,34,False,False,False,0.011127029545605183,other,11
7374,1843,1,35,4,35,14,36,27,False,False,False,0.014953923411667347,other,31
7375,1843,1,11,27,11,36,14,16,False,False,False,0.04995490983128548,other,16
7376,1844,0,33,17,33,14,15,18,False,False,False,0.00952417217195034,other,16
7377,1844,0,32,17,32,15,14,7,False,False,False,0.023747673258185387,other,15
7378,1844,1,32,17,32,14,15,7,False,False,False,0.02358251065015793,other,15
7379,1844,1,33,17,33,15,14,18,False,False,False,0.005278326105326414,other,16
7380,1845,0,39,43,39,26,6,18,False,False,False,0.04618411138653755,other,4
7381,1845,0,24,17,24,6,26,32,False,False,False,0.040903784334659576,other,7
7382,1845,1,24,32,24,26,6,24,False,False,False,0.046767886728048325,other,8
7383,1845,1,39,17,39,6,26,6,False,False,False,0.05366756394505501,other,22
7384,1846,0,31,17,31,14,17,18,False,False,False,0.04182334989309311,other,14
7385,1846,0,9,17,9,17,14,15,False,False,False,0.024435779079794884,other,8
7386,1846,1,9,17,9,14,17,7,False,False,False,0.02990819327533245,other,8
7387,1846,1,31,17,31,17,14,15,False,False,False,0.03023979812860489,other,14
7388,1847,0,6,17,6,14,16,15,False,False,False,0.014305654913187027,other,11
7389,1847,0,34,24,34,16,14,27,False,False,False,0.01988362707197666,other,10
7390,1847,1,34,44,34,14,16,32,False,False,False,0.018652379512786865,other,10
7391,1847,1,6,43,6,16,14,7,False,False,False,0.028063738718628883,other,37
7392,1848,0,5,15,5,24,14,34,False,False,False,0.025051644071936607,other,10
7393,1848,0,33,17,33,14,24,15,False,False,False,0.01314873993396759,other,16
7394,1848,1,33,17,33,24,14,34,False,False,False,0.011045321822166443,other,16
7395,1848,1,5,5,5,14,24,34,True,True,False,0.016441710293293,correct,0
7396,1849,0,41,24,41,12,20,18,False,False,False,0.07470124214887619,other,17
7397,1849,0,26,24,26,20,12,34,False,False,False,0.013444767333567142,other,2
7398,1849,1,26,35,26,12,20,34,False,False,False,0.020106252282857895,other,9
7399,1849,1,41,45,41,20,12,18,False,False,False,0.06858296692371368,other,4
7400,1850,0,46,17,46,26,15,34,False,False,False,0.039627913385629654,other,29
7401,1850,0,35,17,35,15,26,22,False,False,False,0.05645016208291054,other,18
7402,1850,1,35,17,35,26,15,34,False,False,False,0.03412272781133652,other,18
7403,1850,1,46,17,46,15,26,22,False,False,False,0.0329047366976738,other,29
7404,1851,0,41,41,41,14,15,15,True,True,False,0.07809777557849884,correct,0
7405,1851,0,16,11,16,15,14,18,False,False,False,0.04492522403597832,other,5
7406,1851,1,16,17,16,14,15,15,False,False,True,0.03650966286659241,off_by_one,1
7407,1851,1,41,15,41,15,14,15,False,False,False,0.07459927350282669,other,26
7408,1852,0,7,15,7,23,16,27,False,False,False,0.053251467645168304,other,8
7409,1852,0,15,17,15,16,23,32,False,False,False,0.048841625452041626,other,2
7410,1852,1,15,45,15,23,16,22,False,False,False,0.01633048616349697,other,30
7411,1852,1,7,15,7,16,23,34,False,False,False,0.03167302906513214,other,8
7412,1853,0,41,45,41,18,7,18,False,False,False,0.15755169093608856,other,4
7413,1853,0,36,17,36,7,18,18,False,False,False,0.01930282451212406,other,19
7414,1853,1,36,17,36,18,7,7,False,False,False,0.006517291534692049,other,19
7415,1853,1,41,41,41,7,18,18,True,True,False,0.02877463586628437,correct,0
7416,1854,0,36,17,36,9,12,7,False,False,False,0.03873107209801674,other,19
7417,1854,0,41,24,41,12,9,34,False,False,False,0.06143037974834442,other,17
7418,1854,1,41,41,41,9,12,34,True,True,False,0.09226413816213608,correct,0
7419,1854,1,36,17,36,12,9,34,False,False,False,0.04448433965444565,other,19
7420,1855,0,5,5,5,14,27,15,True,True,False,0.02439449541270733,correct,0
7421,1855,0,15,17,15,27,14,25,False,False,False,0.04484873265028,other,2
7422,1855,1,15,11,15,14,27,16,False,False,False,0.02860957756638527,other,4
7423,1855,1,5,5,5,27,14,27,True,True,False,0.028601933270692825,correct,0
7424,1856,0,45,32,45,19,2,34,False,False,False,0.008224038407206535,other,13
7425,1856,0,19,43,19,2,19,34,False,False,False,0.012085274793207645,other,24
7426,1856,1,19,17,19,19,2,34,False,False,False,0.009480321779847145,other,2
7427,1856,1,45,35,45,2,19,34,False,False,False,0.006244120188057423,other,10
7428,1857,0,7,7,7,36,15,7,True,True,False,0.03861449286341667,correct,0
7429,1857,0,24,24,24,15,36,18,True,True,False,0.014238843694329262,correct,0
7430,1857,1,24,0,24,36,15,18,False,False,False,0.03482837602496147,other,24
7431,1857,1,7,7,7,15,36,15,True,True,False,0.029322512447834015,correct,0
7432,1858,0,45,32,45,6,1,18,False,False,False,0.02549711801111698,other,13
7433,1858,0,40,17,40,1,6,15,False,False,False,0.006476699840277433,other,23
7434,1858,1,40,17,40,6,1,18,False,False,False,0.003031194908544421,other,23
7435,1858,1,45,17,45,1,6,6,False,False,False,0.040872909128665924,other,28
7436,1859,0,46,17,46,18,39,18,False,False,False,0.02328038588166237,other,29
7437,1859,0,16,44,16,39,18,5,False,False,False,0.05749460309743881,other,28
7438,1859,1,16,15,16,18,39,18,False,False,True,0.04323583096265793,off_by_one,1
7439,1859,1,46,17,46,39,18,18,False,False,False,0.015016250312328339,other,29
7440,1860,0,42,42,42,7,2,34,True,True,False,0.05693630129098892,correct,0
7441,1860,0,34,24,34,2,7,34,False,False,False,0.03073728270828724,other,10
7442,1860,1,34,34,34,7,2,7,True,True,False,0.013971461914479733,correct,0
7443,1860,1,42,42,42,2,7,18,True,True,False,0.09894467890262604,correct,0
7444,1861,0,8,32,8,36,16,18,False,False,False,0.04873398691415787,other,24
7445,1861,0,29,17,29,16,36,27,False,False,False,0.031065374612808228,other,12
7446,1861,1,29,17,29,36,16,5,False,False,False,0.04695122689008713,other,12
7447,1861,1,8,44,8,16,36,18,False,False,False,0.047765981405973434,other,36
7448,1862,0,32,17,32,6,14,32,False,False,False,0.04222913458943367,other,15
7449,1862,0,36,17,36,14,6,32,False,False,False,0.032131683081388474,other,19
7450,1862,1,36,17,36,6,14,34,False,False,False,0.01632259413599968,other,19
7451,1862,1,32,17,32,14,6,32,False,False,False,0.04378768056631088,other,15
7452,1863,0,21,31,21,6,18,18,False,False,False,0.04637426510453224,other,10
7453,1863,0,5,5,5,18,6,18,True,True,False,0.03914175182580948,correct,0
7454,1863,1,5,5,5,6,18,18,True,True,False,0.02067435346543789,correct,0
7455,1863,1,21,43,21,18,6,18,False,False,False,0.042203158140182495,other,22
7456,1864,0,4,17,4,14,6,5,False,False,False,0.06922733038663864,other,13
7457,1864,0,18,17,18,6,14,15,False,False,True,0.022879621013998985,off_by_one,1
7458,1864,1,18,0,18,14,6,15,False,False,False,0.0247874166816473,other,18
7459,1864,1,4,32,4,6,14,18,False,False,False,0.030900172889232635,other,28
7460,1865,0,28,44,28,7,24,18,False,False,False,0.020777953788638115,other,16
7461,1865,0,26,24,26,24,7,18,False,False,False,0.02049459144473076,other,2
7462,1865,1,26,44,26,7,24,15,False,False,False,0.022637303918600082,other,18
7463,1865,1,28,17,28,24,7,18,False,False,False,0.024175789207220078,other,11
7464,1866,0,8,8,8,7,28,19,True,True,False,0.053478602319955826,correct,0
7465,1866,0,16,15,16,28,7,27,False,False,True,0.02697952836751938,off_by_one,1
7466,1866,1,16,17,16,7,28,18,False,False,True,0.05893801525235176,off_by_one,1
7467,1866,1,8,32,8,28,7,5,False,False,False,0.09515764564275742,other,24
7468,1867,0,28,17,28,26,7,24,False,False,False,0.06802983582019806,other,11
7469,1867,0,40,17,40,7,26,18,False,False,False,0.038359444588422775,other,23
7470,1867,1,40,17,40,26,7,34,False,False,False,0.026479162275791168,other,23
7471,1867,1,28,17,28,7,26,34,False,False,False,0.0661265030503273,other,11
7472,1868,0,2,32,2,7,2,18,False,False,False,0.039030931890010834,other,30
7473,1868,0,17,17,17,2,7,18,True,True,False,0.036999281495809555,correct,0
7474,1868,1,17,17,17,7,2,18,True,True,False,0.017665453255176544,correct,0
7475,1868,1,2,17,2,2,7,18,False,False,False,0.053674276918172836,other,15
7476,1869,0,42,42,42,24,15,18,True,True,False,0.07072286307811737,correct,0
7477,1869,0,30,31,30,15,24,7,False,False,True,0.041063349694013596,off_by_one,1
7478,1869,1,30,32,30,24,15,24,False,False,False,0.015404993668198586,other,2
7479,1869,1,42,42,42,15,24,34,True,True,False,0.1139303594827652,correct,0
7480,1870,0,37,17,37,6,15,18,False,False,False,0.014514795504510403,other,20
7481,1870,0,45,24,45,15,6,18,False,False,False,0.018361207097768784,other,21
7482,1870,1,45,24,45,6,15,18,False,False,False,0.015047556720674038,other,21
7483,1870,1,37,17,37,15,6,18,False,False,False,0.03285619243979454,other,20
7484,1871,0,42,42,42,14,16,32,True,True,False,0.08756956458091736,correct,0
7485,1871,0,2,17,2,16,14,32,False,False,False,0.02431604452431202,other,15
7486,1871,1,2,17,2,14,16,32,False,False,False,0.014386205933988094,other,15
7487,1871,1,42,15,42,16,14,15,False,False,False,0.04722385108470917,other,27
7488,1872,0,5,1,5,20,24,34,False,False,False,0.06399763375520706,other,4
7489,1872,0,10,17,10,24,20,24,False,False,False,0.004333706572651863,other,7
7490,1872,1,10,17,10,20,24,19,False,False,False,0.013258946128189564,other,7
7491,1872,1,5,34,5,24,20,18,False,False,False,0.03536929562687874,other,29
7492,1873,0,21,17,21,0,16,18,False,False,False,0.03351837024092674,other,4
7493,1873,0,10,17,10,16,0,32,False,False,False,0.027306096628308296,other,7
7494,1873,1,10,17,10,0,16,22,False,False,False,0.029457518830895424,other,7
7495,1873,1,21,43,21,16,0,34,False,False,False,0.0349096804857254,other,22
7496,1874,0,27,17,27,0,33,15,False,False,False,0.007064393255859613,other,10
7497,1874,0,20,17,20,33,0,7,False,False,False,0.03611008822917938,other,3
7498,1874,1,20,17,20,0,33,15,False,False,False,0.04616979882121086,other,3
7499,1874,1,27,17,27,33,0,7,False,False,False,0.005803404841572046,other,10
7500,1875,0,2,32,2,6,14,22,False,False,False,0.028747329488396645,other,30
7501,1875,0,39,43,39,14,6,15,False,False,False,0.03260091319680214,other,4
7502,1875,1,39,43,39,6,14,34,False,False,False,0.023472798988223076,other,4
7503,1875,1,2,17,2,14,6,7,False,False,False,0.03855575993657112,other,15
7504,1876,0,37,17,37,39,24,18,False,False,False,0.019875014200806618,other,20
7505,1876,0,8,32,8,24,39,5,False,False,False,0.08208100497722626,other,24
7506,1876,1,8,45,8,39,24,18,False,False,False,0.04980698600411415,other,37
7507,1876,1,37,0,37,24,39,18,False,False,False,0.05321523919701576,other,37
7508,1877,0,16,17,16,7,1,18,False,False,True,0.024952074512839317,off_by_one,1
7509,1877,0,1,17,1,1,7,34,False,False,False,0.006822880823165178,other,16
7510,1877,1,1,17,1,7,1,34,False,False,False,0.005255649331957102,other,16
7511,1877,1,16,15,16,1,7,22,False,False,True,0.0354749970138073,off_by_one,1
7512,1878,0,13,0,13,26,18,18,False,False,False,0.029129114001989365,other,13
7513,1878,0,45,24,45,18,26,18,False,False,False,0.005174275487661362,other,21
7514,1878,1,45,24,45,26,18,34,False,False,False,0.005744662135839462,other,21
7515,1878,1,13,0,13,18,26,34,False,False,False,0.026020828634500504,other,13
7516,1879,0,2,43,2,7,1,34,False,False,False,0.006460425443947315,other,41
7517,1879,0,23,35,23,1,7,15,False,False,False,0.016580769792199135,other,12
7518,1879,1,23,32,23,7,1,15,False,False,False,0.01481675822287798,other,9
7519,1879,1,2,17,2,1,7,18,False,False,False,0.008270506747066975,other,15
7520,1880,0,42,42,42,18,22,34,True,True,False,0.04886697605252266,correct,0
7521,1880,0,21,31,21,22,18,22,False,False,False,0.06150517240166664,other,10
7522,1880,1,21,43,21,18,22,34,False,False,False,0.021342743188142776,other,22
7523,1880,1,42,42,42,22,18,22,True,True,False,0.04107493534684181,correct,0
7524,1881,0,14,17,14,15,17,18,False,False,False,0.02162647806107998,other,3
7525,1881,0,43,17,43,17,15,15,False,False,False,0.01608303375542164,other,26
7526,1881,1,43,43,43,15,17,7,True,True,False,0.019453825429081917,correct,0
7527,1881,1,14,1,14,17,15,15,False,False,False,0.027034632861614227,other,13
7528,1882,0,26,44,26,27,16,15,False,False,False,0.020773185417056084,other,18
7529,1882,0,23,24,23,16,27,7,False,False,True,0.019795462489128113,off_by_one,1
7530,1882,1,23,24,23,27,16,15,False,False,True,0.008365518413484097,off_by_one,1
7531,1882,1,26,24,26,16,27,15,False,False,False,0.030725613236427307,other,2
7532,1883,0,21,43,21,15,16,34,False,False,False,0.011669252067804337,other,22
7533,1883,0,5,5,5,16,15,15,True,True,False,0.03183549642562866,correct,0
7534,1883,1,5,34,5,15,16,15,False,False,False,0.027276093140244484,other,29
7535,1883,1,21,43,21,16,15,34,False,False,False,0.0073830606415867805,other,22
7536,1884,0,5,15,5,33,31,32,False,False,False,0.045058008283376694,other,10
7537,1884,0,8,32,8,31,33,22,False,False,False,0.060575708746910095,other,24
7538,1884,1,8,32,8,33,31,18,False,False,False,0.0331692174077034,other,24
7539,1884,1,5,44,5,31,33,32,False,False,False,0.08945324271917343,other,39
7540,1885,0,25,35,25,36,6,18,False,False,False,0.01369640976190567,other,10
7541,1885,0,12,17,12,6,36,18,False,False,False,0.0546613447368145,other,5
7542,1885,1,12,17,12,36,6,18,False,False,False,0.061154767870903015,other,5
7543,1885,1,25,24,25,6,36,18,False,False,True,0.008536580950021744,off_by_one,1
7544,1886,0,33,17,33,2,0,18,False,False,False,0.00999358855187893,other,16
7545,1886,0,8,0,8,0,2,18,False,False,False,0.015667736530303955,other,8
7546,1886,1,8,45,8,2,0,5,False,False,False,0.012797282077372074,other,37
7547,1886,1,33,17,33,0,2,15,False,False,False,0.00804744753986597,other,16
7548,1887,0,3,43,3,24,18,34,False,False,False,0.007155397906899452,other,40
7549,1887,0,28,17,28,18,24,34,False,False,False,0.013378763571381569,other,11
7550,1887,1,28,17,28,24,18,18,False,False,False,0.013741799630224705,other,11
7551,1887,1,3,43,3,18,24,34,False,False,False,0.013912484049797058,other,40
7552,1888,0,26,24,26,2,19,34,False,False,False,0.03091178834438324,other,2
7553,1888,0,47,17,47,19,2,34,False,False,False,0.025510013103485107,other,30
7554,1888,1,47,17,47,2,19,34,False,False,False,0.02493397332727909,other,30
7555,1888,1,26,24,26,19,2,34,False,False,False,0.023498255759477615,other,2
7556,1889,0,8,8,8,27,24,5,True,True,False,0.022504037246108055,correct,0
7557,1889,0,16,46,16,24,27,32,False,False,False,0.06841829419136047,other,30
7558,1889,1,16,7,16,27,24,15,False,False,False,0.05848417431116104,other,9
7559,1889,1,8,17,8,24,27,18,False,False,False,0.03597360476851463,other,9
7560,1890,0,30,31,30,6,17,34,False,False,True,0.04517897963523865,off_by_one,1
7561,1890,0,5,5,5,17,6,15,True,True,False,0.036408040672540665,correct,0
7562,1890,1,5,24,5,6,17,34,False,False,False,0.03827696666121483,other,19
7563,1890,1,30,0,30,17,6,15,False,False,False,0.03865803778171539,other,30
7564,1891,0,27,17,27,15,17,15,False,False,False,0.0194119643419981,other,10
7565,1891,0,43,17,43,17,15,32,False,False,False,0.037592850625514984,other,26
7566,1891,1,43,17,43,15,17,18,False,False,False,0.020771916955709457,other,26
7567,1891,1,27,17,27,17,15,16,False,False,False,0.0283341221511364,other,10
7568,1892,0,43,17,43,7,38,15,False,False,False,0.010661022737622261,other,26
7569,1892,0,16,0,16,38,7,7,False,False,False,0.0634995549917221,other,16
7570,1892,1,16,31,16,7,38,7,False,False,False,0.06923085451126099,other,15
7571,1892,1,43,17,43,38,7,18,False,False,False,0.03660211339592934,other,26
7572,1893,0,42,42,42,14,17,15,True,True,False,0.05157487094402313,correct,0
7573,1893,0,14,17,14,17,14,7,False,False,False,0.017714237794280052,other,3
7574,1893,1,14,17,14,14,17,15,False,False,False,0.025047292932868004,other,3
7575,1893,1,42,42,42,17,14,15,True,True,False,0.016106538474559784,correct,0
7576,1894,0,33,0,33,16,15,15,False,False,False,0.011391106992959976,other,33
7577,1894,0,4,0,4,15,16,15,False,False,False,0.029370073229074478,other,4
7578,1894,1,4,17,4,16,15,32,False,False,False,0.011932744644582272,other,13
7579,1894,1,33,17,33,15,16,15,False,False,False,0.018458804115653038,other,16
7580,1895,0,17,17,17,14,6,15,True,True,False,0.0399799719452858,correct,0
7581,1895,0,4,27,4,6,14,18,False,False,False,0.008751778863370419,other,23
7582,1895,1,4,2,4,14,6,18,False,False,False,0.04255494102835655,other,2
7583,1895,1,17,17,17,6,14,18,True,True,False,0.031616028398275375,correct,0
7584,1896,0,2,17,2,26,17,18,False,False,False,0.006945495028048754,other,15
7585,1896,0,33,32,33,17,26,7,False,False,True,0.020893318578600883,off_by_one,1
7586,1896,1,33,17,33,26,17,18,False,False,False,0.018866341561079025,other,16
7587,1896,1,2,17,2,17,26,15,False,False,False,0.013852672651410103,other,15
7588,1897,0,14,17,14,24,14,34,False,False,False,0.014003663323819637,other,3
7589,1897,0,0,0,0,14,24,18,True,True,False,0.024572579190135002,correct,0
7590,1897,1,0,17,0,24,14,15,False,False,False,0.02465433068573475,other,17
7591,1897,1,14,17,14,14,24,7,False,False,False,0.020635707303881645,other,3
7592,1898,0,4,0,4,3,14,18,False,False,False,0.041677940636873245,other,4
7593,1898,0,43,17,43,14,3,34,False,False,False,0.040782634168863297,other,26
7594,1898,1,43,43,43,3,14,7,True,True,False,0.02039482817053795,correct,0
7595,1898,1,4,17,4,14,3,34,False,False,False,0.03167380020022392,other,13
7596,1899,0,14,17,14,14,7,32,False,False,False,0.05014227703213692,other,3
7597,1899,0,17,17,17,7,14,18,True,True,False,0.027085771784186363,correct,0
7598,1899,1,17,17,17,14,7,18,True,True,False,0.030977850779891014,correct,0
7599,1899,1,14,17,14,7,14,18,False,False,False,0.041532669216394424,other,3
7600,1900,0,27,17,27,35,29,34,False,False,False,0.008592200465500355,other,10
7601,1900,0,38,17,38,29,35,34,False,False,False,0.006523340940475464,other,21
7602,1900,1,38,17,38,35,29,34,False,False,False,0.007668961770832539,other,21
7603,1900,1,27,17,27,29,35,34,False,False,False,0.0031566291581839323,other,10
7604,1901,0,1,17,1,9,16,34,False,False,False,0.009107126854360104,other,16
7605,1901,0,13,17,13,16,9,34,False,False,False,0.026992324739694595,other,4
7606,1901,1,13,17,13,9,16,15,False,False,False,0.03108101896941662,other,4
7607,1901,1,1,17,1,16,9,15,False,False,False,0.0288142841309309,other,16
7608,1902,0,32,17,32,23,16,32,False,False,False,0.03393348306417465,other,15
7609,1902,0,2,17,2,16,23,32,False,False,False,0.02854650467634201,other,15
7610,1902,1,2,17,2,23,16,22,False,False,False,0.02966153435409069,other,15
7611,1902,1,32,31,32,16,23,32,False,False,True,0.04527696594595909,off_by_one,1
7612,1903,0,37,17,37,6,7,15,False,False,False,0.019010061398148537,other,20
7613,1903,0,3,17,3,7,6,18,False,False,False,0.04824994131922722,other,14
7614,1903,1,3,17,3,6,7,18,False,False,False,0.0358072966337204,other,14
7615,1903,1,37,17,37,7,6,18,False,False,False,0.03528030216693878,other,20
7616,1904,0,3,31,3,6,2,6,False,False,False,0.04340458661317825,other,28
7617,1904,0,7,7,7,2,6,34,True,True,False,0.024339377880096436,correct,0
7618,1904,1,7,7,7,6,2,34,True,True,False,0.03433021903038025,correct,0
7619,1904,1,3,0,3,2,6,18,False,False,False,0.049457043409347534,other,3
7620,1905,0,3,17,3,7,18,15,False,False,False,0.013379042968153954,other,14
7621,1905,0,45,32,45,18,7,18,False,False,False,0.03773483261466026,other,13
7622,1905,1,45,32,45,7,18,7,False,False,False,0.04198306426405907,other,13
7623,1905,1,3,43,3,18,7,18,False,False,False,0.018481671810150146,other,40
7624,1906,0,27,17,27,7,18,18,False,False,False,0.0571572482585907,other,10
7625,1906,0,23,35,23,18,7,34,False,False,False,0.01186366192996502,other,12
7626,1906,1,23,32,23,7,18,34,False,False,False,0.05596209689974785,other,9
7627,1906,1,27,17,27,18,7,34,False,False,False,0.08292743563652039,other,10
7628,1907,0,29,32,29,6,2,7,False,False,False,0.0070222425274550915,other,3
7629,1907,0,9,17,9,2,6,34,False,False,False,0.052601661533117294,other,8
7630,1907,1,9,17,9,6,2,5,False,False,False,0.035630110651254654,other,8
7631,1907,1,29,32,29,2,6,7,False,False,False,0.008312470279633999,other,3
7632,1908,0,32,17,32,6,9,34,False,False,False,0.010088776238262653,other,15
7633,1908,0,1,17,1,9,6,18,False,False,False,0.04705866798758507,other,16
7634,1908,1,1,27,1,6,9,34,False,False,False,0.055118266493082047,other,26
7635,1908,1,32,17,32,9,6,18,False,False,False,0.01616462878882885,other,15
7636,1909,0,25,24,25,18,6,18,False,False,True,0.011473835445940495,off_by_one,1
7637,1909,0,31,17,31,6,18,18,False,False,False,0.030832529067993164,other,14
7638,1909,1,31,17,31,18,6,18,False,False,False,0.03810310363769531,other,14
7639,1909,1,25,32,25,6,18,18,False,False,False,0.012333718128502369,other,7
7640,1910,0,44,17,44,14,15,32,False,False,False,0.008123681880533695,other,27
7641,1910,0,19,17,19,15,14,34,False,False,False,0.04138576611876488,other,2
7642,1910,1,19,17,19,14,15,22,False,False,False,0.02837621420621872,other,2
7643,1910,1,44,0,44,15,14,15,False,False,False,0.017848066985607147,other,44
7644,1911,0,9,17,9,7,19,18,False,False,False,0.015885021537542343,other,8
7645,1911,0,15,5,15,19,7,34,False,False,False,0.08244004845619202,other,10
7646,1911,1,15,17,15,7,19,18,False,False,False,0.10561885684728622,other,2
7647,1911,1,9,27,9,19,7,15,False,False,False,0.013081569224596024,other,18
7648,1912,0,8,17,8,24,15,18,False,False,False,0.02330532670021057,other,9
7649,1912,0,7,7,7,15,24,32,True,True,False,0.010702905245125294,correct,0
7650,1912,1,7,7,7,24,15,34,True,True,False,0.01862931251525879,correct,0
7651,1912,1,8,0,8,15,24,18,False,False,False,0.015441208146512508,other,8
7652,1913,0,48,0,48,18,7,18,False,False,False,0.019083190709352493,other,48
7653,1913,0,24,17,24,7,18,18,False,False,False,0.03147275745868683,other,7
7654,1913,1,24,4,24,18,7,18,False,False,False,0.024742357432842255,other,20
7655,1913,1,48,17,48,7,18,18,False,False,False,0.03258707374334335,other,31
7656,1914,0,14,17,14,8,19,18,False,False,False,0.021957706660032272,other,3
7657,1914,0,25,24,25,19,8,18,False,False,True,0.031220894306898117,off_by_one,1
7658,1914,1,25,35,25,8,19,7,False,False,False,0.02408120222389698,other,10
7659,1914,1,14,17,14,19,8,18,False,False,False,0.023238249123096466,other,3
7660,1915,0,45,24,45,26,37,18,False,False,False,0.023484472185373306,other,21
7661,1915,0,9,17,9,37,26,15,False,False,False,0.010743694379925728,other,8
7662,1915,1,9,17,9,26,37,18,False,False,False,0.011723172850906849,other,8
7663,1915,1,45,27,45,37,26,5,False,False,False,0.04334307461977005,other,18
7664,1916,0,23,32,23,3,9,24,False,False,False,0.02435997873544693,other,9
7665,1916,0,25,4,25,9,3,18,False,False,False,0.030641041696071625,other,21
7666,1916,1,25,24,25,3,9,34,False,False,True,0.08721307665109634,off_by_one,1
7667,1916,1,23,24,23,9,3,7,False,False,True,0.010624077171087265,off_by_one,1
7668,1917,0,41,24,41,18,27,15,False,False,False,0.07037749886512756,other,17
7669,1917,0,32,17,32,27,18,7,False,False,False,0.012236850336194038,other,15
7670,1917,1,32,17,32,18,27,18,False,False,False,0.007457622792571783,other,15
7671,1917,1,41,45,41,27,18,15,False,False,False,0.051944293081760406,other,4
7672,1918,0,21,43,21,24,18,18,False,False,False,0.07328484207391739,other,22
7673,1918,0,9,17,9,18,24,18,False,False,False,0.04550314322113991,other,8
7674,1918,1,9,43,9,24,18,18,False,False,False,0.031494516879320145,other,34
7675,1918,1,21,3,21,18,24,5,False,False,False,0.028447002172470093,other,18
7676,1919,0,1,17,1,19,6,18,False,False,False,0.02788323163986206,other,16
7677,1919,0,4,27,4,6,19,18,False,False,False,0.01631314307451248,other,23
7678,1919,1,4,24,4,19,6,18,False,False,False,0.012780829332768917,other,20
7679,1919,1,1,27,1,6,19,18,False,False,False,0.020714960992336273,other,26
7680,1920,0,25,32,25,6,19,34,False,False,False,0.023145338520407677,other,7
7681,1920,0,1,17,1,19,6,34,False,False,False,0.0215643048286438,other,16
7682,1920,1,1,17,1,6,19,18,False,False,False,0.017550602555274963,other,16
7683,1920,1,25,24,25,19,6,34,False,False,True,0.025172395631670952,off_by_one,1
7684,1921,0,3,43,3,14,24,15,False,False,False,0.020794851705431938,other,40
7685,1921,0,12,17,12,24,14,15,False,False,False,0.009130674414336681,other,5
7686,1921,1,12,17,12,14,24,15,False,False,False,0.015802031382918358,other,5
7687,1921,1,3,43,3,24,14,34,False,False,False,0.017526283860206604,other,40
7688,1922,0,47,17,47,16,18,32,False,False,False,0.011175478808581829,other,30
7689,1922,0,29,17,29,18,16,34,False,False,False,0.006142361089587212,other,12
7690,1922,1,29,17,29,16,18,7,False,False,False,0.01304639782756567,other,12
7691,1922,1,47,17,47,18,16,34,False,False,False,0.010686473920941353,other,30
7692,1923,0,26,0,26,38,24,15,False,False,False,0.03172466158866882,other,26
7693,1923,0,42,7,42,24,38,18,False,False,False,0.026888303458690643,other,35
7694,1923,1,42,42,42,38,24,15,True,True,False,0.05586877837777138,correct,0
7695,1923,1,26,4,26,24,38,15,False,False,False,0.017114417627453804,other,22
7696,1924,0,34,24,34,18,15,34,False,False,False,0.018484387546777725,other,10
7697,1924,0,43,17,43,15,18,34,False,False,False,0.029765866696834564,other,26
7698,1924,1,43,43,43,18,15,18,True,True,False,0.040840212255716324,correct,0
7699,1924,1,34,34,34,15,18,7,True,True,False,0.026885513216257095,correct,0
7700,1925,0,21,31,21,6,24,6,False,False,False,0.05393913388252258,other,10
7701,1925,0,35,24,35,24,6,34,False,False,False,0.004902269691228867,other,11
7702,1925,1,35,24,35,6,24,34,False,False,False,0.0070719351060688496,other,11
7703,1925,1,21,43,21,24,6,34,False,False,False,0.06537414342164993,other,22
7704,1926,0,15,46,15,24,37,18,False,False,False,0.01726677082479,other,31
7705,1926,0,6,2,6,37,24,7,False,False,False,0.03973816707730293,other,4
7706,1926,1,6,32,6,24,37,34,False,False,False,0.021764764562249184,other,26
7707,1926,1,15,44,15,37,24,18,False,False,False,0.024140192195773125,other,29
7708,1927,0,26,24,26,6,8,18,False,False,False,0.015516879968345165,other,2
7709,1927,0,12,17,12,8,6,18,False,False,False,0.029708372429013252,other,5
7710,1927,1,12,17,12,6,8,6,False,False,False,0.044706571847200394,other,5
7711,1927,1,26,24,26,8,6,18,False,False,False,0.017529960721731186,other,2
7712,1928,0,25,24,25,6,18,18,False,False,True,0.029862983152270317,off_by_one,1
7713,1928,0,18,17,18,18,6,18,False,False,True,0.029774760827422142,off_by_one,1
7714,1928,1,18,17,18,6,18,18,False,False,True,0.018978720530867577,off_by_one,1
7715,1928,1,25,24,25,18,6,18,False,False,True,0.02230662666261196,off_by_one,1
7716,1929,0,43,17,43,12,24,18,False,False,False,0.004358464386314154,other,26
7717,1929,0,25,24,25,24,12,24,False,False,True,0.017169686034321785,off_by_one,1
7718,1929,1,25,24,25,12,24,34,False,False,True,0.023730294778943062,off_by_one,1
7719,1929,1,43,17,43,24,12,18,False,False,False,0.015433779917657375,other,26
7720,1930,0,14,24,14,12,6,18,False,False,False,0.011523128487169743,other,10
7721,1930,0,37,43,37,6,12,18,False,False,False,0.014289435930550098,other,6
7722,1930,1,37,43,37,12,6,18,False,False,False,0.021077074110507965,other,6
7723,1930,1,14,32,14,6,12,34,False,False,False,0.009681755676865578,other,18
7724,1931,0,5,5,5,11,13,15,True,True,False,0.025317804887890816,correct,0
7725,1931,0,19,32,19,13,11,18,False,False,False,0.010277208872139454,other,13
7726,1931,1,19,17,19,11,13,18,False,False,False,0.018185753375291824,other,2
7727,1931,1,5,15,5,13,11,34,False,False,False,0.030258921906352043,other,10
7728,1932,0,42,42,42,38,7,15,True,True,False,0.06086966022849083,correct,0
7729,1932,0,13,0,13,7,38,7,False,False,False,0.03813586011528969,other,13
7730,1932,1,13,17,13,38,7,7,False,False,False,0.03370710834860802,other,4
7731,1932,1,42,42,42,7,38,18,True,True,False,0.05908212810754776,correct,0
7732,1933,0,6,43,6,16,15,34,False,False,False,0.023420056328177452,other,37
7733,1933,0,41,45,41,15,16,34,False,False,False,0.09004295617341995,other,4
7734,1933,1,41,1,41,16,15,15,False,False,False,0.047344598919153214,other,40
7735,1933,1,6,43,6,15,16,34,False,False,False,0.034862007945775986,other,37
7736,1934,0,14,17,14,14,7,32,False,False,False,0.03074827790260315,other,3
7737,1934,0,35,27,35,7,14,15,False,False,False,0.010785267688333988,other,8
7738,1934,1,35,44,35,14,7,32,False,False,False,0.004369288217276335,other,9
7739,1934,1,14,32,14,7,14,7,False,False,False,0.023470992222428322,other,18
7740,1935,0,12,17,12,6,3,18,False,False,False,0.014663823880255222,other,5
7741,1935,0,44,17,44,3,6,18,False,False,False,0.013024513609707355,other,27
7742,1935,1,44,32,44,6,3,34,False,False,False,0.014548989944159985,other,12
7743,1935,1,12,17,12,3,6,18,False,False,False,0.014221412129700184,other,5
7744,1936,0,12,32,12,13,8,18,False,False,False,0.03427749127149582,other,20
7745,1936,0,21,43,21,8,13,18,False,False,False,0.035071875900030136,other,22
7746,1936,1,21,43,21,13,8,18,False,False,False,0.042720697820186615,other,22
7747,1936,1,12,32,12,8,13,7,False,False,False,0.027533629909157753,other,20
7748,1937,0,27,0,27,14,24,15,False,False,False,0.009775709360837936,other,27
7749,1937,0,39,17,39,24,14,18,False,False,False,0.04206598922610283,other,22
7750,1937,1,39,17,39,14,24,15,False,False,False,0.04276425018906593,other,22
7751,1937,1,27,17,27,24,14,15,False,False,False,0.007467141840606928,other,10
7752,1938,0,24,32,24,6,10,18,False,False,False,0.0038280808366835117,other,8
7753,1938,0,45,0,45,10,6,18,False,False,False,0.027975184842944145,other,45
7754,1938,1,45,17,45,6,10,18,False,False,False,0.010617544874548912,other,28
7755,1938,1,24,32,24,10,6,34,False,False,False,0.006491228938102722,other,8
7756,1939,0,21,43,21,7,24,18,False,False,False,0.030001843348145485,other,22
7757,1939,0,25,35,25,24,7,18,False,False,False,0.009099770337343216,other,10
7758,1939,1,25,35,25,7,24,15,False,False,False,0.006582535803318024,other,10
7759,1939,1,21,31,21,24,7,5,False,False,False,0.03211679309606552,other,10
7760,1940,0,25,24,25,24,27,34,False,False,True,0.08075738698244095,off_by_one,1
7761,1940,0,17,17,17,27,24,15,True,True,False,0.0428130067884922,correct,0
7762,1940,1,17,43,17,24,27,18,False,False,False,0.024112045764923096,other,26
7763,1940,1,25,41,25,27,24,15,False,False,False,0.03857264667749405,other,16
7764,1941,0,48,17,48,14,18,15,False,False,False,0.014698824845254421,other,31
7765,1941,0,26,32,26,18,14,34,False,False,False,0.019989198073744774,other,6
7766,1941,1,26,32,26,14,18,34,False,False,False,0.023283839225769043,other,6
7767,1941,1,48,43,48,18,14,34,False,False,False,0.019593337550759315,other,5
7768,1942,0,7,7,7,18,36,18,True,True,False,0.03994126245379448,correct,0
7769,1942,0,32,0,32,36,18,24,False,False,False,0.027515510097146034,other,32
7770,1942,1,32,17,32,18,36,18,False,False,False,0.03337736800312996,other,15
7771,1942,1,7,7,7,36,18,18,True,True,False,0.022072233259677887,correct,0
7772,1943,0,5,15,5,16,14,15,False,False,False,0.0176735520362854,other,10
7773,1943,0,8,0,8,14,16,5,False,False,False,0.06877066195011139,other,8
7774,1943,1,8,32,8,16,14,15,False,False,False,0.040553223341703415,other,24
7775,1943,1,5,5,5,14,16,15,True,True,False,0.01989123411476612,correct,0
7776,1944,0,2,31,2,18,6,18,False,False,False,0.023645183071494102,other,29
7777,1944,0,3,17,3,6,18,18,False,False,False,0.01564796082675457,other,14
7778,1944,1,3,0,3,18,6,18,False,False,False,0.03864031657576561,other,3
7779,1944,1,2,17,2,6,18,18,False,False,False,0.03402334824204445,other,15
7780,1945,0,29,32,29,6,19,7,False,False,False,0.07380681484937668,other,3
7781,1945,0,2,17,2,19,6,34,False,False,False,0.04090847074985504,other,15
7782,1945,1,2,17,2,6,19,5,False,False,False,0.039170436561107635,other,15
7783,1945,1,29,17,29,19,6,34,False,False,False,0.07640347629785538,other,12
7784,1946,0,6,43,6,14,27,32,False,False,False,0.024519918486475945,other,37
7785,1946,0,37,43,37,27,14,15,False,False,False,0.014312010258436203,other,6
7786,1946,1,37,17,37,14,27,32,False,False,False,0.02416214905679226,other,20
7787,1946,1,6,17,6,27,14,32,False,False,False,0.02700234018266201,other,11
7788,1947,0,8,45,8,15,1,22,False,False,False,0.08398353308439255,other,37
7789,1947,0,28,17,28,1,15,16,False,False,False,0.006816497538238764,other,11
7790,1947,1,28,17,28,15,1,15,False,False,False,0.006570616737008095,other,11
7791,1947,1,8,8,8,1,15,18,True,True,False,0.09020989388227463,correct,0
7792,1948,0,10,17,10,15,16,15,False,False,False,0.005007114727050066,other,7
7793,1948,0,29,0,29,16,15,15,False,False,False,0.028319211676716805,other,29
7794,1948,1,29,17,29,15,16,32,False,False,False,0.03409695252776146,other,12
7795,1948,1,10,17,10,16,15,15,False,False,False,0.007812793366611004,other,7
7796,1949,0,29,17,29,7,6,18,False,False,False,0.06004854664206505,other,12
7797,1949,0,1,17,1,6,7,5,False,False,False,0.04495667293667793,other,16
7798,1949,1,1,32,1,7,6,18,False,False,False,0.04796755313873291,other,31
7799,1949,1,29,32,29,6,7,5,False,False,False,0.06250832974910736,other,3
7800,1950,0,36,17,36,15,14,15,False,False,False,0.03582228720188141,other,19
7801,1950,0,25,17,25,14,15,27,False,False,False,0.0237425584346056,other,8
7802,1950,1,25,24,25,15,14,7,False,False,True,0.013605659827589989,off_by_one,1
7803,1950,1,36,17,36,14,15,15,False,False,False,0.00918105710297823,other,19
7804,1951,0,12,0,12,24,7,7,False,False,False,0.035783201456069946,other,12
7805,1951,0,14,17,14,7,24,7,False,False,False,0.04831933602690697,other,3
7806,1951,1,14,17,14,24,7,7,False,False,False,0.04428763687610626,other,3
7807,1951,1,12,32,12,7,24,18,False,False,False,0.046518296003341675,other,20
7808,1952,0,18,17,18,6,24,18,False,False,True,0.027540143579244614,off_by_one,1
7809,1952,0,17,17,17,24,6,5,True,True,False,0.034358248114585876,correct,0
7810,1952,1,17,17,17,6,24,18,True,True,False,0.040226902812719345,correct,0
7811,1952,1,18,17,18,24,6,15,False,False,True,0.039271846413612366,off_by_one,1
7812,1953,0,2,17,2,17,27,15,False,False,False,0.010391201823949814,other,15
7813,1953,0,3,17,3,27,17,32,False,False,False,0.01817466877400875,other,14
7814,1953,1,3,17,3,17,27,15,False,False,False,0.013132196851074696,other,14
7815,1953,1,2,17,2,27,17,15,False,False,False,0.006553439423441887,other,15
7816,1954,0,18,43,18,24,33,34,False,False,False,0.023433208465576172,other,25
7817,1954,0,7,7,7,33,24,32,True,True,False,0.0402599573135376,correct,0
7818,1954,1,7,7,7,24,33,34,True,True,False,0.04351551830768585,correct,0
7819,1954,1,18,17,18,33,24,15,False,False,True,0.023954544216394424,off_by_one,1
7820,1955,0,14,17,14,10,9,34,False,False,False,0.036113228648900986,other,3
7821,1955,0,47,17,47,9,10,34,False,False,False,0.03873676806688309,other,30
7822,1955,1,47,15,47,10,9,15,False,False,False,0.05921623110771179,other,32
7823,1955,1,14,17,14,9,10,7,False,False,False,0.034347936511039734,other,3
7824,1956,0,36,17,36,15,27,32,False,False,False,0.009565637446939945,other,19
7825,1956,0,3,17,3,27,15,34,False,False,False,0.02985163778066635,other,14
7826,1956,1,3,17,3,15,27,18,False,False,False,0.012362048029899597,other,14
7827,1956,1,36,17,36,27,15,15,False,False,False,0.008002402260899544,other,19
7828,1957,0,11,17,11,22,21,18,False,False,False,0.008060261607170105,other,6
7829,1957,0,16,32,16,21,22,18,False,False,False,0.03321521729230881,other,16
7830,1957,1,16,43,16,22,21,18,False,False,False,0.026645611971616745,other,27
7831,1957,1,11,17,11,21,22,15,False,False,False,0.016165131703019142,other,6
7832,1958,0,30,17,30,15,17,7,False,False,False,0.03364093601703644,other,13
7833,1958,0,18,17,18,17,15,34,False,False,True,0.007583971135318279,off_by_one,1
7834,1958,1,18,17,18,15,17,32,False,False,True,0.008737395517528057,off_by_one,1
7835,1958,1,30,17,30,17,15,22,False,False,False,0.050004296004772186,other,13
7836,1959,0,23,27,23,19,2,18,False,False,False,0.06365153193473816,other,4
7837,1959,0,13,17,13,2,19,18,False,False,False,0.034641336649656296,other,4
7838,1959,1,13,17,13,19,2,18,False,False,False,0.04478524252772331,other,4
7839,1959,1,23,24,23,2,19,18,False,False,True,0.025104084983468056,off_by_one,1
7840,1960,0,48,17,48,3,17,34,False,False,False,0.021226651966571808,other,31
7841,1960,0,6,17,6,17,3,34,False,False,False,0.0308504868298769,other,11
7842,1960,1,6,43,6,3,17,18,False,False,False,0.03636226803064346,other,37
7843,1960,1,48,0,48,17,3,34,False,False,False,0.012364542111754417,other,48
7844,1961,0,38,17,38,6,26,18,False,False,False,0.027138741686940193,other,21
7845,1961,0,39,17,39,26,6,18,False,False,False,0.05939347669482231,other,22
7846,1961,1,39,17,39,6,26,5,False,False,False,0.011796412989497185,other,22
7847,1961,1,38,17,38,26,6,6,False,False,False,0.019192364066839218,other,21
7848,1962,0,42,42,42,1,5,18,True,True,False,0.06768820434808731,correct,0
7849,1962,0,12,17,12,5,1,18,False,False,False,0.04014091566205025,other,5
7850,1962,1,12,17,12,1,5,15,False,False,False,0.04705993831157684,other,5
7851,1962,1,42,42,42,5,1,18,True,True,False,0.09270769357681274,correct,0
7852,1963,0,22,17,22,17,36,15,False,False,False,0.01993471384048462,other,5
7853,1963,0,12,17,12,36,17,18,False,False,False,0.006462879944592714,other,5
7854,1963,1,12,17,12,17,36,18,False,False,False,0.009243235923349857,other,5
7855,1963,1,22,43,22,36,17,18,False,False,False,0.019891249015927315,other,21
7856,1964,0,16,34,16,15,7,18,False,False,False,0.06676681339740753,other,18
7857,1964,0,47,44,47,7,15,18,False,False,False,0.03837808966636658,other,3
7858,1964,1,47,44,47,15,7,15,False,False,False,0.038659416139125824,other,3
7859,1964,1,16,32,16,7,15,7,False,False,False,0.07088401913642883,other,16
7860,1965,0,7,7,7,24,16,34,True,True,False,0.04279850050806999,correct,0
7861,1965,0,22,43,22,16,24,34,False,False,False,0.018804192543029785,other,21
7862,1965,1,22,43,22,24,16,34,False,False,False,0.01184523943811655,other,21
7863,1965,1,7,15,7,16,24,15,False,False,False,0.04932467266917229,other,8
7864,1966,0,25,32,25,14,18,15,False,False,False,0.006634130142629147,other,7
7865,1966,0,29,17,29,18,14,18,False,False,False,0.040231019258499146,other,12
7866,1966,1,29,32,29,14,18,7,False,False,False,0.02959362603724003,other,3
7867,1966,1,25,32,25,18,14,7,False,False,False,0.005511314608156681,other,7
7868,1967,0,11,11,11,26,6,8,True,True,False,0.07379508763551712,correct,0
7869,1967,0,47,15,47,6,26,18,False,False,False,0.03744577616453171,other,32
7870,1967,1,47,4,47,26,6,18,False,False,False,0.06943029910326004,other,43
7871,1967,1,11,17,11,6,26,18,False,False,False,0.058225344866514206,other,6
7872,1968,0,21,43,21,7,4,18,False,False,False,0.012357702478766441,other,22
7873,1968,0,17,17,17,4,7,18,True,True,False,0.03730064257979393,correct,0
7874,1968,1,17,32,17,7,4,7,False,False,False,0.03809696063399315,other,15
7875,1968,1,21,43,21,4,7,18,False,False,False,0.021003423258662224,other,22
7876,1969,0,24,24,24,15,6,32,True,True,False,0.030553074553608894,correct,0
7877,1969,0,29,32,29,6,15,7,False,False,False,0.050550803542137146,other,3
7878,1969,1,29,32,29,15,6,5,False,False,False,0.07008761167526245,other,3
7879,1969,1,24,4,24,6,15,18,False,False,False,0.016985464841127396,other,20
7880,1970,0,42,42,42,22,16,34,True,True,False,0.051651522517204285,correct,0
7881,1970,0,41,24,41,16,22,34,False,False,False,0.05216612666845322,other,17
7882,1970,1,41,32,41,22,16,34,False,False,False,0.08564937859773636,other,9
7883,1970,1,42,42,42,16,22,34,True,True,False,0.054543305188417435,correct,0
7884,1971,0,22,0,22,17,20,34,False,False,False,0.013415616005659103,other,22
7885,1971,0,37,43,37,20,17,15,False,False,False,0.01671025902032852,other,6
7886,1971,1,37,17,37,17,20,34,False,False,False,0.026361564174294472,other,20
7887,1971,1,22,43,22,20,17,34,False,False,False,0.017572205513715744,other,21
7888,1972,0,12,31,12,1,3,7,False,False,False,0.04147166758775711,other,19
7889,1972,0,34,4,34,3,1,7,False,False,False,0.016170559450984,other,30
7890,1972,1,34,34,34,1,3,34,True,True,False,0.016641775146126747,correct,0
7891,1972,1,12,17,12,3,1,18,False,False,False,0.04315841570496559,other,5
7892,1973,0,20,43,20,24,7,34,False,False,False,0.053209539502859116,other,23
7893,1973,0,8,8,8,7,24,18,True,True,False,0.07066002488136292,correct,0
7894,1973,1,8,8,8,24,7,6,True,True,False,0.07099771499633789,correct,0
7895,1973,1,20,17,20,7,24,22,False,False,False,0.03631376475095749,other,3
7896,1974,0,24,31,24,14,2,20,False,False,False,0.10846629738807678,other,7
7897,1974,0,6,24,6,2,14,18,False,False,False,0.02099239081144333,other,18
7898,1974,1,6,17,6,14,2,18,False,False,False,0.04924378916621208,other,11
7899,1974,1,24,4,24,2,14,15,False,False,False,0.1099817305803299,other,20
7900,1975,0,29,17,29,20,14,5,False,False,False,0.0356263741850853,other,12
7901,1975,0,40,17,40,14,20,15,False,False,False,0.010160090401768684,other,23
7902,1975,1,40,17,40,20,14,15,False,False,False,0.0303444042801857,other,23
7903,1975,1,29,17,29,14,20,27,False,False,False,0.04119674861431122,other,12
7904,1976,0,15,10,15,7,14,18,False,False,False,0.02021055482327938,other,5
7905,1976,0,11,17,11,14,7,15,False,False,False,0.060407351702451706,other,6
7906,1976,1,11,17,11,7,14,18,False,False,False,0.021858328953385353,other,6
7907,1976,1,15,27,15,14,7,22,False,False,False,0.044026389718055725,other,12
7908,1977,0,34,46,34,15,17,27,False,False,False,0.017866063863039017,other,12
7909,1977,0,48,27,48,17,15,15,False,False,False,0.013586158864200115,other,21
7910,1977,1,48,17,48,15,17,34,False,False,False,0.01982974074780941,other,31
7911,1977,1,34,24,34,17,15,18,False,False,False,0.01847759820520878,other,10
7912,1978,0,12,17,12,14,7,7,False,False,False,0.04158445820212364,other,5
7913,1978,0,39,43,39,7,14,15,False,False,False,0.16760621964931488,other,4
7914,1978,1,39,31,39,14,7,6,False,False,False,0.10583732277154922,other,8
7915,1978,1,12,0,12,7,14,18,False,False,False,0.04484459385275841,other,12
7916,1979,0,41,24,41,37,17,15,False,False,False,0.01037936843931675,other,17
7917,1979,0,22,43,22,17,37,7,False,False,False,0.04533958062529564,other,21
7918,1979,1,22,32,22,37,17,27,False,False,False,0.03954590857028961,other,10
7919,1979,1,41,24,41,17,37,15,False,False,False,0.019019028171896935,other,17
7920,1980,0,12,0,12,15,14,15,False,False,False,0.01827453263103962,other,12
7921,1980,0,32,17,32,14,15,7,False,False,False,0.024782288819551468,other,15
7922,1980,1,32,17,32,15,14,15,False,False,False,0.019249726086854935,other,15
7923,1980,1,12,17,12,14,15,15,False,False,False,0.00911737885326147,other,5
7924,1981,0,9,32,9,6,15,18,False,False,False,0.023976925760507584,other,23
7925,1981,0,29,17,29,15,6,34,False,False,False,0.023664632812142372,other,12
7926,1981,1,29,17,29,6,15,34,False,False,False,0.015950758010149002,other,12
7927,1981,1,9,17,9,15,6,34,False,False,False,0.037510160356760025,other,8
7928,1982,0,7,7,7,36,7,18,True,True,False,0.03244071081280708,correct,0
7929,1982,0,31,17,31,7,36,7,False,False,False,0.052666351199150085,other,14
7930,1982,1,31,0,31,36,7,18,False,False,False,0.028852643445134163,other,31
7931,1982,1,7,7,7,7,36,7,True,True,False,0.036342959851026535,correct,0
7932,1983,0,41,27,41,7,15,34,False,False,False,0.0382196418941021,other,14
7933,1983,0,33,17,33,15,7,32,False,False,False,0.013821730390191078,other,16
7934,1983,1,33,17,33,7,15,15,False,False,False,0.015595298260450363,other,16
7935,1983,1,41,41,41,15,7,32,True,True,False,0.05781757831573486,correct,0
7936,1984,0,34,34,34,7,10,7,True,True,False,0.014501360245049,correct,0
7937,1984,0,48,17,48,10,7,18,False,False,False,0.016171304509043694,other,31
7938,1984,1,48,17,48,7,10,34,False,False,False,0.007375642657279968,other,31
7939,1984,1,34,44,34,10,7,15,False,False,False,0.015220275148749352,other,10
7940,1985,0,19,0,19,14,36,15,False,False,False,0.02391115576028824,other,19
7941,1985,0,4,32,4,36,14,18,False,False,False,0.015405429527163506,other,28
7942,1985,1,4,0,4,14,36,7,False,False,False,0.03502024710178375,other,4
7943,1985,1,19,17,19,36,14,18,False,False,False,0.015512405894696712,other,2
7944,1986,0,23,32,23,16,19,27,False,False,False,0.0229633878916502,other,9
7945,1986,0,18,17,18,19,16,18,False,False,True,0.03070947900414467,off_by_one,1
7946,1986,1,18,32,18,16,19,7,False,False,False,0.03093082830309868,other,14
7947,1986,1,23,17,23,19,16,37,False,False,False,0.03487129881978035,other,6
7948,1987,0,34,24,34,7,15,7,False,False,False,0.013416064903140068,other,10
7949,1987,0,36,17,36,15,7,34,False,False,False,0.015610822476446629,other,19
7950,1987,1,36,17,36,7,15,7,False,False,False,0.009371867403388023,other,19
7951,1987,1,34,24,34,15,7,15,False,False,False,0.03108072653412819,other,10
7952,1988,0,13,17,13,36,18,24,False,False,False,0.03411358967423439,other,4
7953,1988,0,22,31,22,18,36,5,False,False,False,0.040216732770204544,other,9
7954,1988,1,22,31,22,36,18,18,False,False,False,0.024335026741027832,other,9
7955,1988,1,13,17,13,18,36,18,False,False,False,0.030110353603959084,other,4
7956,1989,0,10,17,10,14,12,18,False,False,False,0.01546098105609417,other,7
7957,1989,0,14,17,14,12,14,18,False,False,False,0.021335260942578316,other,3
7958,1989,1,14,17,14,14,12,15,False,False,False,0.037182096391916275,other,3
7959,1989,1,10,27,10,12,14,18,False,False,False,0.006035368889570236,other,17
7960,1990,0,0,17,0,38,18,7,False,False,False,0.02766539342701435,other,17
7961,1990,0,45,27,45,18,38,15,False,False,False,0.03181229904294014,other,18
7962,1990,1,45,0,45,38,18,7,False,False,False,0.05145316570997238,other,45
7963,1990,1,0,17,0,18,38,18,False,False,False,0.03078852966427803,other,17
7964,1991,0,15,15,15,24,15,34,True,True,False,0.032765090465545654,correct,0
7965,1991,0,47,17,47,15,24,34,False,False,False,0.04501356929540634,other,30
7966,1991,1,47,4,47,24,15,34,False,False,False,0.02837776206433773,other,43
7967,1991,1,15,15,15,15,24,15,True,True,False,0.012765035033226013,correct,0
7968,1992,0,23,35,23,8,11,15,False,False,False,0.01877845637500286,other,12
7969,1992,0,41,8,41,11,8,18,False,False,False,0.05907246842980385,other,33
7970,1992,1,41,24,41,8,11,18,False,False,False,0.1551230102777481,other,17
7971,1992,1,23,24,23,11,8,18,False,False,True,0.06951034814119339,off_by_one,1
7972,1993,0,38,17,38,2,13,34,False,False,False,0.003841074649244547,other,21
7973,1993,0,33,17,33,13,2,18,False,False,False,0.0304967500269413,other,16
7974,1993,1,33,17,33,2,13,18,False,False,False,0.022727588191628456,other,16
7975,1993,1,38,17,38,13,2,18,False,False,False,0.004805588163435459,other,21
7976,1994,0,33,31,33,7,5,7,False,False,False,0.03300418332219124,other,2
7977,1994,0,24,32,24,5,7,18,False,False,False,0.005548431072384119,other,8
7978,1994,1,24,35,24,7,5,18,False,False,False,0.006406230386346579,other,11
7979,1994,1,33,17,33,5,7,36,False,False,False,0.028905531391501427,other,16
7980,1995,0,45,17,45,24,14,18,False,False,False,0.0849975198507309,other,28
7981,1995,0,18,17,18,14,24,7,False,False,True,0.04367644339799881,off_by_one,1
7982,1995,1,18,17,18,24,14,18,False,False,True,0.03978285193443298,off_by_one,1
7983,1995,1,45,4,45,14,24,27,False,False,False,0.07536406069993973,other,41
7984,1996,0,15,10,15,16,14,7,False,False,False,0.04366728290915489,other,5
7985,1996,0,34,44,34,14,16,37,False,False,False,0.031414616852998734,other,10
7986,1996,1,34,46,34,16,14,7,False,False,False,0.021366840228438377,other,12
7987,1996,1,15,44,15,14,16,18,False,False,False,0.052663400769233704,other,29
7988,1997,0,2,17,2,19,8,18,False,False,False,0.0494597889482975,other,15
7989,1997,0,46,24,46,8,19,18,False,False,False,0.039451342076063156,other,22
7990,1997,1,46,43,46,19,8,18,False,False,False,0.04026827961206436,other,3
7991,1997,1,2,0,2,8,19,18,False,False,False,0.01937883533537388,other,2
7992,1998,0,25,4,25,3,0,15,False,False,False,0.0067375595681369305,other,21
7993,1998,0,41,35,41,0,3,15,False,False,False,0.02028648369014263,other,6
7994,1998,1,41,24,41,3,0,18,False,False,False,0.009484968148171902,other,17
7995,1998,1,25,44,25,0,3,18,False,False,False,0.0059455218724906445,other,19
7996,1999,0,35,4,35,18,39,18,False,False,False,0.008029485121369362,other,31
7997,1999,0,18,17,18,39,18,18,False,False,True,0.007157355081290007,off_by_one,1
7998,1999,1,18,17,18,18,39,18,False,False,True,0.010618397034704685,off_by_one,1
7999,1999,1,35,4,35,39,18,15,False,False,False,0.0034740588162094355,other,31
